user_id,group,pre_revenue,converted,revenue,refunded
1,control,141.78,0,0.0,0
2,treatment,349.89,1,87.61,0
3,control,69.32,1,150.33,0
4,control,0.0,0,0.0,0
5,control,0.0,0,0.0,0
6,control,117.03,0,0.0,0
7,treatment,0.0,0,0.0,0
8,treatment,71.24,0,0.0,0
9,control,193.11,0,0.0,0
10,treatment,0.0,0,0.0,0
11,treatment,0.0,0,0.0,0
12,treatment,0.0,0,0.0,0
13,treatment,0.0,0,0.0,0
14,treatment,166.69,0,0.0,0
15,control,0.0,0,0.0,0
16,treatment,97.69,0,0.0,0
17,control,32.33,0,0.0,0
18,treatment,0.0,0,0.0,0
19,treatment,0.0,0,0.0,0
20,control,0.0,0,0.0,0
21,treatment,119.83,0,0.0,0
22,treatment,0.0,0,0.0,0
23,control,0.0,0,0.0,0
24,control,0.0,0,0.0,0
25,control,0.0,0,0.0,0
26,control,27.08,0,0.0,0
27,treatment,35.52,0,0.0,0
28,control,32.82,0,0.0,0
29,treatment,0.0,0,0.0,0
30,control,49.76,1,50.06,0
31,control,0.0,0,0.0,0
32,treatment,143.78,0,0.0,0
33,control,42.69,1,35.44,0
34,treatment,0.0,1,119.12,0
35,control,0.0,0,0.0,0
36,treatment,242.68,0,0.0,0
37,control,20.77,0,0.0,0
38,treatment,32.02,0,0.0,0
39,control,0.0,1,38.39,0
40,control,0.0,1,44.79,0
41,control,0.0,0,0.0,0
42,control,0.0,0,0.0,0
43,treatment,0.0,0,0.0,0
44,control,0.0,0,0.0,0
45,control,0.0,0,0.0,0
46,treatment,0.0,0,0.0,0
47,treatment,150.19,0,0.0,0
48,control,25.97,0,0.0,0
49,control,0.0,0,0.0,0
50,control,47.16,0,0.0,0
51,treatment,172.51,0,0.0,0
52,treatment,0.0,0,0.0,0
53,control,30.74,0,0.0,0
54,treatment,150.91,0,0.0,0
55,control,166.13,0,0.0,0
56,treatment,39.65,0,0.0,0
57,treatment,0.0,0,0.0,0
58,control,26.39,0,0.0,0
59,control,150.46,1,36.26,0
60,treatment,94.44,0,0.0,0
61,control,61.86,0,0.0,0
62,control,52.06,0,0.0,0
63,treatment,0.0,0,0.0,0
64,control,0.0,0,0.0,0
65,control,0.0,1,31.47,0
66,treatment,148.14,0,0.0,0
67,control,0.0,0,0.0,0
68,treatment,65.21,1,80.24,0
69,treatment,43.61,0,0.0,0
70,treatment,0.0,0,0.0,0
71,treatment,0.0,0,0.0,0
72,treatment,0.0,0,0.0,0
73,control,340.62,1,59.68,0
74,treatment,28.09,0,0.0,0
75,treatment,0.0,0,0.0,0
76,treatment,0.0,0,0.0,0
77,control,0.0,1,95.76,0
78,treatment,0.0,0,0.0,0
79,control,37.04,0,0.0,0
80,treatment,68.48,0,0.0,0
81,treatment,0.0,0,0.0,0
82,control,43.7,0,0.0,0
83,treatment,71.97,0,0.0,0
84,treatment,0.0,0,0.0,0
85,control,66.82,0,0.0,0
86,control,60.56,0,0.0,0
87,control,0.0,0,0.0,0
88,treatment,0.0,0,0.0,0
89,treatment,0.0,0,0.0,0
90,control,59.15,0,0.0,0
91,control,0.0,0,0.0,0
92,treatment,0.0,0,0.0,0
93,control,0.0,0,0.0,0
94,treatment,95.73,0,0.0,0
95,control,0.0,0,0.0,0
96,treatment,0.0,0,0.0,0
97,control,0.0,0,0.0,0
98,control,362.99,0,0.0,0
99,treatment,39.2,0,0.0,0
100,treatment,0.0,0,0.0,0
101,treatment,0.0,0,0.0,0
102,treatment,48.42,0,0.0,0
103,control,0.0,0,0.0,0
104,treatment,0.0,0,0.0,0
105,treatment,0.0,0,0.0,0
106,treatment,0.0,0,0.0,0
107,control,88.24,0,0.0,0
108,treatment,20.79,0,0.0,0
109,treatment,70.86,0,0.0,0
110,treatment,56.07,0,0.0,0
111,control,96.76,1,61.49,0
112,treatment,0.0,0,0.0,0
113,treatment,51.06,0,0.0,0
114,treatment,0.0,0,0.0,0
115,treatment,0.0,0,0.0,0
116,control,68.75,0,0.0,0
117,treatment,0.0,0,0.0,0
118,control,0.0,0,0.0,0
119,control,0.0,0,0.0,0
120,treatment,107.74,0,0.0,0
121,treatment,35.61,0,0.0,0
122,control,0.0,0,0.0,0
123,treatment,0.0,0,0.0,0
124,control,0.0,0,0.0,0
125,control,176.04,0,0.0,0
126,control,63.51,0,0.0,0
127,treatment,0.0,0,0.0,0
128,treatment,87.29,0,0.0,0
129,treatment,108.77,0,0.0,0
130,control,102.86,0,0.0,0
131,treatment,0.0,0,0.0,0
132,treatment,21.72,0,0.0,0
133,treatment,0.0,0,0.0,0
134,treatment,0.0,0,0.0,0
135,control,26.97,0,0.0,0
136,control,0.0,0,0.0,0
137,treatment,0.0,0,0.0,0
138,treatment,70.54,0,0.0,0
139,treatment,92.55,0,0.0,0
140,treatment,0.0,0,0.0,0
141,treatment,0.0,0,0.0,0
142,treatment,506.82,0,0.0,0
143,treatment,686.94,1,55.37,0
144,control,0.0,0,0.0,0
145,treatment,0.0,0,0.0,0
146,treatment,0.0,0,0.0,0
147,control,249.8,0,0.0,0
148,control,58.32,0,0.0,0
149,treatment,29.76,0,0.0,0
150,control,214.43,1,88.23,0
151,treatment,0.0,0,0.0,0
152,treatment,148.14,1,33.39,0
153,control,0.0,0,0.0,0
154,treatment,42.73,1,142.33,0
155,treatment,38.01,0,0.0,0
156,control,0.0,0,0.0,0
157,control,1292.61,0,0.0,0
158,control,210.7,0,0.0,0
159,control,0.0,0,0.0,0
160,treatment,116.81,0,0.0,0
161,treatment,423.82,0,0.0,0
162,treatment,205.45,0,0.0,0
163,treatment,88.82,0,0.0,0
164,treatment,0.0,0,0.0,0
165,treatment,0.0,1,86.2,0
166,control,89.23,0,0.0,0
167,treatment,0.0,0,0.0,0
168,control,0.0,0,0.0,0
169,control,32.66,0,0.0,0
170,control,0.0,0,0.0,0
171,control,57.09,0,0.0,0
172,control,0.0,0,0.0,0
173,treatment,139.13,1,63.16,0
174,treatment,75.64,0,0.0,0
175,control,58.93,0,0.0,0
176,control,0.0,0,0.0,0
177,control,0.0,0,0.0,0
178,control,0.0,0,0.0,0
179,control,0.0,0,0.0,0
180,control,20.84,0,0.0,0
181,control,30.03,0,0.0,0
182,treatment,41.84,0,0.0,0
183,treatment,0.0,0,0.0,0
184,treatment,0.0,0,0.0,0
185,control,0.0,0,0.0,0
186,control,0.0,0,0.0,0
187,control,0.0,0,0.0,0
188,control,0.0,0,0.0,0
189,control,0.0,0,0.0,0
190,control,285.71,0,0.0,0
191,control,0.0,0,0.0,0
192,treatment,0.0,0,0.0,0
193,control,0.0,0,0.0,0
194,treatment,282.47,1,72.46,0
195,treatment,52.68,0,0.0,0
196,treatment,0.0,0,0.0,0
197,control,0.0,0,0.0,0
198,treatment,0.0,0,0.0,0
199,control,0.0,0,0.0,0
200,control,66.54,0,0.0,0
201,treatment,0.0,0,0.0,0
202,treatment,0.0,0,0.0,0
203,control,54.55,0,0.0,0
204,treatment,0.0,0,0.0,0
205,control,0.0,0,0.0,0
206,treatment,0.0,0,0.0,0
207,treatment,57.55,0,0.0,0
208,control,0.0,0,0.0,0
209,control,0.0,0,0.0,0
210,treatment,0.0,0,0.0,0
211,treatment,0.0,1,51.42,0
212,control,0.0,0,0.0,0
213,treatment,0.0,0,0.0,0
214,control,0.0,0,0.0,0
215,control,554.35,1,77.29,1
216,treatment,0.0,0,0.0,0
217,control,14.44,0,0.0,0
218,treatment,120.51,0,0.0,0
219,treatment,0.0,0,0.0,0
220,control,0.0,0,0.0,0
221,control,72.16,0,0.0,0
222,treatment,71.49,0,0.0,0
223,treatment,48.9,0,0.0,0
224,control,100.28,1,126.11,0
225,treatment,46.36,0,0.0,0
226,control,0.0,0,0.0,0
227,control,259.08,0,0.0,0
228,treatment,28.92,0,0.0,0
229,control,22.76,0,0.0,0
230,control,336.38,1,47.08,0
231,treatment,0.0,0,0.0,0
232,treatment,118.4,0,0.0,0
233,control,148.61,0,0.0,0
234,treatment,85.51,0,0.0,0
235,treatment,140.55,0,0.0,0
236,control,0.0,0,0.0,0
237,control,65.29,0,0.0,0
238,treatment,0.0,1,42.04,0
239,control,0.0,0,0.0,0
240,treatment,0.0,0,0.0,0
241,control,95.77,0,0.0,0
242,control,0.0,0,0.0,0
243,control,191.65,0,0.0,0
244,treatment,0.0,0,0.0,0
245,treatment,238.08,0,0.0,0
246,treatment,49.45,0,0.0,0
247,control,0.0,1,88.94,0
248,control,39.85,0,0.0,0
249,control,82.36,0,0.0,0
250,treatment,0.0,0,0.0,0
251,treatment,0.0,0,0.0,0
252,control,185.09,1,37.98,0
253,treatment,0.0,0,0.0,0
254,control,0.0,0,0.0,0
255,control,39.89,0,0.0,0
256,treatment,163.67,1,97.83,0
257,control,334.96,0,0.0,0
258,treatment,64.4,0,0.0,0
259,control,35.64,1,45.28,0
260,control,34.59,0,0.0,0
261,control,0.0,1,43.39,0
262,treatment,0.0,0,0.0,0
263,treatment,77.86,0,0.0,0
264,treatment,169.8,1,73.84,0
265,treatment,0.0,0,0.0,0
266,treatment,497.31,0,0.0,0
267,treatment,29.61,0,0.0,0
268,control,46.52,0,0.0,0
269,treatment,0.0,0,0.0,0
270,treatment,45.84,0,0.0,0
271,control,0.0,0,0.0,0
272,control,0.0,0,0.0,0
273,treatment,0.0,0,0.0,0
274,treatment,0.0,0,0.0,0
275,treatment,90.49,0,0.0,0
276,control,0.0,0,0.0,0
277,treatment,0.0,0,0.0,0
278,control,0.0,0,0.0,0
279,treatment,0.0,0,0.0,0
280,control,709.14,1,151.98,0
281,treatment,48.5,0,0.0,0
282,control,0.0,0,0.0,0
283,treatment,0.0,1,50.52,0
284,treatment,140.8,0,0.0,0
285,treatment,93.24,0,0.0,0
286,treatment,0.0,0,0.0,0
287,control,0.0,0,0.0,0
288,treatment,29.16,0,0.0,0
289,treatment,76.07,0,0.0,0
290,control,117.75,1,76.41,0
291,treatment,0.0,0,0.0,0
292,treatment,0.0,0,0.0,0
293,treatment,36.51,0,0.0,0
294,treatment,0.0,0,0.0,0
295,control,148.28,0,0.0,0
296,control,90.57,0,0.0,0
297,control,0.0,0,0.0,0
298,treatment,0.0,0,0.0,0
299,treatment,0.0,0,0.0,0
300,treatment,0.0,0,0.0,0
301,control,194.19,0,0.0,0
302,treatment,335.42,0,0.0,0
303,treatment,0.0,0,0.0,0
304,control,120.36,0,0.0,0
305,treatment,0.0,0,0.0,0
306,control,66.03,0,0.0,0
307,treatment,30.24,0,0.0,0
308,control,0.0,0,0.0,0
309,treatment,0.0,0,0.0,0
310,control,0.0,0,0.0,0
311,control,0.0,0,0.0,0
312,treatment,0.0,0,0.0,0
313,treatment,58.68,0,0.0,0
314,treatment,0.0,0,0.0,0
315,treatment,89.47,0,0.0,0
316,treatment,0.0,0,0.0,0
317,treatment,0.0,0,0.0,0
318,control,0.0,0,0.0,0
319,treatment,0.0,1,44.64,0
320,treatment,0.0,0,0.0,0
321,control,220.36,0,0.0,0
322,control,73.18,0,0.0,0
323,treatment,43.89,0,0.0,0
324,treatment,153.92,1,22.76,0
325,control,27.58,0,0.0,0
326,treatment,0.0,0,0.0,0
327,treatment,0.0,0,0.0,0
328,control,120.93,1,58.49,0
329,treatment,189.04,0,0.0,0
330,treatment,161.74,0,0.0,0
331,control,0.0,0,0.0,0
332,treatment,0.0,0,0.0,0
333,treatment,0.0,0,0.0,0
334,control,59.66,0,0.0,0
335,treatment,0.0,0,0.0,0
336,treatment,0.0,0,0.0,0
337,control,0.0,0,0.0,0
338,control,0.0,0,0.0,0
339,control,0.0,0,0.0,0
340,control,0.0,0,0.0,0
341,treatment,78.23,1,78.01,0
342,treatment,22.06,0,0.0,0
343,control,0.0,0,0.0,0
344,treatment,64.2,0,0.0,0
345,control,0.0,0,0.0,0
346,control,383.57,0,0.0,0
347,treatment,96.02,0,0.0,0
348,treatment,0.0,0,0.0,0
349,treatment,0.0,0,0.0,0
350,control,153.38,0,0.0,0
351,control,0.0,0,0.0,0
352,control,0.0,0,0.0,0
353,control,0.0,0,0.0,0
354,control,0.0,1,154.53,0
355,treatment,0.0,0,0.0,0
356,treatment,33.52,0,0.0,0
357,treatment,142.16,0,0.0,0
358,treatment,0.0,0,0.0,0
359,treatment,0.0,0,0.0,0
360,control,0.0,0,0.0,0
361,treatment,60.8,0,0.0,0
362,control,0.0,0,0.0,0
363,treatment,0.0,0,0.0,0
364,control,49.08,0,0.0,0
365,treatment,0.0,0,0.0,0
366,control,65.11,0,0.0,0
367,control,0.0,0,0.0,0
368,treatment,0.0,1,65.72,0
369,control,49.88,0,0.0,0
370,control,0.0,0,0.0,0
371,treatment,0.0,0,0.0,0
372,control,124.86,0,0.0,0
373,treatment,0.0,0,0.0,0
374,control,37.33,0,0.0,0
375,treatment,0.0,0,0.0,0
376,treatment,89.28,0,0.0,0
377,control,23.59,0,0.0,0
378,treatment,37.01,0,0.0,0
379,control,0.0,0,0.0,0
380,treatment,88.61,0,0.0,0
381,control,0.0,0,0.0,0
382,treatment,46.25,0,0.0,0
383,treatment,136.01,1,57.83,0
384,treatment,1381.5,1,118.58,0
385,control,214.09,1,37.29,0
386,treatment,80.88,0,0.0,0
387,control,0.0,1,49.89,0
388,control,168.62,0,0.0,0
389,treatment,1013.44,1,48.85,0
390,control,29.97,0,0.0,0
391,control,0.0,1,28.68,1
392,control,0.0,0,0.0,0
393,treatment,96.46,0,0.0,0
394,treatment,0.0,0,0.0,0
395,control,0.0,0,0.0,0
396,treatment,0.0,0,0.0,0
397,control,188.91,0,0.0,0
398,treatment,145.62,0,0.0,0
399,control,82.4,0,0.0,0
400,treatment,0.0,0,0.0,0
401,treatment,224.72,0,0.0,0
402,treatment,0.0,0,0.0,0
403,control,24.0,0,0.0,0
404,control,135.85,0,0.0,0
405,treatment,0.0,0,0.0,0
406,treatment,29.79,0,0.0,0
407,treatment,208.33,1,69.8,0
408,control,78.18,0,0.0,0
409,control,0.0,0,0.0,0
410,treatment,52.24,1,170.64,0
411,treatment,53.85,0,0.0,0
412,control,74.99,0,0.0,0
413,treatment,505.21,0,0.0,0
414,treatment,36.75,0,0.0,0
415,control,0.0,0,0.0,0
416,control,55.16,0,0.0,0
417,treatment,0.0,0,0.0,0
418,treatment,46.69,0,0.0,0
419,treatment,0.0,0,0.0,0
420,control,43.32,0,0.0,0
421,control,0.0,1,51.61,0
422,treatment,93.04,0,0.0,0
423,control,0.0,0,0.0,0
424,control,0.0,0,0.0,0
425,treatment,69.42,0,0.0,0
426,control,29.22,0,0.0,0
427,control,136.97,0,0.0,0
428,treatment,1846.26,1,126.0,0
429,treatment,0.0,0,0.0,0
430,treatment,19.82,0,0.0,0
431,control,0.0,0,0.0,0
432,control,0.0,0,0.0,0
433,control,0.0,0,0.0,0
434,treatment,0.0,0,0.0,0
435,control,0.0,0,0.0,0
436,control,0.0,1,62.82,0
437,treatment,43.22,0,0.0,0
438,treatment,93.7,0,0.0,0
439,treatment,0.0,0,0.0,0
440,control,401.76,0,0.0,0
441,control,105.31,0,0.0,0
442,treatment,0.0,0,0.0,0
443,control,150.03,0,0.0,0
444,treatment,0.0,0,0.0,0
445,treatment,0.0,0,0.0,0
446,treatment,0.0,0,0.0,0
447,treatment,0.0,0,0.0,0
448,treatment,0.0,0,0.0,0
449,control,0.0,1,89.8,0
450,control,66.08,0,0.0,0
451,control,694.8,0,0.0,0
452,treatment,0.0,0,0.0,0
453,control,0.0,0,0.0,0
454,treatment,65.29,0,0.0,0
455,control,77.15,0,0.0,0
456,treatment,0.0,0,0.0,0
457,control,67.33,1,85.06,0
458,control,77.69,0,0.0,0
459,treatment,0.0,0,0.0,0
460,control,49.94,1,28.55,0
461,control,0.0,0,0.0,0
462,control,35.0,0,0.0,0
463,treatment,0.0,0,0.0,0
464,control,44.15,0,0.0,0
465,control,106.24,0,0.0,0
466,treatment,31.39,0,0.0,0
467,control,0.0,0,0.0,0
468,treatment,0.0,0,0.0,0
469,treatment,26.1,0,0.0,0
470,control,73.63,0,0.0,0
471,control,45.22,0,0.0,0
472,treatment,13.29,0,0.0,0
473,treatment,48.38,0,0.0,0
474,control,111.13,0,0.0,0
475,treatment,61.47,1,106.89,0
476,treatment,40.61,0,0.0,0
477,treatment,0.0,0,0.0,0
478,control,87.94,1,127.32,0
479,treatment,44.46,0,0.0,0
480,treatment,0.0,0,0.0,0
481,control,21.47,0,0.0,0
482,treatment,179.78,0,0.0,0
483,control,0.0,0,0.0,0
484,treatment,154.88,0,0.0,0
485,treatment,113.08,0,0.0,0
486,control,175.92,0,0.0,0
487,control,72.18,0,0.0,0
488,control,56.28,1,117.65,0
489,treatment,0.0,0,0.0,0
490,control,0.0,0,0.0,0
491,control,70.14,0,0.0,0
492,control,49.97,0,0.0,0
493,control,113.07,0,0.0,0
494,control,0.0,0,0.0,0
495,control,0.0,0,0.0,0
496,control,0.0,0,0.0,0
497,control,86.47,1,48.74,0
498,control,0.0,0,0.0,0
499,treatment,230.87,1,90.19,0
500,control,266.05,0,0.0,0
501,treatment,0.0,0,0.0,0
502,control,0.0,0,0.0,0
503,treatment,186.33,0,0.0,0
504,control,49.85,0,0.0,0
505,control,0.0,0,0.0,0
506,control,0.0,0,0.0,0
507,treatment,22.98,0,0.0,0
508,control,0.0,0,0.0,0
509,control,97.81,0,0.0,0
510,treatment,57.35,0,0.0,0
511,treatment,83.94,0,0.0,0
512,control,0.0,0,0.0,0
513,treatment,0.0,0,0.0,0
514,treatment,0.0,0,0.0,0
515,control,0.0,0,0.0,0
516,control,202.03,0,0.0,0
517,control,0.0,0,0.0,0
518,control,0.0,1,38.83,0
519,treatment,0.0,0,0.0,0
520,treatment,96.67,0,0.0,0
521,control,651.54,1,55.84,0
522,control,48.24,0,0.0,0
523,control,0.0,0,0.0,0
524,treatment,101.44,0,0.0,0
525,treatment,0.0,1,138.49,0
526,control,57.42,0,0.0,0
527,treatment,0.0,0,0.0,0
528,treatment,0.0,0,0.0,0
529,treatment,0.0,0,0.0,0
530,control,0.0,1,56.82,0
531,treatment,45.8,0,0.0,0
532,treatment,245.64,0,0.0,0
533,control,0.0,0,0.0,0
534,treatment,0.0,0,0.0,0
535,treatment,87.06,1,68.83,0
536,treatment,0.0,0,0.0,0
537,treatment,0.0,0,0.0,0
538,control,169.4,0,0.0,0
539,treatment,0.0,1,31.54,0
540,control,0.0,0,0.0,0
541,control,0.0,0,0.0,0
542,control,0.0,0,0.0,0
543,control,559.32,0,0.0,0
544,control,61.34,1,79.86,0
545,control,0.0,1,75.96,0
546,control,34.9,0,0.0,0
547,treatment,0.0,0,0.0,0
548,treatment,0.0,0,0.0,0
549,treatment,0.0,1,52.12,0
550,treatment,0.0,0,0.0,0
551,control,0.0,0,0.0,0
552,treatment,80.85,0,0.0,0
553,control,111.93,0,0.0,0
554,control,0.0,0,0.0,0
555,treatment,0.0,0,0.0,0
556,treatment,76.88,0,0.0,0
557,control,580.0,0,0.0,0
558,treatment,53.41,0,0.0,0
559,control,0.0,0,0.0,0
560,treatment,0.0,0,0.0,0
561,control,0.0,0,0.0,0
562,treatment,182.54,0,0.0,0
563,control,394.5,1,68.79,0
564,treatment,0.0,0,0.0,0
565,treatment,0.0,0,0.0,0
566,control,0.0,0,0.0,0
567,control,0.0,0,0.0,0
568,control,32.2,1,40.01,0
569,control,83.54,0,0.0,0
570,treatment,56.15,0,0.0,0
571,treatment,50.98,0,0.0,0
572,treatment,0.0,0,0.0,0
573,treatment,38.21,0,0.0,0
574,treatment,0.0,0,0.0,0
575,treatment,0.0,0,0.0,0
576,treatment,35.99,1,63.68,0
577,control,0.0,1,44.88,0
578,treatment,19.54,0,0.0,0
579,control,61.03,0,0.0,0
580,control,0.0,0,0.0,0
581,control,0.0,0,0.0,0
582,control,0.0,1,40.91,0
583,treatment,331.36,0,0.0,0
584,control,0.0,0,0.0,0
585,control,0.0,0,0.0,0
586,control,0.0,0,0.0,0
587,control,55.76,0,0.0,0
588,treatment,0.0,1,65.46,0
589,control,86.82,1,71.6,0
590,control,0.0,0,0.0,0
591,control,0.0,0,0.0,0
592,control,106.54,0,0.0,0
593,treatment,0.0,1,52.61,0
594,treatment,0.0,0,0.0,0
595,control,0.0,0,0.0,0
596,control,0.0,0,0.0,0
597,treatment,50.9,0,0.0,0
598,control,0.0,0,0.0,0
599,control,58.66,0,0.0,0
600,control,0.0,0,0.0,0
601,control,381.61,0,0.0,0
602,treatment,0.0,0,0.0,0
603,treatment,0.0,1,59.54,0
604,control,0.0,0,0.0,0
605,control,25.68,0,0.0,0
606,treatment,53.36,0,0.0,0
607,control,206.02,0,0.0,0
608,treatment,81.14,0,0.0,0
609,treatment,0.0,1,68.12,0
610,treatment,76.14,1,28.98,0
611,control,0.0,0,0.0,0
612,treatment,82.47,1,47.37,0
613,treatment,0.0,0,0.0,0
614,treatment,0.0,0,0.0,0
615,control,82.04,1,96.67,0
616,control,66.18,0,0.0,0
617,treatment,0.0,0,0.0,0
618,treatment,38.57,0,0.0,0
619,treatment,666.97,1,85.78,0
620,control,64.22,1,120.32,0
621,treatment,64.17,0,0.0,0
622,control,0.0,0,0.0,0
623,control,0.0,0,0.0,0
624,treatment,0.0,0,0.0,0
625,treatment,56.57,0,0.0,0
626,treatment,33.56,0,0.0,0
627,treatment,0.0,0,0.0,0
628,control,0.0,0,0.0,0
629,treatment,0.0,0,0.0,0
630,treatment,0.0,0,0.0,0
631,control,34.22,0,0.0,0
632,treatment,71.29,0,0.0,0
633,control,76.44,1,139.92,0
634,control,0.0,0,0.0,0
635,treatment,113.03,0,0.0,0
636,control,0.0,1,20.33,0
637,control,164.71,0,0.0,0
638,control,0.0,0,0.0,0
639,treatment,0.0,0,0.0,0
640,control,214.66,0,0.0,0
641,control,0.0,0,0.0,0
642,control,94.21,0,0.0,0
643,treatment,0.0,0,0.0,0
644,control,37.51,0,0.0,0
645,treatment,0.0,0,0.0,0
646,treatment,0.0,0,0.0,0
647,treatment,42.06,0,0.0,0
648,control,62.22,0,0.0,0
649,treatment,0.0,0,0.0,0
650,control,68.05,0,0.0,0
651,treatment,0.0,0,0.0,0
652,control,0.0,0,0.0,0
653,treatment,155.61,0,0.0,0
654,control,106.66,0,0.0,0
655,control,247.43,0,0.0,0
656,treatment,35.28,0,0.0,0
657,control,75.8,0,0.0,0
658,treatment,0.0,0,0.0,0
659,control,0.0,0,0.0,0
660,treatment,76.97,0,0.0,0
661,treatment,1621.93,1,58.54,0
662,control,0.0,0,0.0,0
663,treatment,0.0,0,0.0,0
664,control,275.47,1,44.69,0
665,control,47.88,0,0.0,0
666,control,0.0,0,0.0,0
667,treatment,0.0,0,0.0,0
668,control,30.78,0,0.0,0
669,treatment,0.0,0,0.0,0
670,treatment,30.45,0,0.0,0
671,control,0.0,0,0.0,0
672,treatment,78.32,0,0.0,0
673,treatment,62.99,0,0.0,0
674,control,0.0,0,0.0,0
675,treatment,218.71,0,0.0,0
676,treatment,0.0,0,0.0,0
677,control,42.0,0,0.0,0
678,treatment,428.94,1,47.89,0
679,control,65.83,0,0.0,0
680,treatment,37.49,0,0.0,0
681,treatment,0.0,0,0.0,0
682,treatment,161.2,0,0.0,0
683,treatment,0.0,0,0.0,0
684,control,0.0,0,0.0,0
685,control,27.64,0,0.0,0
686,control,0.0,0,0.0,0
687,treatment,24.37,0,0.0,0
688,treatment,0.0,0,0.0,0
689,treatment,29.82,0,0.0,0
690,treatment,0.0,0,0.0,0
691,control,0.0,0,0.0,0
692,treatment,68.66,0,0.0,0
693,treatment,293.07,1,112.97,0
694,control,37.28,0,0.0,0
695,treatment,27.94,0,0.0,0
696,treatment,0.0,0,0.0,0
697,treatment,0.0,0,0.0,0
698,treatment,82.66,0,0.0,0
699,treatment,79.51,0,0.0,0
700,treatment,0.0,0,0.0,0
701,treatment,56.06,1,19.33,0
702,control,0.0,0,0.0,0
703,control,39.01,0,0.0,0
704,treatment,0.0,0,0.0,0
705,control,0.0,0,0.0,0
706,treatment,90.63,0,0.0,0
707,treatment,39.52,0,0.0,0
708,control,237.43,1,117.45,0
709,treatment,0.0,0,0.0,0
710,control,0.0,0,0.0,0
711,control,110.94,0,0.0,0
712,control,0.0,0,0.0,0
713,treatment,0.0,0,0.0,0
714,control,101.95,1,42.15,0
715,treatment,54.37,0,0.0,0
716,treatment,566.02,1,115.03,0
717,control,44.93,0,0.0,0
718,control,0.0,0,0.0,0
719,treatment,0.0,0,0.0,0
720,control,35.23,0,0.0,0
721,control,0.0,0,0.0,0
722,treatment,0.0,0,0.0,0
723,treatment,0.0,0,0.0,0
724,control,0.0,0,0.0,0
725,treatment,0.0,0,0.0,0
726,control,54.56,0,0.0,0
727,treatment,46.08,0,0.0,0
728,treatment,0.0,0,0.0,0
729,control,112.22,0,0.0,0
730,control,0.0,0,0.0,0
731,control,115.84,0,0.0,0
732,treatment,0.0,0,0.0,0
733,treatment,0.0,0,0.0,0
734,treatment,0.0,0,0.0,0
735,control,174.8,1,102.33,0
736,control,53.22,0,0.0,0
737,treatment,0.0,0,0.0,0
738,control,43.91,0,0.0,0
739,treatment,45.02,0,0.0,0
740,treatment,56.45,0,0.0,0
741,treatment,380.73,0,0.0,0
742,control,36.16,0,0.0,0
743,treatment,71.6,0,0.0,0
744,treatment,0.0,0,0.0,0
745,treatment,61.78,0,0.0,0
746,treatment,0.0,1,38.59,0
747,treatment,125.45,1,45.99,1
748,treatment,0.0,1,52.84,0
749,control,0.0,0,0.0,0
750,treatment,287.76,1,75.7,0
751,treatment,0.0,0,0.0,0
752,treatment,260.1,0,0.0,0
753,control,0.0,0,0.0,0
754,treatment,0.0,0,0.0,0
755,treatment,112.82,0,0.0,0
756,treatment,23.25,0,0.0,0
757,control,0.0,0,0.0,0
758,control,259.01,0,0.0,0
759,control,0.0,0,0.0,0
760,treatment,25.59,0,0.0,0
761,control,117.42,1,74.33,0
762,control,920.84,1,80.83,0
763,control,0.0,0,0.0,0
764,control,240.37,0,0.0,0
765,control,0.0,0,0.0,0
766,treatment,81.14,0,0.0,0
767,treatment,0.0,0,0.0,0
768,control,0.0,0,0.0,0
769,treatment,312.54,1,105.13,0
770,treatment,0.0,0,0.0,0
771,control,0.0,0,0.0,0
772,control,0.0,0,0.0,0
773,treatment,0.0,0,0.0,0
774,control,0.0,0,0.0,0
775,control,0.0,0,0.0,0
776,control,45.52,0,0.0,0
777,control,0.0,1,33.76,0
778,control,34.32,0,0.0,0
779,treatment,0.0,0,0.0,0
780,control,0.0,0,0.0,0
781,control,466.09,1,145.3,0
782,control,182.35,0,0.0,0
783,control,0.0,1,96.43,0
784,treatment,105.54,0,0.0,0
785,control,45.44,0,0.0,0
786,control,0.0,0,0.0,0
787,treatment,0.0,0,0.0,0
788,control,0.0,1,42.53,0
789,treatment,18.85,0,0.0,0
790,control,0.0,0,0.0,0
791,treatment,0.0,0,0.0,0
792,control,94.86,0,0.0,0
793,treatment,0.0,0,0.0,0
794,control,209.14,0,0.0,0
795,treatment,92.14,1,49.88,0
796,control,0.0,0,0.0,0
797,treatment,0.0,0,0.0,0
798,treatment,0.0,0,0.0,0
799,treatment,252.9,0,0.0,0
800,treatment,0.0,0,0.0,0
801,treatment,149.69,0,0.0,0
802,control,61.21,0,0.0,0
803,control,207.2,0,0.0,0
804,control,141.83,0,0.0,0
805,control,0.0,0,0.0,0
806,control,306.05,1,87.05,0
807,control,0.0,0,0.0,0
808,treatment,36.3,0,0.0,0
809,control,57.56,0,0.0,0
810,treatment,704.13,1,203.16,0
811,treatment,0.0,0,0.0,0
812,control,0.0,1,44.27,0
813,treatment,0.0,0,0.0,0
814,control,0.0,0,0.0,0
815,control,0.0,0,0.0,0
816,treatment,0.0,1,45.62,1
817,treatment,0.0,0,0.0,0
818,treatment,110.76,0,0.0,0
819,control,0.0,0,0.0,0
820,control,121.65,0,0.0,0
821,control,385.58,0,0.0,0
822,control,149.65,1,35.55,1
823,treatment,0.0,0,0.0,0
824,treatment,31.2,0,0.0,0
825,treatment,0.0,0,0.0,0
826,control,148.74,0,0.0,0
827,treatment,0.0,0,0.0,0
828,treatment,30.87,0,0.0,0
829,treatment,0.0,0,0.0,0
830,treatment,74.31,0,0.0,0
831,treatment,0.0,0,0.0,0
832,control,0.0,0,0.0,0
833,treatment,40.8,0,0.0,0
834,treatment,0.0,0,0.0,0
835,treatment,111.58,0,0.0,0
836,control,0.0,0,0.0,0
837,treatment,0.0,0,0.0,0
838,control,71.05,0,0.0,0
839,treatment,96.77,0,0.0,0
840,control,0.0,0,0.0,0
841,control,0.0,0,0.0,0
842,control,150.36,1,78.98,0
843,control,0.0,0,0.0,0
844,treatment,33.97,0,0.0,0
845,control,0.0,0,0.0,0
846,control,0.0,0,0.0,0
847,treatment,0.0,0,0.0,0
848,control,58.78,0,0.0,0
849,control,79.58,0,0.0,0
850,control,291.52,0,0.0,0
851,control,0.0,0,0.0,0
852,control,207.7,0,0.0,0
853,control,35.27,0,0.0,0
854,treatment,0.0,0,0.0,0
855,treatment,44.07,0,0.0,0
856,treatment,44.54,0,0.0,0
857,control,79.38,0,0.0,0
858,control,0.0,0,0.0,0
859,treatment,0.0,0,0.0,0
860,control,75.03,0,0.0,0
861,treatment,90.12,0,0.0,0
862,treatment,0.0,0,0.0,0
863,control,0.0,0,0.0,0
864,treatment,116.06,0,0.0,0
865,treatment,869.73,0,0.0,0
866,control,33.62,0,0.0,0
867,treatment,63.91,0,0.0,0
868,treatment,0.0,0,0.0,0
869,treatment,0.0,0,0.0,0
870,control,98.92,0,0.0,0
871,treatment,37.34,0,0.0,0
872,treatment,184.73,0,0.0,0
873,control,302.14,1,44.08,0
874,treatment,441.68,0,0.0,0
875,treatment,0.0,0,0.0,0
876,control,0.0,0,0.0,0
877,treatment,0.0,0,0.0,0
878,control,0.0,0,0.0,0
879,control,35.46,0,0.0,0
880,treatment,0.0,0,0.0,0
881,treatment,0.0,0,0.0,0
882,control,0.0,1,32.73,0
883,treatment,0.0,0,0.0,0
884,treatment,60.86,1,139.8,1
885,control,32.82,0,0.0,0
886,treatment,0.0,0,0.0,0
887,treatment,164.72,1,182.9,0
888,treatment,75.88,1,156.04,0
889,control,0.0,0,0.0,0
890,control,33.47,0,0.0,0
891,control,0.0,0,0.0,0
892,treatment,0.0,0,0.0,0
893,treatment,35.11,0,0.0,0
894,control,0.0,0,0.0,0
895,treatment,0.0,1,33.54,0
896,control,185.03,0,0.0,0
897,control,0.0,0,0.0,0
898,treatment,0.0,0,0.0,0
899,control,0.0,0,0.0,0
900,treatment,38.13,0,0.0,0
901,treatment,200.14,0,0.0,0
902,treatment,341.66,0,0.0,0
903,treatment,141.78,1,46.42,0
904,control,0.0,0,0.0,0
905,control,0.0,0,0.0,0
906,treatment,0.0,1,110.94,0
907,control,0.0,0,0.0,0
908,treatment,0.0,0,0.0,0
909,control,0.0,0,0.0,0
910,treatment,0.0,0,0.0,0
911,treatment,51.35,0,0.0,0
912,control,82.1,0,0.0,0
913,treatment,0.0,0,0.0,0
914,control,0.0,0,0.0,0
915,control,53.18,0,0.0,0
916,control,52.68,0,0.0,0
917,treatment,178.09,1,88.11,0
918,treatment,0.0,0,0.0,0
919,control,134.02,0,0.0,0
920,control,93.27,0,0.0,0
921,treatment,0.0,0,0.0,0
922,control,0.0,0,0.0,0
923,treatment,0.0,0,0.0,0
924,control,0.0,0,0.0,0
925,treatment,0.0,0,0.0,0
926,treatment,103.0,0,0.0,0
927,control,0.0,0,0.0,0
928,treatment,170.64,0,0.0,0
929,treatment,0.0,0,0.0,0
930,treatment,50.46,0,0.0,0
931,treatment,0.0,0,0.0,0
932,treatment,0.0,0,0.0,0
933,treatment,88.96,0,0.0,0
934,control,112.63,0,0.0,0
935,control,54.05,0,0.0,0
936,control,0.0,0,0.0,0
937,treatment,0.0,0,0.0,0
938,control,283.3,1,253.13,0
939,treatment,0.0,0,0.0,0
940,control,103.54,0,0.0,0
941,control,50.96,0,0.0,0
942,control,226.61,0,0.0,0
943,control,0.0,0,0.0,0
944,control,0.0,0,0.0,0
945,treatment,0.0,0,0.0,0
946,treatment,47.24,0,0.0,0
947,control,0.0,0,0.0,0
948,control,0.0,0,0.0,0
949,treatment,45.53,0,0.0,0
950,treatment,51.56,0,0.0,0
951,treatment,30.18,1,58.35,0
952,control,41.79,0,0.0,0
953,control,0.0,0,0.0,0
954,control,0.0,0,0.0,0
955,treatment,0.0,0,0.0,0
956,control,0.0,0,0.0,0
957,treatment,0.0,0,0.0,0
958,treatment,0.0,0,0.0,0
959,control,79.52,1,79.21,0
960,treatment,46.67,0,0.0,0
961,control,483.51,0,0.0,0
962,treatment,268.93,0,0.0,0
963,control,34.91,0,0.0,0
964,treatment,0.0,0,0.0,0
965,control,121.33,0,0.0,0
966,control,77.19,0,0.0,0
967,control,0.0,0,0.0,0
968,control,64.85,0,0.0,0
969,control,0.0,0,0.0,0
970,control,167.79,0,0.0,0
971,treatment,0.0,0,0.0,0
972,treatment,127.21,0,0.0,0
973,control,199.74,0,0.0,0
974,control,41.53,0,0.0,0
975,treatment,181.59,1,84.52,0
976,control,0.0,0,0.0,0
977,control,0.0,0,0.0,0
978,treatment,0.0,0,0.0,0
979,control,0.0,0,0.0,0
980,control,47.95,0,0.0,0
981,control,133.83,0,0.0,0
982,treatment,159.85,0,0.0,0
983,control,170.24,0,0.0,0
984,treatment,310.98,0,0.0,0
985,treatment,39.4,0,0.0,0
986,control,0.0,0,0.0,0
987,control,0.0,1,33.86,0
988,treatment,0.0,0,0.0,0
989,control,189.83,1,172.13,0
990,control,0.0,1,78.74,0
991,treatment,0.0,0,0.0,0
992,control,228.39,0,0.0,0
993,control,152.57,0,0.0,0
994,treatment,0.0,1,24.45,0
995,treatment,0.0,0,0.0,0
996,treatment,0.0,0,0.0,0
997,control,0.0,0,0.0,0
998,treatment,124.91,0,0.0,0
999,treatment,0.0,0,0.0,0
1000,control,0.0,0,0.0,0
1001,treatment,0.0,1,73.92,0
1002,treatment,0.0,0,0.0,0
1003,treatment,0.0,0,0.0,0
1004,treatment,47.21,0,0.0,0
1005,treatment,0.0,0,0.0,0
1006,control,84.64,0,0.0,0
1007,treatment,64.47,0,0.0,0
1008,control,61.22,0,0.0,0
1009,treatment,0.0,0,0.0,0
1010,treatment,0.0,0,0.0,0
1011,control,62.42,0,0.0,0
1012,control,21.35,0,0.0,0
1013,control,0.0,0,0.0,0
1014,control,0.0,0,0.0,0
1015,treatment,65.92,0,0.0,0
1016,treatment,0.0,0,0.0,0
1017,treatment,0.0,0,0.0,0
1018,treatment,0.0,0,0.0,0
1019,treatment,0.0,0,0.0,0
1020,treatment,125.87,1,75.37,0
1021,control,0.0,0,0.0,0
1022,treatment,0.0,0,0.0,0
1023,control,0.0,0,0.0,0
1024,treatment,0.0,0,0.0,0
1025,treatment,43.71,1,61.59,0
1026,treatment,0.0,0,0.0,0
1027,control,161.07,0,0.0,0
1028,treatment,51.92,0,0.0,0
1029,treatment,34.62,0,0.0,0
1030,control,0.0,0,0.0,0
1031,treatment,0.0,0,0.0,0
1032,treatment,0.0,1,19.59,0
1033,treatment,0.0,0,0.0,0
1034,treatment,0.0,0,0.0,0
1035,treatment,83.33,0,0.0,0
1036,control,253.32,1,47.2,0
1037,treatment,32.22,1,80.41,0
1038,treatment,0.0,0,0.0,0
1039,treatment,0.0,0,0.0,0
1040,control,24.4,1,50.95,0
1041,control,0.0,0,0.0,0
1042,control,0.0,0,0.0,0
1043,treatment,0.0,0,0.0,0
1044,treatment,55.36,0,0.0,0
1045,control,0.0,0,0.0,0
1046,control,30.32,0,0.0,0
1047,control,0.0,0,0.0,0
1048,control,111.09,1,54.58,0
1049,treatment,54.65,1,80.5,0
1050,control,224.17,1,41.01,0
1051,control,0.0,0,0.0,0
1052,treatment,60.16,0,0.0,0
1053,treatment,103.95,0,0.0,0
1054,control,30.02,0,0.0,0
1055,treatment,0.0,0,0.0,0
1056,treatment,0.0,0,0.0,0
1057,control,272.93,1,94.0,0
1058,control,0.0,0,0.0,0
1059,treatment,0.0,0,0.0,0
1060,treatment,28.0,0,0.0,0
1061,treatment,0.0,0,0.0,0
1062,control,0.0,0,0.0,0
1063,control,0.0,0,0.0,0
1064,control,0.0,0,0.0,0
1065,treatment,0.0,0,0.0,0
1066,treatment,49.84,0,0.0,0
1067,control,0.0,0,0.0,0
1068,control,36.7,0,0.0,0
1069,control,143.07,0,0.0,0
1070,control,44.44,1,62.39,0
1071,treatment,0.0,0,0.0,0
1072,control,110.65,0,0.0,0
1073,treatment,74.54,0,0.0,0
1074,control,0.0,0,0.0,0
1075,control,0.0,0,0.0,0
1076,treatment,54.55,0,0.0,0
1077,treatment,0.0,0,0.0,0
1078,treatment,0.0,0,0.0,0
1079,control,0.0,0,0.0,0
1080,control,59.03,0,0.0,0
1081,treatment,0.0,0,0.0,0
1082,treatment,0.0,0,0.0,0
1083,control,0.0,0,0.0,0
1084,treatment,0.0,0,0.0,0
1085,control,45.97,0,0.0,0
1086,treatment,0.0,0,0.0,0
1087,treatment,0.0,0,0.0,0
1088,control,0.0,0,0.0,0
1089,control,150.07,1,47.78,0
1090,treatment,44.95,0,0.0,0
1091,treatment,0.0,0,0.0,0
1092,treatment,189.95,0,0.0,0
1093,control,0.0,0,0.0,0
1094,treatment,0.0,0,0.0,0
1095,treatment,0.0,0,0.0,0
1096,treatment,0.0,0,0.0,0
1097,treatment,50.65,1,29.65,1
1098,treatment,91.88,0,0.0,0
1099,treatment,67.87,0,0.0,0
1100,control,0.0,0,0.0,0
1101,treatment,83.84,0,0.0,0
1102,control,726.75,0,0.0,0
1103,treatment,59.61,0,0.0,0
1104,control,81.04,0,0.0,0
1105,treatment,25.83,0,0.0,0
1106,treatment,0.0,0,0.0,0
1107,control,196.34,0,0.0,0
1108,treatment,0.0,0,0.0,0
1109,control,36.6,1,36.16,0
1110,treatment,0.0,0,0.0,0
1111,treatment,0.0,0,0.0,0
1112,treatment,75.82,0,0.0,0
1113,treatment,0.0,0,0.0,0
1114,control,0.0,0,0.0,0
1115,control,70.97,0,0.0,0
1116,control,0.0,1,56.88,1
1117,treatment,67.0,0,0.0,0
1118,treatment,224.11,0,0.0,0
1119,treatment,44.64,0,0.0,0
1120,treatment,0.0,0,0.0,0
1121,treatment,46.63,0,0.0,0
1122,treatment,134.13,0,0.0,0
1123,treatment,79.56,1,32.74,0
1124,treatment,0.0,0,0.0,0
1125,control,84.27,0,0.0,0
1126,control,71.74,0,0.0,0
1127,control,0.0,0,0.0,0
1128,control,0.0,0,0.0,0
1129,control,0.0,0,0.0,0
1130,control,0.0,0,0.0,0
1131,treatment,652.43,1,64.1,0
1132,treatment,0.0,0,0.0,0
1133,control,69.59,0,0.0,0
1134,control,0.0,0,0.0,0
1135,control,48.49,0,0.0,0
1136,treatment,81.06,0,0.0,0
1137,control,0.0,0,0.0,0
1138,treatment,78.88,0,0.0,0
1139,treatment,100.57,0,0.0,0
1140,control,43.37,0,0.0,0
1141,treatment,0.0,1,44.88,0
1142,treatment,0.0,0,0.0,0
1143,control,0.0,0,0.0,0
1144,treatment,0.0,0,0.0,0
1145,treatment,146.38,0,0.0,0
1146,control,0.0,0,0.0,0
1147,treatment,71.18,1,98.15,0
1148,control,0.0,0,0.0,0
1149,treatment,66.47,0,0.0,0
1150,control,0.0,0,0.0,0
1151,treatment,0.0,0,0.0,0
1152,control,0.0,0,0.0,0
1153,control,98.89,0,0.0,0
1154,control,65.94,0,0.0,0
1155,treatment,0.0,0,0.0,0
1156,control,0.0,0,0.0,0
1157,treatment,0.0,0,0.0,0
1158,control,90.86,1,35.98,0
1159,control,36.07,0,0.0,0
1160,treatment,0.0,0,0.0,0
1161,control,403.18,1,243.96,0
1162,control,0.0,0,0.0,0
1163,control,0.0,0,0.0,0
1164,control,76.02,0,0.0,0
1165,control,227.94,0,0.0,0
1166,control,64.73,0,0.0,0
1167,treatment,29.73,0,0.0,0
1168,treatment,0.0,0,0.0,0
1169,control,0.0,0,0.0,0
1170,control,48.86,0,0.0,0
1171,treatment,0.0,0,0.0,0
1172,control,122.9,1,80.95,0
1173,treatment,0.0,0,0.0,0
1174,control,0.0,0,0.0,0
1175,treatment,0.0,0,0.0,0
1176,treatment,0.0,1,32.09,0
1177,treatment,39.19,0,0.0,0
1178,treatment,0.0,0,0.0,0
1179,treatment,0.0,0,0.0,0
1180,treatment,0.0,0,0.0,0
1181,control,0.0,1,84.5,0
1182,treatment,198.51,0,0.0,0
1183,control,0.0,0,0.0,0
1184,control,295.37,0,0.0,0
1185,treatment,0.0,1,33.7,0
1186,control,132.03,0,0.0,0
1187,control,0.0,1,93.66,0
1188,treatment,398.08,1,78.52,0
1189,control,0.0,0,0.0,0
1190,control,167.35,0,0.0,0
1191,treatment,36.49,0,0.0,0
1192,treatment,0.0,0,0.0,0
1193,treatment,0.0,0,0.0,0
1194,treatment,45.84,0,0.0,0
1195,control,0.0,0,0.0,0
1196,treatment,50.67,1,145.15,0
1197,treatment,0.0,0,0.0,0
1198,control,0.0,0,0.0,0
1199,control,0.0,0,0.0,0
1200,control,201.5,1,68.9,0
1201,control,0.0,1,71.14,0
1202,control,110.18,0,0.0,0
1203,treatment,0.0,0,0.0,0
1204,treatment,21.0,0,0.0,0
1205,treatment,0.0,0,0.0,0
1206,control,0.0,0,0.0,0
1207,control,0.0,0,0.0,0
1208,control,0.0,0,0.0,0
1209,treatment,0.0,0,0.0,0
1210,treatment,0.0,0,0.0,0
1211,control,0.0,1,90.11,0
1212,control,0.0,0,0.0,0
1213,treatment,37.55,0,0.0,0
1214,control,67.71,0,0.0,0
1215,treatment,0.0,0,0.0,0
1216,treatment,72.07,0,0.0,0
1217,treatment,46.61,0,0.0,0
1218,control,82.22,0,0.0,0
1219,treatment,108.92,0,0.0,0
1220,control,199.02,1,42.47,0
1221,control,55.26,0,0.0,0
1222,control,197.55,1,51.31,0
1223,treatment,306.94,0,0.0,0
1224,treatment,0.0,0,0.0,0
1225,control,76.19,0,0.0,0
1226,treatment,0.0,0,0.0,0
1227,treatment,74.12,0,0.0,0
1228,control,220.36,0,0.0,0
1229,control,88.13,0,0.0,0
1230,control,66.84,0,0.0,0
1231,control,115.96,0,0.0,0
1232,treatment,0.0,0,0.0,0
1233,control,0.0,0,0.0,0
1234,control,0.0,0,0.0,0
1235,control,0.0,0,0.0,0
1236,control,116.52,0,0.0,0
1237,control,0.0,0,0.0,0
1238,control,96.51,0,0.0,0
1239,control,39.43,0,0.0,0
1240,treatment,0.0,0,0.0,0
1241,treatment,0.0,0,0.0,0
1242,treatment,0.0,0,0.0,0
1243,control,278.49,0,0.0,0
1244,treatment,0.0,0,0.0,0
1245,control,577.33,1,42.02,0
1246,control,53.36,0,0.0,0
1247,control,0.0,0,0.0,0
1248,treatment,69.06,0,0.0,0
1249,control,17.79,0,0.0,0
1250,treatment,0.0,0,0.0,0
1251,control,106.88,0,0.0,0
1252,control,0.0,1,170.02,0
1253,treatment,0.0,0,0.0,0
1254,treatment,0.0,0,0.0,0
1255,treatment,694.69,1,119.35,0
1256,treatment,0.0,0,0.0,0
1257,treatment,207.26,0,0.0,0
1258,control,34.24,0,0.0,0
1259,control,0.0,0,0.0,0
1260,control,236.43,0,0.0,0
1261,treatment,26.98,0,0.0,0
1262,treatment,0.0,0,0.0,0
1263,control,0.0,0,0.0,0
1264,treatment,0.0,0,0.0,0
1265,control,0.0,0,0.0,0
1266,control,0.0,0,0.0,0
1267,control,0.0,0,0.0,0
1268,treatment,31.93,0,0.0,0
1269,treatment,101.29,0,0.0,0
1270,control,0.0,0,0.0,0
1271,control,0.0,0,0.0,0
1272,treatment,0.0,0,0.0,0
1273,control,36.13,0,0.0,0
1274,treatment,1185.09,1,129.04,0
1275,control,0.0,0,0.0,0
1276,control,32.19,0,0.0,0
1277,control,0.0,0,0.0,0
1278,treatment,0.0,0,0.0,0
1279,control,565.82,1,246.36,0
1280,treatment,51.67,0,0.0,0
1281,treatment,0.0,1,49.5,0
1282,treatment,159.74,1,52.17,0
1283,control,0.0,0,0.0,0
1284,treatment,0.0,0,0.0,0
1285,treatment,0.0,0,0.0,0
1286,control,96.88,0,0.0,0
1287,control,0.0,0,0.0,0
1288,treatment,65.76,0,0.0,0
1289,treatment,43.41,0,0.0,0
1290,treatment,77.72,0,0.0,0
1291,treatment,57.31,0,0.0,0
1292,control,0.0,0,0.0,0
1293,treatment,0.0,0,0.0,0
1294,treatment,0.0,0,0.0,0
1295,treatment,0.0,0,0.0,0
1296,treatment,47.52,0,0.0,0
1297,treatment,0.0,0,0.0,0
1298,control,332.41,1,66.72,0
1299,control,0.0,0,0.0,0
1300,treatment,97.53,0,0.0,0
1301,control,27.15,0,0.0,0
1302,treatment,0.0,0,0.0,0
1303,control,57.36,0,0.0,0
1304,treatment,181.84,1,47.97,0
1305,treatment,0.0,0,0.0,0
1306,control,0.0,0,0.0,0
1307,treatment,0.0,0,0.0,0
1308,control,0.0,0,0.0,0
1309,treatment,0.0,0,0.0,0
1310,control,0.0,1,21.96,0
1311,treatment,41.95,0,0.0,0
1312,treatment,0.0,0,0.0,0
1313,control,63.81,0,0.0,0
1314,control,0.0,0,0.0,0
1315,control,91.49,0,0.0,0
1316,treatment,110.72,0,0.0,0
1317,treatment,0.0,0,0.0,0
1318,treatment,0.0,0,0.0,0
1319,treatment,119.92,0,0.0,0
1320,control,175.0,0,0.0,0
1321,control,101.14,0,0.0,0
1322,treatment,177.36,0,0.0,0
1323,control,0.0,0,0.0,0
1324,control,0.0,0,0.0,0
1325,control,0.0,0,0.0,0
1326,treatment,158.25,0,0.0,0
1327,treatment,0.0,0,0.0,0
1328,control,0.0,0,0.0,0
1329,control,96.62,0,0.0,0
1330,treatment,0.0,0,0.0,0
1331,treatment,0.0,0,0.0,0
1332,control,64.35,1,22.93,0
1333,control,112.76,0,0.0,0
1334,treatment,0.0,0,0.0,0
1335,treatment,214.94,0,0.0,0
1336,treatment,484.31,1,88.87,0
1337,control,44.49,0,0.0,0
1338,control,43.0,0,0.0,0
1339,treatment,49.17,0,0.0,0
1340,control,63.59,0,0.0,0
1341,treatment,0.0,0,0.0,0
1342,treatment,83.4,0,0.0,0
1343,treatment,0.0,0,0.0,0
1344,control,219.22,1,32.86,0
1345,treatment,45.52,0,0.0,0
1346,control,144.38,0,0.0,0
1347,treatment,0.0,0,0.0,0
1348,control,0.0,0,0.0,0
1349,control,0.0,0,0.0,0
1350,control,187.7,1,86.51,0
1351,treatment,34.1,0,0.0,0
1352,treatment,0.0,0,0.0,0
1353,treatment,0.0,0,0.0,0
1354,control,45.84,1,83.61,0
1355,control,172.06,0,0.0,0
1356,control,63.75,0,0.0,0
1357,control,280.96,0,0.0,0
1358,control,37.02,0,0.0,0
1359,treatment,0.0,0,0.0,0
1360,treatment,91.93,0,0.0,0
1361,control,74.23,1,29.13,0
1362,control,0.0,0,0.0,0
1363,treatment,210.84,0,0.0,0
1364,treatment,0.0,0,0.0,0
1365,treatment,56.86,0,0.0,0
1366,treatment,36.51,0,0.0,0
1367,control,0.0,1,36.09,0
1368,control,0.0,0,0.0,0
1369,control,0.0,0,0.0,0
1370,treatment,94.65,0,0.0,0
1371,control,0.0,0,0.0,0
1372,treatment,0.0,0,0.0,0
1373,treatment,321.17,0,0.0,0
1374,control,149.27,0,0.0,0
1375,treatment,0.0,0,0.0,0
1376,treatment,46.08,0,0.0,0
1377,control,0.0,0,0.0,0
1378,control,0.0,0,0.0,0
1379,control,42.61,0,0.0,0
1380,control,0.0,0,0.0,0
1381,control,0.0,0,0.0,0
1382,control,0.0,0,0.0,0
1383,control,0.0,0,0.0,0
1384,treatment,0.0,0,0.0,0
1385,treatment,312.41,1,41.96,0
1386,treatment,0.0,0,0.0,0
1387,treatment,59.77,0,0.0,0
1388,treatment,32.46,0,0.0,0
1389,control,304.43,0,0.0,0
1390,treatment,1276.2,1,98.93,0
1391,treatment,0.0,0,0.0,0
1392,treatment,136.9,0,0.0,0
1393,control,0.0,0,0.0,0
1394,control,0.0,0,0.0,0
1395,control,0.0,0,0.0,0
1396,control,0.0,0,0.0,0
1397,treatment,0.0,0,0.0,0
1398,treatment,23.98,0,0.0,0
1399,treatment,614.12,0,0.0,0
1400,treatment,49.69,0,0.0,0
1401,control,0.0,0,0.0,0
1402,treatment,0.0,0,0.0,0
1403,treatment,185.53,0,0.0,0
1404,control,0.0,0,0.0,0
1405,control,56.05,0,0.0,0
1406,control,0.0,0,0.0,0
1407,control,0.0,0,0.0,0
1408,control,0.0,0,0.0,0
1409,treatment,112.58,0,0.0,0
1410,treatment,119.4,1,90.09,0
1411,treatment,0.0,1,58.54,0
1412,control,0.0,0,0.0,0
1413,control,0.0,0,0.0,0
1414,treatment,37.27,0,0.0,0
1415,treatment,27.59,0,0.0,0
1416,treatment,0.0,0,0.0,0
1417,treatment,37.13,0,0.0,0
1418,treatment,172.0,0,0.0,0
1419,control,0.0,0,0.0,0
1420,treatment,0.0,0,0.0,0
1421,control,0.0,0,0.0,0
1422,treatment,0.0,0,0.0,0
1423,control,0.0,0,0.0,0
1424,control,224.68,1,51.63,1
1425,treatment,43.42,0,0.0,0
1426,treatment,0.0,0,0.0,0
1427,treatment,0.0,0,0.0,0
1428,treatment,0.0,0,0.0,0
1429,control,0.0,0,0.0,0
1430,control,64.95,0,0.0,0
1431,treatment,37.69,0,0.0,0
1432,control,0.0,0,0.0,0
1433,treatment,0.0,0,0.0,0
1434,treatment,0.0,0,0.0,0
1435,treatment,0.0,0,0.0,0
1436,control,93.02,0,0.0,0
1437,treatment,25.63,0,0.0,0
1438,treatment,0.0,0,0.0,0
1439,treatment,25.27,0,0.0,0
1440,treatment,0.0,0,0.0,0
1441,treatment,0.0,0,0.0,0
1442,control,191.29,0,0.0,0
1443,treatment,0.0,0,0.0,0
1444,treatment,0.0,0,0.0,0
1445,treatment,0.0,0,0.0,0
1446,control,0.0,0,0.0,0
1447,treatment,0.0,1,50.88,0
1448,treatment,76.21,0,0.0,0
1449,treatment,0.0,0,0.0,0
1450,treatment,0.0,0,0.0,0
1451,control,18.54,0,0.0,0
1452,control,47.88,0,0.0,0
1453,treatment,0.0,0,0.0,0
1454,control,203.71,0,0.0,0
1455,treatment,0.0,0,0.0,0
1456,treatment,190.56,0,0.0,0
1457,control,84.23,0,0.0,0
1458,treatment,0.0,0,0.0,0
1459,treatment,0.0,0,0.0,0
1460,treatment,92.92,0,0.0,0
1461,control,0.0,0,0.0,0
1462,treatment,0.0,0,0.0,0
1463,treatment,0.0,0,0.0,0
1464,control,0.0,0,0.0,0
1465,treatment,214.11,0,0.0,0
1466,treatment,0.0,0,0.0,0
1467,treatment,125.48,0,0.0,0
1468,control,0.0,0,0.0,0
1469,control,53.73,1,85.59,0
1470,treatment,0.0,0,0.0,0
1471,control,206.62,0,0.0,0
1472,treatment,0.0,0,0.0,0
1473,control,0.0,0,0.0,0
1474,control,119.76,0,0.0,0
1475,control,0.0,0,0.0,0
1476,treatment,0.0,0,0.0,0
1477,treatment,0.0,0,0.0,0
1478,control,0.0,0,0.0,0
1479,treatment,0.0,0,0.0,0
1480,treatment,0.0,0,0.0,0
1481,treatment,0.0,0,0.0,0
1482,treatment,0.0,0,0.0,0
1483,control,0.0,0,0.0,0
1484,control,119.44,0,0.0,0
1485,treatment,0.0,0,0.0,0
1486,control,34.04,0,0.0,0
1487,control,0.0,0,0.0,0
1488,treatment,63.62,1,40.73,0
1489,control,0.0,0,0.0,0
1490,treatment,131.33,0,0.0,0
1491,control,138.4,0,0.0,0
1492,control,0.0,0,0.0,0
1493,control,0.0,0,0.0,0
1494,treatment,0.0,0,0.0,0
1495,treatment,62.57,1,46.15,1
1496,treatment,0.0,0,0.0,0
1497,control,0.0,0,0.0,0
1498,control,98.16,0,0.0,0
1499,treatment,388.38,0,0.0,0
1500,treatment,0.0,0,0.0,0
1501,control,19.4,0,0.0,0
1502,treatment,42.68,0,0.0,0
1503,control,402.75,1,56.1,0
1504,control,0.0,0,0.0,0
1505,control,34.78,0,0.0,0
1506,control,0.0,0,0.0,0
1507,control,0.0,0,0.0,0
1508,control,0.0,0,0.0,0
1509,control,0.0,0,0.0,0
1510,treatment,41.23,0,0.0,0
1511,treatment,0.0,0,0.0,0
1512,control,0.0,0,0.0,0
1513,control,183.29,1,116.01,0
1514,treatment,111.75,0,0.0,0
1515,treatment,78.29,0,0.0,0
1516,control,0.0,0,0.0,0
1517,treatment,62.66,0,0.0,0
1518,control,0.0,0,0.0,0
1519,treatment,0.0,1,54.05,0
1520,treatment,0.0,0,0.0,0
1521,control,0.0,0,0.0,0
1522,treatment,0.0,0,0.0,0
1523,treatment,67.94,0,0.0,0
1524,treatment,0.0,0,0.0,0
1525,control,146.42,1,76.78,0
1526,control,35.72,0,0.0,0
1527,treatment,0.0,0,0.0,0
1528,control,0.0,0,0.0,0
1529,control,0.0,0,0.0,0
1530,treatment,0.0,0,0.0,0
1531,control,84.01,0,0.0,0
1532,control,46.46,1,46.13,0
1533,control,37.62,0,0.0,0
1534,treatment,0.0,0,0.0,0
1535,control,0.0,0,0.0,0
1536,control,175.46,0,0.0,0
1537,control,0.0,0,0.0,0
1538,control,0.0,0,0.0,0
1539,treatment,249.48,1,116.72,0
1540,treatment,0.0,1,28.21,0
1541,control,0.0,1,31.03,0
1542,control,69.31,1,50.62,1
1543,control,0.0,0,0.0,0
1544,treatment,0.0,0,0.0,0
1545,control,0.0,0,0.0,0
1546,treatment,44.46,0,0.0,0
1547,control,0.0,0,0.0,0
1548,control,43.85,0,0.0,0
1549,control,0.0,0,0.0,0
1550,control,0.0,0,0.0,0
1551,treatment,0.0,0,0.0,0
1552,treatment,0.0,0,0.0,0
1553,control,168.85,0,0.0,0
1554,treatment,49.41,0,0.0,0
1555,treatment,0.0,0,0.0,0
1556,control,79.21,1,76.58,0
1557,control,0.0,0,0.0,0
1558,treatment,0.0,0,0.0,0
1559,control,0.0,0,0.0,0
1560,treatment,95.28,1,53.58,0
1561,control,0.0,0,0.0,0
1562,control,50.24,0,0.0,0
1563,treatment,0.0,0,0.0,0
1564,treatment,0.0,0,0.0,0
1565,treatment,92.11,0,0.0,0
1566,treatment,0.0,0,0.0,0
1567,treatment,0.0,0,0.0,0
1568,treatment,142.04,1,42.82,0
1569,control,0.0,1,106.41,0
1570,treatment,46.28,1,50.78,0
1571,treatment,0.0,0,0.0,0
1572,treatment,30.93,0,0.0,0
1573,treatment,157.88,0,0.0,0
1574,treatment,18.62,0,0.0,0
1575,control,0.0,0,0.0,0
1576,control,0.0,0,0.0,0
1577,control,44.68,0,0.0,0
1578,treatment,0.0,0,0.0,0
1579,treatment,0.0,0,0.0,0
1580,control,0.0,0,0.0,0
1581,control,38.07,1,32.25,1
1582,control,173.99,0,0.0,0
1583,control,0.0,0,0.0,0
1584,control,45.7,0,0.0,0
1585,control,181.0,0,0.0,0
1586,treatment,1260.76,1,56.3,0
1587,treatment,26.0,0,0.0,0
1588,treatment,0.0,0,0.0,0
1589,control,0.0,0,0.0,0
1590,treatment,91.56,0,0.0,0
1591,treatment,0.0,0,0.0,0
1592,treatment,0.0,0,0.0,0
1593,control,53.03,1,37.66,0
1594,treatment,0.0,0,0.0,0
1595,control,123.71,0,0.0,0
1596,control,116.76,0,0.0,0
1597,treatment,52.49,0,0.0,0
1598,treatment,0.0,0,0.0,0
1599,treatment,0.0,1,122.74,0
1600,control,0.0,0,0.0,0
1601,treatment,0.0,0,0.0,0
1602,treatment,0.0,0,0.0,0
1603,treatment,35.92,0,0.0,0
1604,control,0.0,0,0.0,0
1605,treatment,160.88,0,0.0,0
1606,control,258.67,0,0.0,0
1607,treatment,48.9,0,0.0,0
1608,control,123.42,0,0.0,0
1609,control,208.21,0,0.0,0
1610,control,261.66,0,0.0,0
1611,treatment,88.85,0,0.0,0
1612,control,0.0,0,0.0,0
1613,control,0.0,0,0.0,0
1614,treatment,180.59,1,28.45,0
1615,treatment,137.62,0,0.0,0
1616,treatment,0.0,0,0.0,0
1617,treatment,0.0,0,0.0,0
1618,treatment,0.0,0,0.0,0
1619,control,0.0,0,0.0,0
1620,control,0.0,0,0.0,0
1621,treatment,32.81,0,0.0,0
1622,control,0.0,0,0.0,0
1623,control,0.0,0,0.0,0
1624,control,0.0,0,0.0,0
1625,control,0.0,0,0.0,0
1626,control,254.49,1,65.78,0
1627,treatment,0.0,0,0.0,0
1628,treatment,40.86,0,0.0,0
1629,treatment,85.09,0,0.0,0
1630,treatment,0.0,0,0.0,0
1631,treatment,0.0,0,0.0,0
1632,treatment,48.3,0,0.0,0
1633,treatment,0.0,0,0.0,0
1634,control,0.0,0,0.0,0
1635,control,0.0,0,0.0,0
1636,treatment,0.0,0,0.0,0
1637,control,0.0,1,73.91,0
1638,treatment,0.0,0,0.0,0
1639,treatment,0.0,0,0.0,0
1640,control,0.0,0,0.0,0
1641,treatment,135.68,0,0.0,0
1642,control,0.0,0,0.0,0
1643,treatment,0.0,0,0.0,0
1644,treatment,0.0,0,0.0,0
1645,control,32.77,0,0.0,0
1646,control,0.0,0,0.0,0
1647,control,156.2,1,54.21,0
1648,control,305.24,0,0.0,0
1649,control,0.0,0,0.0,0
1650,treatment,0.0,0,0.0,0
1651,control,0.0,0,0.0,0
1652,control,0.0,0,0.0,0
1653,treatment,58.89,0,0.0,0
1654,control,102.1,0,0.0,0
1655,treatment,0.0,0,0.0,0
1656,control,59.86,1,54.96,0
1657,treatment,0.0,0,0.0,0
1658,control,91.49,1,75.66,0
1659,treatment,0.0,0,0.0,0
1660,control,763.64,1,48.54,0
1661,treatment,647.91,0,0.0,0
1662,treatment,133.0,0,0.0,0
1663,control,98.7,0,0.0,0
1664,control,0.0,0,0.0,0
1665,control,0.0,0,0.0,0
1666,treatment,0.0,0,0.0,0
1667,control,0.0,0,0.0,0
1668,treatment,0.0,0,0.0,0
1669,treatment,0.0,0,0.0,0
1670,control,373.86,0,0.0,0
1671,control,0.0,0,0.0,0
1672,control,45.77,0,0.0,0
1673,control,88.92,0,0.0,0
1674,treatment,33.67,1,31.43,0
1675,control,0.0,0,0.0,0
1676,control,104.82,0,0.0,0
1677,control,118.17,1,55.93,0
1678,treatment,665.12,1,42.7,0
1679,treatment,43.77,0,0.0,0
1680,treatment,62.96,0,0.0,0
1681,control,104.52,0,0.0,0
1682,treatment,182.62,0,0.0,0
1683,control,0.0,0,0.0,0
1684,treatment,510.18,0,0.0,0
1685,control,0.0,0,0.0,0
1686,treatment,44.24,0,0.0,0
1687,treatment,148.59,0,0.0,0
1688,control,0.0,0,0.0,0
1689,control,0.0,0,0.0,0
1690,treatment,0.0,0,0.0,0
1691,treatment,59.41,0,0.0,0
1692,treatment,0.0,0,0.0,0
1693,treatment,0.0,0,0.0,0
1694,control,0.0,0,0.0,0
1695,treatment,0.0,0,0.0,0
1696,control,0.0,0,0.0,0
1697,control,0.0,0,0.0,0
1698,treatment,70.62,0,0.0,0
1699,control,138.15,0,0.0,0
1700,control,0.0,0,0.0,0
1701,treatment,0.0,0,0.0,0
1702,control,0.0,1,14.97,0
1703,treatment,0.0,0,0.0,0
1704,control,0.0,0,0.0,0
1705,treatment,599.83,0,0.0,0
1706,treatment,51.82,0,0.0,0
1707,treatment,0.0,0,0.0,0
1708,treatment,35.5,1,53.41,0
1709,control,0.0,0,0.0,0
1710,treatment,0.0,0,0.0,0
1711,treatment,0.0,1,55.14,0
1712,control,296.51,1,113.09,0
1713,control,0.0,0,0.0,0
1714,control,0.0,0,0.0,0
1715,treatment,33.12,0,0.0,0
1716,control,0.0,0,0.0,0
1717,control,42.9,0,0.0,0
1718,treatment,0.0,0,0.0,0
1719,control,109.28,0,0.0,0
1720,control,0.0,0,0.0,0
1721,control,0.0,0,0.0,0
1722,treatment,334.21,0,0.0,0
1723,control,48.19,0,0.0,0
1724,treatment,0.0,1,53.18,0
1725,control,0.0,0,0.0,0
1726,treatment,0.0,1,29.25,0
1727,control,0.0,0,0.0,0
1728,control,0.0,0,0.0,0
1729,treatment,0.0,0,0.0,0
1730,control,0.0,0,0.0,0
1731,control,0.0,0,0.0,0
1732,control,0.0,0,0.0,0
1733,treatment,0.0,0,0.0,0
1734,treatment,0.0,0,0.0,0
1735,control,36.73,0,0.0,0
1736,control,46.72,1,81.22,0
1737,treatment,68.97,0,0.0,0
1738,treatment,178.34,0,0.0,0
1739,control,0.0,0,0.0,0
1740,treatment,49.5,0,0.0,0
1741,control,21.33,0,0.0,0
1742,control,0.0,0,0.0,0
1743,treatment,0.0,0,0.0,0
1744,control,0.0,0,0.0,0
1745,control,0.0,0,0.0,0
1746,treatment,0.0,0,0.0,0
1747,treatment,0.0,0,0.0,0
1748,control,94.88,0,0.0,0
1749,treatment,0.0,0,0.0,0
1750,treatment,66.53,0,0.0,0
1751,treatment,0.0,0,0.0,0
1752,treatment,0.0,0,0.0,0
1753,treatment,101.24,0,0.0,0
1754,treatment,0.0,0,0.0,0
1755,control,156.06,0,0.0,0
1756,control,31.69,0,0.0,0
1757,treatment,0.0,0,0.0,0
1758,treatment,60.97,0,0.0,0
1759,control,78.6,0,0.0,0
1760,treatment,86.32,0,0.0,0
1761,control,0.0,0,0.0,0
1762,control,0.0,0,0.0,0
1763,control,0.0,0,0.0,0
1764,control,0.0,1,133.36,0
1765,treatment,55.43,0,0.0,0
1766,treatment,0.0,0,0.0,0
1767,treatment,33.74,0,0.0,0
1768,treatment,31.63,0,0.0,0
1769,treatment,170.87,0,0.0,0
1770,control,46.1,0,0.0,0
1771,treatment,25.1,0,0.0,0
1772,treatment,236.76,1,133.81,0
1773,treatment,34.01,0,0.0,0
1774,control,0.0,0,0.0,0
1775,control,58.23,0,0.0,0
1776,treatment,0.0,0,0.0,0
1777,treatment,0.0,0,0.0,0
1778,control,0.0,0,0.0,0
1779,treatment,0.0,0,0.0,0
1780,control,52.68,0,0.0,0
1781,treatment,0.0,0,0.0,0
1782,treatment,0.0,0,0.0,0
1783,treatment,0.0,0,0.0,0
1784,control,0.0,0,0.0,0
1785,control,0.0,0,0.0,0
1786,treatment,0.0,0,0.0,0
1787,treatment,42.68,0,0.0,0
1788,treatment,0.0,0,0.0,0
1789,treatment,198.08,0,0.0,0
1790,treatment,182.17,0,0.0,0
1791,treatment,0.0,0,0.0,0
1792,treatment,73.19,0,0.0,0
1793,treatment,518.16,1,41.42,0
1794,treatment,107.15,0,0.0,0
1795,treatment,40.88,0,0.0,0
1796,control,220.37,0,0.0,0
1797,treatment,38.69,0,0.0,0
1798,control,0.0,0,0.0,0
1799,control,0.0,0,0.0,0
1800,treatment,0.0,0,0.0,0
1801,treatment,75.11,0,0.0,0
1802,control,0.0,0,0.0,0
1803,treatment,0.0,0,0.0,0
1804,treatment,0.0,0,0.0,0
1805,treatment,0.0,0,0.0,0
1806,treatment,0.0,0,0.0,0
1807,treatment,108.18,0,0.0,0
1808,treatment,155.72,0,0.0,0
1809,treatment,0.0,0,0.0,0
1810,control,0.0,0,0.0,0
1811,control,0.0,0,0.0,0
1812,control,0.0,0,0.0,0
1813,control,0.0,0,0.0,0
1814,treatment,0.0,0,0.0,0
1815,control,0.0,0,0.0,0
1816,control,0.0,0,0.0,0
1817,control,44.05,0,0.0,0
1818,control,64.3,0,0.0,0
1819,treatment,0.0,0,0.0,0
1820,treatment,230.41,1,51.7,1
1821,control,83.27,1,80.88,0
1822,control,0.0,0,0.0,0
1823,control,56.87,0,0.0,0
1824,control,34.69,0,0.0,0
1825,control,42.3,0,0.0,0
1826,control,0.0,0,0.0,0
1827,control,43.81,0,0.0,0
1828,control,0.0,0,0.0,0
1829,control,44.2,0,0.0,0
1830,control,111.89,0,0.0,0
1831,control,0.0,0,0.0,0
1832,control,226.24,0,0.0,0
1833,control,47.07,1,50.88,0
1834,control,0.0,0,0.0,0
1835,treatment,0.0,0,0.0,0
1836,treatment,0.0,0,0.0,0
1837,treatment,44.31,0,0.0,0
1838,control,318.09,0,0.0,0
1839,treatment,29.17,0,0.0,0
1840,control,0.0,0,0.0,0
1841,control,52.9,0,0.0,0
1842,control,56.32,0,0.0,0
1843,control,0.0,0,0.0,0
1844,control,0.0,0,0.0,0
1845,treatment,0.0,0,0.0,0
1846,control,147.27,0,0.0,0
1847,control,43.51,0,0.0,0
1848,control,0.0,0,0.0,0
1849,treatment,34.95,0,0.0,0
1850,treatment,0.0,0,0.0,0
1851,control,0.0,0,0.0,0
1852,treatment,0.0,0,0.0,0
1853,control,0.0,0,0.0,0
1854,control,0.0,0,0.0,0
1855,treatment,0.0,0,0.0,0
1856,control,127.52,0,0.0,0
1857,treatment,0.0,0,0.0,0
1858,control,211.75,0,0.0,0
1859,control,0.0,0,0.0,0
1860,treatment,0.0,0,0.0,0
1861,control,0.0,1,161.1,0
1862,control,0.0,0,0.0,0
1863,control,98.09,0,0.0,0
1864,control,0.0,0,0.0,0
1865,control,65.49,0,0.0,0
1866,control,0.0,0,0.0,0
1867,treatment,366.6,0,0.0,0
1868,control,63.86,0,0.0,0
1869,treatment,0.0,0,0.0,0
1870,treatment,0.0,0,0.0,0
1871,control,58.8,0,0.0,0
1872,treatment,0.0,0,0.0,0
1873,treatment,0.0,0,0.0,0
1874,control,42.89,0,0.0,0
1875,control,0.0,0,0.0,0
1876,treatment,0.0,0,0.0,0
1877,control,0.0,0,0.0,0
1878,treatment,0.0,0,0.0,0
1879,treatment,29.95,0,0.0,0
1880,treatment,36.1,0,0.0,0
1881,treatment,192.8,1,14.86,0
1882,treatment,0.0,1,56.4,0
1883,control,0.0,0,0.0,0
1884,treatment,0.0,0,0.0,0
1885,treatment,0.0,0,0.0,0
1886,treatment,263.17,0,0.0,0
1887,treatment,107.06,0,0.0,0
1888,control,0.0,0,0.0,0
1889,treatment,0.0,0,0.0,0
1890,control,111.29,0,0.0,0
1891,treatment,643.96,0,0.0,0
1892,control,0.0,0,0.0,0
1893,control,96.32,0,0.0,0
1894,treatment,46.22,0,0.0,0
1895,control,0.0,0,0.0,0
1896,treatment,0.0,1,40.65,0
1897,control,0.0,0,0.0,0
1898,treatment,0.0,0,0.0,0
1899,control,0.0,0,0.0,0
1900,control,964.24,1,90.86,0
1901,treatment,0.0,0,0.0,0
1902,treatment,0.0,0,0.0,0
1903,control,0.0,0,0.0,0
1904,treatment,0.0,1,58.74,0
1905,treatment,24.2,0,0.0,0
1906,treatment,0.0,0,0.0,0
1907,control,62.75,0,0.0,0
1908,control,0.0,0,0.0,0
1909,treatment,56.97,1,65.31,0
1910,control,194.38,0,0.0,0
1911,control,0.0,1,70.41,0
1912,treatment,0.0,0,0.0,0
1913,treatment,0.0,0,0.0,0
1914,control,0.0,0,0.0,0
1915,control,0.0,0,0.0,0
1916,control,0.0,0,0.0,0
1917,treatment,0.0,0,0.0,0
1918,treatment,232.67,0,0.0,0
1919,treatment,0.0,1,60.6,0
1920,control,0.0,0,0.0,0
1921,control,0.0,0,0.0,0
1922,treatment,0.0,1,55.46,0
1923,treatment,0.0,0,0.0,0
1924,control,169.43,1,72.99,0
1925,control,95.58,0,0.0,0
1926,treatment,0.0,0,0.0,0
1927,treatment,40.23,0,0.0,0
1928,control,0.0,0,0.0,0
1929,control,89.84,0,0.0,0
1930,control,51.34,0,0.0,0
1931,treatment,215.05,0,0.0,0
1932,control,63.21,0,0.0,0
1933,treatment,0.0,0,0.0,0
1934,control,745.27,1,57.61,0
1935,control,27.73,0,0.0,0
1936,treatment,0.0,0,0.0,0
1937,treatment,0.0,1,72.92,0
1938,control,0.0,0,0.0,0
1939,control,64.46,1,114.17,0
1940,treatment,52.65,1,89.75,1
1941,control,0.0,0,0.0,0
1942,treatment,0.0,0,0.0,0
1943,control,49.37,0,0.0,0
1944,control,0.0,0,0.0,0
1945,treatment,0.0,0,0.0,0
1946,treatment,0.0,0,0.0,0
1947,control,0.0,0,0.0,0
1948,treatment,83.08,0,0.0,0
1949,control,0.0,0,0.0,0
1950,treatment,0.0,0,0.0,0
1951,control,48.31,0,0.0,0
1952,treatment,0.0,1,59.83,0
1953,control,22.64,0,0.0,0
1954,control,38.88,0,0.0,0
1955,control,0.0,0,0.0,0
1956,treatment,0.0,0,0.0,0
1957,treatment,0.0,0,0.0,0
1958,treatment,55.69,0,0.0,0
1959,treatment,0.0,0,0.0,0
1960,control,113.28,0,0.0,0
1961,treatment,0.0,0,0.0,0
1962,treatment,195.62,1,125.9,0
1963,treatment,83.94,0,0.0,0
1964,control,0.0,0,0.0,0
1965,treatment,0.0,0,0.0,0
1966,control,0.0,0,0.0,0
1967,control,55.45,0,0.0,0
1968,control,0.0,0,0.0,0
1969,control,0.0,0,0.0,0
1970,treatment,49.84,0,0.0,0
1971,treatment,0.0,0,0.0,0
1972,control,194.95,0,0.0,0
1973,treatment,0.0,0,0.0,0
1974,treatment,79.78,1,190.54,0
1975,treatment,0.0,0,0.0,0
1976,treatment,40.13,1,29.29,0
1977,control,81.14,0,0.0,0
1978,control,0.0,0,0.0,0
1979,treatment,0.0,0,0.0,0
1980,treatment,0.0,0,0.0,0
1981,treatment,0.0,0,0.0,0
1982,control,66.69,0,0.0,0
1983,control,0.0,0,0.0,0
1984,control,0.0,0,0.0,0
1985,treatment,0.0,0,0.0,0
1986,control,53.09,0,0.0,0
1987,control,100.32,0,0.0,0
1988,control,93.33,0,0.0,0
1989,control,0.0,0,0.0,0
1990,control,220.08,0,0.0,0
1991,control,0.0,0,0.0,0
1992,control,0.0,0,0.0,0
1993,treatment,0.0,0,0.0,0
1994,treatment,69.94,0,0.0,0
1995,control,0.0,0,0.0,0
1996,treatment,0.0,0,0.0,0
1997,control,93.36,0,0.0,0
1998,treatment,0.0,1,28.48,0
1999,control,35.6,0,0.0,0
2000,control,22.88,0,0.0,0
2001,control,0.0,0,0.0,0
2002,control,42.11,0,0.0,0
2003,treatment,48.08,0,0.0,0
2004,control,113.49,0,0.0,0
2005,control,0.0,0,0.0,0
2006,control,141.11,0,0.0,0
2007,treatment,0.0,0,0.0,0
2008,control,185.78,0,0.0,0
2009,control,0.0,0,0.0,0
2010,control,85.35,0,0.0,0
2011,control,0.0,0,0.0,0
2012,treatment,0.0,0,0.0,0
2013,treatment,0.0,0,0.0,0
2014,control,0.0,0,0.0,0
2015,treatment,0.0,0,0.0,0
2016,treatment,0.0,0,0.0,0
2017,treatment,247.46,1,116.79,0
2018,control,0.0,0,0.0,0
2019,treatment,183.21,0,0.0,0
2020,control,0.0,0,0.0,0
2021,treatment,169.61,0,0.0,0
2022,treatment,277.04,0,0.0,0
2023,treatment,0.0,0,0.0,0
2024,control,0.0,0,0.0,0
2025,control,52.97,0,0.0,0
2026,treatment,0.0,0,0.0,0
2027,control,88.41,1,29.02,0
2028,control,0.0,0,0.0,0
2029,control,0.0,0,0.0,0
2030,treatment,42.99,0,0.0,0
2031,control,0.0,0,0.0,0
2032,treatment,56.78,0,0.0,0
2033,control,30.13,0,0.0,0
2034,treatment,78.04,0,0.0,0
2035,control,32.92,0,0.0,0
2036,treatment,0.0,0,0.0,0
2037,control,35.26,0,0.0,0
2038,treatment,0.0,0,0.0,0
2039,control,0.0,0,0.0,0
2040,treatment,0.0,0,0.0,0
2041,treatment,58.9,0,0.0,0
2042,treatment,0.0,0,0.0,0
2043,treatment,0.0,1,59.41,0
2044,treatment,0.0,1,45.83,0
2045,control,0.0,0,0.0,0
2046,control,41.55,0,0.0,0
2047,treatment,0.0,0,0.0,0
2048,control,0.0,0,0.0,0
2049,treatment,0.0,0,0.0,0
2050,treatment,58.13,0,0.0,0
2051,control,21.41,0,0.0,0
2052,treatment,45.6,0,0.0,0
2053,control,0.0,0,0.0,0
2054,treatment,181.44,0,0.0,0
2055,control,91.97,0,0.0,0
2056,treatment,67.33,0,0.0,0
2057,control,50.84,0,0.0,0
2058,control,59.39,1,285.83,0
2059,control,0.0,0,0.0,0
2060,treatment,1313.06,1,58.12,0
2061,control,43.98,0,0.0,0
2062,treatment,0.0,0,0.0,0
2063,treatment,0.0,0,0.0,0
2064,control,0.0,0,0.0,0
2065,control,0.0,0,0.0,0
2066,treatment,0.0,0,0.0,0
2067,control,398.56,0,0.0,0
2068,control,222.71,0,0.0,0
2069,treatment,0.0,0,0.0,0
2070,control,0.0,0,0.0,0
2071,treatment,0.0,0,0.0,0
2072,treatment,0.0,0,0.0,0
2073,treatment,416.21,1,38.74,0
2074,control,62.18,0,0.0,0
2075,control,0.0,0,0.0,0
2076,treatment,0.0,0,0.0,0
2077,control,40.67,0,0.0,0
2078,treatment,0.0,0,0.0,0
2079,control,43.51,0,0.0,0
2080,treatment,211.55,1,62.26,0
2081,control,0.0,0,0.0,0
2082,control,0.0,0,0.0,0
2083,treatment,0.0,0,0.0,0
2084,treatment,268.78,1,102.19,0
2085,control,75.59,0,0.0,0
2086,treatment,143.63,0,0.0,0
2087,treatment,0.0,0,0.0,0
2088,control,0.0,0,0.0,0
2089,treatment,45.97,0,0.0,0
2090,control,0.0,0,0.0,0
2091,treatment,86.94,0,0.0,0
2092,control,0.0,0,0.0,0
2093,control,28.82,0,0.0,0
2094,control,59.01,0,0.0,0
2095,control,78.48,0,0.0,0
2096,treatment,0.0,0,0.0,0
2097,control,0.0,1,45.37,0
2098,treatment,0.0,0,0.0,0
2099,control,77.67,0,0.0,0
2100,control,0.0,0,0.0,0
2101,control,138.65,0,0.0,0
2102,treatment,0.0,0,0.0,0
2103,control,0.0,0,0.0,0
2104,control,38.97,0,0.0,0
2105,control,0.0,0,0.0,0
2106,control,52.16,0,0.0,0
2107,control,0.0,0,0.0,0
2108,control,144.57,0,0.0,0
2109,control,0.0,0,0.0,0
2110,treatment,0.0,0,0.0,0
2111,control,61.61,0,0.0,0
2112,control,103.49,1,43.77,0
2113,treatment,0.0,0,0.0,0
2114,treatment,643.28,0,0.0,0
2115,treatment,59.42,1,62.18,0
2116,treatment,0.0,0,0.0,0
2117,control,63.98,0,0.0,0
2118,treatment,39.78,0,0.0,0
2119,control,155.99,0,0.0,0
2120,control,55.64,0,0.0,0
2121,control,0.0,0,0.0,0
2122,treatment,32.59,1,147.51,0
2123,control,0.0,0,0.0,0
2124,treatment,184.74,1,75.32,0
2125,treatment,0.0,0,0.0,0
2126,control,42.55,0,0.0,0
2127,treatment,283.99,1,51.26,0
2128,treatment,0.0,0,0.0,0
2129,control,0.0,1,34.67,0
2130,control,0.0,0,0.0,0
2131,control,0.0,0,0.0,0
2132,treatment,98.21,0,0.0,0
2133,control,0.0,0,0.0,0
2134,control,0.0,0,0.0,0
2135,treatment,0.0,0,0.0,0
2136,treatment,0.0,0,0.0,0
2137,treatment,85.34,0,0.0,0
2138,control,530.73,1,45.79,0
2139,treatment,0.0,0,0.0,0
2140,control,67.45,0,0.0,0
2141,treatment,0.0,1,44.89,0
2142,treatment,0.0,0,0.0,0
2143,control,0.0,0,0.0,0
2144,treatment,0.0,0,0.0,0
2145,treatment,42.32,0,0.0,0
2146,treatment,0.0,0,0.0,0
2147,control,0.0,0,0.0,0
2148,treatment,0.0,0,0.0,0
2149,treatment,0.0,0,0.0,0
2150,treatment,96.41,0,0.0,0
2151,control,0.0,0,0.0,0
2152,control,39.71,0,0.0,0
2153,treatment,69.39,0,0.0,0
2154,treatment,46.42,0,0.0,0
2155,control,84.17,1,29.07,0
2156,control,193.2,0,0.0,0
2157,treatment,66.22,0,0.0,0
2158,treatment,0.0,0,0.0,0
2159,treatment,40.77,0,0.0,0
2160,control,0.0,0,0.0,0
2161,control,0.0,0,0.0,0
2162,treatment,36.7,0,0.0,0
2163,control,0.0,0,0.0,0
2164,treatment,0.0,1,83.94,0
2165,treatment,133.71,0,0.0,0
2166,control,0.0,0,0.0,0
2167,control,0.0,0,0.0,0
2168,control,93.23,0,0.0,0
2169,treatment,0.0,0,0.0,0
2170,control,0.0,0,0.0,0
2171,control,272.41,0,0.0,0
2172,treatment,0.0,0,0.0,0
2173,control,0.0,0,0.0,0
2174,treatment,80.57,1,33.74,0
2175,control,83.28,1,55.71,0
2176,treatment,51.86,1,82.3,0
2177,treatment,0.0,0,0.0,0
2178,control,0.0,0,0.0,0
2179,treatment,0.0,0,0.0,0
2180,treatment,67.89,1,51.93,0
2181,control,97.17,1,133.72,0
2182,control,0.0,0,0.0,0
2183,control,0.0,0,0.0,0
2184,treatment,0.0,0,0.0,0
2185,control,0.0,0,0.0,0
2186,control,0.0,0,0.0,0
2187,control,0.0,0,0.0,0
2188,treatment,0.0,0,0.0,0
2189,treatment,0.0,0,0.0,0
2190,treatment,63.33,1,25.85,0
2191,treatment,110.33,0,0.0,0
2192,control,34.67,1,35.44,0
2193,control,0.0,0,0.0,0
2194,control,28.95,0,0.0,0
2195,treatment,0.0,0,0.0,0
2196,control,0.0,1,67.24,0
2197,control,0.0,0,0.0,0
2198,treatment,504.31,0,0.0,0
2199,control,26.84,0,0.0,0
2200,treatment,65.47,0,0.0,0
2201,control,45.78,0,0.0,0
2202,treatment,0.0,0,0.0,0
2203,treatment,0.0,0,0.0,0
2204,treatment,0.0,0,0.0,0
2205,control,0.0,0,0.0,0
2206,treatment,45.34,0,0.0,0
2207,treatment,0.0,1,24.98,0
2208,treatment,0.0,0,0.0,0
2209,control,0.0,0,0.0,0
2210,treatment,0.0,0,0.0,0
2211,treatment,47.59,1,51.65,0
2212,control,0.0,0,0.0,0
2213,treatment,0.0,1,65.35,0
2214,control,65.05,0,0.0,0
2215,treatment,88.27,1,69.65,0
2216,treatment,0.0,0,0.0,0
2217,control,0.0,0,0.0,0
2218,control,0.0,0,0.0,0
2219,control,0.0,0,0.0,0
2220,control,0.0,0,0.0,0
2221,treatment,0.0,1,121.62,0
2222,treatment,0.0,0,0.0,0
2223,control,0.0,0,0.0,0
2224,treatment,0.0,0,0.0,0
2225,control,225.23,0,0.0,0
2226,control,59.98,1,58.26,0
2227,treatment,0.0,0,0.0,0
2228,treatment,53.07,0,0.0,0
2229,treatment,43.78,0,0.0,0
2230,treatment,48.94,0,0.0,0
2231,treatment,0.0,1,28.54,0
2232,control,25.5,0,0.0,0
2233,control,64.75,1,80.68,0
2234,control,0.0,0,0.0,0
2235,treatment,283.74,1,82.23,0
2236,control,0.0,0,0.0,0
2237,treatment,0.0,0,0.0,0
2238,control,90.93,0,0.0,0
2239,control,148.08,0,0.0,0
2240,control,103.85,0,0.0,0
2241,treatment,0.0,0,0.0,0
2242,control,97.84,0,0.0,0
2243,control,47.54,1,125.42,0
2244,treatment,73.92,1,63.81,0
2245,control,0.0,0,0.0,0
2246,control,0.0,0,0.0,0
2247,treatment,271.63,1,60.36,1
2248,treatment,0.0,0,0.0,0
2249,treatment,0.0,0,0.0,0
2250,control,0.0,0,0.0,0
2251,control,126.2,0,0.0,0
2252,control,193.99,1,53.91,0
2253,control,0.0,0,0.0,0
2254,control,77.52,1,67.58,0
2255,control,144.43,0,0.0,0
2256,treatment,0.0,0,0.0,0
2257,treatment,113.23,0,0.0,0
2258,treatment,134.58,0,0.0,0
2259,control,36.75,0,0.0,0
2260,control,0.0,0,0.0,0
2261,control,26.55,0,0.0,0
2262,treatment,0.0,1,47.92,0
2263,treatment,0.0,0,0.0,0
2264,control,70.09,1,46.57,0
2265,control,117.09,1,76.81,0
2266,treatment,0.0,0,0.0,0
2267,treatment,0.0,0,0.0,0
2268,treatment,0.0,0,0.0,0
2269,treatment,75.93,0,0.0,0
2270,control,0.0,0,0.0,0
2271,control,36.27,0,0.0,0
2272,control,0.0,0,0.0,0
2273,treatment,42.54,1,29.38,0
2274,treatment,0.0,0,0.0,0
2275,control,0.0,0,0.0,0
2276,treatment,0.0,0,0.0,0
2277,treatment,0.0,0,0.0,0
2278,control,59.45,0,0.0,0
2279,treatment,0.0,0,0.0,0
2280,control,0.0,0,0.0,0
2281,treatment,0.0,0,0.0,0
2282,control,0.0,0,0.0,0
2283,treatment,0.0,0,0.0,0
2284,control,0.0,0,0.0,0
2285,treatment,82.05,1,47.31,0
2286,control,85.41,0,0.0,0
2287,control,0.0,0,0.0,0
2288,control,74.88,0,0.0,0
2289,control,0.0,0,0.0,0
2290,treatment,0.0,0,0.0,0
2291,treatment,0.0,0,0.0,0
2292,control,42.1,1,28.25,0
2293,treatment,57.64,0,0.0,0
2294,treatment,18.42,0,0.0,0
2295,treatment,0.0,0,0.0,0
2296,treatment,0.0,0,0.0,0
2297,control,0.0,0,0.0,0
2298,treatment,0.0,0,0.0,0
2299,treatment,0.0,0,0.0,0
2300,treatment,88.78,0,0.0,0
2301,control,0.0,0,0.0,0
2302,control,0.0,0,0.0,0
2303,control,64.67,0,0.0,0
2304,control,0.0,0,0.0,0
2305,treatment,43.19,0,0.0,0
2306,treatment,41.67,0,0.0,0
2307,control,254.77,0,0.0,0
2308,control,50.81,0,0.0,0
2309,treatment,66.79,0,0.0,0
2310,treatment,0.0,0,0.0,0
2311,treatment,0.0,0,0.0,0
2312,control,87.73,0,0.0,0
2313,treatment,0.0,0,0.0,0
2314,treatment,30.77,0,0.0,0
2315,treatment,355.47,1,90.93,0
2316,control,53.24,0,0.0,0
2317,control,75.94,0,0.0,0
2318,control,37.43,0,0.0,0
2319,treatment,117.07,1,38.47,0
2320,control,79.72,0,0.0,0
2321,treatment,0.0,0,0.0,0
2322,treatment,0.0,0,0.0,0
2323,control,136.35,0,0.0,0
2324,treatment,58.64,0,0.0,0
2325,control,0.0,0,0.0,0
2326,control,51.64,0,0.0,0
2327,treatment,84.18,0,0.0,0
2328,control,53.24,1,73.36,0
2329,control,39.84,0,0.0,0
2330,control,61.79,0,0.0,0
2331,control,46.65,0,0.0,0
2332,control,0.0,0,0.0,0
2333,treatment,535.08,0,0.0,0
2334,treatment,0.0,0,0.0,0
2335,treatment,63.86,0,0.0,0
2336,control,86.83,0,0.0,0
2337,control,32.54,0,0.0,0
2338,control,31.31,1,37.67,0
2339,control,62.73,1,46.32,0
2340,control,0.0,0,0.0,0
2341,control,47.06,0,0.0,0
2342,treatment,0.0,0,0.0,0
2343,control,0.0,0,0.0,0
2344,treatment,0.0,0,0.0,0
2345,control,30.35,0,0.0,0
2346,control,47.21,0,0.0,0
2347,treatment,0.0,0,0.0,0
2348,control,108.81,0,0.0,0
2349,treatment,34.09,0,0.0,0
2350,treatment,24.21,0,0.0,0
2351,treatment,105.25,0,0.0,0
2352,control,0.0,0,0.0,0
2353,treatment,0.0,0,0.0,0
2354,treatment,0.0,0,0.0,0
2355,treatment,45.33,0,0.0,0
2356,control,0.0,0,0.0,0
2357,control,63.87,0,0.0,0
2358,treatment,394.64,1,69.27,0
2359,control,0.0,0,0.0,0
2360,control,0.0,0,0.0,0
2361,treatment,89.39,1,40.47,0
2362,treatment,96.2,0,0.0,0
2363,treatment,164.71,1,146.69,0
2364,treatment,0.0,0,0.0,0
2365,control,0.0,0,0.0,0
2366,control,76.53,0,0.0,0
2367,treatment,0.0,0,0.0,0
2368,control,0.0,0,0.0,0
2369,control,33.98,0,0.0,0
2370,control,0.0,0,0.0,0
2371,treatment,246.39,0,0.0,0
2372,control,296.36,1,86.74,0
2373,treatment,90.42,0,0.0,0
2374,treatment,0.0,0,0.0,0
2375,control,74.89,0,0.0,0
2376,control,0.0,0,0.0,0
2377,treatment,0.0,0,0.0,0
2378,control,48.51,1,57.71,0
2379,control,0.0,0,0.0,0
2380,control,0.0,0,0.0,0
2381,treatment,55.66,0,0.0,0
2382,control,217.36,0,0.0,0
2383,treatment,529.4,0,0.0,0
2384,treatment,77.44,0,0.0,0
2385,control,0.0,0,0.0,0
2386,treatment,0.0,1,41.85,0
2387,control,0.0,0,0.0,0
2388,treatment,67.86,0,0.0,0
2389,treatment,0.0,0,0.0,0
2390,control,0.0,0,0.0,0
2391,treatment,55.74,0,0.0,0
2392,control,0.0,0,0.0,0
2393,control,52.01,0,0.0,0
2394,treatment,275.07,0,0.0,0
2395,control,112.16,0,0.0,0
2396,control,0.0,0,0.0,0
2397,control,35.71,0,0.0,0
2398,control,47.17,0,0.0,0
2399,control,24.91,0,0.0,0
2400,treatment,0.0,0,0.0,0
2401,treatment,339.81,0,0.0,0
2402,control,0.0,0,0.0,0
2403,control,64.74,0,0.0,0
2404,control,33.37,0,0.0,0
2405,control,62.04,0,0.0,0
2406,control,34.57,0,0.0,0
2407,control,72.41,0,0.0,0
2408,control,38.02,0,0.0,0
2409,treatment,0.0,0,0.0,0
2410,control,0.0,0,0.0,0
2411,treatment,170.01,0,0.0,0
2412,control,135.23,0,0.0,0
2413,control,79.12,0,0.0,0
2414,control,204.51,0,0.0,0
2415,control,0.0,0,0.0,0
2416,control,1049.59,1,91.45,0
2417,treatment,40.02,0,0.0,0
2418,treatment,148.78,0,0.0,0
2419,control,122.62,0,0.0,0
2420,control,41.43,0,0.0,0
2421,treatment,221.02,0,0.0,0
2422,treatment,179.16,0,0.0,0
2423,treatment,0.0,1,41.79,0
2424,treatment,42.69,0,0.0,0
2425,control,0.0,0,0.0,0
2426,treatment,0.0,0,0.0,0
2427,control,0.0,0,0.0,0
2428,control,22.12,0,0.0,0
2429,treatment,22.63,0,0.0,0
2430,treatment,943.53,1,154.23,0
2431,control,41.17,1,30.12,0
2432,control,0.0,0,0.0,0
2433,control,45.8,0,0.0,0
2434,control,0.0,0,0.0,0
2435,treatment,69.21,0,0.0,0
2436,treatment,114.36,0,0.0,0
2437,treatment,62.78,0,0.0,0
2438,control,85.84,0,0.0,0
2439,control,0.0,0,0.0,0
2440,treatment,0.0,0,0.0,0
2441,control,686.63,0,0.0,0
2442,treatment,0.0,0,0.0,0
2443,treatment,39.35,0,0.0,0
2444,treatment,0.0,0,0.0,0
2445,treatment,91.52,0,0.0,0
2446,control,0.0,0,0.0,0
2447,treatment,669.82,0,0.0,0
2448,treatment,0.0,0,0.0,0
2449,control,62.2,0,0.0,0
2450,treatment,57.76,0,0.0,0
2451,control,0.0,0,0.0,0
2452,treatment,0.0,0,0.0,0
2453,treatment,0.0,0,0.0,0
2454,treatment,0.0,0,0.0,0
2455,control,94.32,1,88.5,0
2456,control,0.0,0,0.0,0
2457,control,145.3,0,0.0,0
2458,treatment,0.0,1,16.25,0
2459,control,0.0,0,0.0,0
2460,control,0.0,0,0.0,0
2461,treatment,22.09,0,0.0,0
2462,control,0.0,0,0.0,0
2463,treatment,1743.67,1,89.45,0
2464,treatment,0.0,0,0.0,0
2465,treatment,37.73,0,0.0,0
2466,control,0.0,0,0.0,0
2467,control,0.0,0,0.0,0
2468,control,0.0,0,0.0,0
2469,treatment,0.0,1,34.01,0
2470,control,178.99,0,0.0,0
2471,control,645.53,0,0.0,0
2472,control,126.81,0,0.0,0
2473,control,639.86,0,0.0,0
2474,treatment,0.0,0,0.0,0
2475,treatment,0.0,0,0.0,0
2476,control,451.83,0,0.0,0
2477,treatment,53.45,0,0.0,0
2478,treatment,78.33,0,0.0,0
2479,control,30.8,0,0.0,0
2480,treatment,40.54,0,0.0,0
2481,treatment,85.52,0,0.0,0
2482,control,131.42,0,0.0,0
2483,control,81.48,0,0.0,0
2484,treatment,57.74,0,0.0,0
2485,control,87.22,0,0.0,0
2486,control,235.07,1,28.65,0
2487,treatment,24.16,0,0.0,0
2488,treatment,0.0,0,0.0,0
2489,treatment,0.0,1,157.48,0
2490,treatment,60.68,0,0.0,0
2491,treatment,39.81,0,0.0,0
2492,treatment,26.25,0,0.0,0
2493,control,0.0,0,0.0,0
2494,control,43.18,0,0.0,0
2495,control,53.94,0,0.0,0
2496,control,58.55,0,0.0,0
2497,treatment,35.69,0,0.0,0
2498,control,136.44,0,0.0,0
2499,treatment,30.6,0,0.0,0
2500,control,0.0,0,0.0,0
2501,treatment,0.0,0,0.0,0
2502,control,63.92,0,0.0,0
2503,control,313.73,0,0.0,0
2504,control,41.83,0,0.0,0
2505,control,132.31,0,0.0,0
2506,treatment,0.0,0,0.0,0
2507,treatment,57.73,0,0.0,0
2508,control,322.78,1,119.84,0
2509,treatment,0.0,0,0.0,0
2510,treatment,164.7,0,0.0,0
2511,control,39.96,1,38.82,0
2512,control,0.0,0,0.0,0
2513,treatment,0.0,0,0.0,0
2514,treatment,77.46,0,0.0,0
2515,treatment,0.0,0,0.0,0
2516,control,0.0,0,0.0,0
2517,control,0.0,0,0.0,0
2518,control,151.88,0,0.0,0
2519,control,0.0,0,0.0,0
2520,treatment,0.0,0,0.0,0
2521,control,0.0,0,0.0,0
2522,control,0.0,0,0.0,0
2523,control,0.0,0,0.0,0
2524,treatment,0.0,0,0.0,0
2525,treatment,113.87,0,0.0,0
2526,control,136.26,0,0.0,0
2527,control,44.31,1,71.62,0
2528,control,0.0,0,0.0,0
2529,treatment,0.0,0,0.0,0
2530,control,161.87,0,0.0,0
2531,treatment,49.12,0,0.0,0
2532,control,0.0,0,0.0,0
2533,control,0.0,0,0.0,0
2534,control,27.6,0,0.0,0
2535,treatment,0.0,0,0.0,0
2536,control,26.21,0,0.0,0
2537,control,0.0,0,0.0,0
2538,control,0.0,0,0.0,0
2539,control,59.75,0,0.0,0
2540,control,0.0,0,0.0,0
2541,treatment,0.0,0,0.0,0
2542,control,0.0,0,0.0,0
2543,treatment,128.0,0,0.0,0
2544,control,0.0,0,0.0,0
2545,control,140.46,1,96.77,0
2546,control,158.28,0,0.0,0
2547,treatment,38.88,0,0.0,0
2548,treatment,717.56,1,24.08,0
2549,treatment,160.88,1,97.16,0
2550,control,0.0,0,0.0,0
2551,treatment,57.14,0,0.0,0
2552,control,91.37,0,0.0,0
2553,control,0.0,0,0.0,0
2554,treatment,0.0,0,0.0,0
2555,control,0.0,0,0.0,0
2556,treatment,33.86,0,0.0,0
2557,control,0.0,0,0.0,0
2558,treatment,0.0,0,0.0,0
2559,treatment,354.77,0,0.0,0
2560,control,0.0,0,0.0,0
2561,treatment,49.95,0,0.0,0
2562,control,0.0,0,0.0,0
2563,treatment,42.66,0,0.0,0
2564,treatment,269.47,0,0.0,0
2565,treatment,0.0,0,0.0,0
2566,control,122.57,0,0.0,0
2567,treatment,241.24,1,41.63,0
2568,treatment,0.0,0,0.0,0
2569,treatment,33.77,0,0.0,0
2570,control,0.0,0,0.0,0
2571,control,0.0,0,0.0,0
2572,control,0.0,0,0.0,0
2573,treatment,0.0,1,45.74,0
2574,control,0.0,0,0.0,0
2575,control,73.22,0,0.0,0
2576,treatment,64.8,0,0.0,0
2577,treatment,115.18,1,112.63,0
2578,control,0.0,0,0.0,0
2579,control,0.0,0,0.0,0
2580,treatment,65.6,0,0.0,0
2581,treatment,0.0,0,0.0,0
2582,control,48.55,0,0.0,0
2583,treatment,126.64,0,0.0,0
2584,treatment,73.84,0,0.0,0
2585,treatment,30.56,0,0.0,0
2586,control,36.78,0,0.0,0
2587,control,0.0,0,0.0,0
2588,control,114.2,0,0.0,0
2589,treatment,173.13,0,0.0,0
2590,treatment,0.0,0,0.0,0
2591,treatment,28.98,0,0.0,0
2592,treatment,0.0,0,0.0,0
2593,control,0.0,0,0.0,0
2594,control,0.0,0,0.0,0
2595,control,10.31,0,0.0,0
2596,treatment,0.0,0,0.0,0
2597,treatment,172.55,1,30.8,0
2598,treatment,63.41,0,0.0,0
2599,treatment,44.77,0,0.0,0
2600,treatment,0.0,0,0.0,0
2601,control,49.06,0,0.0,0
2602,control,0.0,0,0.0,0
2603,treatment,47.45,0,0.0,0
2604,control,0.0,0,0.0,0
2605,treatment,366.04,0,0.0,0
2606,treatment,0.0,0,0.0,0
2607,treatment,29.89,0,0.0,0
2608,control,0.0,0,0.0,0
2609,treatment,0.0,0,0.0,0
2610,control,445.83,1,77.44,1
2611,control,43.11,0,0.0,0
2612,control,0.0,0,0.0,0
2613,treatment,0.0,0,0.0,0
2614,control,89.22,0,0.0,0
2615,control,0.0,0,0.0,0
2616,control,210.53,0,0.0,0
2617,control,0.0,0,0.0,0
2618,treatment,0.0,0,0.0,0
2619,treatment,0.0,0,0.0,0
2620,control,67.71,0,0.0,0
2621,treatment,0.0,0,0.0,0
2622,control,0.0,0,0.0,0
2623,control,0.0,0,0.0,0
2624,treatment,154.59,0,0.0,0
2625,treatment,56.59,0,0.0,0
2626,treatment,88.35,0,0.0,0
2627,control,43.71,1,56.95,0
2628,treatment,0.0,0,0.0,0
2629,treatment,48.13,0,0.0,0
2630,treatment,0.0,0,0.0,0
2631,treatment,0.0,0,0.0,0
2632,control,85.12,0,0.0,0
2633,treatment,264.93,0,0.0,0
2634,control,0.0,0,0.0,0
2635,treatment,35.69,0,0.0,0
2636,treatment,48.61,0,0.0,0
2637,treatment,93.37,0,0.0,0
2638,control,104.31,0,0.0,0
2639,treatment,0.0,0,0.0,0
2640,treatment,0.0,0,0.0,0
2641,control,0.0,1,50.86,0
2642,treatment,27.77,0,0.0,0
2643,treatment,0.0,0,0.0,0
2644,control,0.0,0,0.0,0
2645,treatment,0.0,0,0.0,0
2646,treatment,34.28,0,0.0,0
2647,treatment,0.0,0,0.0,0
2648,treatment,0.0,0,0.0,0
2649,treatment,0.0,0,0.0,0
2650,treatment,87.84,0,0.0,0
2651,treatment,0.0,0,0.0,0
2652,treatment,0.0,0,0.0,0
2653,treatment,0.0,0,0.0,0
2654,control,0.0,0,0.0,0
2655,treatment,98.91,0,0.0,0
2656,control,65.99,0,0.0,0
2657,treatment,0.0,0,0.0,0
2658,control,0.0,0,0.0,0
2659,treatment,161.53,0,0.0,0
2660,control,0.0,0,0.0,0
2661,treatment,0.0,0,0.0,0
2662,control,0.0,0,0.0,0
2663,control,0.0,0,0.0,0
2664,treatment,0.0,0,0.0,0
2665,treatment,0.0,0,0.0,0
2666,treatment,0.0,0,0.0,0
2667,control,210.59,0,0.0,0
2668,control,0.0,0,0.0,0
2669,treatment,0.0,0,0.0,0
2670,treatment,207.87,0,0.0,0
2671,treatment,81.18,0,0.0,0
2672,treatment,0.0,0,0.0,0
2673,control,0.0,0,0.0,0
2674,control,0.0,1,57.57,0
2675,treatment,146.54,1,79.27,0
2676,control,0.0,0,0.0,0
2677,control,0.0,1,37.39,0
2678,treatment,0.0,0,0.0,0
2679,treatment,0.0,0,0.0,0
2680,control,38.62,0,0.0,0
2681,treatment,0.0,0,0.0,0
2682,treatment,30.48,0,0.0,0
2683,control,82.9,0,0.0,0
2684,control,103.33,0,0.0,0
2685,treatment,82.73,0,0.0,0
2686,control,76.53,0,0.0,0
2687,treatment,50.05,1,71.23,0
2688,treatment,0.0,0,0.0,0
2689,treatment,0.0,0,0.0,0
2690,control,131.55,0,0.0,0
2691,control,220.67,0,0.0,0
2692,control,53.58,0,0.0,0
2693,treatment,0.0,0,0.0,0
2694,treatment,26.0,0,0.0,0
2695,treatment,0.0,0,0.0,0
2696,control,67.58,1,90.52,0
2697,treatment,73.84,0,0.0,0
2698,treatment,0.0,0,0.0,0
2699,control,0.0,0,0.0,0
2700,treatment,0.0,0,0.0,0
2701,treatment,26.74,0,0.0,0
2702,treatment,47.59,0,0.0,0
2703,control,55.65,0,0.0,0
2704,treatment,0.0,0,0.0,0
2705,treatment,0.0,1,76.1,0
2706,control,191.8,0,0.0,0
2707,treatment,39.09,1,20.08,0
2708,control,0.0,1,72.97,0
2709,control,0.0,0,0.0,0
2710,control,0.0,0,0.0,0
2711,control,70.3,0,0.0,0
2712,treatment,0.0,0,0.0,0
2713,treatment,52.18,1,30.85,0
2714,treatment,0.0,0,0.0,0
2715,control,0.0,0,0.0,0
2716,treatment,304.63,0,0.0,0
2717,treatment,28.9,0,0.0,0
2718,control,63.08,0,0.0,0
2719,control,34.17,0,0.0,0
2720,control,0.0,0,0.0,0
2721,control,0.0,0,0.0,0
2722,treatment,0.0,0,0.0,0
2723,treatment,266.49,1,55.35,0
2724,treatment,0.0,0,0.0,0
2725,control,0.0,0,0.0,0
2726,control,0.0,0,0.0,0
2727,control,67.73,0,0.0,0
2728,control,0.0,0,0.0,0
2729,control,0.0,0,0.0,0
2730,control,109.08,1,28.04,1
2731,treatment,0.0,0,0.0,0
2732,treatment,102.46,0,0.0,0
2733,treatment,757.06,0,0.0,0
2734,treatment,0.0,0,0.0,0
2735,treatment,0.0,0,0.0,0
2736,treatment,458.7,0,0.0,0
2737,control,0.0,0,0.0,0
2738,treatment,113.14,0,0.0,0
2739,treatment,0.0,0,0.0,0
2740,control,57.96,0,0.0,0
2741,control,0.0,0,0.0,0
2742,treatment,36.06,0,0.0,0
2743,treatment,19.32,0,0.0,0
2744,control,181.61,1,32.34,0
2745,treatment,75.91,1,16.33,0
2746,control,44.83,0,0.0,0
2747,treatment,46.2,0,0.0,0
2748,treatment,76.9,0,0.0,0
2749,control,263.22,1,81.98,1
2750,control,384.41,0,0.0,0
2751,treatment,0.0,0,0.0,0
2752,control,48.59,0,0.0,0
2753,control,62.1,0,0.0,0
2754,control,120.0,0,0.0,0
2755,control,0.0,0,0.0,0
2756,control,0.0,0,0.0,0
2757,control,59.77,0,0.0,0
2758,control,0.0,1,93.12,0
2759,treatment,81.22,1,30.24,0
2760,control,33.16,0,0.0,0
2761,treatment,0.0,0,0.0,0
2762,control,0.0,0,0.0,0
2763,treatment,51.59,1,69.84,0
2764,treatment,56.29,0,0.0,0
2765,control,227.18,0,0.0,0
2766,control,100.72,0,0.0,0
2767,treatment,60.0,0,0.0,0
2768,treatment,26.19,0,0.0,0
2769,treatment,0.0,1,38.54,0
2770,control,83.03,1,81.62,0
2771,treatment,212.34,0,0.0,0
2772,treatment,63.47,0,0.0,0
2773,treatment,35.14,0,0.0,0
2774,treatment,0.0,0,0.0,0
2775,control,37.17,0,0.0,0
2776,control,0.0,0,0.0,0
2777,treatment,52.15,0,0.0,0
2778,control,280.64,1,78.74,0
2779,control,0.0,0,0.0,0
2780,treatment,48.4,1,70.31,0
2781,treatment,0.0,0,0.0,0
2782,control,74.02,0,0.0,0
2783,control,235.27,0,0.0,0
2784,control,45.94,0,0.0,0
2785,treatment,360.34,0,0.0,0
2786,treatment,29.39,0,0.0,0
2787,treatment,42.48,1,48.24,0
2788,control,0.0,0,0.0,0
2789,treatment,297.11,0,0.0,0
2790,control,28.89,0,0.0,0
2791,control,54.8,0,0.0,0
2792,control,42.21,0,0.0,0
2793,treatment,0.0,1,16.11,0
2794,treatment,0.0,0,0.0,0
2795,treatment,51.32,0,0.0,0
2796,control,0.0,0,0.0,0
2797,treatment,0.0,0,0.0,0
2798,control,0.0,0,0.0,0
2799,control,209.83,0,0.0,0
2800,control,0.0,0,0.0,0
2801,control,39.56,0,0.0,0
2802,control,65.33,0,0.0,0
2803,control,72.92,0,0.0,0
2804,treatment,31.44,0,0.0,0
2805,treatment,95.3,1,38.28,0
2806,treatment,71.99,1,108.02,0
2807,control,144.81,0,0.0,0
2808,treatment,46.9,0,0.0,0
2809,control,90.77,0,0.0,0
2810,control,40.93,0,0.0,0
2811,treatment,0.0,1,64.37,0
2812,control,109.96,1,87.55,0
2813,treatment,107.27,1,52.71,0
2814,treatment,64.87,0,0.0,0
2815,treatment,0.0,0,0.0,0
2816,control,92.29,0,0.0,0
2817,treatment,59.55,0,0.0,0
2818,control,0.0,0,0.0,0
2819,control,27.38,0,0.0,0
2820,treatment,580.36,0,0.0,0
2821,control,60.13,0,0.0,0
2822,treatment,68.65,0,0.0,0
2823,control,0.0,0,0.0,0
2824,control,152.33,0,0.0,0
2825,treatment,32.2,0,0.0,0
2826,control,474.03,1,121.68,0
2827,treatment,0.0,0,0.0,0
2828,control,195.73,0,0.0,0
2829,control,224.32,1,63.64,0
2830,treatment,0.0,0,0.0,0
2831,control,0.0,0,0.0,0
2832,control,0.0,0,0.0,0
2833,control,0.0,0,0.0,0
2834,control,0.0,0,0.0,0
2835,treatment,0.0,0,0.0,0
2836,control,50.85,0,0.0,0
2837,control,0.0,0,0.0,0
2838,treatment,97.61,0,0.0,0
2839,treatment,53.05,0,0.0,0
2840,treatment,60.82,0,0.0,0
2841,control,51.76,0,0.0,0
2842,control,0.0,0,0.0,0
2843,control,212.2,0,0.0,0
2844,treatment,219.2,1,27.09,0
2845,treatment,0.0,0,0.0,0
2846,control,0.0,0,0.0,0
2847,control,163.66,1,84.0,0
2848,control,0.0,0,0.0,0
2849,control,55.05,0,0.0,0
2850,treatment,0.0,0,0.0,0
2851,treatment,49.83,0,0.0,0
2852,control,164.48,0,0.0,0
2853,control,0.0,0,0.0,0
2854,treatment,0.0,0,0.0,0
2855,treatment,0.0,0,0.0,0
2856,treatment,0.0,0,0.0,0
2857,treatment,0.0,1,97.75,0
2858,control,59.09,0,0.0,0
2859,treatment,48.34,1,68.61,0
2860,control,0.0,0,0.0,0
2861,control,0.0,0,0.0,0
2862,treatment,26.26,0,0.0,0
2863,treatment,0.0,0,0.0,0
2864,control,42.59,0,0.0,0
2865,treatment,74.15,1,32.85,0
2866,treatment,171.47,1,40.97,0
2867,treatment,26.78,0,0.0,0
2868,control,102.0,0,0.0,0
2869,treatment,0.0,0,0.0,0
2870,treatment,0.0,0,0.0,0
2871,treatment,0.0,0,0.0,0
2872,control,0.0,0,0.0,0
2873,treatment,34.51,0,0.0,0
2874,treatment,34.11,0,0.0,0
2875,treatment,540.71,0,0.0,0
2876,control,0.0,0,0.0,0
2877,control,0.0,0,0.0,0
2878,control,162.55,0,0.0,0
2879,treatment,0.0,0,0.0,0
2880,control,0.0,0,0.0,0
2881,control,0.0,0,0.0,0
2882,treatment,197.7,0,0.0,0
2883,treatment,40.39,0,0.0,0
2884,treatment,0.0,0,0.0,0
2885,control,0.0,0,0.0,0
2886,control,0.0,0,0.0,0
2887,treatment,0.0,0,0.0,0
2888,control,0.0,0,0.0,0
2889,control,262.94,0,0.0,0
2890,treatment,57.84,0,0.0,0
2891,control,255.4,0,0.0,0
2892,control,30.45,0,0.0,0
2893,control,209.89,0,0.0,0
2894,control,0.0,0,0.0,0
2895,treatment,65.32,0,0.0,0
2896,treatment,169.1,1,97.77,0
2897,control,65.69,0,0.0,0
2898,control,0.0,0,0.0,0
2899,control,19.83,0,0.0,0
2900,treatment,0.0,0,0.0,0
2901,control,0.0,1,79.21,0
2902,treatment,0.0,0,0.0,0
2903,control,55.38,0,0.0,0
2904,control,0.0,0,0.0,0
2905,control,99.13,0,0.0,0
2906,treatment,625.55,1,129.0,1
2907,treatment,0.0,0,0.0,0
2908,treatment,75.1,0,0.0,0
2909,control,126.29,0,0.0,0
2910,control,0.0,0,0.0,0
2911,control,0.0,0,0.0,0
2912,treatment,41.54,0,0.0,0
2913,treatment,0.0,0,0.0,0
2914,control,0.0,0,0.0,0
2915,treatment,0.0,0,0.0,0
2916,control,81.54,0,0.0,0
2917,control,79.39,0,0.0,0
2918,control,431.61,0,0.0,0
2919,treatment,0.0,1,35.65,1
2920,treatment,52.69,1,44.28,1
2921,control,306.1,0,0.0,0
2922,treatment,71.01,0,0.0,0
2923,control,62.73,0,0.0,0
2924,treatment,487.21,0,0.0,0
2925,control,0.0,0,0.0,0
2926,treatment,44.85,0,0.0,0
2927,control,68.7,0,0.0,0
2928,treatment,92.07,0,0.0,0
2929,control,64.7,0,0.0,0
2930,control,36.05,0,0.0,0
2931,treatment,37.89,0,0.0,0
2932,treatment,42.02,0,0.0,0
2933,treatment,40.82,0,0.0,0
2934,treatment,0.0,0,0.0,0
2935,treatment,0.0,0,0.0,0
2936,control,0.0,0,0.0,0
2937,treatment,111.63,0,0.0,0
2938,treatment,0.0,0,0.0,0
2939,control,67.55,0,0.0,0
2940,treatment,116.79,1,121.03,0
2941,treatment,68.87,0,0.0,0
2942,treatment,0.0,0,0.0,0
2943,treatment,0.0,0,0.0,0
2944,control,0.0,0,0.0,0
2945,control,78.24,0,0.0,0
2946,treatment,66.38,1,98.45,0
2947,control,0.0,0,0.0,0
2948,control,0.0,0,0.0,0
2949,treatment,0.0,0,0.0,0
2950,treatment,0.0,0,0.0,0
2951,treatment,0.0,0,0.0,0
2952,control,108.41,0,0.0,0
2953,control,0.0,0,0.0,0
2954,control,64.96,0,0.0,0
2955,treatment,57.53,0,0.0,0
2956,control,0.0,0,0.0,0
2957,control,80.56,0,0.0,0
2958,control,0.0,0,0.0,0
2959,treatment,0.0,0,0.0,0
2960,control,0.0,0,0.0,0
2961,control,0.0,0,0.0,0
2962,treatment,0.0,0,0.0,0
2963,treatment,29.39,1,119.87,0
2964,treatment,0.0,0,0.0,0
2965,control,0.0,0,0.0,0
2966,treatment,0.0,0,0.0,0
2967,control,105.37,0,0.0,0
2968,control,88.36,0,0.0,0
2969,treatment,0.0,0,0.0,0
2970,treatment,0.0,0,0.0,0
2971,treatment,170.83,0,0.0,0
2972,treatment,0.0,0,0.0,0
2973,treatment,0.0,0,0.0,0
2974,treatment,86.79,1,71.86,0
2975,treatment,118.41,0,0.0,0
2976,treatment,71.81,0,0.0,0
2977,control,62.24,0,0.0,0
2978,treatment,0.0,1,58.67,0
2979,control,0.0,0,0.0,0
2980,treatment,96.84,0,0.0,0
2981,control,0.0,0,0.0,0
2982,control,40.59,0,0.0,0
2983,treatment,0.0,0,0.0,0
2984,treatment,0.0,0,0.0,0
2985,treatment,29.13,0,0.0,0
2986,control,55.27,0,0.0,0
2987,treatment,0.0,0,0.0,0
2988,control,0.0,1,12.16,0
2989,treatment,0.0,0,0.0,0
2990,control,0.0,0,0.0,0
2991,treatment,0.0,0,0.0,0
2992,treatment,0.0,0,0.0,0
2993,control,59.95,1,50.51,0
2994,control,66.37,0,0.0,0
2995,treatment,53.83,0,0.0,0
2996,treatment,97.85,0,0.0,0
2997,control,40.16,0,0.0,0
2998,treatment,81.18,1,23.33,0
2999,treatment,729.1,1,66.97,0
3000,control,0.0,0,0.0,0
3001,treatment,0.0,0,0.0,0
3002,control,0.0,0,0.0,0
3003,control,0.0,0,0.0,0
3004,treatment,0.0,0,0.0,0
3005,control,0.0,0,0.0,0
3006,treatment,0.0,0,0.0,0
3007,control,23.75,1,50.73,0
3008,control,49.62,0,0.0,0
3009,control,0.0,0,0.0,0
3010,treatment,39.47,1,45.17,0
3011,control,0.0,1,55.53,0
3012,treatment,216.64,0,0.0,0
3013,treatment,0.0,0,0.0,0
3014,treatment,0.0,0,0.0,0
3015,treatment,40.9,0,0.0,0
3016,treatment,0.0,0,0.0,0
3017,control,143.34,0,0.0,0
3018,treatment,0.0,0,0.0,0
3019,treatment,38.41,1,68.13,0
3020,control,0.0,1,81.22,0
3021,control,0.0,0,0.0,0
3022,treatment,180.17,0,0.0,0
3023,control,135.95,1,82.37,0
3024,treatment,77.19,0,0.0,0
3025,control,0.0,0,0.0,0
3026,control,0.0,0,0.0,0
3027,treatment,0.0,0,0.0,0
3028,treatment,83.85,0,0.0,0
3029,control,0.0,1,111.47,0
3030,treatment,60.2,0,0.0,0
3031,control,0.0,0,0.0,0
3032,control,0.0,0,0.0,0
3033,control,0.0,0,0.0,0
3034,treatment,302.8,0,0.0,0
3035,treatment,49.07,1,190.57,0
3036,control,45.26,0,0.0,0
3037,treatment,0.0,0,0.0,0
3038,control,0.0,0,0.0,0
3039,control,133.39,1,55.34,0
3040,treatment,53.09,1,50.05,0
3041,treatment,37.76,0,0.0,0
3042,treatment,0.0,0,0.0,0
3043,treatment,107.08,0,0.0,0
3044,treatment,260.75,0,0.0,0
3045,treatment,109.96,0,0.0,0
3046,treatment,43.85,1,162.59,0
3047,treatment,0.0,0,0.0,0
3048,treatment,159.94,1,54.25,0
3049,treatment,59.81,0,0.0,0
3050,control,63.58,0,0.0,0
3051,treatment,120.13,0,0.0,0
3052,control,227.0,1,95.6,0
3053,treatment,83.26,0,0.0,0
3054,treatment,0.0,0,0.0,0
3055,treatment,0.0,0,0.0,0
3056,treatment,40.02,0,0.0,0
3057,control,0.0,0,0.0,0
3058,treatment,0.0,0,0.0,0
3059,treatment,0.0,0,0.0,0
3060,control,0.0,0,0.0,0
3061,control,0.0,0,0.0,0
3062,control,0.0,0,0.0,0
3063,control,94.11,0,0.0,0
3064,treatment,0.0,0,0.0,0
3065,control,0.0,0,0.0,0
3066,treatment,0.0,0,0.0,0
3067,treatment,402.71,1,56.98,0
3068,treatment,0.0,0,0.0,0
3069,treatment,0.0,1,48.58,0
3070,treatment,0.0,0,0.0,0
3071,control,40.45,0,0.0,0
3072,control,0.0,0,0.0,0
3073,control,84.01,1,45.65,0
3074,treatment,0.0,0,0.0,0
3075,treatment,0.0,0,0.0,0
3076,treatment,146.92,1,51.65,0
3077,control,130.34,1,43.63,0
3078,control,52.97,0,0.0,0
3079,treatment,0.0,0,0.0,0
3080,control,0.0,0,0.0,0
3081,control,86.12,0,0.0,0
3082,control,0.0,0,0.0,0
3083,control,0.0,0,0.0,0
3084,control,0.0,0,0.0,0
3085,treatment,236.45,0,0.0,0
3086,control,69.15,0,0.0,0
3087,control,167.44,1,78.72,0
3088,treatment,0.0,0,0.0,0
3089,treatment,67.58,0,0.0,0
3090,treatment,0.0,0,0.0,0
3091,control,0.0,0,0.0,0
3092,treatment,0.0,0,0.0,0
3093,treatment,0.0,0,0.0,0
3094,control,0.0,0,0.0,0
3095,treatment,45.53,0,0.0,0
3096,treatment,0.0,0,0.0,0
3097,treatment,114.47,0,0.0,0
3098,control,94.83,0,0.0,0
3099,control,0.0,1,64.85,0
3100,control,36.3,0,0.0,0
3101,treatment,99.98,0,0.0,0
3102,treatment,171.23,0,0.0,0
3103,treatment,32.81,0,0.0,0
3104,control,0.0,0,0.0,0
3105,treatment,105.77,0,0.0,0
3106,treatment,360.0,0,0.0,0
3107,treatment,288.36,0,0.0,0
3108,control,85.06,0,0.0,0
3109,treatment,0.0,0,0.0,0
3110,control,850.18,1,264.78,0
3111,treatment,58.88,1,55.04,0
3112,treatment,375.36,0,0.0,0
3113,control,0.0,0,0.0,0
3114,control,0.0,1,187.95,1
3115,control,0.0,0,0.0,0
3116,treatment,65.12,0,0.0,0
3117,control,641.11,1,43.88,0
3118,control,0.0,0,0.0,0
3119,treatment,0.0,0,0.0,0
3120,control,0.0,0,0.0,0
3121,control,0.0,0,0.0,0
3122,control,84.87,0,0.0,0
3123,control,0.0,0,0.0,0
3124,treatment,0.0,0,0.0,0
3125,control,0.0,0,0.0,0
3126,treatment,144.49,0,0.0,0
3127,treatment,0.0,0,0.0,0
3128,treatment,0.0,0,0.0,0
3129,control,0.0,0,0.0,0
3130,treatment,0.0,0,0.0,0
3131,treatment,66.65,0,0.0,0
3132,treatment,0.0,0,0.0,0
3133,control,108.31,1,137.44,0
3134,control,0.0,0,0.0,0
3135,treatment,62.36,0,0.0,0
3136,control,0.0,0,0.0,0
3137,control,0.0,0,0.0,0
3138,control,0.0,0,0.0,0
3139,treatment,40.88,1,153.73,0
3140,treatment,0.0,1,32.88,0
3141,treatment,0.0,0,0.0,0
3142,control,0.0,0,0.0,0
3143,control,0.0,0,0.0,0
3144,treatment,0.0,0,0.0,0
3145,treatment,0.0,0,0.0,0
3146,treatment,0.0,0,0.0,0
3147,control,0.0,0,0.0,0
3148,treatment,77.74,0,0.0,0
3149,control,162.71,0,0.0,0
3150,treatment,61.97,0,0.0,0
3151,treatment,209.86,1,76.91,0
3152,control,0.0,0,0.0,0
3153,treatment,0.0,0,0.0,0
3154,treatment,212.06,0,0.0,0
3155,treatment,0.0,0,0.0,0
3156,control,0.0,0,0.0,0
3157,control,0.0,0,0.0,0
3158,control,0.0,0,0.0,0
3159,treatment,341.26,1,229.7,0
3160,treatment,0.0,0,0.0,0
3161,control,106.46,0,0.0,0
3162,treatment,36.48,0,0.0,0
3163,control,0.0,0,0.0,0
3164,treatment,220.15,0,0.0,0
3165,treatment,0.0,1,65.74,0
3166,treatment,0.0,0,0.0,0
3167,treatment,147.62,0,0.0,0
3168,control,63.61,0,0.0,0
3169,treatment,186.85,0,0.0,0
3170,control,76.67,0,0.0,0
3171,control,0.0,0,0.0,0
3172,treatment,0.0,0,0.0,0
3173,control,47.53,0,0.0,0
3174,treatment,114.21,0,0.0,0
3175,treatment,135.66,1,46.11,1
3176,control,0.0,0,0.0,0
3177,control,0.0,0,0.0,0
3178,control,37.69,0,0.0,0
3179,treatment,0.0,0,0.0,0
3180,control,19.56,0,0.0,0
3181,treatment,73.91,1,70.0,0
3182,control,42.11,0,0.0,0
3183,treatment,0.0,0,0.0,0
3184,treatment,274.21,1,146.63,1
3185,control,52.01,0,0.0,0
3186,control,0.0,0,0.0,0
3187,control,80.14,0,0.0,0
3188,control,45.19,0,0.0,0
3189,treatment,322.58,1,58.35,0
3190,treatment,372.7,0,0.0,0
3191,control,1173.4,1,61.14,0
3192,control,0.0,1,53.54,0
3193,control,0.0,0,0.0,0
3194,control,52.16,0,0.0,0
3195,treatment,36.49,0,0.0,0
3196,treatment,124.47,0,0.0,0
3197,control,41.65,0,0.0,0
3198,control,0.0,1,112.08,0
3199,control,247.85,0,0.0,0
3200,treatment,0.0,0,0.0,0
3201,treatment,64.63,0,0.0,0
3202,treatment,23.96,0,0.0,0
3203,control,143.31,0,0.0,0
3204,control,938.32,0,0.0,0
3205,treatment,243.06,0,0.0,0
3206,control,0.0,0,0.0,0
3207,treatment,430.29,1,131.97,0
3208,treatment,184.73,0,0.0,0
3209,treatment,153.39,0,0.0,0
3210,treatment,0.0,0,0.0,0
3211,treatment,0.0,0,0.0,0
3212,control,54.51,0,0.0,0
3213,treatment,92.45,0,0.0,0
3214,control,48.79,0,0.0,0
3215,control,394.33,1,60.78,0
3216,control,0.0,0,0.0,0
3217,control,0.0,0,0.0,0
3218,treatment,0.0,0,0.0,0
3219,treatment,0.0,0,0.0,0
3220,treatment,0.0,0,0.0,0
3221,control,0.0,0,0.0,0
3222,treatment,33.92,0,0.0,0
3223,treatment,0.0,0,0.0,0
3224,treatment,48.71,0,0.0,0
3225,treatment,0.0,0,0.0,0
3226,control,63.52,0,0.0,0
3227,control,60.92,1,98.36,0
3228,treatment,43.5,0,0.0,0
3229,treatment,0.0,0,0.0,0
3230,control,63.73,0,0.0,0
3231,treatment,115.26,1,32.18,0
3232,control,0.0,0,0.0,0
3233,control,147.19,0,0.0,0
3234,treatment,0.0,0,0.0,0
3235,treatment,141.15,0,0.0,0
3236,treatment,71.45,0,0.0,0
3237,treatment,71.89,0,0.0,0
3238,treatment,42.11,0,0.0,0
3239,treatment,0.0,0,0.0,0
3240,control,47.26,0,0.0,0
3241,treatment,107.43,0,0.0,0
3242,control,0.0,0,0.0,0
3243,control,0.0,0,0.0,0
3244,control,0.0,0,0.0,0
3245,control,0.0,0,0.0,0
3246,control,0.0,0,0.0,0
3247,treatment,199.87,1,171.8,0
3248,treatment,51.21,0,0.0,0
3249,control,126.61,1,60.03,0
3250,control,0.0,0,0.0,0
3251,treatment,0.0,0,0.0,0
3252,control,263.29,1,69.42,0
3253,control,48.18,0,0.0,0
3254,control,21.04,0,0.0,0
3255,treatment,35.44,0,0.0,0
3256,treatment,98.99,1,59.17,0
3257,control,209.71,1,44.46,0
3258,control,0.0,0,0.0,0
3259,control,0.0,0,0.0,0
3260,control,77.08,1,94.65,0
3261,treatment,0.0,0,0.0,0
3262,control,0.0,0,0.0,0
3263,control,0.0,0,0.0,0
3264,control,0.0,0,0.0,0
3265,treatment,66.04,0,0.0,0
3266,treatment,37.12,0,0.0,0
3267,control,85.29,0,0.0,0
3268,control,36.44,0,0.0,0
3269,control,0.0,0,0.0,0
3270,treatment,170.16,0,0.0,0
3271,control,36.77,0,0.0,0
3272,treatment,26.38,0,0.0,0
3273,control,0.0,0,0.0,0
3274,treatment,0.0,0,0.0,0
3275,control,70.15,0,0.0,0
3276,control,118.48,1,141.41,0
3277,treatment,46.53,0,0.0,0
3278,control,75.79,0,0.0,0
3279,control,226.46,0,0.0,0
3280,control,0.0,0,0.0,0
3281,treatment,154.32,0,0.0,0
3282,treatment,0.0,0,0.0,0
3283,control,0.0,0,0.0,0
3284,treatment,69.23,1,47.97,0
3285,control,0.0,0,0.0,0
3286,treatment,0.0,0,0.0,0
3287,treatment,129.61,0,0.0,0
3288,treatment,143.24,0,0.0,0
3289,control,164.88,0,0.0,0
3290,control,30.98,0,0.0,0
3291,control,37.65,0,0.0,0
3292,treatment,0.0,0,0.0,0
3293,control,74.36,0,0.0,0
3294,control,0.0,0,0.0,0
3295,treatment,270.56,0,0.0,0
3296,treatment,113.63,0,0.0,0
3297,treatment,0.0,0,0.0,0
3298,treatment,191.17,0,0.0,0
3299,treatment,125.77,0,0.0,0
3300,control,129.02,0,0.0,0
3301,control,0.0,0,0.0,0
3302,control,111.98,0,0.0,0
3303,treatment,0.0,0,0.0,0
3304,control,112.63,0,0.0,0
3305,control,0.0,1,71.46,0
3306,control,0.0,0,0.0,0
3307,control,69.27,0,0.0,0
3308,treatment,0.0,0,0.0,0
3309,treatment,140.45,0,0.0,0
3310,treatment,0.0,0,0.0,0
3311,control,91.65,0,0.0,0
3312,control,64.19,1,61.55,0
3313,treatment,81.96,0,0.0,0
3314,control,44.39,0,0.0,0
3315,treatment,101.35,0,0.0,0
3316,treatment,0.0,0,0.0,0
3317,control,37.82,1,94.21,0
3318,treatment,0.0,0,0.0,0
3319,treatment,44.25,0,0.0,0
3320,treatment,0.0,0,0.0,0
3321,control,385.28,0,0.0,0
3322,control,45.84,0,0.0,0
3323,control,43.93,0,0.0,0
3324,treatment,192.51,0,0.0,0
3325,control,43.6,0,0.0,0
3326,control,0.0,0,0.0,0
3327,treatment,0.0,0,0.0,0
3328,control,0.0,0,0.0,0
3329,treatment,0.0,0,0.0,0
3330,treatment,55.99,0,0.0,0
3331,control,184.52,1,69.58,0
3332,control,0.0,0,0.0,0
3333,control,0.0,0,0.0,0
3334,control,0.0,0,0.0,0
3335,treatment,126.84,0,0.0,0
3336,control,0.0,1,60.27,0
3337,control,0.0,0,0.0,0
3338,control,0.0,0,0.0,0
3339,control,50.52,0,0.0,0
3340,control,0.0,0,0.0,0
3341,treatment,0.0,0,0.0,0
3342,control,0.0,0,0.0,0
3343,control,36.95,0,0.0,0
3344,treatment,50.73,0,0.0,0
3345,treatment,51.95,0,0.0,0
3346,treatment,119.58,0,0.0,0
3347,control,0.0,0,0.0,0
3348,control,55.51,0,0.0,0
3349,treatment,0.0,0,0.0,0
3350,treatment,48.28,0,0.0,0
3351,treatment,0.0,0,0.0,0
3352,control,0.0,0,0.0,0
3353,treatment,0.0,0,0.0,0
3354,treatment,297.93,0,0.0,0
3355,treatment,151.48,0,0.0,0
3356,control,468.62,0,0.0,0
3357,control,0.0,0,0.0,0
3358,treatment,0.0,0,0.0,0
3359,treatment,0.0,0,0.0,0
3360,control,0.0,0,0.0,0
3361,treatment,0.0,0,0.0,0
3362,control,308.24,1,112.94,0
3363,treatment,0.0,0,0.0,0
3364,treatment,97.11,0,0.0,0
3365,control,88.03,0,0.0,0
3366,treatment,29.41,0,0.0,0
3367,control,197.27,0,0.0,0
3368,treatment,73.22,0,0.0,0
3369,treatment,154.75,0,0.0,0
3370,treatment,0.0,0,0.0,0
3371,control,0.0,0,0.0,0
3372,treatment,76.67,0,0.0,0
3373,treatment,0.0,0,0.0,0
3374,control,47.18,0,0.0,0
3375,control,0.0,0,0.0,0
3376,treatment,62.44,0,0.0,0
3377,control,375.79,1,45.16,1
3378,treatment,39.0,0,0.0,0
3379,control,60.69,1,90.63,0
3380,treatment,21.36,1,104.0,0
3381,control,109.44,0,0.0,0
3382,control,0.0,0,0.0,0
3383,treatment,148.6,0,0.0,0
3384,treatment,51.51,0,0.0,0
3385,treatment,194.62,0,0.0,0
3386,control,0.0,0,0.0,0
3387,control,49.7,0,0.0,0
3388,treatment,69.83,0,0.0,0
3389,control,430.72,0,0.0,0
3390,control,34.46,0,0.0,0
3391,control,0.0,0,0.0,0
3392,treatment,0.0,0,0.0,0
3393,control,0.0,0,0.0,0
3394,treatment,0.0,0,0.0,0
3395,treatment,0.0,0,0.0,0
3396,control,0.0,0,0.0,0
3397,treatment,148.96,0,0.0,0
3398,control,54.68,0,0.0,0
3399,treatment,217.77,0,0.0,0
3400,treatment,0.0,0,0.0,0
3401,treatment,0.0,0,0.0,0
3402,control,0.0,0,0.0,0
3403,treatment,0.0,0,0.0,0
3404,control,56.86,0,0.0,0
3405,control,68.78,0,0.0,0
3406,treatment,0.0,0,0.0,0
3407,treatment,0.0,0,0.0,0
3408,treatment,0.0,0,0.0,0
3409,control,0.0,0,0.0,0
3410,treatment,154.82,0,0.0,0
3411,control,0.0,0,0.0,0
3412,treatment,157.02,1,102.04,0
3413,control,148.06,0,0.0,0
3414,treatment,287.06,0,0.0,0
3415,control,62.68,0,0.0,0
3416,treatment,33.38,0,0.0,0
3417,control,0.0,0,0.0,0
3418,control,124.5,1,74.91,0
3419,treatment,0.0,0,0.0,0
3420,treatment,0.0,0,0.0,0
3421,treatment,24.08,0,0.0,0
3422,control,0.0,0,0.0,0
3423,control,23.96,0,0.0,0
3424,treatment,129.22,0,0.0,0
3425,control,270.53,1,69.34,0
3426,treatment,0.0,0,0.0,0
3427,control,0.0,0,0.0,0
3428,control,108.84,1,111.31,0
3429,control,155.32,1,76.22,0
3430,treatment,0.0,0,0.0,0
3431,treatment,65.24,0,0.0,0
3432,treatment,51.94,0,0.0,0
3433,treatment,0.0,1,81.86,0
3434,control,129.53,0,0.0,0
3435,control,0.0,0,0.0,0
3436,control,0.0,0,0.0,0
3437,treatment,56.97,0,0.0,0
3438,treatment,0.0,0,0.0,0
3439,treatment,87.49,0,0.0,0
3440,control,0.0,0,0.0,0
3441,treatment,169.2,0,0.0,0
3442,treatment,0.0,0,0.0,0
3443,control,0.0,1,47.31,0
3444,treatment,0.0,0,0.0,0
3445,treatment,0.0,0,0.0,0
3446,control,0.0,0,0.0,0
3447,treatment,83.83,0,0.0,0
3448,control,0.0,0,0.0,0
3449,control,99.69,0,0.0,0
3450,treatment,0.0,0,0.0,0
3451,control,0.0,0,0.0,0
3452,treatment,40.9,0,0.0,0
3453,control,0.0,0,0.0,0
3454,control,0.0,0,0.0,0
3455,treatment,74.75,0,0.0,0
3456,control,0.0,0,0.0,0
3457,treatment,0.0,0,0.0,0
3458,control,248.27,0,0.0,0
3459,treatment,30.18,0,0.0,0
3460,treatment,0.0,1,37.45,0
3461,treatment,300.18,0,0.0,0
3462,control,40.48,0,0.0,0
3463,treatment,46.67,0,0.0,0
3464,treatment,0.0,0,0.0,0
3465,treatment,64.26,0,0.0,0
3466,treatment,149.7,0,0.0,0
3467,control,64.13,0,0.0,0
3468,treatment,0.0,0,0.0,0
3469,treatment,0.0,0,0.0,0
3470,control,87.55,0,0.0,0
3471,treatment,0.0,0,0.0,0
3472,control,115.59,0,0.0,0
3473,treatment,50.04,0,0.0,0
3474,treatment,0.0,0,0.0,0
3475,treatment,0.0,0,0.0,0
3476,treatment,76.15,0,0.0,0
3477,treatment,232.81,1,42.15,0
3478,control,0.0,0,0.0,0
3479,control,0.0,0,0.0,0
3480,control,46.95,0,0.0,0
3481,treatment,0.0,0,0.0,0
3482,treatment,0.0,0,0.0,0
3483,treatment,0.0,0,0.0,0
3484,control,0.0,0,0.0,0
3485,control,0.0,0,0.0,0
3486,control,580.62,1,170.83,0
3487,treatment,0.0,0,0.0,0
3488,treatment,0.0,0,0.0,0
3489,control,0.0,0,0.0,0
3490,treatment,103.48,0,0.0,0
3491,control,48.62,1,63.24,0
3492,control,0.0,1,72.93,0
3493,treatment,0.0,0,0.0,0
3494,treatment,0.0,0,0.0,0
3495,treatment,66.78,1,70.02,0
3496,control,512.74,0,0.0,0
3497,treatment,24.42,0,0.0,0
3498,treatment,258.26,1,237.45,0
3499,treatment,0.0,0,0.0,0
3500,control,0.0,0,0.0,0
3501,control,56.27,0,0.0,0
3502,control,0.0,0,0.0,0
3503,control,0.0,0,0.0,0
3504,control,0.0,0,0.0,0
3505,control,0.0,0,0.0,0
3506,control,0.0,0,0.0,0
3507,treatment,0.0,0,0.0,0
3508,control,0.0,0,0.0,0
3509,control,34.99,0,0.0,0
3510,control,0.0,0,0.0,0
3511,control,35.39,0,0.0,0
3512,treatment,0.0,0,0.0,0
3513,treatment,0.0,0,0.0,0
3514,control,174.8,0,0.0,0
3515,treatment,0.0,1,118.04,0
3516,treatment,929.69,0,0.0,0
3517,treatment,0.0,0,0.0,0
3518,control,45.93,0,0.0,0
3519,control,0.0,0,0.0,0
3520,control,0.0,0,0.0,0
3521,treatment,0.0,0,0.0,0
3522,treatment,0.0,0,0.0,0
3523,treatment,0.0,0,0.0,0
3524,treatment,66.32,0,0.0,0
3525,control,0.0,0,0.0,0
3526,control,41.03,0,0.0,0
3527,control,0.0,0,0.0,0
3528,treatment,0.0,0,0.0,0
3529,control,0.0,0,0.0,0
3530,treatment,107.82,0,0.0,0
3531,control,193.18,0,0.0,0
3532,control,173.32,0,0.0,0
3533,control,0.0,0,0.0,0
3534,treatment,154.34,0,0.0,0
3535,control,258.17,0,0.0,0
3536,treatment,0.0,0,0.0,0
3537,control,222.85,0,0.0,0
3538,treatment,0.0,0,0.0,0
3539,treatment,0.0,0,0.0,0
3540,treatment,0.0,1,32.43,0
3541,control,0.0,0,0.0,0
3542,treatment,0.0,0,0.0,0
3543,control,220.98,0,0.0,0
3544,control,0.0,0,0.0,0
3545,control,0.0,0,0.0,0
3546,treatment,0.0,0,0.0,0
3547,treatment,98.58,1,27.37,0
3548,treatment,0.0,0,0.0,0
3549,treatment,68.65,0,0.0,0
3550,control,0.0,0,0.0,0
3551,control,0.0,0,0.0,0
3552,control,190.24,0,0.0,0
3553,treatment,0.0,0,0.0,0
3554,treatment,0.0,0,0.0,0
3555,control,0.0,0,0.0,0
3556,control,190.35,0,0.0,0
3557,treatment,0.0,0,0.0,0
3558,control,0.0,0,0.0,0
3559,control,95.43,1,115.57,0
3560,treatment,110.9,0,0.0,0
3561,control,0.0,1,32.48,0
3562,treatment,0.0,0,0.0,0
3563,control,322.33,0,0.0,0
3564,control,0.0,0,0.0,0
3565,control,0.0,0,0.0,0
3566,control,139.12,0,0.0,0
3567,control,0.0,0,0.0,0
3568,control,55.07,0,0.0,0
3569,control,62.41,0,0.0,0
3570,treatment,118.6,1,79.22,0
3571,treatment,0.0,0,0.0,0
3572,control,0.0,0,0.0,0
3573,control,0.0,0,0.0,0
3574,treatment,0.0,0,0.0,0
3575,treatment,0.0,0,0.0,0
3576,treatment,61.6,0,0.0,0
3577,treatment,97.0,0,0.0,0
3578,treatment,0.0,0,0.0,0
3579,control,0.0,0,0.0,0
3580,treatment,139.49,0,0.0,0
3581,control,148.25,1,77.64,0
3582,treatment,0.0,0,0.0,0
3583,control,0.0,1,65.24,0
3584,treatment,23.33,0,0.0,0
3585,control,172.58,0,0.0,0
3586,control,132.2,0,0.0,0
3587,control,76.42,0,0.0,0
3588,control,372.22,1,157.92,0
3589,control,59.85,0,0.0,0
3590,treatment,73.38,0,0.0,0
3591,control,0.0,0,0.0,0
3592,control,0.0,0,0.0,0
3593,treatment,0.0,0,0.0,0
3594,treatment,171.76,0,0.0,0
3595,treatment,123.24,0,0.0,0
3596,treatment,209.97,1,94.27,0
3597,control,73.12,0,0.0,0
3598,control,54.99,0,0.0,0
3599,control,70.77,0,0.0,0
3600,treatment,0.0,0,0.0,0
3601,control,0.0,0,0.0,0
3602,treatment,0.0,0,0.0,0
3603,treatment,57.52,0,0.0,0
3604,treatment,37.51,0,0.0,0
3605,control,0.0,0,0.0,0
3606,control,0.0,0,0.0,0
3607,treatment,80.64,0,0.0,0
3608,control,0.0,0,0.0,0
3609,control,0.0,0,0.0,0
3610,treatment,0.0,0,0.0,0
3611,control,0.0,0,0.0,0
3612,control,188.5,0,0.0,0
3613,treatment,0.0,1,39.62,0
3614,treatment,48.39,0,0.0,0
3615,control,0.0,0,0.0,0
3616,treatment,0.0,0,0.0,0
3617,treatment,0.0,0,0.0,0
3618,treatment,80.14,0,0.0,0
3619,treatment,82.84,0,0.0,0
3620,control,0.0,0,0.0,0
3621,treatment,128.56,1,50.79,0
3622,treatment,62.58,0,0.0,0
3623,treatment,114.18,1,59.24,0
3624,control,0.0,0,0.0,0
3625,control,0.0,0,0.0,0
3626,control,0.0,0,0.0,0
3627,treatment,76.74,0,0.0,0
3628,control,0.0,0,0.0,0
3629,control,0.0,0,0.0,0
3630,treatment,0.0,0,0.0,0
3631,treatment,34.38,0,0.0,0
3632,control,446.78,0,0.0,0
3633,treatment,0.0,0,0.0,0
3634,treatment,0.0,0,0.0,0
3635,control,0.0,0,0.0,0
3636,control,0.0,0,0.0,0
3637,control,0.0,0,0.0,0
3638,treatment,39.23,0,0.0,0
3639,treatment,0.0,0,0.0,0
3640,control,0.0,0,0.0,0
3641,treatment,0.0,0,0.0,0
3642,treatment,0.0,0,0.0,0
3643,control,0.0,0,0.0,0
3644,control,0.0,0,0.0,0
3645,treatment,28.31,0,0.0,0
3646,control,68.89,0,0.0,0
3647,control,33.16,0,0.0,0
3648,control,296.23,0,0.0,0
3649,treatment,0.0,0,0.0,0
3650,treatment,128.91,0,0.0,0
3651,control,28.08,0,0.0,0
3652,control,83.97,0,0.0,0
3653,control,25.48,0,0.0,0
3654,control,133.02,1,83.67,0
3655,control,30.02,0,0.0,0
3656,control,0.0,0,0.0,0
3657,control,0.0,0,0.0,0
3658,control,0.0,0,0.0,0
3659,control,0.0,0,0.0,0
3660,treatment,0.0,0,0.0,0
3661,treatment,44.83,0,0.0,0
3662,treatment,0.0,0,0.0,0
3663,control,229.81,0,0.0,0
3664,control,0.0,0,0.0,0
3665,treatment,27.02,0,0.0,0
3666,treatment,0.0,0,0.0,0
3667,control,42.08,0,0.0,0
3668,control,0.0,0,0.0,0
3669,treatment,0.0,0,0.0,0
3670,control,154.79,0,0.0,0
3671,treatment,0.0,0,0.0,0
3672,control,0.0,0,0.0,0
3673,control,84.77,0,0.0,0
3674,treatment,0.0,0,0.0,0
3675,treatment,0.0,0,0.0,0
3676,control,0.0,0,0.0,0
3677,control,71.8,1,60.26,0
3678,control,0.0,0,0.0,0
3679,treatment,123.57,0,0.0,0
3680,control,0.0,0,0.0,0
3681,control,0.0,0,0.0,0
3682,treatment,44.56,1,52.5,0
3683,control,0.0,0,0.0,0
3684,treatment,0.0,0,0.0,0
3685,control,0.0,0,0.0,0
3686,control,0.0,0,0.0,0
3687,control,56.32,0,0.0,0
3688,treatment,0.0,0,0.0,0
3689,control,286.69,1,47.61,0
3690,control,275.51,1,29.71,0
3691,treatment,0.0,0,0.0,0
3692,control,0.0,0,0.0,0
3693,control,0.0,0,0.0,0
3694,treatment,0.0,0,0.0,0
3695,treatment,53.56,0,0.0,0
3696,treatment,38.59,0,0.0,0
3697,control,194.91,0,0.0,0
3698,control,0.0,0,0.0,0
3699,treatment,212.05,0,0.0,0
3700,control,258.35,1,169.5,0
3701,treatment,0.0,0,0.0,0
3702,control,23.35,0,0.0,0
3703,control,0.0,0,0.0,0
3704,control,27.89,0,0.0,0
3705,treatment,57.7,0,0.0,0
3706,treatment,0.0,0,0.0,0
3707,control,59.55,0,0.0,0
3708,control,76.88,0,0.0,0
3709,treatment,0.0,0,0.0,0
3710,treatment,64.82,1,38.49,0
3711,treatment,0.0,0,0.0,0
3712,treatment,111.31,0,0.0,0
3713,treatment,0.0,0,0.0,0
3714,treatment,65.33,0,0.0,0
3715,treatment,55.43,0,0.0,0
3716,control,88.35,0,0.0,0
3717,control,62.17,0,0.0,0
3718,control,39.0,0,0.0,0
3719,treatment,85.3,0,0.0,0
3720,treatment,0.0,0,0.0,0
3721,treatment,143.14,0,0.0,0
3722,control,22.57,0,0.0,0
3723,treatment,0.0,0,0.0,0
3724,treatment,101.76,0,0.0,0
3725,treatment,0.0,0,0.0,0
3726,control,243.46,0,0.0,0
3727,treatment,130.64,1,42.11,0
3728,treatment,38.62,0,0.0,0
3729,control,0.0,0,0.0,0
3730,control,59.43,0,0.0,0
3731,control,0.0,1,108.5,0
3732,treatment,1178.2,1,110.86,0
3733,control,0.0,0,0.0,0
3734,control,0.0,0,0.0,0
3735,control,0.0,0,0.0,0
3736,treatment,186.73,0,0.0,0
3737,treatment,99.72,0,0.0,0
3738,treatment,64.31,1,21.4,0
3739,control,0.0,0,0.0,0
3740,control,0.0,0,0.0,0
3741,control,0.0,0,0.0,0
3742,control,0.0,0,0.0,0
3743,control,0.0,0,0.0,0
3744,control,0.0,0,0.0,0
3745,treatment,0.0,0,0.0,0
3746,control,0.0,0,0.0,0
3747,treatment,0.0,0,0.0,0
3748,treatment,161.06,0,0.0,0
3749,treatment,0.0,0,0.0,0
3750,treatment,274.41,0,0.0,0
3751,treatment,121.94,1,62.97,0
3752,control,194.12,0,0.0,0
3753,treatment,0.0,0,0.0,0
3754,control,122.89,0,0.0,0
3755,control,107.94,0,0.0,0
3756,treatment,177.45,0,0.0,0
3757,control,0.0,0,0.0,0
3758,treatment,0.0,0,0.0,0
3759,treatment,0.0,0,0.0,0
3760,treatment,94.38,0,0.0,0
3761,control,48.56,0,0.0,0
3762,control,0.0,0,0.0,0
3763,control,0.0,0,0.0,0
3764,control,0.0,0,0.0,0
3765,treatment,0.0,0,0.0,0
3766,treatment,68.59,0,0.0,0
3767,treatment,0.0,0,0.0,0
3768,control,0.0,0,0.0,0
3769,treatment,0.0,0,0.0,0
3770,control,0.0,0,0.0,0
3771,treatment,0.0,0,0.0,0
3772,control,0.0,0,0.0,0
3773,control,16.59,0,0.0,0
3774,treatment,0.0,0,0.0,0
3775,treatment,0.0,0,0.0,0
3776,control,0.0,0,0.0,0
3777,control,16.12,0,0.0,0
3778,treatment,103.63,1,265.47,0
3779,treatment,0.0,0,0.0,0
3780,control,0.0,0,0.0,0
3781,control,117.19,0,0.0,0
3782,treatment,459.69,0,0.0,0
3783,treatment,0.0,0,0.0,0
3784,control,0.0,1,59.67,0
3785,treatment,355.78,0,0.0,0
3786,control,0.0,0,0.0,0
3787,control,0.0,0,0.0,0
3788,control,93.74,0,0.0,0
3789,treatment,172.81,0,0.0,0
3790,treatment,46.92,1,56.1,0
3791,control,119.76,0,0.0,0
3792,treatment,59.75,0,0.0,0
3793,control,0.0,0,0.0,0
3794,treatment,0.0,1,31.23,0
3795,treatment,454.0,0,0.0,0
3796,control,502.5,0,0.0,0
3797,treatment,52.46,0,0.0,0
3798,treatment,156.17,1,73.31,0
3799,treatment,40.91,0,0.0,0
3800,control,32.42,0,0.0,0
3801,treatment,38.23,0,0.0,0
3802,treatment,102.32,0,0.0,0
3803,treatment,52.94,0,0.0,0
3804,control,44.2,0,0.0,0
3805,treatment,0.0,0,0.0,0
3806,treatment,183.77,0,0.0,0
3807,control,0.0,0,0.0,0
3808,treatment,0.0,0,0.0,0
3809,treatment,25.16,0,0.0,0
3810,treatment,61.42,0,0.0,0
3811,treatment,286.08,1,37.07,0
3812,treatment,0.0,0,0.0,0
3813,control,0.0,0,0.0,0
3814,treatment,39.6,0,0.0,0
3815,treatment,0.0,0,0.0,0
3816,treatment,70.33,0,0.0,0
3817,treatment,189.96,0,0.0,0
3818,control,0.0,0,0.0,0
3819,treatment,0.0,0,0.0,0
3820,control,33.14,0,0.0,0
3821,control,0.0,0,0.0,0
3822,control,70.92,0,0.0,0
3823,treatment,0.0,0,0.0,0
3824,treatment,0.0,0,0.0,0
3825,control,75.9,0,0.0,0
3826,control,80.61,0,0.0,0
3827,treatment,0.0,0,0.0,0
3828,treatment,18.29,0,0.0,0
3829,treatment,193.38,0,0.0,0
3830,treatment,0.0,0,0.0,0
3831,treatment,25.66,0,0.0,0
3832,control,45.86,0,0.0,0
3833,control,221.19,0,0.0,0
3834,control,201.36,0,0.0,0
3835,control,48.01,1,38.46,0
3836,treatment,40.89,0,0.0,0
3837,treatment,0.0,1,42.22,0
3838,control,0.0,0,0.0,0
3839,control,76.21,0,0.0,0
3840,treatment,78.82,0,0.0,0
3841,treatment,108.26,0,0.0,0
3842,treatment,0.0,1,55.06,0
3843,treatment,57.82,0,0.0,0
3844,treatment,0.0,0,0.0,0
3845,treatment,0.0,1,29.63,0
3846,control,0.0,0,0.0,0
3847,control,74.99,0,0.0,0
3848,treatment,0.0,0,0.0,0
3849,control,0.0,0,0.0,0
3850,treatment,0.0,0,0.0,0
3851,control,57.98,0,0.0,0
3852,treatment,0.0,0,0.0,0
3853,treatment,0.0,0,0.0,0
3854,control,0.0,0,0.0,0
3855,treatment,0.0,1,25.36,0
3856,control,268.01,1,36.11,0
3857,treatment,0.0,0,0.0,0
3858,treatment,0.0,0,0.0,0
3859,control,170.16,0,0.0,0
3860,control,0.0,0,0.0,0
3861,control,0.0,0,0.0,0
3862,control,0.0,0,0.0,0
3863,treatment,0.0,0,0.0,0
3864,treatment,0.0,0,0.0,0
3865,control,0.0,0,0.0,0
3866,treatment,0.0,0,0.0,0
3867,treatment,0.0,0,0.0,0
3868,treatment,0.0,0,0.0,0
3869,control,31.87,0,0.0,0
3870,control,0.0,1,48.8,0
3871,control,0.0,0,0.0,0
3872,treatment,0.0,0,0.0,0
3873,treatment,205.0,0,0.0,0
3874,treatment,0.0,0,0.0,0
3875,treatment,70.1,0,0.0,0
3876,treatment,0.0,0,0.0,0
3877,control,44.49,0,0.0,0
3878,treatment,0.0,0,0.0,0
3879,control,44.64,0,0.0,0
3880,control,0.0,0,0.0,0
3881,control,0.0,0,0.0,0
3882,control,234.32,0,0.0,0
3883,treatment,0.0,0,0.0,0
3884,control,108.32,0,0.0,0
3885,treatment,0.0,0,0.0,0
3886,control,474.25,1,76.3,0
3887,control,225.64,1,96.73,0
3888,treatment,116.18,0,0.0,0
3889,treatment,169.81,0,0.0,0
3890,treatment,30.91,0,0.0,0
3891,control,0.0,1,51.8,0
3892,control,0.0,0,0.0,0
3893,control,504.07,1,46.46,0
3894,control,105.59,0,0.0,0
3895,control,0.0,0,0.0,0
3896,treatment,0.0,0,0.0,0
3897,control,0.0,0,0.0,0
3898,control,0.0,0,0.0,0
3899,control,0.0,0,0.0,0
3900,control,0.0,0,0.0,0
3901,treatment,1655.63,1,210.08,0
3902,treatment,0.0,0,0.0,0
3903,control,138.52,0,0.0,0
3904,control,0.0,0,0.0,0
3905,treatment,509.21,1,25.76,0
3906,treatment,0.0,0,0.0,0
3907,control,120.67,1,31.25,0
3908,treatment,23.21,0,0.0,0
3909,control,168.33,0,0.0,0
3910,control,165.78,0,0.0,0
3911,control,0.0,0,0.0,0
3912,treatment,17.8,0,0.0,0
3913,control,58.89,1,30.99,0
3914,control,0.0,0,0.0,0
3915,treatment,0.0,0,0.0,0
3916,treatment,0.0,0,0.0,0
3917,control,68.9,0,0.0,0
3918,control,69.08,0,0.0,0
3919,treatment,0.0,0,0.0,0
3920,control,1953.81,1,44.13,0
3921,control,258.42,0,0.0,0
3922,control,0.0,0,0.0,0
3923,treatment,26.79,0,0.0,0
3924,treatment,0.0,1,43.1,0
3925,control,77.67,0,0.0,0
3926,treatment,49.41,1,54.62,0
3927,control,65.7,0,0.0,0
3928,treatment,0.0,0,0.0,0
3929,control,19.34,0,0.0,0
3930,control,0.0,0,0.0,0
3931,treatment,122.03,0,0.0,0
3932,control,0.0,1,63.74,0
3933,treatment,261.26,0,0.0,0
3934,treatment,0.0,0,0.0,0
3935,treatment,0.0,0,0.0,0
3936,treatment,133.21,0,0.0,0
3937,control,64.59,0,0.0,0
3938,treatment,0.0,0,0.0,0
3939,treatment,32.53,0,0.0,0
3940,treatment,93.05,0,0.0,0
3941,treatment,74.47,0,0.0,0
3942,control,220.25,1,104.79,0
3943,control,0.0,0,0.0,0
3944,control,70.87,0,0.0,0
3945,control,49.91,0,0.0,0
3946,treatment,74.8,0,0.0,0
3947,treatment,105.82,0,0.0,0
3948,treatment,0.0,0,0.0,0
3949,control,64.46,0,0.0,0
3950,treatment,421.87,0,0.0,0
3951,treatment,158.4,0,0.0,0
3952,control,50.85,1,58.3,0
3953,control,152.15,0,0.0,0
3954,treatment,0.0,0,0.0,0
3955,treatment,0.0,0,0.0,0
3956,control,0.0,0,0.0,0
3957,treatment,0.0,0,0.0,0
3958,treatment,0.0,0,0.0,0
3959,control,0.0,0,0.0,0
3960,treatment,37.35,0,0.0,0
3961,control,114.01,0,0.0,0
3962,control,309.63,1,210.32,0
3963,treatment,0.0,0,0.0,0
3964,treatment,0.0,1,106.23,0
3965,control,0.0,0,0.0,0
3966,treatment,75.52,0,0.0,0
3967,treatment,81.72,0,0.0,0
3968,treatment,0.0,1,53.96,1
3969,control,0.0,0,0.0,0
3970,control,0.0,0,0.0,0
3971,control,0.0,0,0.0,0
3972,control,0.0,0,0.0,0
3973,control,77.36,0,0.0,0
3974,control,0.0,0,0.0,0
3975,treatment,229.28,1,63.49,0
3976,control,0.0,0,0.0,0
3977,treatment,0.0,0,0.0,0
3978,treatment,0.0,0,0.0,0
3979,control,0.0,0,0.0,0
3980,control,0.0,0,0.0,0
3981,control,80.79,1,62.72,0
3982,control,0.0,0,0.0,0
3983,control,256.7,0,0.0,0
3984,treatment,0.0,0,0.0,0
3985,control,0.0,0,0.0,0
3986,control,131.06,0,0.0,0
3987,treatment,0.0,1,47.3,0
3988,treatment,0.0,0,0.0,0
3989,control,138.76,0,0.0,0
3990,control,40.77,0,0.0,0
3991,control,46.72,0,0.0,0
3992,control,78.35,0,0.0,0
3993,treatment,0.0,0,0.0,0
3994,treatment,303.0,0,0.0,0
3995,treatment,0.0,0,0.0,0
3996,treatment,0.0,0,0.0,0
3997,treatment,0.0,0,0.0,0
3998,control,41.33,0,0.0,0
3999,treatment,0.0,0,0.0,0
4000,control,0.0,0,0.0,0
4001,control,0.0,0,0.0,0
4002,control,37.84,0,0.0,0
4003,treatment,305.58,0,0.0,0
4004,treatment,83.83,0,0.0,0
4005,treatment,0.0,0,0.0,0
4006,treatment,0.0,0,0.0,0
4007,treatment,0.0,0,0.0,0
4008,control,43.22,1,45.84,0
4009,control,55.02,0,0.0,0
4010,treatment,62.88,0,0.0,0
4011,control,59.92,0,0.0,0
4012,control,0.0,0,0.0,0
4013,treatment,0.0,0,0.0,0
4014,control,0.0,0,0.0,0
4015,treatment,0.0,1,56.03,0
4016,treatment,23.23,0,0.0,0
4017,control,141.52,0,0.0,0
4018,control,57.48,0,0.0,0
4019,treatment,278.16,0,0.0,0
4020,treatment,0.0,0,0.0,0
4021,control,103.35,0,0.0,0
4022,control,0.0,0,0.0,0
4023,control,0.0,0,0.0,0
4024,control,0.0,0,0.0,0
4025,control,0.0,0,0.0,0
4026,control,0.0,0,0.0,0
4027,treatment,149.58,0,0.0,0
4028,treatment,365.87,0,0.0,0
4029,control,0.0,0,0.0,0
4030,control,244.18,0,0.0,0
4031,treatment,0.0,0,0.0,0
4032,control,0.0,0,0.0,0
4033,control,0.0,0,0.0,0
4034,control,64.12,1,30.15,0
4035,control,712.6,1,28.84,0
4036,control,0.0,0,0.0,0
4037,control,47.42,0,0.0,0
4038,control,0.0,0,0.0,0
4039,treatment,0.0,0,0.0,0
4040,treatment,0.0,0,0.0,0
4041,control,243.02,0,0.0,0
4042,treatment,0.0,0,0.0,0
4043,treatment,0.0,1,63.5,0
4044,treatment,109.99,0,0.0,0
4045,control,0.0,0,0.0,0
4046,control,0.0,0,0.0,0
4047,control,0.0,0,0.0,0
4048,treatment,0.0,0,0.0,0
4049,treatment,0.0,1,46.16,0
4050,control,0.0,0,0.0,0
4051,control,39.77,0,0.0,0
4052,control,70.74,0,0.0,0
4053,control,114.85,0,0.0,0
4054,control,51.7,0,0.0,0
4055,control,0.0,0,0.0,0
4056,control,65.32,0,0.0,0
4057,treatment,0.0,0,0.0,0
4058,treatment,0.0,0,0.0,0
4059,control,0.0,0,0.0,0
4060,control,0.0,0,0.0,0
4061,treatment,0.0,0,0.0,0
4062,control,0.0,0,0.0,0
4063,control,74.81,1,59.15,0
4064,treatment,0.0,0,0.0,0
4065,control,66.52,1,63.49,0
4066,treatment,0.0,0,0.0,0
4067,treatment,0.0,0,0.0,0
4068,control,0.0,0,0.0,0
4069,control,44.77,0,0.0,0
4070,treatment,161.77,0,0.0,0
4071,control,0.0,0,0.0,0
4072,control,48.28,0,0.0,0
4073,treatment,0.0,0,0.0,0
4074,control,107.74,0,0.0,0
4075,treatment,38.88,0,0.0,0
4076,control,900.48,0,0.0,0
4077,control,0.0,0,0.0,0
4078,control,0.0,0,0.0,0
4079,treatment,0.0,0,0.0,0
4080,treatment,0.0,0,0.0,0
4081,treatment,24.85,0,0.0,0
4082,treatment,0.0,0,0.0,0
4083,control,48.42,0,0.0,0
4084,treatment,0.0,0,0.0,0
4085,control,0.0,0,0.0,0
4086,treatment,75.66,0,0.0,0
4087,control,0.0,0,0.0,0
4088,treatment,0.0,0,0.0,0
4089,treatment,45.13,0,0.0,0
4090,treatment,124.33,0,0.0,0
4091,control,0.0,0,0.0,0
4092,control,0.0,1,131.28,0
4093,control,69.73,0,0.0,0
4094,treatment,24.18,0,0.0,0
4095,control,88.8,0,0.0,0
4096,treatment,257.73,0,0.0,0
4097,control,0.0,0,0.0,0
4098,control,282.54,0,0.0,0
4099,control,33.62,1,75.77,0
4100,treatment,189.66,0,0.0,0
4101,control,45.4,0,0.0,0
4102,control,118.94,1,98.67,0
4103,treatment,53.93,0,0.0,0
4104,control,0.0,0,0.0,0
4105,control,0.0,0,0.0,0
4106,treatment,0.0,0,0.0,0
4107,control,75.72,0,0.0,0
4108,control,0.0,0,0.0,0
4109,treatment,0.0,0,0.0,0
4110,control,0.0,0,0.0,0
4111,treatment,142.06,0,0.0,0
4112,treatment,116.45,1,44.04,0
4113,treatment,0.0,0,0.0,0
4114,control,0.0,0,0.0,0
4115,treatment,48.94,0,0.0,0
4116,control,0.0,0,0.0,0
4117,control,48.72,0,0.0,0
4118,control,0.0,0,0.0,0
4119,control,0.0,0,0.0,0
4120,control,0.0,1,72.19,0
4121,control,50.0,0,0.0,0
4122,control,0.0,0,0.0,0
4123,treatment,48.89,0,0.0,0
4124,treatment,171.24,0,0.0,0
4125,control,0.0,0,0.0,0
4126,treatment,200.77,0,0.0,0
4127,treatment,600.43,0,0.0,0
4128,control,0.0,0,0.0,0
4129,treatment,55.47,0,0.0,0
4130,treatment,0.0,0,0.0,0
4131,treatment,0.0,0,0.0,0
4132,treatment,0.0,0,0.0,0
4133,control,0.0,0,0.0,0
4134,treatment,0.0,1,22.37,0
4135,control,0.0,0,0.0,0
4136,treatment,0.0,1,27.19,0
4137,treatment,0.0,0,0.0,0
4138,treatment,0.0,0,0.0,0
4139,control,0.0,0,0.0,0
4140,control,0.0,0,0.0,0
4141,treatment,160.03,0,0.0,0
4142,treatment,0.0,0,0.0,0
4143,treatment,359.89,1,57.6,0
4144,control,357.24,0,0.0,0
4145,treatment,0.0,1,36.25,0
4146,treatment,450.53,1,117.78,0
4147,control,0.0,0,0.0,0
4148,treatment,0.0,0,0.0,0
4149,control,0.0,0,0.0,0
4150,control,34.09,0,0.0,0
4151,control,0.0,0,0.0,0
4152,treatment,95.71,0,0.0,0
4153,control,90.5,0,0.0,0
4154,treatment,59.24,0,0.0,0
4155,control,568.72,1,70.2,0
4156,treatment,0.0,0,0.0,0
4157,control,0.0,0,0.0,0
4158,treatment,0.0,0,0.0,0
4159,control,101.56,0,0.0,0
4160,control,0.0,0,0.0,0
4161,treatment,0.0,0,0.0,0
4162,control,0.0,0,0.0,0
4163,treatment,40.61,0,0.0,0
4164,treatment,0.0,0,0.0,0
4165,control,61.93,0,0.0,0
4166,treatment,297.12,0,0.0,0
4167,control,0.0,1,19.35,0
4168,control,0.0,0,0.0,0
4169,control,33.39,0,0.0,0
4170,control,47.28,0,0.0,0
4171,treatment,60.36,0,0.0,0
4172,treatment,0.0,0,0.0,0
4173,control,0.0,0,0.0,0
4174,treatment,0.0,0,0.0,0
4175,treatment,0.0,0,0.0,0
4176,treatment,0.0,0,0.0,0
4177,treatment,0.0,0,0.0,0
4178,treatment,0.0,0,0.0,0
4179,treatment,485.74,1,78.09,0
4180,control,0.0,0,0.0,0
4181,treatment,116.88,0,0.0,0
4182,control,0.0,0,0.0,0
4183,treatment,0.0,0,0.0,0
4184,control,0.0,0,0.0,0
4185,control,76.22,0,0.0,0
4186,control,171.89,0,0.0,0
4187,treatment,113.59,0,0.0,0
4188,treatment,0.0,0,0.0,0
4189,treatment,42.06,0,0.0,0
4190,treatment,0.0,1,89.97,0
4191,treatment,0.0,0,0.0,0
4192,control,0.0,0,0.0,0
4193,control,0.0,0,0.0,0
4194,control,0.0,0,0.0,0
4195,treatment,0.0,0,0.0,0
4196,control,0.0,0,0.0,0
4197,treatment,0.0,0,0.0,0
4198,treatment,0.0,0,0.0,0
4199,control,146.51,0,0.0,0
4200,treatment,0.0,0,0.0,0
4201,treatment,0.0,0,0.0,0
4202,control,0.0,0,0.0,0
4203,treatment,0.0,0,0.0,0
4204,control,0.0,0,0.0,0
4205,treatment,0.0,0,0.0,0
4206,control,162.24,0,0.0,0
4207,control,148.38,0,0.0,0
4208,treatment,220.25,1,41.88,0
4209,control,0.0,1,30.8,0
4210,control,0.0,0,0.0,0
4211,treatment,0.0,0,0.0,0
4212,treatment,0.0,0,0.0,0
4213,treatment,0.0,0,0.0,0
4214,treatment,0.0,0,0.0,0
4215,control,140.36,0,0.0,0
4216,treatment,0.0,1,47.64,0
4217,control,80.48,1,62.93,0
4218,control,35.04,0,0.0,0
4219,treatment,24.2,0,0.0,0
4220,treatment,82.43,0,0.0,0
4221,treatment,0.0,0,0.0,0
4222,treatment,0.0,1,46.99,0
4223,treatment,195.27,1,111.08,0
4224,treatment,66.5,1,27.09,0
4225,treatment,0.0,0,0.0,0
4226,treatment,0.0,0,0.0,0
4227,control,209.83,1,63.19,0
4228,control,65.85,0,0.0,0
4229,control,0.0,0,0.0,0
4230,treatment,0.0,0,0.0,0
4231,control,0.0,0,0.0,0
4232,treatment,15.85,0,0.0,0
4233,control,0.0,0,0.0,0
4234,control,0.0,0,0.0,0
4235,treatment,159.65,1,69.55,0
4236,treatment,0.0,0,0.0,0
4237,control,31.99,0,0.0,0
4238,control,55.89,0,0.0,0
4239,treatment,0.0,0,0.0,0
4240,treatment,0.0,0,0.0,0
4241,treatment,49.9,0,0.0,0
4242,control,39.38,0,0.0,0
4243,treatment,165.12,1,86.87,0
4244,treatment,99.34,0,0.0,0
4245,treatment,72.45,0,0.0,0
4246,control,0.0,0,0.0,0
4247,treatment,0.0,1,39.3,0
4248,treatment,0.0,0,0.0,0
4249,control,0.0,1,21.52,0
4250,control,73.6,0,0.0,0
4251,treatment,50.64,1,43.42,0
4252,treatment,0.0,0,0.0,0
4253,treatment,0.0,0,0.0,0
4254,treatment,0.0,0,0.0,0
4255,treatment,0.0,0,0.0,0
4256,control,0.0,0,0.0,0
4257,treatment,0.0,0,0.0,0
4258,control,80.6,1,24.89,0
4259,treatment,0.0,0,0.0,0
4260,treatment,105.73,0,0.0,0
4261,treatment,0.0,0,0.0,0
4262,control,209.11,0,0.0,0
4263,treatment,0.0,0,0.0,0
4264,treatment,0.0,0,0.0,0
4265,control,55.65,0,0.0,0
4266,control,199.59,0,0.0,0
4267,treatment,0.0,0,0.0,0
4268,treatment,172.28,0,0.0,0
4269,control,0.0,0,0.0,0
4270,control,0.0,0,0.0,0
4271,control,66.12,0,0.0,0
4272,control,134.49,0,0.0,0
4273,control,0.0,0,0.0,0
4274,treatment,349.62,0,0.0,0
4275,treatment,16.65,0,0.0,0
4276,treatment,0.0,0,0.0,0
4277,treatment,12.24,0,0.0,0
4278,control,81.99,0,0.0,0
4279,control,252.17,1,121.46,0
4280,control,0.0,0,0.0,0
4281,control,0.0,0,0.0,0
4282,treatment,111.9,1,140.43,0
4283,treatment,1650.38,1,110.93,0
4284,treatment,272.91,1,50.51,0
4285,control,81.76,0,0.0,0
4286,treatment,0.0,0,0.0,0
4287,treatment,0.0,0,0.0,0
4288,treatment,100.6,0,0.0,0
4289,control,0.0,0,0.0,0
4290,control,77.67,0,0.0,0
4291,control,0.0,0,0.0,0
4292,treatment,0.0,0,0.0,0
4293,control,56.05,0,0.0,0
4294,treatment,0.0,1,27.32,0
4295,control,38.24,0,0.0,0
4296,control,181.83,0,0.0,0
4297,treatment,0.0,0,0.0,0
4298,treatment,0.0,0,0.0,0
4299,control,75.52,0,0.0,0
4300,treatment,192.89,1,152.65,0
4301,control,0.0,0,0.0,0
4302,treatment,0.0,0,0.0,0
4303,control,1818.32,1,62.74,0
4304,control,0.0,0,0.0,0
4305,treatment,0.0,0,0.0,0
4306,control,0.0,0,0.0,0
4307,treatment,142.79,0,0.0,0
4308,control,149.56,0,0.0,0
4309,control,40.21,0,0.0,0
4310,treatment,0.0,0,0.0,0
4311,control,0.0,0,0.0,0
4312,treatment,0.0,0,0.0,0
4313,treatment,61.04,1,29.48,0
4314,control,0.0,0,0.0,0
4315,control,0.0,0,0.0,0
4316,control,0.0,0,0.0,0
4317,treatment,496.38,0,0.0,0
4318,treatment,99.41,0,0.0,0
4319,treatment,0.0,0,0.0,0
4320,treatment,503.97,1,34.5,0
4321,treatment,276.01,0,0.0,0
4322,treatment,0.0,0,0.0,0
4323,control,0.0,0,0.0,0
4324,control,0.0,0,0.0,0
4325,treatment,80.25,0,0.0,0
4326,treatment,0.0,0,0.0,0
4327,control,104.19,0,0.0,0
4328,treatment,0.0,0,0.0,0
4329,control,0.0,0,0.0,0
4330,treatment,0.0,0,0.0,0
4331,control,72.57,0,0.0,0
4332,treatment,0.0,0,0.0,0
4333,treatment,0.0,1,81.44,0
4334,control,0.0,1,68.47,0
4335,treatment,153.47,0,0.0,0
4336,control,38.99,0,0.0,0
4337,treatment,0.0,0,0.0,0
4338,treatment,0.0,0,0.0,0
4339,treatment,0.0,0,0.0,0
4340,treatment,116.18,0,0.0,0
4341,treatment,47.5,0,0.0,0
4342,treatment,0.0,0,0.0,0
4343,control,0.0,0,0.0,0
4344,treatment,99.63,1,88.65,0
4345,control,0.0,0,0.0,0
4346,control,81.77,0,0.0,0
4347,control,114.55,0,0.0,0
4348,control,209.43,1,72.14,0
4349,treatment,340.17,1,55.08,0
4350,treatment,0.0,0,0.0,0
4351,control,0.0,0,0.0,0
4352,treatment,53.88,0,0.0,0
4353,treatment,326.14,0,0.0,0
4354,control,0.0,0,0.0,0
4355,treatment,0.0,0,0.0,0
4356,control,195.82,0,0.0,0
4357,treatment,0.0,1,74.31,0
4358,control,0.0,0,0.0,0
4359,treatment,0.0,0,0.0,0
4360,control,0.0,0,0.0,0
4361,control,132.96,0,0.0,0
4362,treatment,0.0,0,0.0,0
4363,treatment,52.16,0,0.0,0
4364,treatment,0.0,0,0.0,0
4365,treatment,197.8,0,0.0,0
4366,treatment,0.0,0,0.0,0
4367,treatment,56.51,0,0.0,0
4368,control,0.0,0,0.0,0
4369,treatment,49.46,0,0.0,0
4370,treatment,29.89,0,0.0,0
4371,control,41.02,0,0.0,0
4372,control,0.0,0,0.0,0
4373,control,0.0,0,0.0,0
4374,control,0.0,0,0.0,0
4375,treatment,0.0,0,0.0,0
4376,control,0.0,0,0.0,0
4377,control,70.67,1,99.18,0
4378,control,34.64,0,0.0,0
4379,treatment,214.95,1,167.53,0
4380,treatment,81.78,0,0.0,0
4381,treatment,0.0,0,0.0,0
4382,treatment,0.0,0,0.0,0
4383,treatment,0.0,0,0.0,0
4384,control,38.52,0,0.0,0
4385,control,0.0,0,0.0,0
4386,control,0.0,0,0.0,0
4387,control,0.0,0,0.0,0
4388,control,25.12,0,0.0,0
4389,treatment,56.52,0,0.0,0
4390,control,0.0,0,0.0,0
4391,control,0.0,0,0.0,0
4392,control,0.0,1,37.0,0
4393,control,0.0,0,0.0,0
4394,treatment,0.0,0,0.0,0
4395,control,48.33,0,0.0,0
4396,treatment,66.05,0,0.0,0
4397,treatment,211.7,0,0.0,0
4398,control,74.61,0,0.0,0
4399,treatment,0.0,0,0.0,0
4400,control,0.0,0,0.0,0
4401,control,0.0,0,0.0,0
4402,treatment,110.14,0,0.0,0
4403,control,0.0,0,0.0,0
4404,control,52.99,0,0.0,0
4405,control,0.0,0,0.0,0
4406,control,0.0,1,75.71,0
4407,treatment,48.24,0,0.0,0
4408,control,0.0,0,0.0,0
4409,control,0.0,0,0.0,0
4410,treatment,45.65,0,0.0,0
4411,control,0.0,0,0.0,0
4412,treatment,0.0,1,66.07,0
4413,control,0.0,0,0.0,0
4414,control,0.0,0,0.0,0
4415,control,24.19,0,0.0,0
4416,treatment,339.77,0,0.0,0
4417,treatment,0.0,0,0.0,0
4418,treatment,95.89,0,0.0,0
4419,treatment,64.04,0,0.0,0
4420,treatment,46.26,0,0.0,0
4421,control,0.0,0,0.0,0
4422,treatment,101.11,1,84.91,0
4423,control,55.49,0,0.0,0
4424,treatment,182.12,0,0.0,0
4425,control,114.21,0,0.0,0
4426,treatment,0.0,0,0.0,0
4427,control,0.0,0,0.0,0
4428,control,0.0,0,0.0,0
4429,treatment,58.15,0,0.0,0
4430,control,305.35,0,0.0,0
4431,control,0.0,0,0.0,0
4432,treatment,185.4,0,0.0,0
4433,treatment,53.78,0,0.0,0
4434,treatment,29.43,0,0.0,0
4435,treatment,0.0,0,0.0,0
4436,control,0.0,0,0.0,0
4437,treatment,69.59,0,0.0,0
4438,control,0.0,0,0.0,0
4439,treatment,0.0,0,0.0,0
4440,control,57.51,0,0.0,0
4441,treatment,112.39,1,224.97,1
4442,treatment,77.95,0,0.0,0
4443,control,0.0,0,0.0,0
4444,treatment,0.0,0,0.0,0
4445,control,203.82,0,0.0,0
4446,treatment,168.37,1,32.57,0
4447,treatment,64.41,0,0.0,0
4448,treatment,0.0,0,0.0,0
4449,control,141.07,0,0.0,0
4450,control,0.0,0,0.0,0
4451,treatment,32.8,0,0.0,0
4452,control,0.0,0,0.0,0
4453,control,0.0,0,0.0,0
4454,treatment,0.0,1,91.83,0
4455,control,0.0,0,0.0,0
4456,control,0.0,0,0.0,0
4457,treatment,0.0,0,0.0,0
4458,treatment,363.16,0,0.0,0
4459,control,0.0,0,0.0,0
4460,treatment,0.0,0,0.0,0
4461,control,33.14,0,0.0,0
4462,treatment,112.27,0,0.0,0
4463,treatment,0.0,0,0.0,0
4464,treatment,0.0,0,0.0,0
4465,control,48.19,0,0.0,0
4466,treatment,0.0,1,71.57,0
4467,control,0.0,0,0.0,0
4468,treatment,0.0,0,0.0,0
4469,treatment,0.0,0,0.0,0
4470,control,0.0,0,0.0,0
4471,treatment,0.0,0,0.0,0
4472,control,0.0,0,0.0,0
4473,treatment,56.75,0,0.0,0
4474,treatment,0.0,0,0.0,0
4475,treatment,27.75,0,0.0,0
4476,treatment,0.0,0,0.0,0
4477,treatment,0.0,0,0.0,0
4478,control,0.0,0,0.0,0
4479,control,0.0,0,0.0,0
4480,treatment,0.0,0,0.0,0
4481,treatment,382.39,0,0.0,0
4482,treatment,0.0,0,0.0,0
4483,treatment,0.0,0,0.0,0
4484,treatment,46.12,0,0.0,0
4485,treatment,0.0,0,0.0,0
4486,control,0.0,0,0.0,0
4487,control,60.53,0,0.0,0
4488,treatment,0.0,0,0.0,0
4489,control,101.0,0,0.0,0
4490,treatment,81.35,0,0.0,0
4491,control,308.39,0,0.0,0
4492,treatment,0.0,0,0.0,0
4493,control,0.0,0,0.0,0
4494,control,0.0,0,0.0,0
4495,control,234.31,1,28.45,0
4496,treatment,0.0,0,0.0,0
4497,treatment,478.66,1,101.06,0
4498,control,0.0,0,0.0,0
4499,treatment,0.0,0,0.0,0
4500,control,0.0,0,0.0,0
4501,control,0.0,0,0.0,0
4502,treatment,30.44,0,0.0,0
4503,control,0.0,1,52.57,0
4504,treatment,93.32,0,0.0,0
4505,treatment,0.0,0,0.0,0
4506,control,72.55,0,0.0,0
4507,control,0.0,0,0.0,0
4508,control,84.85,0,0.0,0
4509,control,86.4,0,0.0,0
4510,control,0.0,0,0.0,0
4511,control,0.0,0,0.0,0
4512,treatment,49.54,0,0.0,0
4513,control,154.98,0,0.0,0
4514,treatment,35.92,0,0.0,0
4515,treatment,0.0,0,0.0,0
4516,control,54.04,0,0.0,0
4517,treatment,0.0,0,0.0,0
4518,treatment,0.0,0,0.0,0
4519,treatment,0.0,0,0.0,0
4520,treatment,0.0,0,0.0,0
4521,treatment,0.0,0,0.0,0
4522,control,0.0,0,0.0,0
4523,treatment,0.0,0,0.0,0
4524,control,124.51,0,0.0,0
4525,control,87.87,0,0.0,0
4526,control,30.67,0,0.0,0
4527,treatment,0.0,0,0.0,0
4528,control,409.99,1,28.18,1
4529,control,0.0,1,56.34,1
4530,control,119.25,0,0.0,0
4531,treatment,172.75,1,76.5,0
4532,treatment,0.0,0,0.0,0
4533,treatment,67.02,0,0.0,0
4534,control,42.93,0,0.0,0
4535,control,0.0,0,0.0,0
4536,treatment,1211.18,1,56.62,0
4537,control,0.0,0,0.0,0
4538,control,0.0,0,0.0,0
4539,control,0.0,0,0.0,0
4540,control,299.33,0,0.0,0
4541,treatment,0.0,0,0.0,0
4542,control,0.0,0,0.0,0
4543,control,50.09,0,0.0,0
4544,control,113.7,0,0.0,0
4545,treatment,0.0,0,0.0,0
4546,treatment,75.33,0,0.0,0
4547,control,0.0,0,0.0,0
4548,treatment,27.88,0,0.0,0
4549,control,506.17,1,55.67,0
4550,control,0.0,0,0.0,0
4551,control,0.0,0,0.0,0
4552,control,105.79,0,0.0,0
4553,control,0.0,0,0.0,0
4554,control,184.1,0,0.0,0
4555,control,540.89,1,123.35,1
4556,control,0.0,0,0.0,0
4557,control,69.1,0,0.0,0
4558,control,55.34,0,0.0,0
4559,control,34.61,0,0.0,0
4560,treatment,101.08,0,0.0,0
4561,treatment,39.38,0,0.0,0
4562,control,105.08,0,0.0,0
4563,treatment,0.0,0,0.0,0
4564,treatment,93.9,0,0.0,0
4565,treatment,35.61,0,0.0,0
4566,control,94.39,0,0.0,0
4567,control,0.0,0,0.0,0
4568,treatment,171.26,0,0.0,0
4569,control,58.08,0,0.0,0
4570,control,0.0,0,0.0,0
4571,control,0.0,0,0.0,0
4572,control,0.0,0,0.0,0
4573,treatment,0.0,0,0.0,0
4574,control,28.5,0,0.0,0
4575,treatment,123.96,0,0.0,0
4576,treatment,110.44,0,0.0,0
4577,control,0.0,0,0.0,0
4578,control,193.18,0,0.0,0
4579,control,0.0,0,0.0,0
4580,control,69.53,1,133.21,0
4581,treatment,0.0,0,0.0,0
4582,control,0.0,0,0.0,0
4583,treatment,22.45,1,66.94,0
4584,treatment,194.62,0,0.0,0
4585,treatment,36.66,0,0.0,0
4586,treatment,0.0,0,0.0,0
4587,control,0.0,0,0.0,0
4588,control,903.54,1,89.09,0
4589,control,0.0,0,0.0,0
4590,control,89.38,0,0.0,0
4591,control,0.0,0,0.0,0
4592,treatment,90.34,1,59.44,0
4593,control,0.0,0,0.0,0
4594,treatment,0.0,0,0.0,0
4595,control,0.0,0,0.0,0
4596,control,0.0,0,0.0,0
4597,treatment,29.13,0,0.0,0
4598,treatment,119.21,0,0.0,0
4599,treatment,0.0,0,0.0,0
4600,control,90.42,0,0.0,0
4601,control,0.0,0,0.0,0
4602,treatment,0.0,0,0.0,0
4603,control,52.38,0,0.0,0
4604,control,0.0,0,0.0,0
4605,treatment,0.0,0,0.0,0
4606,control,0.0,0,0.0,0
4607,control,0.0,0,0.0,0
4608,control,45.33,0,0.0,0
4609,treatment,0.0,1,40.03,0
4610,treatment,0.0,0,0.0,0
4611,treatment,549.48,0,0.0,0
4612,control,0.0,0,0.0,0
4613,control,0.0,0,0.0,0
4614,treatment,0.0,0,0.0,0
4615,control,133.26,0,0.0,0
4616,treatment,58.95,0,0.0,0
4617,treatment,0.0,0,0.0,0
4618,control,31.34,0,0.0,0
4619,treatment,0.0,0,0.0,0
4620,control,0.0,0,0.0,0
4621,control,174.87,1,43.37,0
4622,treatment,38.28,0,0.0,0
4623,control,0.0,0,0.0,0
4624,treatment,67.5,0,0.0,0
4625,control,0.0,0,0.0,0
4626,control,0.0,1,56.94,0
4627,control,61.34,0,0.0,0
4628,treatment,34.93,0,0.0,0
4629,treatment,54.16,0,0.0,0
4630,control,0.0,1,25.19,0
4631,treatment,0.0,0,0.0,0
4632,treatment,282.9,1,54.55,0
4633,control,0.0,0,0.0,0
4634,treatment,129.88,0,0.0,0
4635,control,0.0,0,0.0,0
4636,control,0.0,0,0.0,0
4637,treatment,121.91,0,0.0,0
4638,treatment,0.0,0,0.0,0
4639,control,0.0,0,0.0,0
4640,control,0.0,0,0.0,0
4641,treatment,0.0,1,63.08,0
4642,control,127.93,0,0.0,0
4643,treatment,0.0,0,0.0,0
4644,treatment,0.0,0,0.0,0
4645,control,0.0,0,0.0,0
4646,control,0.0,0,0.0,0
4647,treatment,211.09,0,0.0,0
4648,control,0.0,1,31.51,0
4649,treatment,305.44,0,0.0,0
4650,control,57.26,0,0.0,0
4651,treatment,59.26,0,0.0,0
4652,treatment,113.33,0,0.0,0
4653,control,58.11,0,0.0,0
4654,control,0.0,0,0.0,0
4655,treatment,0.0,1,41.39,0
4656,treatment,71.69,0,0.0,0
4657,control,0.0,0,0.0,0
4658,treatment,0.0,0,0.0,0
4659,control,0.0,0,0.0,0
4660,control,61.68,0,0.0,0
4661,treatment,328.28,1,134.67,0
4662,control,50.96,1,55.22,0
4663,treatment,49.48,0,0.0,0
4664,treatment,76.88,0,0.0,0
4665,treatment,37.56,0,0.0,0
4666,control,73.68,0,0.0,0
4667,treatment,125.77,0,0.0,0
4668,treatment,183.54,0,0.0,0
4669,treatment,66.22,0,0.0,0
4670,control,0.0,0,0.0,0
4671,control,0.0,0,0.0,0
4672,treatment,0.0,0,0.0,0
4673,control,0.0,0,0.0,0
4674,treatment,54.56,0,0.0,0
4675,control,0.0,0,0.0,0
4676,control,52.74,0,0.0,0
4677,treatment,535.47,1,44.1,0
4678,treatment,90.92,0,0.0,0
4679,treatment,32.07,0,0.0,0
4680,control,0.0,0,0.0,0
4681,treatment,161.47,0,0.0,0
4682,control,0.0,0,0.0,0
4683,control,0.0,0,0.0,0
4684,control,0.0,0,0.0,0
4685,control,0.0,0,0.0,0
4686,treatment,79.35,0,0.0,0
4687,treatment,0.0,0,0.0,0
4688,treatment,43.97,1,104.79,0
4689,treatment,61.96,0,0.0,0
4690,control,631.36,1,111.08,0
4691,treatment,191.47,1,103.66,0
4692,control,0.0,0,0.0,0
4693,treatment,0.0,0,0.0,0
4694,treatment,0.0,0,0.0,0
4695,control,0.0,0,0.0,0
4696,treatment,0.0,0,0.0,0
4697,control,123.58,1,48.85,0
4698,treatment,30.26,0,0.0,0
4699,treatment,146.71,1,118.9,0
4700,control,0.0,0,0.0,0
4701,treatment,60.15,0,0.0,0
4702,control,0.0,0,0.0,0
4703,treatment,0.0,0,0.0,0
4704,control,0.0,0,0.0,0
4705,treatment,51.74,0,0.0,0
4706,control,52.62,0,0.0,0
4707,treatment,0.0,0,0.0,0
4708,treatment,0.0,0,0.0,0
4709,control,0.0,0,0.0,0
4710,control,39.94,1,48.09,0
4711,treatment,113.09,0,0.0,0
4712,control,0.0,0,0.0,0
4713,control,0.0,0,0.0,0
4714,treatment,47.14,0,0.0,0
4715,treatment,99.05,1,94.68,0
4716,treatment,0.0,0,0.0,0
4717,control,0.0,0,0.0,0
4718,control,0.0,0,0.0,0
4719,control,0.0,0,0.0,0
4720,control,0.0,0,0.0,0
4721,treatment,0.0,0,0.0,0
4722,treatment,878.27,0,0.0,0
4723,control,0.0,0,0.0,0
4724,control,0.0,0,0.0,0
4725,control,0.0,0,0.0,0
4726,treatment,29.11,0,0.0,0
4727,control,134.71,0,0.0,0
4728,control,36.3,1,73.42,0
4729,treatment,223.89,1,59.26,1
4730,control,24.98,0,0.0,0
4731,treatment,68.71,0,0.0,0
4732,treatment,0.0,0,0.0,0
4733,treatment,44.3,0,0.0,0
4734,control,0.0,1,87.15,0
4735,control,51.3,0,0.0,0
4736,treatment,0.0,0,0.0,0
4737,treatment,132.89,0,0.0,0
4738,control,0.0,1,36.48,1
4739,treatment,65.26,0,0.0,0
4740,control,0.0,0,0.0,0
4741,control,100.02,0,0.0,0
4742,control,0.0,1,77.22,0
4743,treatment,27.51,0,0.0,0
4744,control,0.0,0,0.0,0
4745,control,0.0,0,0.0,0
4746,control,313.65,0,0.0,0
4747,control,36.51,0,0.0,0
4748,control,0.0,0,0.0,0
4749,control,60.75,0,0.0,0
4750,treatment,74.04,0,0.0,0
4751,control,0.0,0,0.0,0
4752,treatment,24.1,1,43.53,0
4753,control,0.0,0,0.0,0
4754,treatment,117.85,0,0.0,0
4755,treatment,112.47,0,0.0,0
4756,control,0.0,0,0.0,0
4757,treatment,31.92,0,0.0,0
4758,treatment,0.0,0,0.0,0
4759,control,0.0,0,0.0,0
4760,control,232.49,0,0.0,0
4761,treatment,0.0,0,0.0,0
4762,treatment,0.0,0,0.0,0
4763,control,44.87,0,0.0,0
4764,control,61.24,1,99.11,0
4765,treatment,0.0,0,0.0,0
4766,treatment,134.02,0,0.0,0
4767,control,22.2,0,0.0,0
4768,treatment,0.0,0,0.0,0
4769,treatment,102.19,1,35.22,0
4770,treatment,0.0,0,0.0,0
4771,control,57.76,0,0.0,0
4772,control,0.0,0,0.0,0
4773,treatment,34.71,0,0.0,0
4774,treatment,0.0,1,151.05,0
4775,treatment,214.38,1,20.02,0
4776,control,0.0,0,0.0,0
4777,treatment,0.0,0,0.0,0
4778,control,0.0,0,0.0,0
4779,control,0.0,1,51.79,1
4780,control,0.0,0,0.0,0
4781,treatment,312.04,1,204.23,0
4782,control,0.0,0,0.0,0
4783,treatment,30.29,1,25.13,0
4784,treatment,0.0,0,0.0,0
4785,control,63.62,0,0.0,0
4786,treatment,0.0,0,0.0,0
4787,treatment,0.0,1,71.34,0
4788,control,0.0,0,0.0,0
4789,treatment,0.0,0,0.0,0
4790,treatment,42.35,0,0.0,0
4791,treatment,0.0,0,0.0,0
4792,control,66.16,0,0.0,0
4793,treatment,113.78,0,0.0,0
4794,control,0.0,0,0.0,0
4795,control,0.0,0,0.0,0
4796,control,45.21,0,0.0,0
4797,treatment,47.46,0,0.0,0
4798,control,0.0,0,0.0,0
4799,control,0.0,0,0.0,0
4800,treatment,0.0,1,78.42,0
4801,control,0.0,0,0.0,0
4802,control,0.0,0,0.0,0
4803,control,43.86,0,0.0,0
4804,control,0.0,0,0.0,0
4805,control,59.02,0,0.0,0
4806,control,79.17,0,0.0,0
4807,treatment,0.0,0,0.0,0
4808,treatment,0.0,0,0.0,0
4809,control,0.0,0,0.0,0
4810,control,84.14,0,0.0,0
4811,treatment,0.0,0,0.0,0
4812,control,0.0,0,0.0,0
4813,treatment,0.0,0,0.0,0
4814,treatment,603.86,1,66.35,0
4815,control,57.01,0,0.0,0
4816,treatment,94.55,0,0.0,0
4817,control,0.0,0,0.0,0
4818,control,0.0,1,40.94,0
4819,treatment,0.0,0,0.0,0
4820,control,0.0,0,0.0,0
4821,treatment,0.0,0,0.0,0
4822,control,36.32,0,0.0,0
4823,control,153.49,0,0.0,0
4824,control,82.18,0,0.0,0
4825,control,0.0,0,0.0,0
4826,control,43.39,0,0.0,0
4827,treatment,42.05,0,0.0,0
4828,control,60.94,1,65.76,0
4829,treatment,0.0,0,0.0,0
4830,treatment,70.56,0,0.0,0
4831,treatment,0.0,0,0.0,0
4832,control,70.39,0,0.0,0
4833,control,110.58,0,0.0,0
4834,treatment,272.41,0,0.0,0
4835,treatment,43.64,0,0.0,0
4836,treatment,96.06,0,0.0,0
4837,control,99.43,0,0.0,0
4838,control,42.75,0,0.0,0
4839,treatment,101.58,0,0.0,0
4840,treatment,48.01,1,60.23,0
4841,treatment,0.0,0,0.0,0
4842,control,55.14,0,0.0,0
4843,control,0.0,0,0.0,0
4844,treatment,106.19,0,0.0,0
4845,control,0.0,0,0.0,0
4846,control,0.0,0,0.0,0
4847,control,0.0,0,0.0,0
4848,treatment,54.47,0,0.0,0
4849,treatment,0.0,0,0.0,0
4850,control,46.56,1,62.84,0
4851,treatment,269.82,0,0.0,0
4852,treatment,31.39,0,0.0,0
4853,treatment,119.67,0,0.0,0
4854,control,44.26,0,0.0,0
4855,control,61.08,0,0.0,0
4856,control,0.0,0,0.0,0
4857,control,0.0,0,0.0,0
4858,control,0.0,0,0.0,0
4859,treatment,75.81,0,0.0,0
4860,treatment,206.84,1,193.44,0
4861,control,69.84,0,0.0,0
4862,treatment,59.61,0,0.0,0
4863,treatment,0.0,0,0.0,0
4864,treatment,80.2,0,0.0,0
4865,treatment,173.7,0,0.0,0
4866,control,0.0,0,0.0,0
4867,control,39.82,0,0.0,0
4868,treatment,0.0,0,0.0,0
4869,treatment,156.81,0,0.0,0
4870,treatment,0.0,0,0.0,0
4871,control,0.0,0,0.0,0
4872,treatment,71.36,0,0.0,0
4873,treatment,0.0,0,0.0,0
4874,treatment,81.04,1,80.65,1
4875,control,0.0,0,0.0,0
4876,treatment,0.0,0,0.0,0
4877,treatment,187.8,1,201.61,0
4878,control,0.0,0,0.0,0
4879,treatment,0.0,0,0.0,0
4880,treatment,0.0,0,0.0,0
4881,treatment,161.49,0,0.0,0
4882,treatment,0.0,0,0.0,0
4883,control,141.08,0,0.0,0
4884,control,0.0,0,0.0,0
4885,control,0.0,0,0.0,0
4886,treatment,0.0,0,0.0,0
4887,control,0.0,0,0.0,0
4888,treatment,0.0,0,0.0,0
4889,treatment,86.6,0,0.0,0
4890,control,0.0,0,0.0,0
4891,treatment,0.0,0,0.0,0
4892,control,0.0,0,0.0,0
4893,control,0.0,0,0.0,0
4894,treatment,0.0,0,0.0,0
4895,treatment,79.17,0,0.0,0
4896,treatment,91.18,1,31.27,0
4897,control,0.0,0,0.0,0
4898,treatment,0.0,1,32.66,0
4899,treatment,469.32,0,0.0,0
4900,control,251.25,1,175.93,0
4901,control,0.0,0,0.0,0
4902,treatment,109.49,0,0.0,0
4903,control,0.0,0,0.0,0
4904,control,0.0,0,0.0,0
4905,treatment,0.0,0,0.0,0
4906,treatment,0.0,0,0.0,0
4907,treatment,110.81,1,40.36,0
4908,treatment,0.0,0,0.0,0
4909,control,67.99,0,0.0,0
4910,treatment,108.36,0,0.0,0
4911,control,0.0,0,0.0,0
4912,control,0.0,0,0.0,0
4913,control,0.0,0,0.0,0
4914,treatment,235.63,1,45.36,0
4915,control,119.46,0,0.0,0
4916,treatment,0.0,0,0.0,0
4917,control,70.93,0,0.0,0
4918,treatment,0.0,0,0.0,0
4919,treatment,0.0,0,0.0,0
4920,treatment,0.0,0,0.0,0
4921,treatment,0.0,0,0.0,0
4922,treatment,0.0,0,0.0,0
4923,control,104.36,1,74.65,0
4924,control,0.0,1,99.84,0
4925,control,0.0,0,0.0,0
4926,treatment,0.0,0,0.0,0
4927,treatment,66.71,1,88.23,0
4928,treatment,193.67,1,172.28,0
4929,control,0.0,0,0.0,0
4930,control,0.0,0,0.0,0
4931,treatment,0.0,0,0.0,0
4932,treatment,146.06,0,0.0,0
4933,treatment,0.0,0,0.0,0
4934,treatment,18.99,0,0.0,0
4935,treatment,0.0,0,0.0,0
4936,treatment,0.0,0,0.0,0
4937,control,111.45,0,0.0,0
4938,control,241.9,0,0.0,0
4939,treatment,0.0,0,0.0,0
4940,control,75.53,1,45.4,0
4941,treatment,0.0,0,0.0,0
4942,control,271.57,1,49.66,0
4943,treatment,354.77,0,0.0,0
4944,control,209.54,0,0.0,0
4945,treatment,0.0,0,0.0,0
4946,control,0.0,0,0.0,0
4947,control,25.16,0,0.0,0
4948,treatment,76.47,0,0.0,0
4949,treatment,276.03,1,69.96,0
4950,control,0.0,0,0.0,0
4951,control,67.39,0,0.0,0
4952,control,75.88,0,0.0,0
4953,control,25.86,0,0.0,0
4954,control,35.98,0,0.0,0
4955,control,46.77,0,0.0,0
4956,control,92.42,0,0.0,0
4957,treatment,0.0,0,0.0,0
4958,treatment,0.0,0,0.0,0
4959,control,0.0,0,0.0,0
4960,control,0.0,0,0.0,0
4961,control,121.12,0,0.0,0
4962,control,0.0,0,0.0,0
4963,control,0.0,0,0.0,0
4964,treatment,87.41,0,0.0,0
4965,treatment,0.0,0,0.0,0
4966,treatment,0.0,0,0.0,0
4967,control,111.45,0,0.0,0
4968,control,97.57,0,0.0,0
4969,control,0.0,0,0.0,0
4970,control,76.2,0,0.0,0
4971,control,127.98,0,0.0,0
4972,treatment,49.89,0,0.0,0
4973,control,0.0,0,0.0,0
4974,control,38.87,0,0.0,0
4975,control,0.0,0,0.0,0
4976,control,58.99,0,0.0,0
4977,control,140.23,0,0.0,0
4978,control,0.0,0,0.0,0
4979,treatment,0.0,0,0.0,0
4980,treatment,0.0,0,0.0,0
4981,treatment,0.0,0,0.0,0
4982,control,102.44,0,0.0,0
4983,treatment,38.5,0,0.0,0
4984,control,0.0,0,0.0,0
4985,treatment,103.95,0,0.0,0
4986,control,210.56,0,0.0,0
4987,treatment,0.0,0,0.0,0
4988,treatment,0.0,0,0.0,0
4989,treatment,48.89,0,0.0,0
4990,treatment,121.74,0,0.0,0
4991,treatment,41.04,1,69.31,0
4992,treatment,0.0,0,0.0,0
4993,control,0.0,0,0.0,0
4994,treatment,0.0,0,0.0,0
4995,control,173.42,1,38.29,0
4996,treatment,27.6,0,0.0,0
4997,control,52.04,0,0.0,0
4998,control,120.74,0,0.0,0
4999,treatment,0.0,0,0.0,0
5000,treatment,0.0,0,0.0,0
5001,control,0.0,0,0.0,0
5002,control,41.77,0,0.0,0
5003,control,58.06,1,79.49,0
5004,treatment,126.72,0,0.0,0
5005,control,330.94,1,34.24,0
5006,control,43.89,0,0.0,0
5007,treatment,65.69,0,0.0,0
5008,treatment,46.53,0,0.0,0
5009,treatment,0.0,0,0.0,0
5010,control,0.0,0,0.0,0
5011,control,0.0,0,0.0,0
5012,treatment,0.0,0,0.0,0
5013,treatment,214.76,0,0.0,0
5014,treatment,0.0,0,0.0,0
5015,treatment,197.35,0,0.0,0
5016,treatment,100.11,0,0.0,0
5017,treatment,0.0,0,0.0,0
5018,control,207.56,0,0.0,0
5019,control,0.0,0,0.0,0
5020,treatment,0.0,0,0.0,0
5021,treatment,48.65,0,0.0,0
5022,control,0.0,0,0.0,0
5023,control,0.0,0,0.0,0
5024,treatment,0.0,0,0.0,0
5025,control,65.27,0,0.0,0
5026,control,100.83,0,0.0,0
5027,control,34.43,1,53.71,0
5028,control,0.0,0,0.0,0
5029,treatment,65.24,1,84.24,0
5030,treatment,89.33,0,0.0,0
5031,control,0.0,0,0.0,0
5032,control,0.0,0,0.0,0
5033,treatment,64.56,0,0.0,0
5034,control,29.47,0,0.0,0
5035,control,86.53,0,0.0,0
5036,treatment,203.5,1,35.92,0
5037,control,0.0,0,0.0,0
5038,treatment,60.54,0,0.0,0
5039,control,0.0,1,36.05,0
5040,treatment,0.0,0,0.0,0
5041,treatment,0.0,0,0.0,0
5042,treatment,339.7,1,72.84,0
5043,control,123.11,1,95.14,0
5044,treatment,26.94,0,0.0,0
5045,control,100.82,0,0.0,0
5046,control,29.54,0,0.0,0
5047,treatment,0.0,0,0.0,0
5048,control,0.0,0,0.0,0
5049,treatment,0.0,0,0.0,0
5050,treatment,0.0,0,0.0,0
5051,treatment,0.0,0,0.0,0
5052,control,114.03,0,0.0,0
5053,treatment,0.0,0,0.0,0
5054,control,0.0,0,0.0,0
5055,treatment,0.0,1,77.33,0
5056,control,111.13,0,0.0,0
5057,treatment,0.0,0,0.0,0
5058,control,244.71,1,163.34,0
5059,treatment,0.0,0,0.0,0
5060,control,323.3,0,0.0,0
5061,control,0.0,0,0.0,0
5062,control,0.0,1,47.05,0
5063,treatment,0.0,0,0.0,0
5064,control,42.44,0,0.0,0
5065,treatment,0.0,1,64.32,0
5066,control,85.08,0,0.0,0
5067,control,26.62,0,0.0,0
5068,control,0.0,0,0.0,0
5069,control,230.73,0,0.0,0
5070,control,0.0,0,0.0,0
5071,treatment,602.65,1,62.42,1
5072,control,73.33,0,0.0,0
5073,treatment,59.97,0,0.0,0
5074,treatment,0.0,0,0.0,0
5075,treatment,0.0,1,28.09,0
5076,control,114.61,0,0.0,0
5077,control,0.0,0,0.0,0
5078,control,0.0,0,0.0,0
5079,treatment,127.84,0,0.0,0
5080,treatment,0.0,1,86.22,0
5081,treatment,0.0,1,50.6,0
5082,treatment,79.6,0,0.0,0
5083,treatment,0.0,0,0.0,0
5084,control,46.58,0,0.0,0
5085,treatment,0.0,0,0.0,0
5086,control,0.0,1,103.91,0
5087,treatment,0.0,1,42.09,0
5088,control,0.0,1,72.0,0
5089,control,0.0,0,0.0,0
5090,control,0.0,0,0.0,0
5091,treatment,0.0,0,0.0,0
5092,treatment,388.57,1,117.68,0
5093,control,0.0,1,19.89,0
5094,control,73.67,0,0.0,0
5095,treatment,33.81,0,0.0,0
5096,treatment,0.0,0,0.0,0
5097,control,0.0,0,0.0,0
5098,treatment,53.02,0,0.0,0
5099,treatment,83.14,0,0.0,0
5100,control,77.97,0,0.0,0
5101,treatment,74.42,0,0.0,0
5102,control,273.29,1,58.68,0
5103,treatment,0.0,0,0.0,0
5104,control,0.0,0,0.0,0
5105,control,37.42,0,0.0,0
5106,treatment,32.71,0,0.0,0
5107,treatment,266.62,0,0.0,0
5108,treatment,0.0,0,0.0,0
5109,control,0.0,0,0.0,0
5110,treatment,76.37,0,0.0,0
5111,treatment,0.0,0,0.0,0
5112,treatment,50.59,0,0.0,0
5113,treatment,120.24,0,0.0,0
5114,control,58.21,0,0.0,0
5115,treatment,0.0,1,55.61,0
5116,treatment,77.6,0,0.0,0
5117,treatment,265.34,1,127.59,0
5118,treatment,47.81,0,0.0,0
5119,treatment,36.13,0,0.0,0
5120,control,116.2,0,0.0,0
5121,control,0.0,0,0.0,0
5122,treatment,317.17,0,0.0,0
5123,treatment,0.0,1,35.81,0
5124,control,0.0,0,0.0,0
5125,control,137.15,0,0.0,0
5126,control,50.07,0,0.0,0
5127,treatment,407.25,1,30.13,0
5128,treatment,0.0,0,0.0,0
5129,treatment,493.53,0,0.0,0
5130,control,150.9,1,67.75,0
5131,control,257.87,0,0.0,0
5132,treatment,0.0,0,0.0,0
5133,treatment,115.38,1,70.53,0
5134,treatment,570.94,1,87.06,0
5135,treatment,0.0,0,0.0,0
5136,control,55.64,0,0.0,0
5137,control,52.14,0,0.0,0
5138,treatment,224.81,0,0.0,0
5139,control,0.0,0,0.0,0
5140,treatment,50.89,0,0.0,0
5141,control,0.0,0,0.0,0
5142,treatment,0.0,1,30.16,0
5143,treatment,61.68,0,0.0,0
5144,treatment,0.0,0,0.0,0
5145,control,0.0,0,0.0,0
5146,treatment,0.0,0,0.0,0
5147,treatment,0.0,0,0.0,0
5148,control,120.56,0,0.0,0
5149,control,112.13,0,0.0,0
5150,control,0.0,0,0.0,0
5151,control,0.0,0,0.0,0
5152,treatment,0.0,0,0.0,0
5153,treatment,134.02,0,0.0,0
5154,treatment,0.0,0,0.0,0
5155,treatment,86.55,0,0.0,0
5156,treatment,307.74,0,0.0,0
5157,treatment,0.0,0,0.0,0
5158,control,0.0,0,0.0,0
5159,treatment,79.33,1,34.33,0
5160,control,0.0,0,0.0,0
5161,control,0.0,0,0.0,0
5162,treatment,0.0,0,0.0,0
5163,treatment,0.0,0,0.0,0
5164,treatment,154.96,0,0.0,0
5165,treatment,120.23,0,0.0,0
5166,control,0.0,0,0.0,0
5167,control,143.95,0,0.0,0
5168,treatment,0.0,0,0.0,0
5169,control,0.0,0,0.0,0
5170,control,586.81,1,129.57,0
5171,control,63.36,0,0.0,0
5172,treatment,92.42,0,0.0,0
5173,treatment,0.0,0,0.0,0
5174,control,0.0,0,0.0,0
5175,control,52.29,1,88.55,0
5176,control,0.0,0,0.0,0
5177,treatment,68.34,0,0.0,0
5178,treatment,0.0,0,0.0,0
5179,treatment,72.46,0,0.0,0
5180,treatment,48.61,1,91.24,0
5181,control,0.0,0,0.0,0
5182,treatment,87.4,0,0.0,0
5183,control,148.82,1,49.48,0
5184,treatment,351.08,1,26.67,0
5185,treatment,145.05,0,0.0,0
5186,control,0.0,0,0.0,0
5187,control,165.62,0,0.0,0
5188,control,0.0,0,0.0,0
5189,control,31.44,0,0.0,0
5190,treatment,122.56,0,0.0,0
5191,treatment,36.43,0,0.0,0
5192,control,72.76,0,0.0,0
5193,control,42.77,0,0.0,0
5194,control,0.0,1,103.54,0
5195,treatment,175.9,0,0.0,0
5196,treatment,0.0,0,0.0,0
5197,treatment,31.5,0,0.0,0
5198,control,402.91,1,185.2,0
5199,control,0.0,0,0.0,0
5200,treatment,58.24,0,0.0,0
5201,treatment,115.67,0,0.0,0
5202,treatment,0.0,0,0.0,0
5203,control,41.52,0,0.0,0
5204,treatment,72.05,0,0.0,0
5205,treatment,0.0,1,45.85,0
5206,treatment,0.0,0,0.0,0
5207,control,0.0,0,0.0,0
5208,treatment,0.0,0,0.0,0
5209,treatment,117.92,0,0.0,0
5210,control,0.0,0,0.0,0
5211,control,22.75,0,0.0,0
5212,control,0.0,0,0.0,0
5213,treatment,0.0,0,0.0,0
5214,treatment,0.0,0,0.0,0
5215,control,39.86,0,0.0,0
5216,control,137.98,0,0.0,0
5217,control,43.4,0,0.0,0
5218,treatment,0.0,0,0.0,0
5219,control,67.68,1,153.97,0
5220,control,74.8,0,0.0,0
5221,treatment,59.36,0,0.0,0
5222,treatment,49.66,0,0.0,0
5223,treatment,0.0,0,0.0,0
5224,control,51.58,0,0.0,0
5225,treatment,37.68,0,0.0,0
5226,treatment,0.0,0,0.0,0
5227,control,0.0,0,0.0,0
5228,treatment,0.0,0,0.0,0
5229,treatment,26.91,0,0.0,0
5230,control,0.0,0,0.0,0
5231,control,29.59,0,0.0,0
5232,control,58.9,0,0.0,0
5233,treatment,50.26,0,0.0,0
5234,control,0.0,0,0.0,0
5235,control,0.0,1,73.17,0
5236,treatment,41.51,0,0.0,0
5237,treatment,0.0,0,0.0,0
5238,control,0.0,0,0.0,0
5239,treatment,49.04,1,136.62,0
5240,control,0.0,0,0.0,0
5241,treatment,0.0,0,0.0,0
5242,treatment,0.0,0,0.0,0
5243,control,0.0,0,0.0,0
5244,control,93.52,1,64.46,0
5245,control,363.81,1,96.84,0
5246,treatment,0.0,0,0.0,0
5247,control,0.0,0,0.0,0
5248,control,0.0,0,0.0,0
5249,treatment,165.93,0,0.0,0
5250,control,0.0,1,27.81,0
5251,control,40.69,0,0.0,0
5252,control,0.0,1,64.54,0
5253,control,0.0,0,0.0,0
5254,treatment,0.0,0,0.0,0
5255,treatment,0.0,1,19.02,0
5256,control,44.98,0,0.0,0
5257,treatment,0.0,0,0.0,0
5258,control,61.6,0,0.0,0
5259,control,0.0,0,0.0,0
5260,control,77.74,0,0.0,0
5261,treatment,21.64,0,0.0,0
5262,control,431.73,1,39.12,0
5263,control,57.47,0,0.0,0
5264,treatment,56.33,0,0.0,0
5265,treatment,76.93,0,0.0,0
5266,treatment,0.0,0,0.0,0
5267,control,0.0,0,0.0,0
5268,treatment,112.18,1,19.99,0
5269,treatment,0.0,0,0.0,0
5270,treatment,29.37,0,0.0,0
5271,treatment,0.0,0,0.0,0
5272,control,116.6,0,0.0,0
5273,control,194.87,0,0.0,0
5274,control,0.0,0,0.0,0
5275,control,0.0,0,0.0,0
5276,treatment,0.0,0,0.0,0
5277,control,53.05,0,0.0,0
5278,treatment,0.0,0,0.0,0
5279,treatment,56.82,0,0.0,0
5280,control,165.61,0,0.0,0
5281,control,64.26,1,35.02,0
5282,control,24.03,0,0.0,0
5283,treatment,24.17,0,0.0,0
5284,treatment,0.0,0,0.0,0
5285,control,0.0,0,0.0,0
5286,treatment,77.62,0,0.0,0
5287,treatment,72.74,0,0.0,0
5288,treatment,179.86,0,0.0,0
5289,control,0.0,0,0.0,0
5290,control,0.0,0,0.0,0
5291,treatment,0.0,0,0.0,0
5292,control,34.72,0,0.0,0
5293,treatment,0.0,0,0.0,0
5294,treatment,114.49,0,0.0,0
5295,treatment,45.44,0,0.0,0
5296,control,0.0,1,33.3,0
5297,treatment,81.26,0,0.0,0
5298,control,0.0,0,0.0,0
5299,treatment,48.85,0,0.0,0
5300,treatment,0.0,0,0.0,0
5301,control,0.0,0,0.0,0
5302,treatment,0.0,0,0.0,0
5303,control,88.47,0,0.0,0
5304,treatment,143.71,0,0.0,0
5305,treatment,0.0,0,0.0,0
5306,control,84.43,1,61.27,0
5307,treatment,0.0,0,0.0,0
5308,treatment,282.19,1,72.28,0
5309,control,168.55,1,73.72,0
5310,treatment,184.91,1,42.49,0
5311,treatment,0.0,0,0.0,0
5312,treatment,64.7,1,35.39,0
5313,control,0.0,0,0.0,0
5314,treatment,0.0,0,0.0,0
5315,treatment,0.0,0,0.0,0
5316,treatment,30.9,0,0.0,0
5317,treatment,0.0,0,0.0,0
5318,treatment,605.72,1,23.56,0
5319,treatment,0.0,0,0.0,0
5320,control,24.88,0,0.0,0
5321,treatment,0.0,0,0.0,0
5322,treatment,135.36,0,0.0,0
5323,control,42.52,0,0.0,0
5324,control,66.18,0,0.0,0
5325,control,27.08,0,0.0,0
5326,treatment,143.18,0,0.0,0
5327,control,0.0,0,0.0,0
5328,control,0.0,0,0.0,0
5329,control,0.0,0,0.0,0
5330,control,111.2,0,0.0,0
5331,treatment,71.89,0,0.0,0
5332,control,0.0,1,54.77,0
5333,control,0.0,0,0.0,0
5334,control,0.0,0,0.0,0
5335,treatment,0.0,0,0.0,0
5336,control,19.79,0,0.0,0
5337,control,404.05,0,0.0,0
5338,control,115.96,0,0.0,0
5339,control,0.0,0,0.0,0
5340,control,156.91,1,69.54,0
5341,treatment,0.0,0,0.0,0
5342,treatment,0.0,0,0.0,0
5343,control,0.0,0,0.0,0
5344,control,337.23,0,0.0,0
5345,control,85.81,0,0.0,0
5346,control,0.0,1,47.49,0
5347,control,78.42,1,87.09,0
5348,treatment,0.0,0,0.0,0
5349,control,0.0,0,0.0,0
5350,control,32.45,1,20.08,0
5351,treatment,0.0,0,0.0,0
5352,control,64.06,0,0.0,0
5353,treatment,464.22,0,0.0,0
5354,treatment,49.98,0,0.0,0
5355,control,41.81,0,0.0,0
5356,control,0.0,0,0.0,0
5357,control,0.0,0,0.0,0
5358,control,0.0,0,0.0,0
5359,control,0.0,0,0.0,0
5360,treatment,0.0,0,0.0,0
5361,control,326.54,1,79.73,0
5362,treatment,0.0,0,0.0,0
5363,control,34.57,0,0.0,0
5364,treatment,65.1,0,0.0,0
5365,treatment,0.0,0,0.0,0
5366,treatment,0.0,0,0.0,0
5367,control,38.82,0,0.0,0
5368,treatment,25.07,0,0.0,0
5369,control,26.64,0,0.0,0
5370,treatment,0.0,0,0.0,0
5371,treatment,0.0,0,0.0,0
5372,control,0.0,0,0.0,0
5373,treatment,38.68,0,0.0,0
5374,treatment,0.0,0,0.0,0
5375,treatment,0.0,0,0.0,0
5376,control,0.0,0,0.0,0
5377,treatment,0.0,0,0.0,0
5378,treatment,88.28,0,0.0,0
5379,treatment,0.0,0,0.0,0
5380,control,0.0,0,0.0,0
5381,treatment,162.94,0,0.0,0
5382,treatment,334.7,0,0.0,0
5383,control,0.0,0,0.0,0
5384,control,51.15,0,0.0,0
5385,control,268.47,1,51.26,0
5386,treatment,0.0,0,0.0,0
5387,control,35.84,0,0.0,0
5388,control,115.88,1,45.07,0
5389,control,0.0,0,0.0,0
5390,control,55.36,1,47.2,0
5391,control,71.84,0,0.0,0
5392,treatment,0.0,0,0.0,0
5393,treatment,54.8,0,0.0,0
5394,control,107.84,1,56.08,0
5395,control,41.47,0,0.0,0
5396,control,0.0,0,0.0,0
5397,treatment,0.0,0,0.0,0
5398,control,0.0,0,0.0,0
5399,treatment,0.0,0,0.0,0
5400,treatment,0.0,0,0.0,0
5401,treatment,106.43,0,0.0,0
5402,treatment,0.0,0,0.0,0
5403,control,0.0,0,0.0,0
5404,control,0.0,0,0.0,0
5405,control,30.69,0,0.0,0
5406,control,57.87,0,0.0,0
5407,control,40.03,0,0.0,0
5408,control,0.0,0,0.0,0
5409,control,64.9,0,0.0,0
5410,control,0.0,0,0.0,0
5411,treatment,0.0,0,0.0,0
5412,treatment,98.96,0,0.0,0
5413,control,105.03,0,0.0,0
5414,treatment,0.0,0,0.0,0
5415,treatment,0.0,0,0.0,0
5416,treatment,0.0,0,0.0,0
5417,control,0.0,0,0.0,0
5418,control,0.0,0,0.0,0
5419,treatment,312.07,0,0.0,0
5420,treatment,0.0,0,0.0,0
5421,control,0.0,0,0.0,0
5422,treatment,258.83,1,70.93,0
5423,treatment,43.07,0,0.0,0
5424,treatment,0.0,0,0.0,0
5425,control,0.0,0,0.0,0
5426,treatment,112.64,1,70.47,0
5427,control,0.0,0,0.0,0
5428,control,0.0,0,0.0,0
5429,treatment,78.72,0,0.0,0
5430,treatment,62.98,0,0.0,0
5431,control,0.0,0,0.0,0
5432,treatment,0.0,0,0.0,0
5433,control,199.02,0,0.0,0
5434,treatment,31.77,0,0.0,0
5435,control,65.45,0,0.0,0
5436,treatment,0.0,0,0.0,0
5437,treatment,113.85,0,0.0,0
5438,treatment,254.37,0,0.0,0
5439,control,37.45,0,0.0,0
5440,treatment,0.0,0,0.0,0
5441,control,0.0,0,0.0,0
5442,treatment,0.0,0,0.0,0
5443,control,0.0,0,0.0,0
5444,treatment,0.0,0,0.0,0
5445,control,0.0,0,0.0,0
5446,treatment,35.69,0,0.0,0
5447,treatment,0.0,0,0.0,0
5448,control,40.76,0,0.0,0
5449,control,37.97,0,0.0,0
5450,treatment,0.0,1,144.01,0
5451,control,184.01,1,54.34,0
5452,control,37.64,0,0.0,0
5453,treatment,0.0,0,0.0,0
5454,control,0.0,0,0.0,0
5455,control,0.0,0,0.0,0
5456,treatment,0.0,0,0.0,0
5457,treatment,0.0,0,0.0,0
5458,control,112.9,0,0.0,0
5459,treatment,0.0,0,0.0,0
5460,treatment,106.29,1,45.76,0
5461,control,0.0,0,0.0,0
5462,treatment,0.0,0,0.0,0
5463,treatment,0.0,0,0.0,0
5464,treatment,433.5,1,114.49,0
5465,treatment,110.15,0,0.0,0
5466,control,55.51,0,0.0,0
5467,treatment,0.0,0,0.0,0
5468,treatment,70.82,0,0.0,0
5469,treatment,0.0,0,0.0,0
5470,treatment,41.71,0,0.0,0
5471,control,102.62,0,0.0,0
5472,treatment,0.0,0,0.0,0
5473,control,110.31,0,0.0,0
5474,control,113.63,0,0.0,0
5475,treatment,162.3,0,0.0,0
5476,treatment,60.47,1,51.84,0
5477,treatment,281.97,1,97.45,0
5478,treatment,22.71,0,0.0,0
5479,treatment,0.0,1,63.86,0
5480,treatment,0.0,0,0.0,0
5481,control,61.32,0,0.0,0
5482,control,141.08,0,0.0,0
5483,control,0.0,0,0.0,0
5484,control,96.21,0,0.0,0
5485,control,0.0,0,0.0,0
5486,treatment,29.4,1,56.15,0
5487,control,0.0,0,0.0,0
5488,treatment,91.46,0,0.0,0
5489,control,0.0,0,0.0,0
5490,control,0.0,0,0.0,0
5491,control,0.0,0,0.0,0
5492,treatment,0.0,0,0.0,0
5493,treatment,0.0,0,0.0,0
5494,control,29.19,0,0.0,0
5495,treatment,0.0,1,30.81,0
5496,control,0.0,0,0.0,0
5497,control,0.0,0,0.0,0
5498,treatment,0.0,0,0.0,0
5499,control,476.92,0,0.0,0
5500,control,117.74,1,22.87,0
5501,control,32.29,0,0.0,0
5502,control,0.0,0,0.0,0
5503,treatment,0.0,1,35.98,0
5504,treatment,0.0,0,0.0,0
5505,control,0.0,0,0.0,0
5506,control,28.82,0,0.0,0
5507,control,0.0,0,0.0,0
5508,control,39.73,0,0.0,0
5509,control,144.18,0,0.0,0
5510,control,0.0,0,0.0,0
5511,treatment,75.59,1,66.13,0
5512,treatment,0.0,0,0.0,0
5513,control,96.43,0,0.0,0
5514,treatment,0.0,0,0.0,0
5515,treatment,0.0,0,0.0,0
5516,treatment,0.0,0,0.0,0
5517,control,0.0,0,0.0,0
5518,treatment,0.0,0,0.0,0
5519,control,0.0,0,0.0,0
5520,control,0.0,0,0.0,0
5521,treatment,0.0,0,0.0,0
5522,treatment,57.52,1,108.73,0
5523,control,41.41,0,0.0,0
5524,treatment,57.04,0,0.0,0
5525,control,68.47,0,0.0,0
5526,treatment,211.38,1,61.16,0
5527,control,0.0,0,0.0,0
5528,control,65.42,0,0.0,0
5529,control,0.0,0,0.0,0
5530,control,0.0,0,0.0,0
5531,treatment,96.06,0,0.0,0
5532,control,87.52,1,23.56,0
5533,treatment,295.73,1,60.11,0
5534,treatment,0.0,0,0.0,0
5535,treatment,0.0,1,35.5,0
5536,control,0.0,0,0.0,0
5537,treatment,0.0,0,0.0,0
5538,treatment,0.0,0,0.0,0
5539,control,28.1,0,0.0,0
5540,treatment,0.0,0,0.0,0
5541,treatment,0.0,0,0.0,0
5542,treatment,0.0,0,0.0,0
5543,treatment,46.4,0,0.0,0
5544,treatment,46.02,0,0.0,0
5545,control,0.0,0,0.0,0
5546,treatment,0.0,0,0.0,0
5547,control,158.45,1,45.92,0
5548,treatment,213.76,1,21.35,0
5549,treatment,46.59,0,0.0,0
5550,treatment,0.0,0,0.0,0
5551,control,40.54,0,0.0,0
5552,control,127.65,0,0.0,0
5553,control,32.28,0,0.0,0
5554,control,595.93,0,0.0,0
5555,control,0.0,0,0.0,0
5556,control,0.0,0,0.0,0
5557,treatment,40.87,0,0.0,0
5558,treatment,0.0,0,0.0,0
5559,control,559.62,0,0.0,0
5560,treatment,46.65,0,0.0,0
5561,treatment,0.0,1,40.73,0
5562,control,0.0,0,0.0,0
5563,treatment,0.0,0,0.0,0
5564,treatment,0.0,0,0.0,0
5565,treatment,45.85,0,0.0,0
5566,treatment,0.0,0,0.0,0
5567,treatment,0.0,0,0.0,0
5568,treatment,0.0,0,0.0,0
5569,control,36.61,0,0.0,0
5570,treatment,201.58,1,82.45,0
5571,control,130.17,0,0.0,0
5572,treatment,0.0,0,0.0,0
5573,control,36.74,0,0.0,0
5574,control,30.01,0,0.0,0
5575,control,33.35,0,0.0,0
5576,treatment,0.0,0,0.0,0
5577,control,57.49,0,0.0,0
5578,treatment,478.6,0,0.0,0
5579,control,137.1,0,0.0,0
5580,treatment,0.0,0,0.0,0
5581,treatment,666.07,1,108.31,0
5582,control,129.85,0,0.0,0
5583,control,171.01,0,0.0,0
5584,control,163.29,0,0.0,0
5585,control,0.0,0,0.0,0
5586,control,32.64,0,0.0,0
5587,control,0.0,0,0.0,0
5588,treatment,72.1,1,53.16,0
5589,control,0.0,0,0.0,0
5590,control,100.55,0,0.0,0
5591,treatment,0.0,0,0.0,0
5592,control,0.0,0,0.0,0
5593,control,0.0,0,0.0,0
5594,control,179.85,0,0.0,0
5595,treatment,38.46,0,0.0,0
5596,control,54.37,0,0.0,0
5597,treatment,72.22,0,0.0,0
5598,treatment,54.21,1,64.01,0
5599,control,34.84,0,0.0,0
5600,control,216.62,0,0.0,0
5601,control,0.0,0,0.0,0
5602,treatment,0.0,0,0.0,0
5603,control,0.0,0,0.0,0
5604,control,0.0,0,0.0,0
5605,control,0.0,0,0.0,0
5606,control,98.69,1,46.21,0
5607,treatment,0.0,0,0.0,0
5608,treatment,0.0,0,0.0,0
5609,treatment,0.0,0,0.0,0
5610,treatment,0.0,0,0.0,0
5611,treatment,160.83,1,80.21,0
5612,treatment,43.98,0,0.0,0
5613,treatment,42.74,0,0.0,0
5614,control,0.0,0,0.0,0
5615,control,0.0,0,0.0,0
5616,control,0.0,0,0.0,0
5617,treatment,142.38,0,0.0,0
5618,treatment,68.86,1,84.97,0
5619,treatment,178.99,0,0.0,0
5620,treatment,0.0,0,0.0,0
5621,control,0.0,0,0.0,0
5622,control,141.41,0,0.0,0
5623,control,0.0,0,0.0,0
5624,treatment,0.0,0,0.0,0
5625,control,0.0,0,0.0,0
5626,treatment,25.04,0,0.0,0
5627,treatment,363.53,1,111.02,0
5628,treatment,376.34,0,0.0,0
5629,control,0.0,0,0.0,0
5630,treatment,96.97,0,0.0,0
5631,treatment,428.71,0,0.0,0
5632,treatment,0.0,0,0.0,0
5633,control,0.0,0,0.0,0
5634,control,0.0,0,0.0,0
5635,treatment,25.44,0,0.0,0
5636,control,0.0,0,0.0,0
5637,control,123.59,0,0.0,0
5638,treatment,151.33,0,0.0,0
5639,control,0.0,0,0.0,0
5640,treatment,0.0,0,0.0,0
5641,treatment,0.0,0,0.0,0
5642,control,0.0,0,0.0,0
5643,treatment,57.18,0,0.0,0
5644,treatment,0.0,0,0.0,0
5645,control,106.56,0,0.0,0
5646,control,64.22,0,0.0,0
5647,control,226.14,0,0.0,0
5648,control,100.43,0,0.0,0
5649,treatment,663.51,0,0.0,0
5650,treatment,37.91,0,0.0,0
5651,treatment,0.0,0,0.0,0
5652,treatment,0.0,0,0.0,0
5653,treatment,0.0,0,0.0,0
5654,treatment,56.1,0,0.0,0
5655,treatment,0.0,0,0.0,0
5656,control,0.0,0,0.0,0
5657,control,36.81,0,0.0,0
5658,control,57.52,0,0.0,0
5659,treatment,58.31,0,0.0,0
5660,treatment,0.0,0,0.0,0
5661,treatment,208.02,1,86.14,0
5662,control,0.0,0,0.0,0
5663,control,33.71,0,0.0,0
5664,control,0.0,0,0.0,0
5665,treatment,62.95,0,0.0,0
5666,treatment,0.0,0,0.0,0
5667,control,90.49,0,0.0,0
5668,control,0.0,0,0.0,0
5669,treatment,0.0,0,0.0,0
5670,treatment,0.0,0,0.0,0
5671,control,0.0,0,0.0,0
5672,treatment,122.17,1,72.99,0
5673,treatment,0.0,1,43.05,0
5674,treatment,0.0,1,98.58,0
5675,treatment,86.55,0,0.0,0
5676,control,0.0,0,0.0,0
5677,treatment,0.0,0,0.0,0
5678,treatment,432.8,0,0.0,0
5679,treatment,0.0,0,0.0,0
5680,treatment,0.0,0,0.0,0
5681,control,0.0,0,0.0,0
5682,treatment,38.85,0,0.0,0
5683,treatment,0.0,0,0.0,0
5684,control,0.0,0,0.0,0
5685,treatment,64.26,0,0.0,0
5686,treatment,113.31,0,0.0,0
5687,control,0.0,0,0.0,0
5688,control,0.0,0,0.0,0
5689,treatment,0.0,0,0.0,0
5690,treatment,0.0,0,0.0,0
5691,control,0.0,0,0.0,0
5692,treatment,0.0,0,0.0,0
5693,control,183.91,0,0.0,0
5694,treatment,0.0,0,0.0,0
5695,treatment,40.07,0,0.0,0
5696,control,0.0,0,0.0,0
5697,treatment,0.0,0,0.0,0
5698,treatment,60.12,0,0.0,0
5699,treatment,0.0,0,0.0,0
5700,control,0.0,0,0.0,0
5701,treatment,0.0,0,0.0,0
5702,control,0.0,0,0.0,0
5703,control,0.0,0,0.0,0
5704,treatment,0.0,0,0.0,0
5705,treatment,176.49,0,0.0,0
5706,treatment,0.0,0,0.0,0
5707,control,0.0,0,0.0,0
5708,control,62.21,0,0.0,0
5709,treatment,48.68,1,34.11,0
5710,treatment,0.0,0,0.0,0
5711,treatment,80.23,0,0.0,0
5712,treatment,0.0,0,0.0,0
5713,treatment,0.0,0,0.0,0
5714,treatment,164.27,0,0.0,0
5715,control,0.0,0,0.0,0
5716,control,49.76,0,0.0,0
5717,control,0.0,0,0.0,0
5718,treatment,0.0,0,0.0,0
5719,control,0.0,0,0.0,0
5720,control,0.0,0,0.0,0
5721,control,0.0,0,0.0,0
5722,control,0.0,0,0.0,0
5723,control,44.96,0,0.0,0
5724,treatment,109.04,0,0.0,0
5725,treatment,0.0,0,0.0,0
5726,control,104.12,1,129.62,0
5727,treatment,54.22,0,0.0,0
5728,control,0.0,0,0.0,0
5729,control,125.14,0,0.0,0
5730,treatment,0.0,0,0.0,0
5731,control,0.0,0,0.0,0
5732,control,0.0,0,0.0,0
5733,treatment,0.0,0,0.0,0
5734,control,0.0,0,0.0,0
5735,treatment,70.13,0,0.0,0
5736,treatment,135.89,0,0.0,0
5737,treatment,0.0,0,0.0,0
5738,control,0.0,0,0.0,0
5739,treatment,0.0,0,0.0,0
5740,treatment,0.0,0,0.0,0
5741,control,0.0,0,0.0,0
5742,control,0.0,0,0.0,0
5743,treatment,25.74,0,0.0,0
5744,treatment,77.76,0,0.0,0
5745,control,74.18,0,0.0,0
5746,treatment,0.0,0,0.0,0
5747,treatment,0.0,0,0.0,0
5748,treatment,0.0,0,0.0,0
5749,control,0.0,1,33.82,0
5750,treatment,36.08,0,0.0,0
5751,control,87.42,0,0.0,0
5752,treatment,0.0,0,0.0,0
5753,control,0.0,0,0.0,0
5754,control,0.0,0,0.0,0
5755,treatment,42.73,0,0.0,0
5756,control,65.31,0,0.0,0
5757,treatment,0.0,0,0.0,0
5758,control,287.98,0,0.0,0
5759,treatment,39.9,0,0.0,0
5760,control,0.0,0,0.0,0
5761,treatment,0.0,0,0.0,0
5762,control,0.0,0,0.0,0
5763,control,60.88,0,0.0,0
5764,treatment,0.0,0,0.0,0
5765,treatment,102.06,1,86.24,0
5766,treatment,0.0,0,0.0,0
5767,treatment,116.17,1,55.32,0
5768,treatment,0.0,0,0.0,0
5769,treatment,0.0,0,0.0,0
5770,control,0.0,1,30.88,0
5771,treatment,0.0,0,0.0,0
5772,treatment,48.41,0,0.0,0
5773,treatment,50.45,0,0.0,0
5774,treatment,0.0,0,0.0,0
5775,treatment,0.0,0,0.0,0
5776,treatment,40.18,1,73.54,0
5777,control,115.96,0,0.0,0
5778,treatment,23.97,0,0.0,0
5779,treatment,63.8,0,0.0,0
5780,control,0.0,0,0.0,0
5781,treatment,0.0,1,37.29,0
5782,control,0.0,0,0.0,0
5783,treatment,0.0,0,0.0,0
5784,treatment,0.0,0,0.0,0
5785,control,203.63,0,0.0,0
5786,treatment,96.34,0,0.0,0
5787,control,44.54,0,0.0,0
5788,treatment,0.0,0,0.0,0
5789,treatment,0.0,0,0.0,0
5790,control,197.95,0,0.0,0
5791,control,107.65,0,0.0,0
5792,control,0.0,0,0.0,0
5793,control,60.45,0,0.0,0
5794,treatment,41.1,1,44.27,0
5795,control,0.0,0,0.0,0
5796,treatment,0.0,0,0.0,0
5797,treatment,92.85,0,0.0,0
5798,control,45.76,1,77.78,0
5799,treatment,0.0,0,0.0,0
5800,control,64.98,0,0.0,0
5801,treatment,0.0,0,0.0,0
5802,control,41.2,1,64.01,1
5803,treatment,631.68,1,68.89,0
5804,treatment,40.02,0,0.0,0
5805,treatment,0.0,1,51.73,0
5806,treatment,107.98,1,221.41,0
5807,control,38.19,0,0.0,0
5808,treatment,290.19,0,0.0,0
5809,control,283.97,0,0.0,0
5810,treatment,24.09,0,0.0,0
5811,treatment,26.27,0,0.0,0
5812,control,0.0,0,0.0,0
5813,treatment,92.78,0,0.0,0
5814,treatment,0.0,0,0.0,0
5815,control,35.51,0,0.0,0
5816,control,401.71,0,0.0,0
5817,control,0.0,1,26.1,0
5818,control,289.54,0,0.0,0
5819,control,0.0,0,0.0,0
5820,control,45.59,0,0.0,0
5821,control,0.0,0,0.0,0
5822,control,0.0,0,0.0,0
5823,treatment,0.0,0,0.0,0
5824,control,0.0,1,53.8,0
5825,treatment,972.38,1,30.82,0
5826,treatment,357.21,1,35.27,0
5827,control,66.1,0,0.0,0
5828,control,130.18,1,41.05,0
5829,control,45.9,0,0.0,0
5830,treatment,135.84,0,0.0,0
5831,control,0.0,0,0.0,0
5832,treatment,0.0,0,0.0,0
5833,treatment,41.13,0,0.0,0
5834,control,102.9,0,0.0,0
5835,treatment,0.0,0,0.0,0
5836,control,99.69,0,0.0,0
5837,treatment,58.78,1,66.86,0
5838,control,0.0,0,0.0,0
5839,treatment,0.0,0,0.0,0
5840,treatment,57.7,0,0.0,0
5841,control,34.01,0,0.0,0
5842,treatment,36.36,0,0.0,0
5843,treatment,0.0,0,0.0,0
5844,treatment,0.0,0,0.0,0
5845,control,0.0,0,0.0,0
5846,control,0.0,1,15.16,0
5847,treatment,42.38,0,0.0,0
5848,control,0.0,0,0.0,0
5849,treatment,58.97,0,0.0,0
5850,treatment,209.66,0,0.0,0
5851,control,119.98,1,32.74,0
5852,control,86.54,1,34.3,0
5853,treatment,285.83,0,0.0,0
5854,control,102.26,0,0.0,0
5855,control,0.0,0,0.0,0
5856,control,56.12,0,0.0,0
5857,treatment,0.0,0,0.0,0
5858,control,0.0,0,0.0,0
5859,treatment,349.06,0,0.0,0
5860,treatment,85.38,0,0.0,0
5861,treatment,26.05,0,0.0,0
5862,treatment,0.0,0,0.0,0
5863,treatment,0.0,0,0.0,0
5864,control,455.35,0,0.0,0
5865,treatment,0.0,0,0.0,0
5866,treatment,0.0,0,0.0,0
5867,control,0.0,0,0.0,0
5868,treatment,67.75,0,0.0,0
5869,control,0.0,0,0.0,0
5870,control,314.35,0,0.0,0
5871,control,32.24,0,0.0,0
5872,control,133.2,0,0.0,0
5873,control,0.0,0,0.0,0
5874,treatment,0.0,0,0.0,0
5875,treatment,0.0,0,0.0,0
5876,control,0.0,0,0.0,0
5877,treatment,0.0,0,0.0,0
5878,control,458.61,0,0.0,0
5879,control,0.0,0,0.0,0
5880,treatment,0.0,0,0.0,0
5881,control,116.2,0,0.0,0
5882,control,136.85,1,50.68,0
5883,treatment,0.0,0,0.0,0
5884,treatment,0.0,0,0.0,0
5885,treatment,0.0,0,0.0,0
5886,treatment,0.0,0,0.0,0
5887,treatment,129.98,0,0.0,0
5888,treatment,154.97,0,0.0,0
5889,control,18.01,0,0.0,0
5890,treatment,63.83,0,0.0,0
5891,control,0.0,0,0.0,0
5892,control,0.0,0,0.0,0
5893,treatment,176.77,0,0.0,0
5894,treatment,78.74,0,0.0,0
5895,treatment,0.0,0,0.0,0
5896,treatment,42.86,0,0.0,0
5897,control,181.53,0,0.0,0
5898,treatment,29.07,0,0.0,0
5899,control,154.53,0,0.0,0
5900,control,0.0,0,0.0,0
5901,treatment,0.0,0,0.0,0
5902,control,0.0,0,0.0,0
5903,treatment,0.0,0,0.0,0
5904,treatment,68.29,0,0.0,0
5905,control,0.0,0,0.0,0
5906,treatment,0.0,0,0.0,0
5907,treatment,0.0,0,0.0,0
5908,treatment,22.32,0,0.0,0
5909,treatment,56.61,0,0.0,0
5910,control,0.0,0,0.0,0
5911,treatment,0.0,0,0.0,0
5912,control,0.0,0,0.0,0
5913,control,62.26,0,0.0,0
5914,treatment,0.0,0,0.0,0
5915,treatment,0.0,0,0.0,0
5916,control,0.0,0,0.0,0
5917,treatment,695.74,1,28.39,0
5918,control,0.0,0,0.0,0
5919,control,41.22,0,0.0,0
5920,treatment,54.69,1,37.7,0
5921,control,0.0,0,0.0,0
5922,control,73.51,0,0.0,0
5923,treatment,0.0,0,0.0,0
5924,treatment,0.0,0,0.0,0
5925,control,45.5,0,0.0,0
5926,treatment,0.0,0,0.0,0
5927,control,0.0,0,0.0,0
5928,control,35.29,0,0.0,0
5929,control,0.0,0,0.0,0
5930,treatment,38.43,0,0.0,0
5931,treatment,0.0,0,0.0,0
5932,control,0.0,0,0.0,0
5933,treatment,35.0,0,0.0,0
5934,treatment,94.09,1,95.23,1
5935,control,56.68,0,0.0,0
5936,control,0.0,0,0.0,0
5937,control,89.08,1,107.41,0
5938,control,0.0,1,14.35,0
5939,treatment,0.0,0,0.0,0
5940,treatment,115.68,0,0.0,0
5941,control,59.56,0,0.0,0
5942,control,77.45,0,0.0,0
5943,treatment,0.0,0,0.0,0
5944,control,0.0,0,0.0,0
5945,control,161.37,0,0.0,0
5946,control,309.46,1,203.47,0
5947,treatment,0.0,0,0.0,0
5948,treatment,289.67,0,0.0,0
5949,treatment,0.0,0,0.0,0
5950,control,0.0,0,0.0,0
5951,control,62.03,0,0.0,0
5952,treatment,72.44,0,0.0,0
5953,control,0.0,0,0.0,0
5954,control,489.82,0,0.0,0
5955,treatment,40.39,0,0.0,0
5956,treatment,111.41,0,0.0,0
5957,treatment,0.0,1,76.6,0
5958,control,0.0,0,0.0,0
5959,control,215.33,0,0.0,0
5960,control,0.0,0,0.0,0
5961,control,0.0,1,147.49,0
5962,control,27.62,0,0.0,0
5963,control,0.0,0,0.0,0
5964,control,219.55,1,24.01,0
5965,control,0.0,0,0.0,0
5966,treatment,190.66,0,0.0,0
5967,control,0.0,0,0.0,0
5968,treatment,0.0,0,0.0,0
5969,treatment,0.0,0,0.0,0
5970,treatment,40.76,1,43.42,0
5971,treatment,103.86,0,0.0,0
5972,control,0.0,0,0.0,0
5973,control,0.0,0,0.0,0
5974,treatment,0.0,0,0.0,0
5975,treatment,126.83,0,0.0,0
5976,treatment,137.83,0,0.0,0
5977,control,165.43,0,0.0,0
5978,treatment,0.0,0,0.0,0
5979,treatment,107.63,0,0.0,0
5980,control,68.64,0,0.0,0
5981,control,0.0,0,0.0,0
5982,treatment,0.0,0,0.0,0
5983,control,0.0,1,67.72,0
5984,control,185.03,0,0.0,0
5985,control,0.0,0,0.0,0
5986,control,76.54,0,0.0,0
5987,treatment,106.54,0,0.0,0
5988,control,0.0,0,0.0,0
5989,control,101.86,0,0.0,0
5990,control,0.0,0,0.0,0
5991,control,91.62,0,0.0,0
5992,control,24.31,0,0.0,0
5993,treatment,125.16,0,0.0,0
5994,treatment,228.73,0,0.0,0
5995,control,0.0,0,0.0,0
5996,control,175.61,0,0.0,0
5997,control,42.7,1,110.75,0
5998,treatment,0.0,0,0.0,0
5999,control,0.0,0,0.0,0
6000,control,0.0,0,0.0,0
6001,treatment,39.77,0,0.0,0
6002,control,32.58,0,0.0,0
6003,control,0.0,0,0.0,0
6004,control,0.0,0,0.0,0
6005,treatment,0.0,0,0.0,0
6006,treatment,107.64,1,89.97,0
6007,control,0.0,1,84.22,0
6008,control,0.0,0,0.0,0
6009,control,75.72,0,0.0,0
6010,treatment,148.4,0,0.0,0
6011,treatment,42.13,0,0.0,0
6012,control,84.37,0,0.0,0
6013,treatment,0.0,0,0.0,0
6014,control,0.0,0,0.0,0
6015,treatment,0.0,0,0.0,0
6016,treatment,55.06,0,0.0,0
6017,control,0.0,0,0.0,0
6018,control,0.0,0,0.0,0
6019,control,0.0,0,0.0,0
6020,treatment,0.0,0,0.0,0
6021,control,26.03,0,0.0,0
6022,control,44.26,0,0.0,0
6023,control,29.11,0,0.0,0
6024,treatment,0.0,0,0.0,0
6025,control,264.85,0,0.0,0
6026,treatment,281.46,1,36.51,0
6027,treatment,0.0,0,0.0,0
6028,treatment,0.0,0,0.0,0
6029,treatment,0.0,0,0.0,0
6030,treatment,0.0,0,0.0,0
6031,control,0.0,1,61.86,0
6032,control,50.82,0,0.0,0
6033,treatment,0.0,0,0.0,0
6034,control,20.32,0,0.0,0
6035,treatment,43.88,0,0.0,0
6036,control,48.25,0,0.0,0
6037,treatment,35.81,0,0.0,0
6038,control,0.0,0,0.0,0
6039,treatment,0.0,0,0.0,0
6040,treatment,0.0,0,0.0,0
6041,control,0.0,0,0.0,0
6042,treatment,0.0,0,0.0,0
6043,treatment,0.0,0,0.0,0
6044,control,0.0,0,0.0,0
6045,control,120.49,0,0.0,0
6046,control,123.24,0,0.0,0
6047,treatment,0.0,0,0.0,0
6048,control,17.09,0,0.0,0
6049,treatment,0.0,0,0.0,0
6050,control,0.0,0,0.0,0
6051,treatment,0.0,0,0.0,0
6052,treatment,158.39,0,0.0,0
6053,control,31.93,0,0.0,0
6054,control,0.0,0,0.0,0
6055,treatment,21.47,0,0.0,0
6056,control,176.66,0,0.0,0
6057,control,52.07,0,0.0,0
6058,control,191.19,0,0.0,0
6059,treatment,0.0,0,0.0,0
6060,treatment,61.56,0,0.0,0
6061,treatment,92.97,0,0.0,0
6062,treatment,231.41,0,0.0,0
6063,treatment,0.0,0,0.0,0
6064,control,0.0,0,0.0,0
6065,treatment,0.0,0,0.0,0
6066,treatment,30.66,0,0.0,0
6067,control,0.0,0,0.0,0
6068,control,0.0,0,0.0,0
6069,treatment,0.0,0,0.0,0
6070,control,0.0,0,0.0,0
6071,control,0.0,0,0.0,0
6072,treatment,0.0,0,0.0,0
6073,treatment,164.92,0,0.0,0
6074,treatment,0.0,0,0.0,0
6075,control,44.74,0,0.0,0
6076,treatment,46.41,0,0.0,0
6077,control,0.0,0,0.0,0
6078,control,147.34,0,0.0,0
6079,treatment,71.72,0,0.0,0
6080,control,0.0,0,0.0,0
6081,control,82.59,1,81.25,0
6082,control,264.88,0,0.0,0
6083,control,0.0,0,0.0,0
6084,control,0.0,0,0.0,0
6085,control,0.0,0,0.0,0
6086,control,0.0,1,25.14,0
6087,treatment,0.0,0,0.0,0
6088,treatment,58.89,0,0.0,0
6089,control,86.21,0,0.0,0
6090,treatment,0.0,0,0.0,0
6091,control,0.0,0,0.0,0
6092,treatment,0.0,0,0.0,0
6093,control,0.0,0,0.0,0
6094,control,0.0,0,0.0,0
6095,treatment,0.0,0,0.0,0
6096,control,0.0,0,0.0,0
6097,control,55.15,0,0.0,0
6098,treatment,924.1,1,99.63,0
6099,control,53.3,0,0.0,0
6100,control,37.39,0,0.0,0
6101,treatment,231.49,0,0.0,0
6102,control,215.16,0,0.0,0
6103,control,435.69,0,0.0,0
6104,control,0.0,0,0.0,0
6105,control,0.0,0,0.0,0
6106,treatment,0.0,0,0.0,0
6107,control,82.46,0,0.0,0
6108,control,0.0,0,0.0,0
6109,treatment,0.0,0,0.0,0
6110,treatment,139.64,0,0.0,0
6111,control,51.62,1,36.14,0
6112,treatment,58.62,0,0.0,0
6113,control,0.0,0,0.0,0
6114,control,0.0,0,0.0,0
6115,treatment,0.0,0,0.0,0
6116,treatment,153.48,0,0.0,0
6117,control,0.0,0,0.0,0
6118,control,0.0,0,0.0,0
6119,control,0.0,0,0.0,0
6120,control,171.93,0,0.0,0
6121,treatment,0.0,0,0.0,0
6122,control,0.0,0,0.0,0
6123,control,0.0,0,0.0,0
6124,control,73.67,0,0.0,0
6125,control,0.0,0,0.0,0
6126,control,0.0,0,0.0,0
6127,control,0.0,0,0.0,0
6128,control,0.0,0,0.0,0
6129,treatment,42.23,0,0.0,0
6130,treatment,39.7,0,0.0,0
6131,treatment,0.0,0,0.0,0
6132,control,0.0,0,0.0,0
6133,control,0.0,0,0.0,0
6134,treatment,219.62,1,76.55,0
6135,control,187.01,0,0.0,0
6136,treatment,353.2,0,0.0,0
6137,treatment,0.0,0,0.0,0
6138,treatment,147.58,0,0.0,0
6139,treatment,360.71,1,102.02,0
6140,control,104.71,0,0.0,0
6141,control,122.82,0,0.0,0
6142,control,287.73,0,0.0,0
6143,control,0.0,1,44.26,0
6144,control,96.53,0,0.0,0
6145,treatment,75.03,0,0.0,0
6146,treatment,0.0,0,0.0,0
6147,control,0.0,0,0.0,0
6148,control,200.26,0,0.0,0
6149,control,96.99,0,0.0,0
6150,control,62.52,0,0.0,0
6151,control,82.27,0,0.0,0
6152,control,91.46,0,0.0,0
6153,treatment,0.0,0,0.0,0
6154,treatment,196.81,0,0.0,0
6155,treatment,0.0,0,0.0,0
6156,treatment,0.0,0,0.0,0
6157,treatment,186.13,1,181.29,0
6158,control,0.0,0,0.0,0
6159,control,0.0,0,0.0,0
6160,treatment,299.45,0,0.0,0
6161,treatment,0.0,0,0.0,0
6162,treatment,0.0,0,0.0,0
6163,treatment,24.17,0,0.0,0
6164,control,31.28,0,0.0,0
6165,control,0.0,0,0.0,0
6166,control,58.98,1,33.56,0
6167,control,0.0,0,0.0,0
6168,control,32.36,0,0.0,0
6169,control,0.0,0,0.0,0
6170,control,50.43,0,0.0,0
6171,treatment,0.0,0,0.0,0
6172,control,39.05,0,0.0,0
6173,treatment,159.32,0,0.0,0
6174,control,55.01,0,0.0,0
6175,treatment,0.0,0,0.0,0
6176,control,0.0,0,0.0,0
6177,treatment,129.65,1,44.62,1
6178,treatment,117.0,0,0.0,0
6179,treatment,0.0,0,0.0,0
6180,treatment,0.0,0,0.0,0
6181,treatment,0.0,0,0.0,0
6182,control,295.41,1,57.33,0
6183,treatment,64.22,0,0.0,0
6184,treatment,0.0,0,0.0,0
6185,control,0.0,0,0.0,0
6186,treatment,0.0,0,0.0,0
6187,control,96.03,0,0.0,0
6188,treatment,0.0,0,0.0,0
6189,control,76.95,1,29.18,0
6190,control,0.0,0,0.0,0
6191,treatment,28.93,0,0.0,0
6192,control,71.15,0,0.0,0
6193,treatment,0.0,0,0.0,0
6194,treatment,31.23,0,0.0,0
6195,treatment,0.0,1,29.16,0
6196,control,96.65,0,0.0,0
6197,control,40.4,0,0.0,0
6198,treatment,0.0,0,0.0,0
6199,treatment,63.77,0,0.0,0
6200,treatment,0.0,0,0.0,0
6201,control,379.26,1,48.97,0
6202,treatment,0.0,0,0.0,0
6203,control,56.78,1,38.94,0
6204,treatment,0.0,0,0.0,0
6205,control,0.0,0,0.0,0
6206,control,0.0,0,0.0,0
6207,control,0.0,0,0.0,0
6208,control,0.0,0,0.0,0
6209,control,53.13,0,0.0,0
6210,control,0.0,0,0.0,0
6211,control,0.0,0,0.0,0
6212,control,71.89,1,68.83,0
6213,treatment,0.0,0,0.0,0
6214,control,0.0,0,0.0,0
6215,treatment,0.0,0,0.0,0
6216,treatment,0.0,0,0.0,0
6217,treatment,0.0,0,0.0,0
6218,treatment,0.0,0,0.0,0
6219,treatment,0.0,0,0.0,0
6220,control,0.0,0,0.0,0
6221,treatment,0.0,0,0.0,0
6222,control,0.0,0,0.0,0
6223,treatment,0.0,0,0.0,0
6224,treatment,0.0,0,0.0,0
6225,treatment,0.0,0,0.0,0
6226,control,0.0,0,0.0,0
6227,control,0.0,0,0.0,0
6228,control,47.32,0,0.0,0
6229,control,0.0,0,0.0,0
6230,control,0.0,0,0.0,0
6231,control,57.26,0,0.0,0
6232,treatment,147.44,0,0.0,0
6233,control,0.0,0,0.0,0
6234,control,112.73,0,0.0,0
6235,treatment,0.0,0,0.0,0
6236,treatment,41.61,0,0.0,0
6237,treatment,0.0,1,66.36,0
6238,control,55.89,0,0.0,0
6239,treatment,265.49,0,0.0,0
6240,control,42.89,0,0.0,0
6241,control,77.68,0,0.0,0
6242,treatment,97.21,0,0.0,0
6243,control,36.47,0,0.0,0
6244,control,0.0,0,0.0,0
6245,control,182.79,0,0.0,0
6246,control,0.0,0,0.0,0
6247,control,138.67,0,0.0,0
6248,treatment,101.49,1,52.5,0
6249,control,0.0,0,0.0,0
6250,control,50.18,0,0.0,0
6251,control,0.0,0,0.0,0
6252,control,0.0,0,0.0,0
6253,control,0.0,0,0.0,0
6254,treatment,0.0,0,0.0,0
6255,control,0.0,0,0.0,0
6256,treatment,71.0,0,0.0,0
6257,control,165.81,0,0.0,0
6258,control,72.33,0,0.0,0
6259,control,98.8,0,0.0,0
6260,control,1206.98,1,208.13,0
6261,control,0.0,0,0.0,0
6262,control,0.0,0,0.0,0
6263,control,0.0,0,0.0,0
6264,treatment,75.29,0,0.0,0
6265,control,74.41,0,0.0,0
6266,treatment,0.0,0,0.0,0
6267,control,130.35,0,0.0,0
6268,control,0.0,0,0.0,0
6269,control,141.93,0,0.0,0
6270,control,127.66,1,41.69,0
6271,treatment,25.52,0,0.0,0
6272,treatment,0.0,0,0.0,0
6273,treatment,0.0,0,0.0,0
6274,treatment,0.0,0,0.0,0
6275,treatment,53.64,1,114.18,1
6276,treatment,0.0,0,0.0,0
6277,treatment,0.0,0,0.0,0
6278,treatment,0.0,0,0.0,0
6279,control,0.0,0,0.0,0
6280,control,275.64,1,45.01,0
6281,control,39.68,0,0.0,0
6282,treatment,45.01,0,0.0,0
6283,control,0.0,0,0.0,0
6284,control,0.0,0,0.0,0
6285,control,0.0,0,0.0,0
6286,control,50.58,0,0.0,0
6287,control,84.76,0,0.0,0
6288,control,0.0,0,0.0,0
6289,treatment,95.45,0,0.0,0
6290,control,982.91,1,174.81,0
6291,treatment,0.0,0,0.0,0
6292,control,25.03,0,0.0,0
6293,control,0.0,0,0.0,0
6294,treatment,0.0,0,0.0,0
6295,control,0.0,0,0.0,0
6296,treatment,46.25,0,0.0,0
6297,control,33.23,0,0.0,0
6298,treatment,0.0,0,0.0,0
6299,treatment,544.52,1,149.28,0
6300,control,0.0,0,0.0,0
6301,control,0.0,0,0.0,0
6302,treatment,127.24,0,0.0,0
6303,control,0.0,0,0.0,0
6304,treatment,47.87,0,0.0,0
6305,treatment,0.0,0,0.0,0
6306,treatment,0.0,0,0.0,0
6307,treatment,40.91,0,0.0,0
6308,control,0.0,0,0.0,0
6309,control,37.12,0,0.0,0
6310,treatment,76.5,0,0.0,0
6311,control,38.64,0,0.0,0
6312,treatment,0.0,0,0.0,0
6313,control,0.0,0,0.0,0
6314,treatment,33.99,0,0.0,0
6315,control,60.21,0,0.0,0
6316,treatment,0.0,0,0.0,0
6317,control,48.99,0,0.0,0
6318,treatment,145.86,1,28.17,0
6319,control,95.49,0,0.0,0
6320,control,73.37,0,0.0,0
6321,treatment,0.0,0,0.0,0
6322,control,0.0,0,0.0,0
6323,control,0.0,0,0.0,0
6324,control,274.29,0,0.0,0
6325,treatment,0.0,0,0.0,0
6326,treatment,0.0,0,0.0,0
6327,treatment,43.51,0,0.0,0
6328,treatment,48.44,0,0.0,0
6329,treatment,0.0,0,0.0,0
6330,control,83.68,0,0.0,0
6331,control,0.0,0,0.0,0
6332,control,23.95,0,0.0,0
6333,control,0.0,0,0.0,0
6334,treatment,0.0,0,0.0,0
6335,control,0.0,0,0.0,0
6336,treatment,93.73,1,85.71,0
6337,treatment,0.0,0,0.0,0
6338,treatment,51.65,0,0.0,0
6339,treatment,40.27,0,0.0,0
6340,control,0.0,1,22.62,1
6341,treatment,48.86,0,0.0,0
6342,control,143.45,0,0.0,0
6343,control,222.28,0,0.0,0
6344,treatment,0.0,0,0.0,0
6345,control,104.7,0,0.0,0
6346,control,22.85,0,0.0,0
6347,treatment,59.33,0,0.0,0
6348,control,0.0,0,0.0,0
6349,treatment,110.61,0,0.0,0
6350,treatment,0.0,1,64.07,0
6351,treatment,0.0,0,0.0,0
6352,treatment,618.05,0,0.0,0
6353,treatment,100.22,0,0.0,0
6354,treatment,199.25,0,0.0,0
6355,control,150.21,1,52.81,0
6356,treatment,96.21,0,0.0,0
6357,control,218.74,0,0.0,0
6358,control,50.63,0,0.0,0
6359,treatment,0.0,1,39.52,0
6360,control,0.0,0,0.0,0
6361,control,204.85,0,0.0,0
6362,treatment,0.0,0,0.0,0
6363,treatment,41.22,0,0.0,0
6364,control,20.04,0,0.0,0
6365,treatment,0.0,0,0.0,0
6366,control,93.94,0,0.0,0
6367,treatment,0.0,0,0.0,0
6368,control,0.0,0,0.0,0
6369,treatment,0.0,0,0.0,0
6370,treatment,900.91,1,42.46,0
6371,treatment,45.53,0,0.0,0
6372,control,107.6,0,0.0,0
6373,control,29.29,0,0.0,0
6374,control,0.0,0,0.0,0
6375,control,315.9,0,0.0,0
6376,control,0.0,0,0.0,0
6377,treatment,87.41,0,0.0,0
6378,control,99.66,0,0.0,0
6379,control,0.0,0,0.0,0
6380,treatment,42.21,0,0.0,0
6381,treatment,37.38,0,0.0,0
6382,control,46.64,0,0.0,0
6383,treatment,45.0,0,0.0,0
6384,control,0.0,0,0.0,0
6385,control,68.27,0,0.0,0
6386,control,0.0,0,0.0,0
6387,control,284.3,0,0.0,0
6388,treatment,199.07,0,0.0,0
6389,control,0.0,0,0.0,0
6390,treatment,0.0,0,0.0,0
6391,treatment,0.0,0,0.0,0
6392,control,0.0,0,0.0,0
6393,control,0.0,0,0.0,0
6394,control,0.0,0,0.0,0
6395,treatment,0.0,0,0.0,0
6396,control,24.0,0,0.0,0
6397,treatment,119.47,0,0.0,0
6398,treatment,0.0,1,32.86,0
6399,treatment,167.25,0,0.0,0
6400,control,118.45,1,36.04,0
6401,control,49.5,1,92.72,0
6402,control,0.0,0,0.0,0
6403,treatment,59.89,1,29.87,0
6404,treatment,33.59,0,0.0,0
6405,treatment,104.61,0,0.0,0
6406,treatment,93.75,0,0.0,0
6407,treatment,0.0,0,0.0,0
6408,control,73.77,0,0.0,0
6409,treatment,52.74,0,0.0,0
6410,control,71.1,0,0.0,0
6411,control,196.22,1,70.06,0
6412,control,55.71,0,0.0,0
6413,control,33.69,0,0.0,0
6414,treatment,0.0,0,0.0,0
6415,control,49.97,0,0.0,0
6416,treatment,0.0,0,0.0,0
6417,treatment,0.0,0,0.0,0
6418,control,646.91,0,0.0,0
6419,control,0.0,0,0.0,0
6420,treatment,0.0,0,0.0,0
6421,treatment,0.0,0,0.0,0
6422,control,0.0,0,0.0,0
6423,control,0.0,0,0.0,0
6424,treatment,111.76,0,0.0,0
6425,treatment,0.0,0,0.0,0
6426,treatment,71.56,0,0.0,0
6427,treatment,59.93,0,0.0,0
6428,control,0.0,0,0.0,0
6429,control,352.85,0,0.0,0
6430,treatment,0.0,0,0.0,0
6431,control,161.11,0,0.0,0
6432,control,73.02,0,0.0,0
6433,treatment,65.39,0,0.0,0
6434,control,0.0,0,0.0,0
6435,control,0.0,1,132.06,0
6436,treatment,77.24,0,0.0,0
6437,treatment,0.0,0,0.0,0
6438,control,202.91,0,0.0,0
6439,control,55.86,0,0.0,0
6440,treatment,26.55,0,0.0,0
6441,treatment,0.0,0,0.0,0
6442,control,76.57,0,0.0,0
6443,control,71.0,0,0.0,0
6444,treatment,0.0,0,0.0,0
6445,treatment,0.0,0,0.0,0
6446,treatment,74.04,0,0.0,0
6447,treatment,171.86,0,0.0,0
6448,treatment,0.0,0,0.0,0
6449,treatment,0.0,0,0.0,0
6450,control,0.0,0,0.0,0
6451,treatment,0.0,1,43.84,0
6452,treatment,91.12,1,42.38,0
6453,treatment,0.0,0,0.0,0
6454,treatment,0.0,0,0.0,0
6455,treatment,52.09,1,124.73,0
6456,treatment,87.14,0,0.0,0
6457,control,0.0,0,0.0,0
6458,treatment,132.13,0,0.0,0
6459,control,0.0,0,0.0,0
6460,treatment,0.0,0,0.0,0
6461,control,235.68,1,32.33,0
6462,control,0.0,0,0.0,0
6463,treatment,21.66,0,0.0,0
6464,treatment,0.0,1,47.9,0
6465,control,160.84,0,0.0,0
6466,treatment,242.47,0,0.0,0
6467,control,47.4,0,0.0,0
6468,treatment,62.08,0,0.0,0
6469,treatment,0.0,0,0.0,0
6470,treatment,96.44,0,0.0,0
6471,treatment,0.0,0,0.0,0
6472,control,293.16,0,0.0,0
6473,control,0.0,0,0.0,0
6474,control,0.0,0,0.0,0
6475,control,0.0,0,0.0,0
6476,control,0.0,0,0.0,0
6477,control,431.48,0,0.0,0
6478,control,0.0,0,0.0,0
6479,control,0.0,0,0.0,0
6480,treatment,22.71,1,40.27,0
6481,control,49.68,0,0.0,0
6482,treatment,0.0,0,0.0,0
6483,treatment,0.0,0,0.0,0
6484,treatment,113.5,1,46.43,0
6485,treatment,45.67,0,0.0,0
6486,control,0.0,0,0.0,0
6487,treatment,0.0,0,0.0,0
6488,control,254.27,1,101.79,0
6489,control,102.87,1,54.75,0
6490,control,0.0,0,0.0,0
6491,treatment,0.0,1,35.64,0
6492,treatment,0.0,0,0.0,0
6493,control,63.04,0,0.0,0
6494,treatment,0.0,0,0.0,0
6495,control,0.0,0,0.0,0
6496,treatment,0.0,0,0.0,0
6497,treatment,0.0,0,0.0,0
6498,control,260.17,1,62.09,0
6499,treatment,0.0,0,0.0,0
6500,control,124.6,0,0.0,0
6501,treatment,139.44,0,0.0,0
6502,treatment,0.0,0,0.0,0
6503,control,0.0,0,0.0,0
6504,control,0.0,0,0.0,0
6505,control,48.99,0,0.0,0
6506,treatment,94.29,0,0.0,0
6507,treatment,266.4,0,0.0,0
6508,treatment,0.0,0,0.0,0
6509,control,78.2,0,0.0,0
6510,treatment,0.0,0,0.0,0
6511,control,0.0,0,0.0,0
6512,treatment,0.0,0,0.0,0
6513,treatment,0.0,0,0.0,0
6514,treatment,0.0,0,0.0,0
6515,treatment,45.3,0,0.0,0
6516,control,0.0,0,0.0,0
6517,treatment,47.85,0,0.0,0
6518,control,53.11,0,0.0,0
6519,control,80.82,0,0.0,0
6520,treatment,35.57,1,19.64,0
6521,treatment,0.0,0,0.0,0
6522,control,233.84,1,59.98,0
6523,treatment,0.0,1,81.74,0
6524,treatment,0.0,0,0.0,0
6525,treatment,0.0,0,0.0,0
6526,control,61.05,0,0.0,0
6527,treatment,0.0,0,0.0,0
6528,control,52.72,0,0.0,0
6529,treatment,0.0,0,0.0,0
6530,control,52.67,0,0.0,0
6531,control,0.0,0,0.0,0
6532,treatment,0.0,0,0.0,0
6533,treatment,38.24,0,0.0,0
6534,treatment,55.24,1,37.93,0
6535,treatment,48.04,0,0.0,0
6536,treatment,0.0,0,0.0,0
6537,treatment,0.0,0,0.0,0
6538,control,0.0,0,0.0,0
6539,control,0.0,0,0.0,0
6540,treatment,0.0,0,0.0,0
6541,control,0.0,0,0.0,0
6542,treatment,54.81,0,0.0,0
6543,treatment,0.0,0,0.0,0
6544,control,0.0,0,0.0,0
6545,treatment,0.0,1,38.94,0
6546,treatment,0.0,0,0.0,0
6547,treatment,92.06,0,0.0,0
6548,control,84.7,1,36.84,0
6549,control,233.56,0,0.0,0
6550,control,326.33,0,0.0,0
6551,control,276.99,1,35.11,0
6552,control,334.22,1,95.75,0
6553,treatment,0.0,0,0.0,0
6554,control,0.0,0,0.0,0
6555,control,59.61,1,28.63,0
6556,treatment,71.57,0,0.0,0
6557,control,0.0,0,0.0,0
6558,control,341.9,0,0.0,0
6559,treatment,41.4,0,0.0,0
6560,control,0.0,1,69.6,0
6561,treatment,0.0,0,0.0,0
6562,treatment,33.24,0,0.0,0
6563,control,48.25,0,0.0,0
6564,treatment,0.0,0,0.0,0
6565,control,60.89,0,0.0,0
6566,treatment,29.59,0,0.0,0
6567,treatment,59.71,1,88.45,0
6568,control,0.0,0,0.0,0
6569,control,0.0,0,0.0,0
6570,control,0.0,0,0.0,0
6571,control,0.0,0,0.0,0
6572,treatment,250.66,1,46.76,0
6573,treatment,0.0,0,0.0,0
6574,control,0.0,0,0.0,0
6575,control,0.0,0,0.0,0
6576,control,51.55,1,84.1,0
6577,control,0.0,0,0.0,0
6578,control,0.0,0,0.0,0
6579,treatment,105.44,0,0.0,0
6580,control,28.75,0,0.0,0
6581,control,101.89,0,0.0,0
6582,control,240.75,1,68.41,0
6583,control,49.22,0,0.0,0
6584,treatment,0.0,0,0.0,0
6585,control,74.22,0,0.0,0
6586,control,0.0,0,0.0,0
6587,treatment,0.0,0,0.0,0
6588,control,0.0,0,0.0,0
6589,treatment,0.0,0,0.0,0
6590,treatment,135.39,0,0.0,0
6591,control,205.26,1,25.92,0
6592,treatment,46.06,0,0.0,0
6593,control,67.27,0,0.0,0
6594,treatment,0.0,0,0.0,0
6595,control,0.0,0,0.0,0
6596,control,58.77,0,0.0,0
6597,control,0.0,0,0.0,0
6598,treatment,60.42,0,0.0,0
6599,control,0.0,0,0.0,0
6600,treatment,314.1,1,327.0,0
6601,treatment,41.83,0,0.0,0
6602,control,0.0,0,0.0,0
6603,treatment,106.7,0,0.0,0
6604,control,609.01,1,46.21,0
6605,control,57.75,0,0.0,0
6606,control,108.3,1,96.82,0
6607,control,0.0,0,0.0,0
6608,control,0.0,0,0.0,0
6609,control,0.0,0,0.0,0
6610,treatment,49.17,0,0.0,0
6611,control,0.0,0,0.0,0
6612,treatment,0.0,1,28.86,0
6613,control,0.0,0,0.0,0
6614,treatment,37.39,0,0.0,0
6615,treatment,0.0,0,0.0,0
6616,control,0.0,0,0.0,0
6617,control,0.0,0,0.0,0
6618,control,0.0,0,0.0,0
6619,control,19.7,0,0.0,0
6620,control,155.66,0,0.0,0
6621,treatment,51.64,0,0.0,0
6622,treatment,0.0,0,0.0,0
6623,control,61.67,1,48.94,0
6624,treatment,23.11,0,0.0,0
6625,control,0.0,0,0.0,0
6626,treatment,47.82,1,67.2,0
6627,control,77.24,0,0.0,0
6628,control,0.0,0,0.0,0
6629,treatment,73.32,1,59.34,0
6630,control,55.87,0,0.0,0
6631,treatment,0.0,0,0.0,0
6632,treatment,0.0,0,0.0,0
6633,treatment,54.05,0,0.0,0
6634,treatment,768.24,1,168.87,0
6635,treatment,249.23,1,66.52,0
6636,control,82.63,0,0.0,0
6637,treatment,0.0,0,0.0,0
6638,control,37.58,0,0.0,0
6639,control,96.4,0,0.0,0
6640,control,0.0,0,0.0,0
6641,control,62.37,0,0.0,0
6642,control,100.14,0,0.0,0
6643,treatment,0.0,0,0.0,0
6644,control,47.82,0,0.0,0
6645,treatment,179.15,0,0.0,0
6646,control,0.0,0,0.0,0
6647,treatment,27.44,1,25.94,0
6648,treatment,0.0,0,0.0,0
6649,control,0.0,0,0.0,0
6650,treatment,41.43,0,0.0,0
6651,treatment,0.0,0,0.0,0
6652,treatment,337.22,0,0.0,0
6653,control,28.82,0,0.0,0
6654,control,0.0,0,0.0,0
6655,treatment,26.14,0,0.0,0
6656,control,75.55,0,0.0,0
6657,control,0.0,0,0.0,0
6658,control,0.0,0,0.0,0
6659,treatment,73.28,0,0.0,0
6660,control,0.0,0,0.0,0
6661,treatment,0.0,0,0.0,0
6662,treatment,0.0,0,0.0,0
6663,control,96.29,0,0.0,0
6664,control,70.14,0,0.0,0
6665,control,55.5,0,0.0,0
6666,treatment,0.0,1,64.29,0
6667,control,0.0,0,0.0,0
6668,treatment,34.16,0,0.0,0
6669,control,0.0,0,0.0,0
6670,control,19.27,0,0.0,0
6671,control,0.0,0,0.0,0
6672,treatment,95.58,0,0.0,0
6673,control,55.77,0,0.0,0
6674,control,29.89,0,0.0,0
6675,treatment,136.04,0,0.0,0
6676,treatment,0.0,0,0.0,0
6677,treatment,0.0,1,36.85,0
6678,treatment,0.0,1,128.18,0
6679,treatment,0.0,1,63.1,0
6680,treatment,0.0,0,0.0,0
6681,control,233.52,0,0.0,0
6682,treatment,101.03,0,0.0,0
6683,treatment,335.58,0,0.0,0
6684,treatment,0.0,0,0.0,0
6685,treatment,0.0,1,48.23,0
6686,treatment,0.0,0,0.0,0
6687,treatment,188.55,0,0.0,0
6688,treatment,134.62,1,117.19,0
6689,control,47.89,0,0.0,0
6690,treatment,0.0,1,31.05,0
6691,treatment,102.66,1,128.8,1
6692,control,195.24,0,0.0,0
6693,treatment,0.0,0,0.0,0
6694,control,30.03,0,0.0,0
6695,control,0.0,0,0.0,0
6696,control,0.0,0,0.0,0
6697,treatment,26.17,0,0.0,0
6698,treatment,35.98,0,0.0,0
6699,treatment,52.54,0,0.0,0
6700,control,0.0,0,0.0,0
6701,control,0.0,0,0.0,0
6702,control,226.75,0,0.0,0
6703,treatment,0.0,0,0.0,0
6704,treatment,0.0,0,0.0,0
6705,control,0.0,0,0.0,0
6706,treatment,0.0,0,0.0,0
6707,treatment,0.0,0,0.0,0
6708,control,0.0,0,0.0,0
6709,control,0.0,0,0.0,0
6710,treatment,0.0,0,0.0,0
6711,control,52.58,0,0.0,0
6712,treatment,68.94,1,49.41,0
6713,treatment,89.61,1,63.58,0
6714,treatment,93.58,0,0.0,0
6715,control,37.3,0,0.0,0
6716,treatment,0.0,0,0.0,0
6717,control,0.0,0,0.0,0
6718,control,0.0,0,0.0,0
6719,treatment,49.24,0,0.0,0
6720,treatment,0.0,0,0.0,0
6721,control,37.22,0,0.0,0
6722,treatment,0.0,0,0.0,0
6723,treatment,0.0,0,0.0,0
6724,control,0.0,0,0.0,0
6725,treatment,53.92,1,34.9,0
6726,treatment,0.0,0,0.0,0
6727,treatment,0.0,0,0.0,0
6728,treatment,0.0,1,44.23,0
6729,treatment,0.0,0,0.0,0
6730,treatment,21.72,0,0.0,0
6731,treatment,43.17,0,0.0,0
6732,treatment,44.97,1,32.85,1
6733,treatment,94.88,0,0.0,0
6734,control,40.18,0,0.0,0
6735,control,33.27,0,0.0,0
6736,control,0.0,0,0.0,0
6737,control,0.0,0,0.0,0
6738,control,0.0,0,0.0,0
6739,control,0.0,0,0.0,0
6740,treatment,135.63,0,0.0,0
6741,treatment,481.55,0,0.0,0
6742,control,0.0,0,0.0,0
6743,treatment,0.0,0,0.0,0
6744,treatment,128.19,0,0.0,0
6745,treatment,212.72,0,0.0,0
6746,treatment,0.0,1,77.31,0
6747,control,0.0,0,0.0,0
6748,treatment,0.0,0,0.0,0
6749,control,59.54,1,41.3,0
6750,control,0.0,0,0.0,0
6751,control,74.36,0,0.0,0
6752,treatment,0.0,0,0.0,0
6753,treatment,0.0,0,0.0,0
6754,control,56.02,0,0.0,0
6755,control,40.09,0,0.0,0
6756,control,0.0,0,0.0,0
6757,treatment,0.0,0,0.0,0
6758,treatment,41.95,1,62.13,0
6759,control,0.0,0,0.0,0
6760,control,0.0,0,0.0,0
6761,control,0.0,0,0.0,0
6762,control,39.37,0,0.0,0
6763,control,0.0,0,0.0,0
6764,treatment,59.33,0,0.0,0
6765,treatment,55.38,0,0.0,0
6766,control,358.33,1,43.95,1
6767,control,534.58,1,105.0,0
6768,control,61.05,0,0.0,0
6769,control,0.0,0,0.0,0
6770,control,142.83,0,0.0,0
6771,treatment,34.74,0,0.0,0
6772,control,42.8,0,0.0,0
6773,control,47.61,0,0.0,0
6774,control,0.0,0,0.0,0
6775,control,0.0,0,0.0,0
6776,control,0.0,0,0.0,0
6777,treatment,55.45,0,0.0,0
6778,control,0.0,0,0.0,0
6779,treatment,75.41,0,0.0,0
6780,control,19.52,0,0.0,0
6781,treatment,0.0,0,0.0,0
6782,treatment,0.0,0,0.0,0
6783,treatment,0.0,1,46.93,0
6784,treatment,183.75,0,0.0,0
6785,control,0.0,0,0.0,0
6786,control,256.71,1,251.22,0
6787,control,99.64,0,0.0,0
6788,treatment,85.36,1,74.92,0
6789,treatment,0.0,0,0.0,0
6790,control,0.0,0,0.0,0
6791,treatment,0.0,0,0.0,0
6792,control,0.0,0,0.0,0
6793,treatment,0.0,1,29.18,0
6794,treatment,43.28,0,0.0,0
6795,control,157.6,0,0.0,0
6796,treatment,48.85,0,0.0,0
6797,control,0.0,0,0.0,0
6798,treatment,0.0,0,0.0,0
6799,treatment,80.03,1,34.77,0
6800,control,0.0,0,0.0,0
6801,control,372.12,1,73.34,0
6802,control,0.0,0,0.0,0
6803,treatment,0.0,0,0.0,0
6804,treatment,0.0,0,0.0,0
6805,treatment,77.1,0,0.0,0
6806,treatment,0.0,0,0.0,0
6807,control,142.88,0,0.0,0
6808,control,0.0,1,31.83,0
6809,treatment,40.26,0,0.0,0
6810,treatment,48.59,0,0.0,0
6811,control,80.24,0,0.0,0
6812,control,134.35,0,0.0,0
6813,treatment,56.31,0,0.0,0
6814,control,0.0,0,0.0,0
6815,control,0.0,0,0.0,0
6816,control,84.69,0,0.0,0
6817,control,0.0,0,0.0,0
6818,control,0.0,0,0.0,0
6819,treatment,0.0,0,0.0,0
6820,treatment,303.98,0,0.0,0
6821,treatment,0.0,0,0.0,0
6822,treatment,111.7,1,111.42,0
6823,treatment,0.0,0,0.0,0
6824,treatment,31.79,0,0.0,0
6825,treatment,0.0,0,0.0,0
6826,treatment,31.03,0,0.0,0
6827,control,0.0,0,0.0,0
6828,treatment,50.27,0,0.0,0
6829,treatment,239.85,0,0.0,0
6830,control,39.0,0,0.0,0
6831,treatment,0.0,1,78.63,0
6832,control,50.55,0,0.0,0
6833,treatment,67.48,0,0.0,0
6834,control,87.87,0,0.0,0
6835,treatment,56.07,0,0.0,0
6836,treatment,0.0,0,0.0,0
6837,treatment,0.0,0,0.0,0
6838,treatment,93.78,0,0.0,0
6839,control,48.71,0,0.0,0
6840,control,0.0,1,31.71,0
6841,treatment,0.0,0,0.0,0
6842,treatment,26.81,0,0.0,0
6843,control,0.0,0,0.0,0
6844,control,54.12,0,0.0,0
6845,treatment,0.0,0,0.0,0
6846,control,95.61,0,0.0,0
6847,control,0.0,0,0.0,0
6848,treatment,0.0,0,0.0,0
6849,treatment,20.72,0,0.0,0
6850,control,392.75,1,96.34,0
6851,treatment,0.0,0,0.0,0
6852,control,0.0,0,0.0,0
6853,treatment,75.79,0,0.0,0
6854,treatment,284.79,1,58.38,0
6855,treatment,151.45,1,49.1,0
6856,treatment,0.0,0,0.0,0
6857,control,0.0,0,0.0,0
6858,control,0.0,0,0.0,0
6859,control,107.71,0,0.0,0
6860,control,45.43,0,0.0,0
6861,control,33.25,0,0.0,0
6862,treatment,0.0,0,0.0,0
6863,control,28.2,1,54.9,0
6864,control,333.11,0,0.0,0
6865,control,120.55,0,0.0,0
6866,treatment,41.74,0,0.0,0
6867,control,0.0,0,0.0,0
6868,control,377.42,1,46.71,0
6869,control,0.0,0,0.0,0
6870,control,0.0,0,0.0,0
6871,control,360.08,1,63.06,0
6872,treatment,69.27,0,0.0,0
6873,treatment,0.0,0,0.0,0
6874,control,65.04,0,0.0,0
6875,treatment,128.19,1,101.27,0
6876,control,421.08,1,90.23,0
6877,treatment,0.0,0,0.0,0
6878,control,78.24,0,0.0,0
6879,control,0.0,0,0.0,0
6880,treatment,0.0,0,0.0,0
6881,control,88.31,0,0.0,0
6882,control,0.0,0,0.0,0
6883,control,0.0,0,0.0,0
6884,control,0.0,0,0.0,0
6885,control,42.98,0,0.0,0
6886,control,0.0,0,0.0,0
6887,control,24.81,0,0.0,0
6888,control,40.09,0,0.0,0
6889,control,0.0,0,0.0,0
6890,treatment,87.45,0,0.0,0
6891,control,0.0,0,0.0,0
6892,control,175.19,0,0.0,0
6893,treatment,90.98,0,0.0,0
6894,control,0.0,0,0.0,0
6895,treatment,117.22,0,0.0,0
6896,treatment,0.0,0,0.0,0
6897,treatment,0.0,0,0.0,0
6898,control,0.0,1,99.68,0
6899,control,0.0,0,0.0,0
6900,control,40.5,0,0.0,0
6901,control,0.0,1,23.65,0
6902,treatment,0.0,1,16.16,0
6903,control,114.12,0,0.0,0
6904,treatment,52.8,0,0.0,0
6905,treatment,190.94,0,0.0,0
6906,control,927.65,0,0.0,0
6907,treatment,0.0,0,0.0,0
6908,treatment,213.59,0,0.0,0
6909,control,0.0,0,0.0,0
6910,control,60.5,0,0.0,0
6911,treatment,28.12,0,0.0,0
6912,treatment,49.55,1,24.01,0
6913,control,0.0,0,0.0,0
6914,treatment,50.32,0,0.0,0
6915,treatment,0.0,1,33.1,0
6916,control,0.0,1,82.04,0
6917,treatment,64.83,0,0.0,0
6918,control,41.28,0,0.0,0
6919,treatment,131.92,0,0.0,0
6920,treatment,45.3,0,0.0,0
6921,control,34.1,0,0.0,0
6922,control,0.0,0,0.0,0
6923,control,0.0,0,0.0,0
6924,control,0.0,0,0.0,0
6925,treatment,99.37,0,0.0,0
6926,control,0.0,0,0.0,0
6927,treatment,0.0,0,0.0,0
6928,treatment,0.0,0,0.0,0
6929,treatment,115.41,0,0.0,0
6930,control,0.0,0,0.0,0
6931,treatment,0.0,0,0.0,0
6932,control,0.0,0,0.0,0
6933,control,0.0,0,0.0,0
6934,control,0.0,0,0.0,0
6935,control,36.23,0,0.0,0
6936,treatment,87.45,1,96.41,0
6937,control,42.04,0,0.0,0
6938,control,0.0,0,0.0,0
6939,treatment,0.0,0,0.0,0
6940,treatment,0.0,0,0.0,0
6941,treatment,50.77,0,0.0,0
6942,control,503.34,0,0.0,0
6943,treatment,49.23,1,45.25,0
6944,treatment,26.49,1,21.07,0
6945,control,0.0,0,0.0,0
6946,treatment,36.97,0,0.0,0
6947,control,33.26,1,65.69,0
6948,control,0.0,0,0.0,0
6949,treatment,36.55,0,0.0,0
6950,control,0.0,0,0.0,0
6951,control,0.0,0,0.0,0
6952,control,0.0,0,0.0,0
6953,control,0.0,0,0.0,0
6954,control,0.0,0,0.0,0
6955,treatment,84.61,1,39.46,0
6956,treatment,96.99,0,0.0,0
6957,control,0.0,0,0.0,0
6958,control,0.0,0,0.0,0
6959,treatment,617.34,0,0.0,0
6960,control,35.6,0,0.0,0
6961,control,40.99,0,0.0,0
6962,control,0.0,0,0.0,0
6963,control,0.0,0,0.0,0
6964,control,0.0,0,0.0,0
6965,treatment,158.24,0,0.0,0
6966,control,64.43,0,0.0,0
6967,treatment,0.0,0,0.0,0
6968,control,458.57,0,0.0,0
6969,treatment,768.81,0,0.0,0
6970,treatment,0.0,0,0.0,0
6971,control,26.74,0,0.0,0
6972,control,23.78,0,0.0,0
6973,control,76.34,1,210.03,0
6974,treatment,0.0,0,0.0,0
6975,control,61.69,0,0.0,0
6976,treatment,83.89,0,0.0,0
6977,control,113.18,0,0.0,0
6978,treatment,0.0,0,0.0,0
6979,treatment,40.21,0,0.0,0
6980,treatment,30.19,0,0.0,0
6981,treatment,0.0,0,0.0,0
6982,control,37.26,0,0.0,0
6983,control,175.34,0,0.0,0
6984,treatment,0.0,0,0.0,0
6985,control,0.0,0,0.0,0
6986,control,0.0,0,0.0,0
6987,treatment,0.0,0,0.0,0
6988,treatment,216.64,0,0.0,0
6989,control,0.0,0,0.0,0
6990,control,165.47,0,0.0,0
6991,control,0.0,0,0.0,0
6992,control,61.66,0,0.0,0
6993,control,55.36,0,0.0,0
6994,control,0.0,0,0.0,0
6995,treatment,78.52,0,0.0,0
6996,treatment,63.68,1,41.82,0
6997,control,23.49,0,0.0,0
6998,treatment,0.0,0,0.0,0
6999,treatment,83.41,1,127.82,0
7000,treatment,57.54,0,0.0,0
7001,control,57.96,0,0.0,0
7002,control,0.0,0,0.0,0
7003,treatment,96.05,0,0.0,0
7004,treatment,39.03,0,0.0,0
7005,treatment,0.0,0,0.0,0
7006,treatment,0.0,0,0.0,0
7007,treatment,22.54,0,0.0,0
7008,treatment,118.86,0,0.0,0
7009,treatment,0.0,0,0.0,0
7010,control,1239.63,1,156.81,0
7011,control,0.0,0,0.0,0
7012,treatment,39.79,0,0.0,0
7013,control,220.58,1,132.04,0
7014,control,0.0,0,0.0,0
7015,control,42.27,1,99.57,1
7016,control,0.0,0,0.0,0
7017,treatment,60.34,1,50.82,0
7018,treatment,126.43,0,0.0,0
7019,control,67.45,0,0.0,0
7020,treatment,0.0,0,0.0,0
7021,control,0.0,0,0.0,0
7022,control,84.23,0,0.0,0
7023,control,0.0,0,0.0,0
7024,treatment,0.0,0,0.0,0
7025,control,36.7,0,0.0,0
7026,treatment,107.42,0,0.0,0
7027,treatment,0.0,1,91.81,0
7028,treatment,0.0,1,48.6,0
7029,control,0.0,0,0.0,0
7030,control,0.0,0,0.0,0
7031,treatment,0.0,0,0.0,0
7032,treatment,54.93,0,0.0,0
7033,control,0.0,0,0.0,0
7034,control,0.0,1,86.94,0
7035,control,0.0,0,0.0,0
7036,treatment,92.47,0,0.0,0
7037,treatment,0.0,1,81.78,0
7038,control,0.0,0,0.0,0
7039,control,52.21,0,0.0,0
7040,treatment,0.0,0,0.0,0
7041,treatment,75.97,0,0.0,0
7042,control,19.67,0,0.0,0
7043,treatment,330.98,0,0.0,0
7044,treatment,0.0,0,0.0,0
7045,control,42.16,1,63.75,0
7046,treatment,220.42,0,0.0,0
7047,treatment,691.13,1,44.7,0
7048,control,0.0,0,0.0,0
7049,treatment,0.0,0,0.0,0
7050,treatment,0.0,0,0.0,0
7051,control,45.03,0,0.0,0
7052,control,0.0,0,0.0,0
7053,control,0.0,0,0.0,0
7054,treatment,21.64,1,33.34,0
7055,treatment,0.0,0,0.0,0
7056,treatment,0.0,0,0.0,0
7057,control,240.4,1,40.48,0
7058,control,0.0,0,0.0,0
7059,treatment,271.24,1,150.52,0
7060,treatment,46.88,0,0.0,0
7061,treatment,0.0,0,0.0,0
7062,control,58.25,0,0.0,0
7063,treatment,66.46,0,0.0,0
7064,control,0.0,0,0.0,0
7065,treatment,0.0,0,0.0,0
7066,treatment,0.0,0,0.0,0
7067,control,42.06,0,0.0,0
7068,control,188.68,0,0.0,0
7069,treatment,0.0,0,0.0,0
7070,treatment,379.15,1,88.0,0
7071,control,0.0,0,0.0,0
7072,control,33.93,0,0.0,0
7073,treatment,0.0,0,0.0,0
7074,control,240.87,0,0.0,0
7075,control,43.29,0,0.0,0
7076,treatment,0.0,0,0.0,0
7077,treatment,0.0,0,0.0,0
7078,control,0.0,0,0.0,0
7079,treatment,66.07,0,0.0,0
7080,treatment,44.7,0,0.0,0
7081,treatment,71.42,0,0.0,0
7082,control,0.0,0,0.0,0
7083,treatment,0.0,0,0.0,0
7084,control,16.42,0,0.0,0
7085,control,189.81,0,0.0,0
7086,treatment,0.0,0,0.0,0
7087,control,133.26,0,0.0,0
7088,control,0.0,0,0.0,0
7089,control,94.93,0,0.0,0
7090,control,0.0,0,0.0,0
7091,control,107.31,0,0.0,0
7092,control,0.0,0,0.0,0
7093,treatment,105.69,1,77.23,0
7094,control,554.01,1,58.71,1
7095,treatment,0.0,0,0.0,0
7096,control,34.58,0,0.0,0
7097,treatment,84.23,0,0.0,0
7098,treatment,0.0,0,0.0,0
7099,control,0.0,0,0.0,0
7100,control,0.0,0,0.0,0
7101,control,0.0,0,0.0,0
7102,treatment,0.0,0,0.0,0
7103,control,0.0,0,0.0,0
7104,treatment,42.59,0,0.0,0
7105,control,0.0,0,0.0,0
7106,control,0.0,0,0.0,0
7107,control,0.0,0,0.0,0
7108,treatment,0.0,0,0.0,0
7109,control,38.25,0,0.0,0
7110,treatment,0.0,0,0.0,0
7111,treatment,41.1,0,0.0,0
7112,control,0.0,0,0.0,0
7113,treatment,0.0,0,0.0,0
7114,control,44.38,0,0.0,0
7115,control,242.23,0,0.0,0
7116,treatment,28.81,0,0.0,0
7117,treatment,138.53,0,0.0,0
7118,control,0.0,0,0.0,0
7119,control,57.68,0,0.0,0
7120,control,63.98,0,0.0,0
7121,treatment,195.34,0,0.0,0
7122,treatment,522.95,1,94.26,0
7123,control,204.84,0,0.0,0
7124,treatment,0.0,0,0.0,0
7125,control,89.17,1,79.39,0
7126,treatment,0.0,0,0.0,0
7127,treatment,190.94,0,0.0,0
7128,control,0.0,0,0.0,0
7129,control,429.05,0,0.0,0
7130,treatment,147.67,1,63.61,0
7131,control,57.1,0,0.0,0
7132,control,335.73,0,0.0,0
7133,treatment,0.0,0,0.0,0
7134,control,0.0,0,0.0,0
7135,control,0.0,0,0.0,0
7136,treatment,0.0,0,0.0,0
7137,treatment,0.0,0,0.0,0
7138,treatment,91.31,0,0.0,0
7139,control,0.0,0,0.0,0
7140,treatment,0.0,0,0.0,0
7141,control,0.0,0,0.0,0
7142,control,0.0,0,0.0,0
7143,control,45.94,0,0.0,0
7144,control,58.69,0,0.0,0
7145,treatment,72.57,0,0.0,0
7146,control,0.0,0,0.0,0
7147,control,0.0,0,0.0,0
7148,control,322.7,0,0.0,0
7149,control,0.0,0,0.0,0
7150,treatment,90.8,1,37.94,0
7151,treatment,134.68,0,0.0,0
7152,control,138.3,0,0.0,0
7153,treatment,110.95,0,0.0,0
7154,treatment,64.24,0,0.0,0
7155,control,147.29,0,0.0,0
7156,control,37.14,0,0.0,0
7157,control,0.0,0,0.0,0
7158,treatment,120.0,0,0.0,0
7159,treatment,0.0,0,0.0,0
7160,treatment,34.75,1,68.34,0
7161,treatment,0.0,0,0.0,0
7162,control,55.89,0,0.0,0
7163,treatment,0.0,0,0.0,0
7164,control,33.59,0,0.0,0
7165,control,32.08,0,0.0,0
7166,treatment,107.59,0,0.0,0
7167,treatment,0.0,0,0.0,0
7168,treatment,95.93,0,0.0,0
7169,control,87.24,0,0.0,0
7170,control,120.19,0,0.0,0
7171,control,0.0,1,46.11,0
7172,treatment,0.0,0,0.0,0
7173,treatment,0.0,0,0.0,0
7174,treatment,0.0,0,0.0,0
7175,control,0.0,0,0.0,0
7176,control,68.08,0,0.0,0
7177,control,45.11,1,126.83,0
7178,control,0.0,0,0.0,0
7179,control,551.82,0,0.0,0
7180,treatment,0.0,0,0.0,0
7181,control,0.0,0,0.0,0
7182,treatment,140.29,0,0.0,0
7183,treatment,0.0,0,0.0,0
7184,treatment,53.41,0,0.0,0
7185,treatment,34.54,0,0.0,0
7186,treatment,61.01,0,0.0,0
7187,treatment,264.59,1,87.87,0
7188,treatment,0.0,0,0.0,0
7189,treatment,0.0,1,86.59,0
7190,treatment,0.0,0,0.0,0
7191,treatment,23.75,0,0.0,0
7192,control,192.21,0,0.0,0
7193,control,27.44,0,0.0,0
7194,treatment,27.14,0,0.0,0
7195,treatment,0.0,0,0.0,0
7196,control,179.34,0,0.0,0
7197,treatment,0.0,0,0.0,0
7198,treatment,0.0,0,0.0,0
7199,treatment,169.72,0,0.0,0
7200,control,0.0,0,0.0,0
7201,control,29.37,0,0.0,0
7202,treatment,100.69,0,0.0,0
7203,treatment,18.42,0,0.0,0
7204,control,153.8,1,47.28,0
7205,control,0.0,0,0.0,0
7206,treatment,76.13,0,0.0,0
7207,treatment,26.75,0,0.0,0
7208,treatment,0.0,1,61.92,0
7209,treatment,47.28,0,0.0,0
7210,treatment,70.87,1,118.18,0
7211,control,0.0,0,0.0,0
7212,control,0.0,0,0.0,0
7213,control,0.0,0,0.0,0
7214,treatment,0.0,0,0.0,0
7215,control,22.08,0,0.0,0
7216,control,71.28,1,49.68,0
7217,treatment,0.0,0,0.0,0
7218,control,420.17,1,200.23,0
7219,treatment,0.0,0,0.0,0
7220,treatment,49.62,0,0.0,0
7221,treatment,104.04,1,66.69,0
7222,control,120.52,0,0.0,0
7223,treatment,0.0,0,0.0,0
7224,control,105.8,1,40.41,0
7225,control,0.0,0,0.0,0
7226,control,0.0,0,0.0,0
7227,treatment,376.64,1,157.97,0
7228,control,133.57,0,0.0,0
7229,control,0.0,0,0.0,0
7230,control,0.0,0,0.0,0
7231,treatment,316.66,0,0.0,0
7232,control,0.0,0,0.0,0
7233,treatment,0.0,0,0.0,0
7234,control,0.0,0,0.0,0
7235,treatment,49.88,0,0.0,0
7236,treatment,78.65,1,80.48,0
7237,treatment,33.38,0,0.0,0
7238,treatment,0.0,0,0.0,0
7239,treatment,43.96,0,0.0,0
7240,control,46.61,0,0.0,0
7241,control,0.0,0,0.0,0
7242,control,120.0,0,0.0,0
7243,control,0.0,1,88.08,0
7244,control,0.0,0,0.0,0
7245,control,0.0,0,0.0,0
7246,control,0.0,0,0.0,0
7247,treatment,458.98,0,0.0,0
7248,treatment,48.38,0,0.0,0
7249,control,42.24,0,0.0,0
7250,treatment,0.0,0,0.0,0
7251,control,87.57,0,0.0,0
7252,control,0.0,0,0.0,0
7253,treatment,0.0,0,0.0,0
7254,control,127.51,1,94.52,0
7255,treatment,0.0,0,0.0,0
7256,treatment,0.0,0,0.0,0
7257,control,0.0,0,0.0,0
7258,control,29.65,0,0.0,0
7259,control,0.0,0,0.0,0
7260,control,0.0,0,0.0,0
7261,control,0.0,0,0.0,0
7262,control,251.29,0,0.0,0
7263,control,0.0,1,25.72,0
7264,treatment,0.0,0,0.0,0
7265,control,422.8,1,42.77,0
7266,treatment,0.0,0,0.0,0
7267,treatment,48.43,0,0.0,0
7268,control,0.0,0,0.0,0
7269,control,171.62,0,0.0,0
7270,control,85.39,0,0.0,0
7271,control,0.0,0,0.0,0
7272,control,190.65,0,0.0,0
7273,treatment,140.76,0,0.0,0
7274,treatment,103.95,0,0.0,0
7275,treatment,0.0,0,0.0,0
7276,treatment,73.5,0,0.0,0
7277,treatment,0.0,0,0.0,0
7278,treatment,41.0,0,0.0,0
7279,control,0.0,0,0.0,0
7280,control,0.0,0,0.0,0
7281,control,37.66,0,0.0,0
7282,treatment,0.0,0,0.0,0
7283,control,40.28,0,0.0,0
7284,treatment,55.7,0,0.0,0
7285,control,0.0,1,47.37,0
7286,control,37.02,0,0.0,0
7287,treatment,36.19,0,0.0,0
7288,control,49.3,0,0.0,0
7289,control,0.0,0,0.0,0
7290,treatment,163.43,0,0.0,0
7291,treatment,0.0,0,0.0,0
7292,treatment,77.18,0,0.0,0
7293,treatment,0.0,0,0.0,0
7294,control,133.08,0,0.0,0
7295,treatment,0.0,1,80.7,0
7296,treatment,244.74,0,0.0,0
7297,treatment,0.0,1,45.07,0
7298,treatment,0.0,0,0.0,0
7299,treatment,36.87,0,0.0,0
7300,control,0.0,0,0.0,0
7301,control,71.59,0,0.0,0
7302,treatment,0.0,0,0.0,0
7303,treatment,0.0,0,0.0,0
7304,treatment,46.19,0,0.0,0
7305,control,0.0,0,0.0,0
7306,treatment,37.67,0,0.0,0
7307,control,65.37,0,0.0,0
7308,control,0.0,0,0.0,0
7309,control,31.33,0,0.0,0
7310,control,731.21,1,35.1,0
7311,treatment,0.0,0,0.0,0
7312,treatment,0.0,0,0.0,0
7313,control,0.0,0,0.0,0
7314,control,53.4,0,0.0,0
7315,control,24.73,0,0.0,0
7316,treatment,0.0,0,0.0,0
7317,treatment,0.0,1,53.38,0
7318,control,49.49,1,76.81,0
7319,control,108.8,0,0.0,0
7320,treatment,122.8,1,27.59,0
7321,control,0.0,1,27.47,0
7322,control,76.15,0,0.0,0
7323,control,0.0,0,0.0,0
7324,treatment,217.0,0,0.0,0
7325,control,0.0,1,53.97,0
7326,control,0.0,0,0.0,0
7327,control,0.0,0,0.0,0
7328,treatment,427.98,1,113.12,0
7329,treatment,59.05,0,0.0,0
7330,treatment,86.63,0,0.0,0
7331,control,0.0,0,0.0,0
7332,treatment,64.75,0,0.0,0
7333,control,86.26,0,0.0,0
7334,control,221.87,0,0.0,0
7335,control,30.46,0,0.0,0
7336,control,0.0,1,66.97,0
7337,control,42.29,1,44.17,0
7338,control,0.0,0,0.0,0
7339,treatment,15.76,0,0.0,0
7340,treatment,0.0,0,0.0,0
7341,treatment,0.0,1,80.73,0
7342,control,37.33,0,0.0,0
7343,treatment,41.58,0,0.0,0
7344,control,0.0,0,0.0,0
7345,treatment,134.61,0,0.0,0
7346,treatment,0.0,0,0.0,0
7347,control,116.77,0,0.0,0
7348,treatment,0.0,0,0.0,0
7349,treatment,19.92,0,0.0,0
7350,control,0.0,1,73.86,0
7351,treatment,0.0,0,0.0,0
7352,control,169.45,0,0.0,0
7353,treatment,23.45,0,0.0,0
7354,treatment,291.63,0,0.0,0
7355,control,24.87,0,0.0,0
7356,treatment,42.48,0,0.0,0
7357,control,24.93,0,0.0,0
7358,treatment,91.94,0,0.0,0
7359,control,205.18,0,0.0,0
7360,treatment,138.43,1,44.01,0
7361,treatment,0.0,1,91.97,0
7362,control,0.0,0,0.0,0
7363,control,0.0,0,0.0,0
7364,treatment,127.29,1,53.73,0
7365,treatment,113.52,1,66.73,0
7366,treatment,0.0,0,0.0,0
7367,control,0.0,0,0.0,0
7368,treatment,116.38,0,0.0,0
7369,control,62.87,0,0.0,0
7370,control,960.24,1,100.25,0
7371,control,44.29,0,0.0,0
7372,control,0.0,0,0.0,0
7373,treatment,0.0,0,0.0,0
7374,treatment,0.0,0,0.0,0
7375,control,101.69,0,0.0,0
7376,control,0.0,0,0.0,0
7377,control,49.15,0,0.0,0
7378,control,0.0,0,0.0,0
7379,control,0.0,0,0.0,0
7380,control,0.0,0,0.0,0
7381,treatment,86.26,0,0.0,0
7382,control,0.0,0,0.0,0
7383,control,96.04,1,78.05,0
7384,treatment,0.0,0,0.0,0
7385,treatment,0.0,0,0.0,0
7386,control,0.0,0,0.0,0
7387,control,0.0,0,0.0,0
7388,treatment,0.0,0,0.0,0
7389,control,0.0,0,0.0,0
7390,control,0.0,0,0.0,0
7391,treatment,0.0,0,0.0,0
7392,control,46.62,0,0.0,0
7393,treatment,0.0,0,0.0,0
7394,control,0.0,0,0.0,0
7395,treatment,0.0,0,0.0,0
7396,treatment,56.38,0,0.0,0
7397,treatment,0.0,0,0.0,0
7398,control,0.0,0,0.0,0
7399,treatment,0.0,0,0.0,0
7400,control,0.0,0,0.0,0
7401,control,128.74,0,0.0,0
7402,treatment,47.59,1,14.69,0
7403,control,138.7,0,0.0,0
7404,control,0.0,0,0.0,0
7405,treatment,269.88,0,0.0,0
7406,control,0.0,1,49.44,0
7407,control,0.0,0,0.0,0
7408,control,84.42,0,0.0,0
7409,control,0.0,0,0.0,0
7410,treatment,47.71,0,0.0,0
7411,treatment,0.0,0,0.0,0
7412,treatment,158.81,1,76.15,0
7413,treatment,49.47,0,0.0,0
7414,control,215.02,0,0.0,0
7415,control,0.0,0,0.0,0
7416,control,0.0,0,0.0,0
7417,control,0.0,0,0.0,0
7418,control,0.0,0,0.0,0
7419,treatment,0.0,0,0.0,0
7420,control,132.45,0,0.0,0
7421,control,0.0,0,0.0,0
7422,control,266.3,0,0.0,0
7423,control,0.0,0,0.0,0
7424,control,40.08,0,0.0,0
7425,treatment,0.0,0,0.0,0
7426,control,75.87,0,0.0,0
7427,control,85.75,0,0.0,0
7428,control,93.59,0,0.0,0
7429,treatment,85.4,0,0.0,0
7430,control,0.0,0,0.0,0
7431,control,134.31,0,0.0,0
7432,treatment,0.0,0,0.0,0
7433,control,126.76,1,177.1,0
7434,control,0.0,0,0.0,0
7435,treatment,0.0,0,0.0,0
7436,control,64.33,0,0.0,0
7437,control,0.0,0,0.0,0
7438,control,0.0,0,0.0,0
7439,treatment,36.04,0,0.0,0
7440,control,0.0,0,0.0,0
7441,treatment,60.79,0,0.0,0
7442,treatment,0.0,0,0.0,0
7443,treatment,0.0,0,0.0,0
7444,treatment,106.12,0,0.0,0
7445,control,0.0,0,0.0,0
7446,control,46.21,0,0.0,0
7447,treatment,0.0,0,0.0,0
7448,treatment,53.83,1,42.36,0
7449,control,0.0,0,0.0,0
7450,control,0.0,0,0.0,0
7451,control,0.0,0,0.0,0
7452,control,0.0,0,0.0,0
7453,treatment,0.0,0,0.0,0
7454,treatment,141.64,0,0.0,0
7455,control,50.1,0,0.0,0
7456,control,0.0,0,0.0,0
7457,treatment,60.65,1,96.74,0
7458,control,38.64,0,0.0,0
7459,treatment,0.0,0,0.0,0
7460,control,41.72,0,0.0,0
7461,treatment,0.0,0,0.0,0
7462,treatment,34.83,0,0.0,0
7463,treatment,20.44,0,0.0,0
7464,treatment,68.67,0,0.0,0
7465,treatment,0.0,0,0.0,0
7466,treatment,44.37,0,0.0,0
7467,control,0.0,0,0.0,0
7468,control,0.0,0,0.0,0
7469,control,0.0,0,0.0,0
7470,treatment,102.17,1,35.69,0
7471,treatment,55.79,0,0.0,0
7472,control,0.0,0,0.0,0
7473,treatment,42.8,0,0.0,0
7474,control,94.39,0,0.0,0
7475,control,70.01,0,0.0,0
7476,control,0.0,0,0.0,0
7477,control,0.0,0,0.0,0
7478,control,0.0,0,0.0,0
7479,treatment,26.52,0,0.0,0
7480,control,0.0,0,0.0,0
7481,control,643.78,1,103.45,1
7482,control,0.0,0,0.0,0
7483,control,93.01,0,0.0,0
7484,treatment,0.0,0,0.0,0
7485,treatment,0.0,1,29.04,0
7486,control,0.0,0,0.0,0
7487,control,0.0,0,0.0,0
7488,control,0.0,0,0.0,0
7489,treatment,227.13,1,89.32,0
7490,treatment,298.5,0,0.0,0
7491,control,0.0,0,0.0,0
7492,control,0.0,0,0.0,0
7493,treatment,0.0,0,0.0,0
7494,treatment,0.0,0,0.0,0
7495,control,40.12,0,0.0,0
7496,treatment,0.0,0,0.0,0
7497,treatment,106.75,0,0.0,0
7498,control,66.21,0,0.0,0
7499,treatment,0.0,0,0.0,0
7500,control,0.0,0,0.0,0
7501,control,105.85,1,129.41,0
7502,treatment,146.06,0,0.0,0
7503,treatment,0.0,0,0.0,0
7504,treatment,0.0,0,0.0,0
7505,treatment,38.66,0,0.0,0
7506,treatment,50.46,0,0.0,0
7507,treatment,0.0,0,0.0,0
7508,treatment,618.93,1,59.31,0
7509,control,0.0,0,0.0,0
7510,treatment,0.0,0,0.0,0
7511,control,0.0,0,0.0,0
7512,control,174.7,1,37.76,0
7513,control,0.0,0,0.0,0
7514,treatment,86.2,0,0.0,0
7515,treatment,0.0,0,0.0,0
7516,treatment,302.66,0,0.0,0
7517,control,37.61,0,0.0,0
7518,control,30.29,0,0.0,0
7519,control,65.56,0,0.0,0
7520,treatment,81.31,1,79.59,0
7521,treatment,50.9,0,0.0,0
7522,control,45.14,0,0.0,0
7523,treatment,0.0,1,49.32,0
7524,control,0.0,0,0.0,0
7525,treatment,0.0,0,0.0,0
7526,control,0.0,0,0.0,0
7527,control,131.12,0,0.0,0
7528,treatment,29.68,0,0.0,0
7529,control,0.0,0,0.0,0
7530,treatment,53.49,0,0.0,0
7531,treatment,119.13,1,101.52,0
7532,control,0.0,0,0.0,0
7533,control,0.0,0,0.0,0
7534,treatment,0.0,0,0.0,0
7535,control,88.92,0,0.0,0
7536,treatment,0.0,0,0.0,0
7537,control,1143.97,0,0.0,0
7538,control,96.02,0,0.0,0
7539,control,148.23,1,81.76,0
7540,control,0.0,0,0.0,0
7541,control,0.0,0,0.0,0
7542,treatment,0.0,0,0.0,0
7543,treatment,72.26,0,0.0,0
7544,control,0.0,0,0.0,0
7545,treatment,0.0,0,0.0,0
7546,control,0.0,0,0.0,0
7547,treatment,95.4,0,0.0,0
7548,treatment,0.0,0,0.0,0
7549,control,0.0,0,0.0,0
7550,treatment,0.0,0,0.0,0
7551,control,22.69,0,0.0,0
7552,treatment,0.0,1,35.73,1
7553,treatment,89.65,1,99.55,0
7554,control,0.0,0,0.0,0
7555,control,0.0,0,0.0,0
7556,control,0.0,0,0.0,0
7557,treatment,0.0,0,0.0,0
7558,treatment,19.29,0,0.0,0
7559,treatment,84.11,0,0.0,0
7560,control,0.0,0,0.0,0
7561,treatment,723.77,1,107.5,0
7562,control,0.0,0,0.0,0
7563,control,0.0,0,0.0,0
7564,treatment,78.31,0,0.0,0
7565,control,115.31,0,0.0,0
7566,treatment,161.3,0,0.0,0
7567,treatment,0.0,0,0.0,0
7568,control,0.0,0,0.0,0
7569,control,57.74,0,0.0,0
7570,treatment,0.0,0,0.0,0
7571,treatment,148.53,0,0.0,0
7572,control,146.14,0,0.0,0
7573,treatment,0.0,0,0.0,0
7574,control,63.87,0,0.0,0
7575,control,0.0,0,0.0,0
7576,control,58.44,0,0.0,0
7577,control,270.81,1,73.08,0
7578,treatment,0.0,0,0.0,0
7579,treatment,0.0,0,0.0,0
7580,treatment,23.37,0,0.0,0
7581,control,49.34,0,0.0,0
7582,control,309.72,0,0.0,0
7583,treatment,44.24,0,0.0,0
7584,treatment,0.0,0,0.0,0
7585,treatment,0.0,0,0.0,0
7586,treatment,0.0,0,0.0,0
7587,treatment,0.0,0,0.0,0
7588,control,0.0,0,0.0,0
7589,treatment,364.39,0,0.0,0
7590,treatment,94.75,0,0.0,0
7591,control,0.0,0,0.0,0
7592,treatment,0.0,0,0.0,0
7593,treatment,0.0,0,0.0,0
7594,control,0.0,0,0.0,0
7595,control,314.45,0,0.0,0
7596,treatment,0.0,1,40.56,0
7597,treatment,0.0,0,0.0,0
7598,treatment,417.54,0,0.0,0
7599,control,0.0,0,0.0,0
7600,control,168.57,1,94.76,0
7601,treatment,0.0,0,0.0,0
7602,treatment,151.69,0,0.0,0
7603,treatment,0.0,0,0.0,0
7604,control,98.64,0,0.0,0
7605,control,0.0,0,0.0,0
7606,control,38.51,0,0.0,0
7607,control,84.37,0,0.0,0
7608,treatment,54.08,1,12.37,0
7609,treatment,36.99,1,60.14,0
7610,treatment,0.0,0,0.0,0
7611,treatment,0.0,0,0.0,0
7612,treatment,0.0,0,0.0,0
7613,control,86.85,1,102.67,0
7614,control,0.0,0,0.0,0
7615,control,105.73,0,0.0,0
7616,control,79.45,0,0.0,0
7617,control,379.73,0,0.0,0
7618,treatment,0.0,0,0.0,0
7619,treatment,166.19,0,0.0,0
7620,control,0.0,0,0.0,0
7621,control,95.05,0,0.0,0
7622,control,36.82,1,49.46,0
7623,control,0.0,0,0.0,0
7624,control,0.0,0,0.0,0
7625,treatment,0.0,0,0.0,0
7626,control,218.99,0,0.0,0
7627,treatment,0.0,0,0.0,0
7628,treatment,0.0,0,0.0,0
7629,treatment,0.0,0,0.0,0
7630,treatment,128.41,0,0.0,0
7631,treatment,33.42,0,0.0,0
7632,control,54.68,0,0.0,0
7633,control,67.63,0,0.0,0
7634,control,475.75,1,101.1,0
7635,treatment,180.09,0,0.0,0
7636,treatment,0.0,0,0.0,0
7637,treatment,0.0,0,0.0,0
7638,control,0.0,0,0.0,0
7639,control,186.56,0,0.0,0
7640,treatment,61.93,0,0.0,0
7641,treatment,48.53,1,71.12,0
7642,treatment,57.87,0,0.0,0
7643,treatment,0.0,0,0.0,0
7644,control,0.0,0,0.0,0
7645,control,0.0,0,0.0,0
7646,treatment,53.38,0,0.0,0
7647,treatment,0.0,0,0.0,0
7648,treatment,0.0,0,0.0,0
7649,control,29.67,0,0.0,0
7650,treatment,0.0,1,38.49,0
7651,treatment,87.94,0,0.0,0
7652,control,0.0,0,0.0,0
7653,control,168.4,0,0.0,0
7654,treatment,0.0,0,0.0,0
7655,control,0.0,0,0.0,0
7656,treatment,0.0,0,0.0,0
7657,control,128.73,0,0.0,0
7658,treatment,0.0,0,0.0,0
7659,treatment,0.0,0,0.0,0
7660,control,0.0,0,0.0,0
7661,treatment,178.27,1,138.91,0
7662,treatment,61.02,0,0.0,0
7663,control,62.9,0,0.0,0
7664,treatment,272.13,0,0.0,0
7665,treatment,28.57,0,0.0,0
7666,control,0.0,0,0.0,0
7667,treatment,125.23,0,0.0,0
7668,control,103.85,0,0.0,0
7669,control,0.0,0,0.0,0
7670,treatment,0.0,1,34.52,0
7671,treatment,33.69,0,0.0,0
7672,control,0.0,1,24.2,0
7673,treatment,44.46,0,0.0,0
7674,control,0.0,0,0.0,0
7675,treatment,0.0,0,0.0,0
7676,treatment,0.0,0,0.0,0
7677,treatment,121.66,1,30.18,0
7678,control,93.54,1,64.52,0
7679,control,0.0,0,0.0,0
7680,treatment,81.77,0,0.0,0
7681,control,346.11,0,0.0,0
7682,control,0.0,0,0.0,0
7683,control,0.0,0,0.0,0
7684,control,0.0,0,0.0,0
7685,control,67.81,0,0.0,0
7686,control,0.0,0,0.0,0
7687,treatment,0.0,0,0.0,0
7688,control,0.0,0,0.0,0
7689,control,0.0,0,0.0,0
7690,treatment,45.48,0,0.0,0
7691,treatment,0.0,0,0.0,0
7692,control,0.0,0,0.0,0
7693,treatment,0.0,0,0.0,0
7694,treatment,0.0,0,0.0,0
7695,treatment,318.81,0,0.0,0
7696,control,0.0,0,0.0,0
7697,control,0.0,0,0.0,0
7698,control,77.72,1,111.78,0
7699,control,0.0,0,0.0,0
7700,control,0.0,0,0.0,0
7701,control,33.97,0,0.0,0
7702,treatment,228.84,0,0.0,0
7703,treatment,0.0,1,42.42,0
7704,treatment,220.98,0,0.0,0
7705,control,0.0,0,0.0,0
7706,treatment,46.53,1,47.61,0
7707,control,0.0,0,0.0,0
7708,control,300.29,0,0.0,0
7709,control,38.34,0,0.0,0
7710,treatment,65.45,1,79.41,0
7711,control,32.8,0,0.0,0
7712,treatment,0.0,0,0.0,0
7713,control,47.76,0,0.0,0
7714,control,0.0,0,0.0,0
7715,control,0.0,0,0.0,0
7716,treatment,0.0,0,0.0,0
7717,treatment,0.0,0,0.0,0
7718,control,0.0,0,0.0,0
7719,control,44.41,0,0.0,0
7720,control,0.0,0,0.0,0
7721,control,520.53,0,0.0,0
7722,control,0.0,0,0.0,0
7723,treatment,0.0,0,0.0,0
7724,treatment,95.61,0,0.0,0
7725,treatment,51.72,0,0.0,0
7726,control,0.0,0,0.0,0
7727,control,34.19,0,0.0,0
7728,treatment,47.95,1,23.75,0
7729,treatment,104.57,1,31.48,0
7730,control,34.81,1,18.51,0
7731,control,0.0,0,0.0,0
7732,control,121.66,0,0.0,0
7733,treatment,34.34,0,0.0,0
7734,treatment,106.58,0,0.0,0
7735,control,0.0,0,0.0,0
7736,treatment,51.95,0,0.0,0
7737,control,0.0,0,0.0,0
7738,control,58.78,0,0.0,0
7739,control,43.72,0,0.0,0
7740,treatment,118.44,0,0.0,0
7741,treatment,0.0,0,0.0,0
7742,control,40.23,0,0.0,0
7743,control,216.62,1,172.25,0
7744,control,79.97,0,0.0,0
7745,treatment,0.0,0,0.0,0
7746,treatment,0.0,1,74.51,0
7747,control,174.42,1,91.72,0
7748,control,0.0,0,0.0,0
7749,control,0.0,0,0.0,0
7750,control,47.1,0,0.0,0
7751,control,135.46,0,0.0,0
7752,control,36.98,0,0.0,0
7753,treatment,0.0,0,0.0,0
7754,treatment,33.82,0,0.0,0
7755,treatment,0.0,0,0.0,0
7756,treatment,0.0,0,0.0,0
7757,control,189.2,0,0.0,0
7758,control,0.0,0,0.0,0
7759,treatment,0.0,0,0.0,0
7760,control,0.0,0,0.0,0
7761,treatment,115.87,0,0.0,0
7762,control,52.47,0,0.0,0
7763,treatment,147.02,0,0.0,0
7764,treatment,0.0,0,0.0,0
7765,control,282.14,0,0.0,0
7766,treatment,0.0,1,98.74,0
7767,control,0.0,0,0.0,0
7768,control,333.81,0,0.0,0
7769,control,63.44,0,0.0,0
7770,treatment,50.22,0,0.0,0
7771,control,58.41,0,0.0,0
7772,control,0.0,0,0.0,0
7773,control,223.91,1,120.78,0
7774,control,38.94,0,0.0,0
7775,treatment,0.0,0,0.0,0
7776,control,243.54,0,0.0,0
7777,control,0.0,0,0.0,0
7778,control,737.66,0,0.0,0
7779,treatment,0.0,1,73.56,0
7780,treatment,0.0,0,0.0,0
7781,treatment,0.0,0,0.0,0
7782,control,43.87,0,0.0,0
7783,treatment,70.78,0,0.0,0
7784,control,0.0,0,0.0,0
7785,treatment,41.78,0,0.0,0
7786,treatment,0.0,0,0.0,0
7787,treatment,0.0,0,0.0,0
7788,control,0.0,0,0.0,0
7789,treatment,53.71,0,0.0,0
7790,control,0.0,0,0.0,0
7791,control,0.0,0,0.0,0
7792,treatment,0.0,0,0.0,0
7793,control,121.23,0,0.0,0
7794,control,0.0,0,0.0,0
7795,control,18.47,0,0.0,0
7796,treatment,75.84,1,125.89,0
7797,control,151.93,0,0.0,0
7798,treatment,97.77,0,0.0,0
7799,treatment,0.0,1,30.78,0
7800,treatment,237.75,0,0.0,0
7801,control,0.0,0,0.0,0
7802,control,91.68,0,0.0,0
7803,control,0.0,0,0.0,0
7804,control,50.52,0,0.0,0
7805,control,63.56,0,0.0,0
7806,control,0.0,0,0.0,0
7807,treatment,0.0,0,0.0,0
7808,control,0.0,0,0.0,0
7809,treatment,0.0,0,0.0,0
7810,treatment,92.48,0,0.0,0
7811,treatment,0.0,0,0.0,0
7812,treatment,95.3,0,0.0,0
7813,treatment,44.73,0,0.0,0
7814,treatment,101.52,0,0.0,0
7815,control,481.69,1,181.18,0
7816,control,37.27,0,0.0,0
7817,treatment,52.12,0,0.0,0
7818,control,82.98,0,0.0,0
7819,control,149.85,0,0.0,0
7820,control,0.0,0,0.0,0
7821,treatment,0.0,0,0.0,0
7822,treatment,0.0,0,0.0,0
7823,treatment,164.05,0,0.0,0
7824,treatment,0.0,0,0.0,0
7825,treatment,0.0,0,0.0,0
7826,treatment,37.96,0,0.0,0
7827,treatment,0.0,0,0.0,0
7828,treatment,0.0,0,0.0,0
7829,treatment,292.12,0,0.0,0
7830,treatment,0.0,0,0.0,0
7831,treatment,237.69,0,0.0,0
7832,control,115.27,0,0.0,0
7833,control,48.09,0,0.0,0
7834,treatment,76.48,1,69.8,0
7835,control,133.84,0,0.0,0
7836,control,223.04,1,143.14,0
7837,control,0.0,0,0.0,0
7838,control,186.76,0,0.0,0
7839,control,0.0,0,0.0,0
7840,treatment,60.15,0,0.0,0
7841,treatment,37.82,0,0.0,0
7842,treatment,134.14,0,0.0,0
7843,control,104.09,0,0.0,0
7844,control,33.69,0,0.0,0
7845,control,96.66,0,0.0,0
7846,control,0.0,0,0.0,0
7847,treatment,0.0,0,0.0,0
7848,control,0.0,0,0.0,0
7849,treatment,48.84,0,0.0,0
7850,control,0.0,0,0.0,0
7851,control,0.0,0,0.0,0
7852,control,0.0,0,0.0,0
7853,control,0.0,0,0.0,0
7854,treatment,0.0,0,0.0,0
7855,control,112.24,0,0.0,0
7856,control,0.0,0,0.0,0
7857,treatment,0.0,0,0.0,0
7858,control,0.0,0,0.0,0
7859,treatment,0.0,0,0.0,0
7860,treatment,0.0,1,48.76,0
7861,control,0.0,0,0.0,0
7862,control,22.66,0,0.0,0
7863,control,0.0,0,0.0,0
7864,treatment,259.86,0,0.0,0
7865,control,0.0,0,0.0,0
7866,treatment,157.16,0,0.0,0
7867,control,0.0,1,82.66,0
7868,control,0.0,0,0.0,0
7869,treatment,310.25,0,0.0,0
7870,treatment,0.0,0,0.0,0
7871,control,0.0,0,0.0,0
7872,treatment,33.92,0,0.0,0
7873,treatment,34.75,0,0.0,0
7874,control,0.0,0,0.0,0
7875,control,0.0,0,0.0,0
7876,control,34.6,0,0.0,0
7877,control,37.91,0,0.0,0
7878,control,0.0,0,0.0,0
7879,treatment,0.0,0,0.0,0
7880,control,295.99,0,0.0,0
7881,treatment,76.35,0,0.0,0
7882,treatment,72.54,1,57.77,0
7883,treatment,139.14,0,0.0,0
7884,control,0.0,0,0.0,0
7885,control,33.3,1,27.3,0
7886,treatment,25.88,0,0.0,0
7887,control,0.0,0,0.0,0
7888,treatment,56.02,0,0.0,0
7889,treatment,24.02,0,0.0,0
7890,control,0.0,0,0.0,0
7891,control,90.23,0,0.0,0
7892,treatment,139.07,1,102.63,0
7893,treatment,48.41,0,0.0,0
7894,treatment,63.88,0,0.0,0
7895,control,0.0,0,0.0,0
7896,control,0.0,1,28.22,0
7897,control,30.25,0,0.0,0
7898,treatment,0.0,0,0.0,0
7899,control,372.16,1,71.99,0
7900,treatment,380.13,0,0.0,0
7901,control,43.23,0,0.0,0
7902,treatment,61.04,0,0.0,0
7903,control,34.82,0,0.0,0
7904,control,140.58,0,0.0,0
7905,control,85.86,0,0.0,0
7906,control,223.83,0,0.0,0
7907,control,46.62,0,0.0,0
7908,treatment,35.43,0,0.0,0
7909,control,184.44,0,0.0,0
7910,treatment,0.0,0,0.0,0
7911,treatment,43.67,0,0.0,0
7912,treatment,338.49,1,53.39,0
7913,control,69.48,0,0.0,0
7914,treatment,0.0,0,0.0,0
7915,control,0.0,0,0.0,0
7916,treatment,74.75,0,0.0,0
7917,treatment,37.68,0,0.0,0
7918,treatment,0.0,0,0.0,0
7919,control,43.37,0,0.0,0
7920,control,139.32,1,21.62,0
7921,control,0.0,0,0.0,0
7922,control,0.0,0,0.0,0
7923,control,0.0,0,0.0,0
7924,treatment,0.0,0,0.0,0
7925,control,0.0,0,0.0,0
7926,treatment,0.0,0,0.0,0
7927,treatment,163.02,0,0.0,0
7928,control,0.0,0,0.0,0
7929,control,0.0,0,0.0,0
7930,control,31.92,1,27.76,0
7931,control,44.97,0,0.0,0
7932,control,0.0,0,0.0,0
7933,control,145.28,1,84.98,0
7934,control,0.0,0,0.0,0
7935,treatment,0.0,0,0.0,0
7936,treatment,23.42,0,0.0,0
7937,treatment,0.0,0,0.0,0
7938,treatment,0.0,0,0.0,0
7939,treatment,195.83,1,228.94,0
7940,treatment,66.06,0,0.0,0
7941,treatment,0.0,0,0.0,0
7942,treatment,78.4,0,0.0,0
7943,control,0.0,0,0.0,0
7944,control,77.29,0,0.0,0
7945,control,17.95,0,0.0,0
7946,treatment,41.59,0,0.0,0
7947,control,0.0,0,0.0,0
7948,treatment,99.16,1,37.68,0
7949,control,61.24,0,0.0,0
7950,control,0.0,1,95.41,0
7951,control,0.0,0,0.0,0
7952,treatment,71.4,0,0.0,0
7953,control,0.0,0,0.0,0
7954,control,0.0,0,0.0,0
7955,treatment,0.0,0,0.0,0
7956,control,0.0,0,0.0,0
7957,treatment,0.0,0,0.0,0
7958,treatment,0.0,0,0.0,0
7959,control,68.31,0,0.0,0
7960,treatment,0.0,1,46.77,0
7961,treatment,0.0,0,0.0,0
7962,treatment,0.0,0,0.0,0
7963,treatment,0.0,0,0.0,0
7964,treatment,108.84,0,0.0,0
7965,treatment,118.22,0,0.0,0
7966,treatment,100.97,0,0.0,0
7967,control,0.0,0,0.0,0
7968,control,0.0,1,54.11,0
7969,control,0.0,0,0.0,0
7970,treatment,109.78,0,0.0,0
7971,control,0.0,0,0.0,0
7972,treatment,0.0,0,0.0,0
7973,treatment,0.0,0,0.0,0
7974,control,538.21,1,77.37,0
7975,control,0.0,0,0.0,0
7976,treatment,0.0,0,0.0,0
7977,control,74.19,0,0.0,0
7978,control,0.0,0,0.0,0
7979,control,478.18,1,144.71,1
7980,treatment,0.0,0,0.0,0
7981,control,33.29,0,0.0,0
7982,control,0.0,0,0.0,0
7983,control,0.0,0,0.0,0
7984,treatment,51.7,0,0.0,0
7985,treatment,84.89,0,0.0,0
7986,treatment,0.0,1,82.58,0
7987,treatment,0.0,0,0.0,0
7988,treatment,176.47,0,0.0,0
7989,control,0.0,0,0.0,0
7990,control,0.0,0,0.0,0
7991,control,0.0,0,0.0,0
7992,control,352.5,0,0.0,0
7993,treatment,0.0,0,0.0,0
7994,control,74.06,0,0.0,0
7995,treatment,0.0,0,0.0,0
7996,treatment,34.7,0,0.0,0
7997,control,0.0,0,0.0,0
7998,control,43.48,0,0.0,0
7999,control,0.0,0,0.0,0
8000,control,121.44,0,0.0,0
8001,treatment,41.78,0,0.0,0
8002,treatment,0.0,0,0.0,0
8003,treatment,0.0,0,0.0,0
8004,treatment,0.0,0,0.0,0
8005,control,0.0,0,0.0,0
8006,treatment,0.0,0,0.0,0
8007,control,451.79,1,189.41,0
8008,treatment,0.0,0,0.0,0
8009,control,50.89,0,0.0,0
8010,treatment,0.0,0,0.0,0
8011,treatment,34.98,0,0.0,0
8012,treatment,282.92,0,0.0,0
8013,control,0.0,1,16.95,0
8014,control,0.0,0,0.0,0
8015,control,104.32,0,0.0,0
8016,control,0.0,0,0.0,0
8017,control,0.0,0,0.0,0
8018,treatment,93.42,0,0.0,0
8019,treatment,70.81,1,188.63,0
8020,control,0.0,0,0.0,0
8021,treatment,0.0,0,0.0,0
8022,treatment,0.0,0,0.0,0
8023,treatment,0.0,0,0.0,0
8024,control,42.39,0,0.0,0
8025,control,0.0,1,61.13,0
8026,treatment,46.32,0,0.0,0
8027,treatment,0.0,0,0.0,0
8028,treatment,948.93,0,0.0,0
8029,treatment,0.0,0,0.0,0
8030,treatment,87.63,0,0.0,0
8031,treatment,75.53,0,0.0,0
8032,treatment,264.99,0,0.0,0
8033,treatment,0.0,0,0.0,0
8034,treatment,0.0,1,49.73,0
8035,control,524.42,0,0.0,0
8036,control,0.0,0,0.0,0
8037,control,142.8,0,0.0,0
8038,treatment,0.0,0,0.0,0
8039,control,67.89,0,0.0,0
8040,treatment,0.0,0,0.0,0
8041,treatment,0.0,0,0.0,0
8042,treatment,0.0,0,0.0,0
8043,control,0.0,0,0.0,0
8044,control,18.44,0,0.0,0
8045,treatment,0.0,0,0.0,0
8046,control,0.0,0,0.0,0
8047,treatment,31.84,0,0.0,0
8048,treatment,0.0,0,0.0,0
8049,treatment,0.0,0,0.0,0
8050,treatment,0.0,0,0.0,0
8051,treatment,0.0,0,0.0,0
8052,treatment,61.38,0,0.0,0
8053,treatment,0.0,1,38.2,0
8054,treatment,0.0,0,0.0,0
8055,treatment,0.0,0,0.0,0
8056,control,219.31,1,86.44,0
8057,treatment,19.92,0,0.0,0
8058,treatment,28.43,1,44.26,0
8059,control,0.0,0,0.0,0
8060,control,0.0,0,0.0,0
8061,treatment,252.42,1,100.53,0
8062,treatment,176.36,0,0.0,0
8063,control,88.89,0,0.0,0
8064,treatment,0.0,0,0.0,0
8065,treatment,115.57,1,70.04,0
8066,control,62.84,0,0.0,0
8067,control,0.0,0,0.0,0
8068,treatment,138.54,1,71.6,0
8069,treatment,120.94,0,0.0,0
8070,control,0.0,0,0.0,0
8071,treatment,0.0,0,0.0,0
8072,treatment,0.0,0,0.0,0
8073,treatment,0.0,0,0.0,0
8074,control,46.68,0,0.0,0
8075,treatment,0.0,1,50.45,0
8076,control,91.11,0,0.0,0
8077,control,0.0,0,0.0,0
8078,control,61.95,0,0.0,0
8079,treatment,46.19,0,0.0,0
8080,treatment,66.01,0,0.0,0
8081,treatment,185.03,0,0.0,0
8082,treatment,128.03,0,0.0,0
8083,treatment,99.81,0,0.0,0
8084,treatment,0.0,0,0.0,0
8085,treatment,0.0,0,0.0,0
8086,control,0.0,0,0.0,0
8087,treatment,248.4,0,0.0,0
8088,control,0.0,0,0.0,0
8089,control,0.0,0,0.0,0
8090,control,150.64,0,0.0,0
8091,control,0.0,0,0.0,0
8092,control,0.0,0,0.0,0
8093,treatment,0.0,0,0.0,0
8094,control,0.0,0,0.0,0
8095,treatment,54.51,0,0.0,0
8096,treatment,92.47,1,35.25,0
8097,control,0.0,0,0.0,0
8098,treatment,0.0,0,0.0,0
8099,treatment,74.0,0,0.0,0
8100,treatment,62.58,0,0.0,0
8101,control,0.0,0,0.0,0
8102,treatment,46.18,0,0.0,0
8103,control,67.89,0,0.0,0
8104,treatment,225.64,0,0.0,0
8105,control,0.0,0,0.0,0
8106,control,54.67,0,0.0,0
8107,treatment,0.0,1,96.22,1
8108,treatment,162.53,0,0.0,0
8109,treatment,0.0,0,0.0,0
8110,control,24.73,0,0.0,0
8111,control,98.85,0,0.0,0
8112,treatment,738.51,1,92.67,0
8113,control,59.28,1,28.09,0
8114,treatment,59.34,0,0.0,0
8115,control,31.06,0,0.0,0
8116,control,24.09,0,0.0,0
8117,control,56.78,0,0.0,0
8118,control,78.01,0,0.0,0
8119,control,0.0,0,0.0,0
8120,control,0.0,0,0.0,0
8121,control,73.04,0,0.0,0
8122,control,0.0,0,0.0,0
8123,control,175.06,1,80.89,0
8124,control,0.0,0,0.0,0
8125,control,76.18,0,0.0,0
8126,control,866.51,1,320.35,0
8127,control,35.07,0,0.0,0
8128,control,0.0,0,0.0,0
8129,control,0.0,0,0.0,0
8130,control,0.0,1,48.4,0
8131,control,0.0,0,0.0,0
8132,control,53.66,0,0.0,0
8133,control,30.17,0,0.0,0
8134,control,94.27,1,55.68,0
8135,control,0.0,0,0.0,0
8136,treatment,0.0,0,0.0,0
8137,treatment,40.26,0,0.0,0
8138,treatment,78.86,0,0.0,0
8139,treatment,36.04,0,0.0,0
8140,control,0.0,0,0.0,0
8141,control,0.0,0,0.0,0
8142,treatment,0.0,0,0.0,0
8143,treatment,0.0,0,0.0,0
8144,control,0.0,0,0.0,0
8145,treatment,0.0,0,0.0,0
8146,control,0.0,0,0.0,0
8147,treatment,0.0,0,0.0,0
8148,control,185.13,1,95.37,0
8149,control,47.98,0,0.0,0
8150,treatment,0.0,0,0.0,0
8151,treatment,0.0,0,0.0,0
8152,control,67.14,0,0.0,0
8153,control,22.01,0,0.0,0
8154,control,0.0,0,0.0,0
8155,control,100.42,0,0.0,0
8156,treatment,0.0,0,0.0,0
8157,control,411.49,0,0.0,0
8158,treatment,1076.69,0,0.0,0
8159,treatment,0.0,0,0.0,0
8160,treatment,0.0,0,0.0,0
8161,control,57.5,0,0.0,0
8162,treatment,0.0,0,0.0,0
8163,control,0.0,0,0.0,0
8164,control,0.0,0,0.0,0
8165,treatment,0.0,0,0.0,0
8166,treatment,76.46,1,81.02,0
8167,control,139.9,1,67.5,0
8168,treatment,0.0,0,0.0,0
8169,control,48.92,0,0.0,0
8170,control,79.71,0,0.0,0
8171,treatment,0.0,0,0.0,0
8172,control,0.0,0,0.0,0
8173,treatment,0.0,0,0.0,0
8174,treatment,0.0,0,0.0,0
8175,control,38.78,0,0.0,0
8176,control,25.03,0,0.0,0
8177,treatment,0.0,1,36.65,0
8178,treatment,0.0,1,103.35,0
8179,control,158.69,0,0.0,0
8180,treatment,0.0,0,0.0,0
8181,treatment,148.35,0,0.0,0
8182,treatment,0.0,1,61.13,0
8183,treatment,137.38,0,0.0,0
8184,control,0.0,0,0.0,0
8185,control,57.99,1,122.29,0
8186,control,0.0,0,0.0,0
8187,control,0.0,1,31.33,0
8188,control,0.0,1,17.21,0
8189,treatment,0.0,1,26.54,0
8190,control,38.69,1,29.04,0
8191,control,435.03,0,0.0,0
8192,treatment,0.0,0,0.0,0
8193,treatment,0.0,0,0.0,0
8194,treatment,0.0,0,0.0,0
8195,treatment,0.0,0,0.0,0
8196,treatment,0.0,0,0.0,0
8197,treatment,94.53,0,0.0,0
8198,control,0.0,0,0.0,0
8199,control,0.0,0,0.0,0
8200,control,91.79,0,0.0,0
8201,treatment,73.14,0,0.0,0
8202,treatment,38.6,0,0.0,0
8203,control,196.78,1,176.61,0
8204,treatment,0.0,0,0.0,0
8205,control,0.0,0,0.0,0
8206,control,47.2,0,0.0,0
8207,treatment,34.09,0,0.0,0
8208,control,276.02,0,0.0,0
8209,control,151.55,0,0.0,0
8210,treatment,0.0,0,0.0,0
8211,control,321.38,1,93.51,0
8212,treatment,314.07,0,0.0,0
8213,control,0.0,0,0.0,0
8214,treatment,96.82,0,0.0,0
8215,control,361.71,0,0.0,0
8216,treatment,0.0,0,0.0,0
8217,treatment,0.0,0,0.0,0
8218,control,40.43,0,0.0,0
8219,control,0.0,0,0.0,0
8220,control,499.67,0,0.0,0
8221,treatment,288.66,0,0.0,0
8222,control,0.0,1,42.03,0
8223,control,42.9,0,0.0,0
8224,treatment,93.72,0,0.0,0
8225,control,185.14,1,122.5,0
8226,control,0.0,0,0.0,0
8227,treatment,0.0,0,0.0,0
8228,treatment,0.0,0,0.0,0
8229,treatment,31.02,0,0.0,0
8230,control,0.0,0,0.0,0
8231,treatment,311.68,1,104.42,0
8232,control,0.0,1,35.72,0
8233,control,0.0,0,0.0,0
8234,treatment,0.0,0,0.0,0
8235,treatment,30.31,0,0.0,0
8236,control,58.59,0,0.0,0
8237,treatment,0.0,1,31.31,0
8238,control,0.0,0,0.0,0
8239,treatment,104.71,0,0.0,0
8240,treatment,0.0,0,0.0,0
8241,treatment,0.0,1,113.38,0
8242,control,0.0,0,0.0,0
8243,treatment,0.0,0,0.0,0
8244,control,0.0,0,0.0,0
8245,control,0.0,0,0.0,0
8246,control,0.0,0,0.0,0
8247,control,0.0,0,0.0,0
8248,treatment,0.0,0,0.0,0
8249,control,341.66,0,0.0,0
8250,treatment,0.0,0,0.0,0
8251,treatment,69.29,1,53.77,0
8252,treatment,0.0,0,0.0,0
8253,control,46.17,0,0.0,0
8254,control,87.3,0,0.0,0
8255,control,32.82,0,0.0,0
8256,treatment,0.0,0,0.0,0
8257,treatment,0.0,0,0.0,0
8258,treatment,220.71,0,0.0,0
8259,treatment,0.0,0,0.0,0
8260,control,0.0,0,0.0,0
8261,treatment,0.0,0,0.0,0
8262,treatment,287.54,1,98.6,0
8263,treatment,131.79,1,107.39,0
8264,control,36.59,0,0.0,0
8265,control,47.36,1,83.56,0
8266,treatment,165.23,1,43.39,0
8267,control,37.84,0,0.0,0
8268,treatment,134.59,0,0.0,0
8269,control,0.0,0,0.0,0
8270,treatment,239.75,0,0.0,0
8271,control,330.74,0,0.0,0
8272,treatment,0.0,0,0.0,0
8273,treatment,0.0,1,46.64,0
8274,control,0.0,0,0.0,0
8275,treatment,0.0,0,0.0,0
8276,treatment,51.11,0,0.0,0
8277,treatment,0.0,1,148.47,0
8278,treatment,0.0,0,0.0,0
8279,control,52.73,0,0.0,0
8280,treatment,133.24,0,0.0,0
8281,control,0.0,0,0.0,0
8282,control,65.76,0,0.0,0
8283,treatment,110.59,0,0.0,0
8284,treatment,0.0,0,0.0,0
8285,control,98.2,1,63.64,0
8286,treatment,0.0,0,0.0,0
8287,control,0.0,0,0.0,0
8288,treatment,64.23,0,0.0,0
8289,control,0.0,0,0.0,0
8290,control,32.21,0,0.0,0
8291,treatment,0.0,0,0.0,0
8292,treatment,0.0,0,0.0,0
8293,treatment,0.0,0,0.0,0
8294,treatment,119.71,0,0.0,0
8295,control,0.0,0,0.0,0
8296,control,0.0,0,0.0,0
8297,treatment,0.0,0,0.0,0
8298,treatment,0.0,0,0.0,0
8299,control,183.68,0,0.0,0
8300,control,0.0,0,0.0,0
8301,control,73.96,0,0.0,0
8302,control,197.83,0,0.0,0
8303,treatment,0.0,0,0.0,0
8304,control,37.15,0,0.0,0
8305,treatment,359.54,1,79.86,0
8306,treatment,0.0,0,0.0,0
8307,control,0.0,0,0.0,0
8308,control,0.0,0,0.0,0
8309,control,0.0,0,0.0,0
8310,control,0.0,0,0.0,0
8311,treatment,0.0,0,0.0,0
8312,control,40.95,1,85.2,0
8313,control,60.35,0,0.0,0
8314,treatment,0.0,0,0.0,0
8315,treatment,314.08,0,0.0,0
8316,treatment,29.79,0,0.0,0
8317,treatment,79.53,0,0.0,0
8318,control,0.0,0,0.0,0
8319,control,0.0,1,48.17,0
8320,control,0.0,0,0.0,0
8321,treatment,0.0,0,0.0,0
8322,control,34.03,0,0.0,0
8323,treatment,0.0,0,0.0,0
8324,treatment,0.0,0,0.0,0
8325,treatment,64.87,0,0.0,0
8326,treatment,123.23,1,115.59,0
8327,control,0.0,0,0.0,0
8328,treatment,0.0,0,0.0,0
8329,treatment,0.0,0,0.0,0
8330,treatment,160.46,0,0.0,0
8331,treatment,122.11,0,0.0,0
8332,control,111.52,0,0.0,0
8333,control,36.56,0,0.0,0
8334,treatment,0.0,0,0.0,0
8335,control,0.0,0,0.0,0
8336,control,0.0,0,0.0,0
8337,treatment,101.14,1,56.87,0
8338,treatment,50.19,0,0.0,0
8339,control,0.0,0,0.0,0
8340,treatment,91.0,1,54.55,0
8341,treatment,0.0,0,0.0,0
8342,treatment,581.91,0,0.0,0
8343,control,1387.73,1,64.62,0
8344,control,0.0,0,0.0,0
8345,treatment,70.39,1,113.72,0
8346,control,0.0,0,0.0,0
8347,treatment,0.0,0,0.0,0
8348,control,37.11,0,0.0,0
8349,control,49.75,0,0.0,0
8350,treatment,134.73,0,0.0,0
8351,treatment,61.99,0,0.0,0
8352,treatment,79.69,0,0.0,0
8353,treatment,217.02,0,0.0,0
8354,treatment,0.0,0,0.0,0
8355,treatment,0.0,0,0.0,0
8356,treatment,191.83,0,0.0,0
8357,control,0.0,0,0.0,0
8358,treatment,0.0,0,0.0,0
8359,control,0.0,0,0.0,0
8360,treatment,44.69,0,0.0,0
8361,control,563.48,0,0.0,0
8362,control,0.0,0,0.0,0
8363,control,62.06,0,0.0,0
8364,treatment,66.52,0,0.0,0
8365,control,0.0,0,0.0,0
8366,treatment,28.82,0,0.0,0
8367,control,67.11,0,0.0,0
8368,control,0.0,0,0.0,0
8369,treatment,102.17,0,0.0,0
8370,treatment,0.0,0,0.0,0
8371,treatment,0.0,0,0.0,0
8372,control,0.0,0,0.0,0
8373,treatment,257.14,0,0.0,0
8374,control,0.0,0,0.0,0
8375,treatment,0.0,0,0.0,0
8376,control,0.0,0,0.0,0
8377,control,41.42,0,0.0,0
8378,treatment,31.25,0,0.0,0
8379,treatment,0.0,0,0.0,0
8380,control,26.28,0,0.0,0
8381,control,200.45,0,0.0,0
8382,treatment,35.06,0,0.0,0
8383,control,0.0,0,0.0,0
8384,control,0.0,0,0.0,0
8385,treatment,0.0,0,0.0,0
8386,treatment,66.37,0,0.0,0
8387,treatment,220.47,0,0.0,0
8388,control,0.0,0,0.0,0
8389,treatment,0.0,0,0.0,0
8390,treatment,0.0,0,0.0,0
8391,treatment,0.0,0,0.0,0
8392,control,52.62,0,0.0,0
8393,treatment,114.24,0,0.0,0
8394,treatment,244.96,0,0.0,0
8395,treatment,41.0,0,0.0,0
8396,control,139.2,1,98.65,0
8397,control,214.49,0,0.0,0
8398,control,0.0,0,0.0,0
8399,treatment,39.13,0,0.0,0
8400,treatment,0.0,0,0.0,0
8401,treatment,0.0,0,0.0,0
8402,treatment,136.1,0,0.0,0
8403,treatment,0.0,0,0.0,0
8404,treatment,67.57,0,0.0,0
8405,treatment,0.0,0,0.0,0
8406,control,0.0,0,0.0,0
8407,treatment,0.0,0,0.0,0
8408,control,456.84,1,87.25,0
8409,control,0.0,0,0.0,0
8410,treatment,70.99,0,0.0,0
8411,control,0.0,0,0.0,0
8412,treatment,0.0,0,0.0,0
8413,control,0.0,0,0.0,0
8414,control,0.0,0,0.0,0
8415,control,86.65,0,0.0,0
8416,treatment,63.44,1,27.29,0
8417,treatment,113.89,0,0.0,0
8418,control,232.79,0,0.0,0
8419,control,44.93,0,0.0,0
8420,treatment,0.0,0,0.0,0
8421,control,51.38,0,0.0,0
8422,control,207.55,0,0.0,0
8423,treatment,0.0,0,0.0,0
8424,control,77.65,0,0.0,0
8425,treatment,0.0,0,0.0,0
8426,control,35.17,0,0.0,0
8427,control,0.0,0,0.0,0
8428,treatment,78.44,0,0.0,0
8429,treatment,0.0,0,0.0,0
8430,treatment,0.0,0,0.0,0
8431,treatment,0.0,0,0.0,0
8432,treatment,0.0,0,0.0,0
8433,treatment,120.62,0,0.0,0
8434,control,0.0,0,0.0,0
8435,control,117.04,0,0.0,0
8436,control,26.36,0,0.0,0
8437,treatment,61.9,0,0.0,0
8438,control,264.92,0,0.0,0
8439,control,38.74,0,0.0,0
8440,control,68.26,0,0.0,0
8441,control,77.61,0,0.0,0
8442,control,0.0,0,0.0,0
8443,treatment,58.49,0,0.0,0
8444,control,185.17,0,0.0,0
8445,treatment,0.0,0,0.0,0
8446,treatment,0.0,0,0.0,0
8447,control,0.0,0,0.0,0
8448,control,0.0,0,0.0,0
8449,treatment,0.0,0,0.0,0
8450,control,79.8,0,0.0,0
8451,treatment,0.0,0,0.0,0
8452,treatment,0.0,0,0.0,0
8453,control,0.0,0,0.0,0
8454,control,0.0,0,0.0,0
8455,control,0.0,0,0.0,0
8456,treatment,0.0,0,0.0,0
8457,treatment,0.0,0,0.0,0
8458,treatment,0.0,0,0.0,0
8459,treatment,0.0,0,0.0,0
8460,treatment,0.0,0,0.0,0
8461,treatment,0.0,0,0.0,0
8462,treatment,0.0,0,0.0,0
8463,control,0.0,0,0.0,0
8464,treatment,0.0,0,0.0,0
8465,control,69.6,0,0.0,0
8466,treatment,0.0,0,0.0,0
8467,treatment,68.85,0,0.0,0
8468,treatment,33.57,0,0.0,0
8469,treatment,125.68,0,0.0,0
8470,control,0.0,0,0.0,0
8471,control,0.0,0,0.0,0
8472,treatment,0.0,1,84.23,0
8473,control,0.0,0,0.0,0
8474,control,349.2,1,67.96,0
8475,treatment,51.93,0,0.0,0
8476,treatment,233.76,1,128.09,0
8477,treatment,40.35,0,0.0,0
8478,treatment,63.33,0,0.0,0
8479,control,160.81,0,0.0,0
8480,control,0.0,0,0.0,0
8481,control,49.57,0,0.0,0
8482,control,0.0,0,0.0,0
8483,treatment,0.0,1,28.16,0
8484,treatment,514.8,1,58.88,0
8485,control,0.0,0,0.0,0
8486,control,171.91,0,0.0,0
8487,treatment,236.81,0,0.0,0
8488,control,43.94,0,0.0,0
8489,treatment,0.0,0,0.0,0
8490,treatment,47.25,0,0.0,0
8491,control,43.83,0,0.0,0
8492,treatment,0.0,0,0.0,0
8493,control,0.0,0,0.0,0
8494,treatment,261.3,0,0.0,0
8495,treatment,38.39,1,80.01,0
8496,control,48.47,0,0.0,0
8497,treatment,67.69,0,0.0,0
8498,treatment,60.64,0,0.0,0
8499,treatment,0.0,0,0.0,0
8500,treatment,473.55,1,30.0,0
8501,treatment,79.65,0,0.0,0
8502,treatment,247.7,0,0.0,0
8503,treatment,35.35,1,33.03,0
8504,control,0.0,0,0.0,0
8505,treatment,0.0,0,0.0,0
8506,control,0.0,0,0.0,0
8507,control,0.0,0,0.0,0
8508,control,0.0,0,0.0,0
8509,treatment,39.76,1,30.88,0
8510,control,168.96,0,0.0,0
8511,control,93.77,0,0.0,0
8512,treatment,155.1,0,0.0,0
8513,control,0.0,0,0.0,0
8514,control,46.16,0,0.0,0
8515,control,0.0,0,0.0,0
8516,control,0.0,0,0.0,0
8517,control,117.17,0,0.0,0
8518,treatment,0.0,0,0.0,0
8519,control,0.0,0,0.0,0
8520,treatment,0.0,0,0.0,0
8521,control,81.38,0,0.0,0
8522,control,0.0,0,0.0,0
8523,treatment,165.58,0,0.0,0
8524,treatment,0.0,1,33.8,0
8525,treatment,0.0,0,0.0,0
8526,treatment,18.37,1,43.22,0
8527,control,47.49,1,47.85,0
8528,treatment,169.82,0,0.0,0
8529,control,48.23,1,49.8,0
8530,treatment,0.0,0,0.0,0
8531,treatment,0.0,0,0.0,0
8532,control,46.32,0,0.0,0
8533,control,41.7,0,0.0,0
8534,control,37.84,0,0.0,0
8535,treatment,44.47,0,0.0,0
8536,treatment,0.0,0,0.0,0
8537,treatment,141.03,0,0.0,0
8538,control,220.66,1,86.79,0
8539,treatment,161.04,0,0.0,0
8540,control,37.15,1,44.3,0
8541,treatment,733.78,1,154.04,0
8542,treatment,0.0,1,34.76,0
8543,treatment,0.0,0,0.0,0
8544,control,87.85,0,0.0,0
8545,treatment,0.0,0,0.0,0
8546,treatment,0.0,0,0.0,0
8547,control,31.03,0,0.0,0
8548,treatment,55.08,1,39.21,0
8549,treatment,40.58,0,0.0,0
8550,control,0.0,0,0.0,0
8551,control,0.0,0,0.0,0
8552,treatment,95.23,0,0.0,0
8553,treatment,0.0,0,0.0,0
8554,treatment,599.45,1,136.53,0
8555,control,0.0,0,0.0,0
8556,treatment,155.48,0,0.0,0
8557,control,125.28,1,98.17,0
8558,control,89.88,0,0.0,0
8559,control,297.43,0,0.0,0
8560,control,0.0,0,0.0,0
8561,control,96.41,0,0.0,0
8562,treatment,0.0,0,0.0,0
8563,treatment,0.0,0,0.0,0
8564,treatment,0.0,0,0.0,0
8565,control,54.94,0,0.0,0
8566,control,23.98,0,0.0,0
8567,treatment,0.0,0,0.0,0
8568,control,0.0,0,0.0,0
8569,treatment,19.27,0,0.0,0
8570,treatment,0.0,1,33.25,0
8571,treatment,143.07,0,0.0,0
8572,treatment,0.0,0,0.0,0
8573,treatment,118.71,0,0.0,0
8574,control,127.09,0,0.0,0
8575,control,0.0,0,0.0,0
8576,treatment,0.0,0,0.0,0
8577,control,0.0,0,0.0,0
8578,control,43.39,0,0.0,0
8579,treatment,513.98,0,0.0,0
8580,control,0.0,0,0.0,0
8581,treatment,0.0,0,0.0,0
8582,treatment,166.78,0,0.0,0
8583,control,0.0,0,0.0,0
8584,treatment,44.54,0,0.0,0
8585,treatment,0.0,0,0.0,0
8586,control,30.93,0,0.0,0
8587,treatment,0.0,0,0.0,0
8588,control,167.71,0,0.0,0
8589,control,0.0,0,0.0,0
8590,treatment,0.0,0,0.0,0
8591,control,25.17,0,0.0,0
8592,control,0.0,0,0.0,0
8593,treatment,24.33,0,0.0,0
8594,treatment,0.0,0,0.0,0
8595,control,29.15,0,0.0,0
8596,control,43.6,1,94.23,0
8597,treatment,0.0,0,0.0,0
8598,treatment,0.0,0,0.0,0
8599,control,589.98,1,54.22,0
8600,treatment,0.0,0,0.0,0
8601,treatment,0.0,0,0.0,0
8602,treatment,94.4,1,136.13,0
8603,treatment,254.67,0,0.0,0
8604,control,430.63,0,0.0,0
8605,treatment,57.24,0,0.0,0
8606,control,0.0,0,0.0,0
8607,treatment,88.06,0,0.0,0
8608,treatment,301.42,1,34.18,0
8609,control,0.0,0,0.0,0
8610,control,138.79,1,57.04,0
8611,treatment,66.43,0,0.0,0
8612,treatment,91.81,0,0.0,0
8613,treatment,0.0,0,0.0,0
8614,treatment,0.0,0,0.0,0
8615,control,24.98,0,0.0,0
8616,treatment,0.0,0,0.0,0
8617,treatment,138.74,1,61.29,0
8618,control,0.0,1,28.26,0
8619,control,105.48,0,0.0,0
8620,control,117.77,1,113.75,0
8621,treatment,0.0,0,0.0,0
8622,treatment,66.78,0,0.0,0
8623,treatment,42.85,0,0.0,0
8624,treatment,0.0,0,0.0,0
8625,control,0.0,0,0.0,0
8626,control,0.0,0,0.0,0
8627,control,0.0,0,0.0,0
8628,control,0.0,0,0.0,0
8629,control,0.0,0,0.0,0
8630,control,62.89,0,0.0,0
8631,control,30.12,0,0.0,0
8632,treatment,102.85,0,0.0,0
8633,control,47.16,0,0.0,0
8634,treatment,105.68,0,0.0,0
8635,treatment,367.73,0,0.0,0
8636,control,0.0,0,0.0,0
8637,treatment,0.0,0,0.0,0
8638,treatment,478.11,0,0.0,0
8639,control,134.65,0,0.0,0
8640,treatment,0.0,0,0.0,0
8641,control,131.4,0,0.0,0
8642,control,113.27,0,0.0,0
8643,treatment,36.58,0,0.0,0
8644,control,0.0,0,0.0,0
8645,control,0.0,0,0.0,0
8646,treatment,67.28,0,0.0,0
8647,control,0.0,0,0.0,0
8648,control,0.0,0,0.0,0
8649,control,113.08,0,0.0,0
8650,control,61.47,0,0.0,0
8651,control,80.11,0,0.0,0
8652,treatment,185.48,0,0.0,0
8653,treatment,0.0,0,0.0,0
8654,treatment,124.01,0,0.0,0
8655,control,0.0,0,0.0,0
8656,treatment,28.29,0,0.0,0
8657,treatment,91.94,0,0.0,0
8658,control,47.71,0,0.0,0
8659,treatment,0.0,0,0.0,0
8660,control,0.0,0,0.0,0
8661,treatment,100.53,0,0.0,0
8662,treatment,58.78,0,0.0,0
8663,treatment,0.0,0,0.0,0
8664,control,477.97,0,0.0,0
8665,control,36.68,0,0.0,0
8666,treatment,38.89,0,0.0,0
8667,control,71.05,0,0.0,0
8668,treatment,0.0,0,0.0,0
8669,treatment,39.78,0,0.0,0
8670,control,143.32,0,0.0,0
8671,control,0.0,0,0.0,0
8672,control,70.62,0,0.0,0
8673,treatment,0.0,0,0.0,0
8674,control,152.59,0,0.0,0
8675,treatment,50.66,0,0.0,0
8676,control,88.98,0,0.0,0
8677,treatment,0.0,0,0.0,0
8678,treatment,348.05,0,0.0,0
8679,treatment,30.66,0,0.0,0
8680,treatment,0.0,0,0.0,0
8681,control,0.0,1,72.97,0
8682,treatment,0.0,0,0.0,0
8683,control,25.1,0,0.0,0
8684,treatment,23.91,0,0.0,0
8685,treatment,75.89,1,65.06,0
8686,treatment,579.27,0,0.0,0
8687,control,0.0,0,0.0,0
8688,control,54.44,0,0.0,0
8689,treatment,40.57,0,0.0,0
8690,control,0.0,0,0.0,0
8691,treatment,28.94,0,0.0,0
8692,control,0.0,0,0.0,0
8693,treatment,0.0,0,0.0,0
8694,treatment,56.74,0,0.0,0
8695,treatment,0.0,0,0.0,0
8696,control,42.31,0,0.0,0
8697,treatment,68.0,1,91.64,0
8698,treatment,0.0,0,0.0,0
8699,treatment,61.98,1,60.05,1
8700,control,684.87,0,0.0,0
8701,treatment,204.62,0,0.0,0
8702,treatment,70.56,0,0.0,0
8703,treatment,228.61,0,0.0,0
8704,treatment,0.0,1,88.95,0
8705,treatment,0.0,0,0.0,0
8706,control,0.0,0,0.0,0
8707,treatment,198.33,1,23.34,0
8708,control,319.54,0,0.0,0
8709,treatment,0.0,0,0.0,0
8710,treatment,0.0,0,0.0,0
8711,control,0.0,0,0.0,0
8712,control,0.0,0,0.0,0
8713,control,0.0,0,0.0,0
8714,treatment,64.92,0,0.0,0
8715,treatment,117.23,0,0.0,0
8716,treatment,0.0,0,0.0,0
8717,treatment,24.18,0,0.0,0
8718,treatment,61.44,0,0.0,0
8719,control,68.65,0,0.0,0
8720,control,0.0,0,0.0,0
8721,control,66.84,0,0.0,0
8722,treatment,34.9,0,0.0,0
8723,treatment,77.16,0,0.0,0
8724,control,0.0,0,0.0,0
8725,treatment,74.13,0,0.0,0
8726,control,0.0,0,0.0,0
8727,treatment,0.0,0,0.0,0
8728,treatment,0.0,0,0.0,0
8729,treatment,0.0,0,0.0,0
8730,control,0.0,0,0.0,0
8731,treatment,147.06,0,0.0,0
8732,control,69.39,1,72.49,0
8733,treatment,0.0,0,0.0,0
8734,treatment,0.0,0,0.0,0
8735,treatment,63.62,0,0.0,0
8736,treatment,70.23,0,0.0,0
8737,control,0.0,0,0.0,0
8738,control,47.32,0,0.0,0
8739,control,0.0,0,0.0,0
8740,control,0.0,0,0.0,0
8741,treatment,59.78,0,0.0,0
8742,control,0.0,0,0.0,0
8743,control,138.15,1,85.21,0
8744,control,295.84,0,0.0,0
8745,treatment,96.76,0,0.0,0
8746,treatment,0.0,0,0.0,0
8747,control,111.34,0,0.0,0
8748,control,0.0,0,0.0,0
8749,control,0.0,0,0.0,0
8750,control,0.0,0,0.0,0
8751,control,78.29,0,0.0,0
8752,control,0.0,0,0.0,0
8753,control,31.92,0,0.0,0
8754,treatment,0.0,1,204.4,0
8755,control,0.0,0,0.0,0
8756,treatment,0.0,0,0.0,0
8757,treatment,0.0,0,0.0,0
8758,control,51.1,0,0.0,0
8759,control,25.03,0,0.0,0
8760,treatment,0.0,0,0.0,0
8761,treatment,41.02,0,0.0,0
8762,control,28.35,0,0.0,0
8763,control,0.0,0,0.0,0
8764,control,0.0,0,0.0,0
8765,treatment,0.0,0,0.0,0
8766,control,0.0,0,0.0,0
8767,control,765.09,0,0.0,0
8768,treatment,0.0,0,0.0,0
8769,control,0.0,0,0.0,0
8770,treatment,0.0,0,0.0,0
8771,treatment,0.0,0,0.0,0
8772,treatment,0.0,0,0.0,0
8773,treatment,322.05,0,0.0,0
8774,control,443.74,1,110.67,0
8775,control,0.0,0,0.0,0
8776,treatment,0.0,0,0.0,0
8777,treatment,0.0,0,0.0,0
8778,treatment,35.01,0,0.0,0
8779,treatment,38.14,0,0.0,0
8780,control,0.0,0,0.0,0
8781,treatment,0.0,0,0.0,0
8782,control,74.74,0,0.0,0
8783,treatment,80.64,0,0.0,0
8784,control,0.0,0,0.0,0
8785,treatment,153.67,0,0.0,0
8786,treatment,59.66,0,0.0,0
8787,treatment,44.2,0,0.0,0
8788,control,0.0,0,0.0,0
8789,control,97.11,0,0.0,0
8790,control,0.0,0,0.0,0
8791,control,0.0,0,0.0,0
8792,control,113.44,0,0.0,0
8793,control,46.56,0,0.0,0
8794,treatment,0.0,0,0.0,0
8795,control,69.0,0,0.0,0
8796,treatment,0.0,0,0.0,0
8797,control,0.0,0,0.0,0
8798,control,22.23,0,0.0,0
8799,control,47.63,0,0.0,0
8800,control,0.0,0,0.0,0
8801,control,74.92,0,0.0,0
8802,control,0.0,0,0.0,0
8803,control,31.05,0,0.0,0
8804,control,0.0,0,0.0,0
8805,treatment,17.12,0,0.0,0
8806,treatment,0.0,0,0.0,0
8807,control,0.0,0,0.0,0
8808,treatment,0.0,0,0.0,0
8809,control,0.0,0,0.0,0
8810,treatment,0.0,0,0.0,0
8811,treatment,19.71,0,0.0,0
8812,control,0.0,0,0.0,0
8813,treatment,53.09,0,0.0,0
8814,treatment,0.0,0,0.0,0
8815,treatment,0.0,0,0.0,0
8816,control,0.0,0,0.0,0
8817,control,0.0,0,0.0,0
8818,treatment,0.0,0,0.0,0
8819,treatment,0.0,0,0.0,0
8820,treatment,0.0,0,0.0,0
8821,treatment,70.13,1,50.07,0
8822,control,48.13,0,0.0,0
8823,control,19.48,0,0.0,0
8824,control,173.34,0,0.0,0
8825,treatment,0.0,0,0.0,0
8826,treatment,0.0,1,35.35,0
8827,treatment,0.0,0,0.0,0
8828,control,58.26,0,0.0,0
8829,control,42.07,0,0.0,0
8830,control,0.0,0,0.0,0
8831,control,202.54,0,0.0,0
8832,treatment,278.4,0,0.0,0
8833,treatment,126.8,0,0.0,0
8834,treatment,0.0,0,0.0,0
8835,treatment,0.0,0,0.0,0
8836,control,0.0,0,0.0,0
8837,control,0.0,0,0.0,0
8838,treatment,0.0,0,0.0,0
8839,control,0.0,0,0.0,0
8840,treatment,0.0,0,0.0,0
8841,treatment,97.48,0,0.0,0
8842,treatment,113.2,1,30.33,0
8843,control,118.3,1,141.1,0
8844,control,408.8,0,0.0,0
8845,treatment,72.8,0,0.0,0
8846,control,0.0,0,0.0,0
8847,control,0.0,0,0.0,0
8848,treatment,22.7,0,0.0,0
8849,treatment,0.0,0,0.0,0
8850,treatment,0.0,0,0.0,0
8851,treatment,0.0,0,0.0,0
8852,treatment,0.0,0,0.0,0
8853,control,47.3,0,0.0,0
8854,control,66.5,0,0.0,0
8855,treatment,0.0,0,0.0,0
8856,control,0.0,0,0.0,0
8857,treatment,0.0,0,0.0,0
8858,control,0.0,0,0.0,0
8859,control,0.0,0,0.0,0
8860,treatment,41.13,1,73.3,0
8861,control,0.0,0,0.0,0
8862,treatment,21.34,1,50.38,0
8863,treatment,277.21,0,0.0,0
8864,control,0.0,0,0.0,0
8865,control,21.57,0,0.0,0
8866,treatment,0.0,0,0.0,0
8867,control,95.83,0,0.0,0
8868,treatment,0.0,0,0.0,0
8869,control,0.0,0,0.0,0
8870,treatment,0.0,0,0.0,0
8871,treatment,97.56,0,0.0,0
8872,treatment,163.84,0,0.0,0
8873,control,91.49,0,0.0,0
8874,treatment,0.0,0,0.0,0
8875,treatment,0.0,0,0.0,0
8876,treatment,0.0,0,0.0,0
8877,control,47.22,0,0.0,0
8878,control,0.0,0,0.0,0
8879,treatment,72.09,0,0.0,0
8880,control,31.1,0,0.0,0
8881,control,0.0,0,0.0,0
8882,treatment,396.69,0,0.0,0
8883,control,0.0,0,0.0,0
8884,treatment,0.0,0,0.0,0
8885,control,0.0,0,0.0,0
8886,treatment,0.0,0,0.0,0
8887,treatment,0.0,0,0.0,0
8888,treatment,60.14,0,0.0,0
8889,control,0.0,0,0.0,0
8890,control,52.39,0,0.0,0
8891,treatment,0.0,1,42.32,0
8892,treatment,230.18,0,0.0,0
8893,treatment,60.7,0,0.0,0
8894,treatment,0.0,0,0.0,0
8895,control,61.05,0,0.0,0
8896,control,0.0,0,0.0,0
8897,treatment,0.0,0,0.0,0
8898,control,206.82,1,77.58,0
8899,treatment,0.0,1,44.99,0
8900,control,0.0,0,0.0,0
8901,control,372.91,1,43.32,0
8902,control,55.9,0,0.0,0
8903,treatment,0.0,0,0.0,0
8904,treatment,44.24,0,0.0,0
8905,treatment,0.0,0,0.0,0
8906,control,86.86,0,0.0,0
8907,treatment,0.0,0,0.0,0
8908,control,0.0,0,0.0,0
8909,treatment,104.72,0,0.0,0
8910,control,48.91,0,0.0,0
8911,control,43.82,0,0.0,0
8912,control,153.16,0,0.0,0
8913,treatment,193.23,0,0.0,0
8914,treatment,92.28,0,0.0,0
8915,treatment,0.0,1,97.05,0
8916,control,192.19,0,0.0,0
8917,control,0.0,0,0.0,0
8918,control,27.38,0,0.0,0
8919,control,103.29,0,0.0,0
8920,control,69.46,1,61.49,1
8921,treatment,144.53,0,0.0,0
8922,control,144.35,0,0.0,0
8923,treatment,0.0,0,0.0,0
8924,control,32.77,0,0.0,0
8925,treatment,49.79,0,0.0,0
8926,treatment,122.61,1,92.09,0
8927,treatment,78.43,0,0.0,0
8928,control,41.3,0,0.0,0
8929,control,0.0,0,0.0,0
8930,treatment,0.0,0,0.0,0
8931,control,0.0,1,116.64,0
8932,treatment,227.83,0,0.0,0
8933,treatment,0.0,1,22.19,0
8934,treatment,323.19,0,0.0,0
8935,treatment,0.0,0,0.0,0
8936,control,51.82,0,0.0,0
8937,control,137.72,0,0.0,0
8938,control,638.0,0,0.0,0
8939,treatment,126.24,0,0.0,0
8940,treatment,0.0,0,0.0,0
8941,treatment,0.0,0,0.0,0
8942,treatment,40.5,0,0.0,0
8943,control,269.69,0,0.0,0
8944,treatment,0.0,1,31.45,0
8945,control,178.06,0,0.0,0
8946,control,0.0,0,0.0,0
8947,control,83.21,0,0.0,0
8948,control,30.82,0,0.0,0
8949,treatment,43.86,0,0.0,0
8950,treatment,0.0,0,0.0,0
8951,control,0.0,0,0.0,0
8952,control,0.0,0,0.0,0
8953,control,0.0,0,0.0,0
8954,control,0.0,0,0.0,0
8955,treatment,160.6,0,0.0,0
8956,control,0.0,0,0.0,0
8957,treatment,0.0,0,0.0,0
8958,treatment,136.53,0,0.0,0
8959,treatment,32.09,0,0.0,0
8960,treatment,0.0,0,0.0,0
8961,treatment,0.0,0,0.0,0
8962,treatment,75.48,1,36.28,1
8963,control,45.79,0,0.0,0
8964,control,0.0,0,0.0,0
8965,treatment,0.0,0,0.0,0
8966,treatment,0.0,0,0.0,0
8967,treatment,144.8,0,0.0,0
8968,control,51.67,0,0.0,0
8969,control,220.93,1,215.94,0
8970,control,56.44,0,0.0,0
8971,control,60.1,0,0.0,0
8972,treatment,0.0,0,0.0,0
8973,control,206.63,0,0.0,0
8974,treatment,1092.98,1,166.6,0
8975,treatment,49.8,0,0.0,0
8976,treatment,28.08,0,0.0,0
8977,treatment,173.89,0,0.0,0
8978,control,148.56,0,0.0,0
8979,treatment,0.0,0,0.0,0
8980,control,81.81,0,0.0,0
8981,control,264.06,1,62.53,0
8982,control,467.08,1,99.92,0
8983,control,555.2,1,56.33,0
8984,treatment,158.64,0,0.0,0
8985,control,207.7,1,40.67,0
8986,control,0.0,0,0.0,0
8987,treatment,37.55,1,29.49,0
8988,treatment,64.42,0,0.0,0
8989,control,198.28,0,0.0,0
8990,control,68.1,0,0.0,0
8991,control,150.33,1,74.92,0
8992,control,0.0,0,0.0,0
8993,control,0.0,0,0.0,0
8994,treatment,38.74,0,0.0,0
8995,treatment,48.17,0,0.0,0
8996,treatment,0.0,0,0.0,0
8997,treatment,0.0,0,0.0,0
8998,treatment,0.0,0,0.0,0
8999,treatment,0.0,1,53.69,0
9000,control,30.19,0,0.0,0
9001,control,0.0,0,0.0,0
9002,control,0.0,1,44.98,0
9003,control,15.65,0,0.0,0
9004,treatment,0.0,1,34.22,0
9005,control,0.0,0,0.0,0
9006,control,126.63,0,0.0,0
9007,control,77.21,0,0.0,0
9008,control,0.0,0,0.0,0
9009,treatment,91.17,1,95.64,0
9010,control,0.0,1,30.64,0
9011,treatment,94.53,0,0.0,0
9012,control,0.0,0,0.0,0
9013,treatment,0.0,1,48.95,0
9014,treatment,0.0,1,43.47,0
9015,treatment,79.49,0,0.0,0
9016,treatment,0.0,0,0.0,0
9017,control,0.0,0,0.0,0
9018,control,0.0,0,0.0,0
9019,control,0.0,0,0.0,0
9020,control,0.0,0,0.0,0
9021,treatment,0.0,0,0.0,0
9022,treatment,327.6,0,0.0,0
9023,treatment,0.0,0,0.0,0
9024,treatment,0.0,0,0.0,0
9025,treatment,0.0,0,0.0,0
9026,treatment,0.0,0,0.0,0
9027,control,93.2,0,0.0,0
9028,treatment,44.02,0,0.0,0
9029,treatment,0.0,0,0.0,0
9030,treatment,0.0,0,0.0,0
9031,treatment,310.04,1,131.78,0
9032,treatment,171.14,0,0.0,0
9033,treatment,44.24,0,0.0,0
9034,control,0.0,0,0.0,0
9035,treatment,283.41,0,0.0,0
9036,treatment,17.42,0,0.0,0
9037,control,141.25,0,0.0,0
9038,treatment,0.0,0,0.0,0
9039,treatment,109.27,1,17.28,0
9040,control,103.37,0,0.0,0
9041,treatment,0.0,0,0.0,0
9042,control,60.78,0,0.0,0
9043,treatment,0.0,1,86.12,0
9044,treatment,0.0,0,0.0,0
9045,control,204.65,0,0.0,0
9046,control,47.85,0,0.0,0
9047,treatment,0.0,1,213.68,0
9048,treatment,0.0,0,0.0,0
9049,control,0.0,0,0.0,0
9050,treatment,66.21,0,0.0,0
9051,control,0.0,0,0.0,0
9052,control,71.54,0,0.0,0
9053,treatment,0.0,0,0.0,0
9054,treatment,80.42,0,0.0,0
9055,control,0.0,0,0.0,0
9056,control,0.0,0,0.0,0
9057,treatment,385.78,0,0.0,0
9058,control,219.31,0,0.0,0
9059,control,0.0,0,0.0,0
9060,control,32.15,0,0.0,0
9061,treatment,0.0,0,0.0,0
9062,control,244.47,0,0.0,0
9063,treatment,0.0,1,42.96,0
9064,control,0.0,0,0.0,0
9065,treatment,202.95,1,96.85,0
9066,treatment,23.27,0,0.0,0
9067,control,238.04,0,0.0,0
9068,treatment,0.0,0,0.0,0
9069,control,281.53,0,0.0,0
9070,control,177.62,0,0.0,0
9071,control,0.0,1,45.98,0
9072,treatment,0.0,0,0.0,0
9073,treatment,401.4,0,0.0,0
9074,control,0.0,0,0.0,0
9075,control,109.97,0,0.0,0
9076,control,68.69,0,0.0,0
9077,control,0.0,0,0.0,0
9078,control,0.0,0,0.0,0
9079,control,64.69,0,0.0,0
9080,treatment,60.33,0,0.0,0
9081,control,36.98,0,0.0,0
9082,treatment,0.0,0,0.0,0
9083,treatment,65.9,0,0.0,0
9084,treatment,60.21,1,104.28,0
9085,control,0.0,0,0.0,0
9086,treatment,39.87,0,0.0,0
9087,treatment,84.7,1,50.98,1
9088,control,88.43,0,0.0,0
9089,control,174.57,0,0.0,0
9090,control,48.21,0,0.0,0
9091,control,0.0,0,0.0,0
9092,treatment,0.0,0,0.0,0
9093,control,34.03,0,0.0,0
9094,treatment,0.0,0,0.0,0
9095,control,141.74,0,0.0,0
9096,treatment,0.0,0,0.0,0
9097,control,77.9,0,0.0,0
9098,control,0.0,0,0.0,0
9099,control,104.5,0,0.0,0
9100,control,69.08,0,0.0,0
9101,treatment,167.41,0,0.0,0
9102,treatment,77.23,0,0.0,0
9103,treatment,30.34,0,0.0,0
9104,treatment,0.0,0,0.0,0
9105,treatment,114.36,0,0.0,0
9106,control,0.0,0,0.0,0
9107,treatment,20.74,0,0.0,0
9108,control,115.98,0,0.0,0
9109,treatment,124.97,0,0.0,0
9110,treatment,48.81,0,0.0,0
9111,control,281.84,0,0.0,0
9112,treatment,168.44,0,0.0,0
9113,treatment,0.0,0,0.0,0
9114,control,0.0,0,0.0,0
9115,control,59.17,0,0.0,0
9116,control,114.44,0,0.0,0
9117,treatment,0.0,0,0.0,0
9118,control,34.94,0,0.0,0
9119,control,0.0,0,0.0,0
9120,treatment,59.6,0,0.0,0
9121,control,390.69,1,88.15,0
9122,treatment,130.61,0,0.0,0
9123,treatment,0.0,0,0.0,0
9124,treatment,29.41,0,0.0,0
9125,treatment,168.46,1,61.07,0
9126,control,131.99,0,0.0,0
9127,control,0.0,0,0.0,0
9128,control,904.37,1,66.03,0
9129,treatment,33.51,0,0.0,0
9130,treatment,71.03,0,0.0,0
9131,treatment,0.0,0,0.0,0
9132,treatment,43.5,0,0.0,0
9133,control,277.95,0,0.0,0
9134,treatment,38.35,1,45.66,0
9135,treatment,0.0,0,0.0,0
9136,treatment,0.0,0,0.0,0
9137,control,41.18,0,0.0,0
9138,control,126.83,1,52.16,0
9139,control,39.78,0,0.0,0
9140,treatment,0.0,0,0.0,0
9141,treatment,0.0,0,0.0,0
9142,control,0.0,0,0.0,0
9143,control,0.0,0,0.0,0
9144,control,0.0,0,0.0,0
9145,treatment,296.7,0,0.0,0
9146,treatment,0.0,0,0.0,0
9147,treatment,151.02,0,0.0,0
9148,treatment,100.55,1,65.26,0
9149,treatment,0.0,0,0.0,0
9150,control,89.6,0,0.0,0
9151,treatment,57.8,1,52.98,0
9152,treatment,203.02,1,55.69,0
9153,control,83.92,0,0.0,0
9154,control,82.75,0,0.0,0
9155,treatment,188.7,0,0.0,0
9156,treatment,198.04,0,0.0,0
9157,control,0.0,0,0.0,0
9158,treatment,0.0,0,0.0,0
9159,control,43.25,0,0.0,0
9160,control,67.72,0,0.0,0
9161,treatment,0.0,0,0.0,0
9162,treatment,0.0,0,0.0,0
9163,treatment,105.64,0,0.0,0
9164,treatment,0.0,0,0.0,0
9165,treatment,0.0,0,0.0,0
9166,control,0.0,1,87.3,0
9167,treatment,107.26,0,0.0,0
9168,treatment,203.21,0,0.0,0
9169,control,69.8,0,0.0,0
9170,treatment,0.0,0,0.0,0
9171,treatment,141.49,0,0.0,0
9172,treatment,0.0,0,0.0,0
9173,control,0.0,0,0.0,0
9174,treatment,41.91,0,0.0,0
9175,treatment,109.62,0,0.0,0
9176,control,98.71,0,0.0,0
9177,control,44.07,0,0.0,0
9178,control,0.0,0,0.0,0
9179,treatment,143.08,1,31.57,0
9180,treatment,0.0,0,0.0,0
9181,control,99.16,0,0.0,0
9182,control,427.74,0,0.0,0
9183,treatment,0.0,0,0.0,0
9184,control,67.73,0,0.0,0
9185,control,0.0,0,0.0,0
9186,treatment,0.0,1,54.08,0
9187,treatment,0.0,0,0.0,0
9188,control,118.17,0,0.0,0
9189,treatment,0.0,0,0.0,0
9190,treatment,275.46,0,0.0,0
9191,treatment,140.27,0,0.0,0
9192,treatment,0.0,0,0.0,0
9193,control,0.0,0,0.0,0
9194,treatment,52.2,1,113.09,0
9195,treatment,658.37,1,133.84,0
9196,treatment,0.0,0,0.0,0
9197,treatment,80.39,1,93.37,0
9198,control,166.88,0,0.0,0
9199,treatment,0.0,0,0.0,0
9200,control,0.0,0,0.0,0
9201,treatment,0.0,1,70.27,0
9202,control,46.73,0,0.0,0
9203,control,0.0,0,0.0,0
9204,treatment,53.96,0,0.0,0
9205,control,42.56,0,0.0,0
9206,control,0.0,1,15.16,0
9207,treatment,0.0,0,0.0,0
9208,treatment,188.73,1,19.86,0
9209,control,160.01,0,0.0,0
9210,treatment,0.0,0,0.0,0
9211,treatment,37.72,0,0.0,0
9212,treatment,0.0,0,0.0,0
9213,control,0.0,0,0.0,0
9214,control,210.28,0,0.0,0
9215,treatment,0.0,0,0.0,0
9216,treatment,55.13,0,0.0,0
9217,control,59.88,0,0.0,0
9218,control,0.0,1,42.22,0
9219,treatment,43.78,0,0.0,0
9220,treatment,0.0,0,0.0,0
9221,treatment,89.82,0,0.0,0
9222,control,21.75,0,0.0,0
9223,treatment,45.15,0,0.0,0
9224,treatment,0.0,0,0.0,0
9225,treatment,56.86,0,0.0,0
9226,treatment,176.62,0,0.0,0
9227,control,0.0,0,0.0,0
9228,treatment,42.4,0,0.0,0
9229,treatment,0.0,0,0.0,0
9230,treatment,156.89,1,47.81,0
9231,control,57.13,0,0.0,0
9232,control,0.0,1,43.55,0
9233,control,27.4,0,0.0,0
9234,treatment,141.49,0,0.0,0
9235,control,0.0,0,0.0,0
9236,control,0.0,0,0.0,0
9237,treatment,0.0,0,0.0,0
9238,control,0.0,1,39.77,0
9239,control,0.0,0,0.0,0
9240,control,0.0,0,0.0,0
9241,control,0.0,0,0.0,0
9242,treatment,0.0,0,0.0,0
9243,control,0.0,0,0.0,0
9244,control,0.0,0,0.0,0
9245,control,0.0,0,0.0,0
9246,treatment,215.38,0,0.0,0
9247,control,66.16,0,0.0,0
9248,control,110.38,0,0.0,0
9249,treatment,525.56,0,0.0,0
9250,control,61.51,0,0.0,0
9251,control,142.35,1,63.89,0
9252,control,264.25,0,0.0,0
9253,control,121.86,1,52.83,0
9254,control,0.0,0,0.0,0
9255,control,0.0,0,0.0,0
9256,control,55.3,0,0.0,0
9257,control,0.0,0,0.0,0
9258,control,0.0,0,0.0,0
9259,treatment,0.0,0,0.0,0
9260,control,78.45,1,99.16,0
9261,treatment,96.5,0,0.0,0
9262,control,0.0,0,0.0,0
9263,treatment,0.0,0,0.0,0
9264,treatment,0.0,0,0.0,0
9265,treatment,60.05,0,0.0,0
9266,treatment,132.79,0,0.0,0
9267,control,29.06,1,46.29,0
9268,control,0.0,1,24.7,0
9269,treatment,0.0,0,0.0,0
9270,control,0.0,0,0.0,0
9271,treatment,290.11,1,56.36,0
9272,treatment,70.57,0,0.0,0
9273,treatment,30.71,0,0.0,0
9274,control,0.0,0,0.0,0
9275,control,0.0,0,0.0,0
9276,treatment,0.0,0,0.0,0
9277,treatment,0.0,0,0.0,0
9278,treatment,0.0,0,0.0,0
9279,treatment,30.45,0,0.0,0
9280,treatment,0.0,0,0.0,0
9281,treatment,0.0,0,0.0,0
9282,treatment,77.16,1,74.03,0
9283,treatment,105.22,1,39.36,0
9284,control,43.57,0,0.0,0
9285,control,0.0,0,0.0,0
9286,control,0.0,0,0.0,0
9287,treatment,0.0,0,0.0,0
9288,treatment,0.0,0,0.0,0
9289,control,0.0,0,0.0,0
9290,control,0.0,0,0.0,0
9291,treatment,380.92,1,98.17,0
9292,control,64.07,0,0.0,0
9293,control,0.0,0,0.0,0
9294,control,0.0,0,0.0,0
9295,control,68.17,0,0.0,0
9296,treatment,0.0,0,0.0,0
9297,treatment,123.72,0,0.0,0
9298,control,0.0,0,0.0,0
9299,treatment,133.49,0,0.0,0
9300,control,91.52,0,0.0,0
9301,control,63.71,0,0.0,0
9302,treatment,0.0,0,0.0,0
9303,treatment,173.22,0,0.0,0
9304,treatment,197.01,1,103.85,0
9305,control,0.0,0,0.0,0
9306,treatment,0.0,0,0.0,0
9307,treatment,0.0,0,0.0,0
9308,treatment,72.19,1,62.26,0
9309,control,0.0,0,0.0,0
9310,treatment,0.0,0,0.0,0
9311,control,81.8,0,0.0,0
9312,control,52.81,0,0.0,0
9313,treatment,0.0,0,0.0,0
9314,treatment,0.0,0,0.0,0
9315,treatment,0.0,0,0.0,0
9316,treatment,0.0,0,0.0,0
9317,treatment,65.18,0,0.0,0
9318,treatment,0.0,0,0.0,0
9319,control,101.03,0,0.0,0
9320,control,0.0,0,0.0,0
9321,treatment,0.0,0,0.0,0
9322,control,0.0,0,0.0,0
9323,control,0.0,0,0.0,0
9324,treatment,0.0,0,0.0,0
9325,treatment,0.0,1,84.21,0
9326,treatment,37.81,0,0.0,0
9327,control,180.97,0,0.0,0
9328,treatment,82.59,0,0.0,0
9329,control,0.0,0,0.0,0
9330,treatment,56.78,0,0.0,0
9331,control,0.0,0,0.0,0
9332,control,83.93,0,0.0,0
9333,control,0.0,0,0.0,0
9334,treatment,70.95,0,0.0,0
9335,control,27.25,0,0.0,0
9336,treatment,202.97,0,0.0,0
9337,treatment,73.58,0,0.0,0
9338,control,66.77,0,0.0,0
9339,treatment,0.0,0,0.0,0
9340,control,0.0,0,0.0,0
9341,control,0.0,0,0.0,0
9342,treatment,0.0,1,58.32,0
9343,treatment,15.82,0,0.0,0
9344,control,0.0,0,0.0,0
9345,control,34.4,0,0.0,0
9346,treatment,0.0,0,0.0,0
9347,control,171.38,0,0.0,0
9348,control,0.0,0,0.0,0
9349,control,43.13,0,0.0,0
9350,control,0.0,0,0.0,0
9351,treatment,0.0,0,0.0,0
9352,treatment,0.0,0,0.0,0
9353,treatment,0.0,0,0.0,0
9354,treatment,28.39,0,0.0,0
9355,control,0.0,0,0.0,0
9356,control,0.0,0,0.0,0
9357,treatment,0.0,0,0.0,0
9358,treatment,44.8,0,0.0,0
9359,treatment,0.0,0,0.0,0
9360,control,0.0,0,0.0,0
9361,control,66.45,0,0.0,0
9362,treatment,158.68,0,0.0,0
9363,control,0.0,0,0.0,0
9364,control,92.85,0,0.0,0
9365,control,52.79,0,0.0,0
9366,treatment,66.0,1,35.86,0
9367,treatment,0.0,0,0.0,0
9368,treatment,127.49,0,0.0,0
9369,control,0.0,0,0.0,0
9370,treatment,0.0,0,0.0,0
9371,control,31.04,0,0.0,0
9372,treatment,101.75,0,0.0,0
9373,treatment,40.0,0,0.0,0
9374,treatment,0.0,0,0.0,0
9375,treatment,257.01,0,0.0,0
9376,control,70.91,0,0.0,0
9377,treatment,0.0,0,0.0,0
9378,control,0.0,0,0.0,0
9379,treatment,131.66,0,0.0,0
9380,control,0.0,0,0.0,0
9381,control,0.0,0,0.0,0
9382,treatment,55.02,0,0.0,0
9383,treatment,97.9,0,0.0,0
9384,control,0.0,0,0.0,0
9385,control,0.0,0,0.0,0
9386,control,34.51,0,0.0,0
9387,treatment,0.0,0,0.0,0
9388,treatment,56.95,0,0.0,0
9389,treatment,0.0,1,78.33,0
9390,treatment,116.76,1,33.06,0
9391,control,0.0,0,0.0,0
9392,control,0.0,0,0.0,0
9393,control,41.54,0,0.0,0
9394,control,0.0,0,0.0,0
9395,control,0.0,0,0.0,0
9396,treatment,0.0,0,0.0,0
9397,treatment,0.0,0,0.0,0
9398,treatment,59.57,0,0.0,0
9399,control,0.0,0,0.0,0
9400,treatment,35.97,0,0.0,0
9401,control,130.62,0,0.0,0
9402,treatment,0.0,0,0.0,0
9403,control,44.21,0,0.0,0
9404,treatment,83.26,0,0.0,0
9405,control,0.0,0,0.0,0
9406,treatment,0.0,0,0.0,0
9407,control,0.0,0,0.0,0
9408,control,36.8,0,0.0,0
9409,treatment,23.05,0,0.0,0
9410,treatment,0.0,0,0.0,0
9411,control,0.0,0,0.0,0
9412,control,87.05,0,0.0,0
9413,treatment,116.73,1,22.49,0
9414,treatment,145.58,1,41.53,0
9415,control,214.28,1,93.74,1
9416,control,19.1,0,0.0,0
9417,control,0.0,0,0.0,0
9418,control,116.5,0,0.0,0
9419,control,143.98,1,105.08,0
9420,control,62.0,0,0.0,0
9421,treatment,0.0,0,0.0,0
9422,treatment,24.7,0,0.0,0
9423,control,421.75,0,0.0,0
9424,treatment,41.76,0,0.0,0
9425,control,81.01,0,0.0,0
9426,treatment,0.0,0,0.0,0
9427,treatment,98.85,1,68.25,0
9428,treatment,0.0,0,0.0,0
9429,control,0.0,1,20.66,0
9430,treatment,0.0,0,0.0,0
9431,control,94.17,0,0.0,0
9432,treatment,0.0,0,0.0,0
9433,treatment,250.15,0,0.0,0
9434,treatment,0.0,0,0.0,0
9435,treatment,193.05,0,0.0,0
9436,control,0.0,0,0.0,0
9437,treatment,118.06,0,0.0,0
9438,control,71.24,0,0.0,0
9439,treatment,0.0,1,30.26,0
9440,treatment,0.0,0,0.0,0
9441,control,0.0,0,0.0,0
9442,control,0.0,0,0.0,0
9443,treatment,0.0,0,0.0,0
9444,treatment,35.65,0,0.0,0
9445,treatment,0.0,1,24.11,0
9446,control,0.0,0,0.0,0
9447,control,0.0,0,0.0,0
9448,control,0.0,0,0.0,0
9449,control,0.0,0,0.0,0
9450,control,22.08,1,47.83,0
9451,control,120.1,0,0.0,0
9452,control,0.0,0,0.0,0
9453,control,0.0,0,0.0,0
9454,control,0.0,0,0.0,0
9455,control,0.0,1,68.56,0
9456,control,0.0,0,0.0,0
9457,treatment,56.21,0,0.0,0
9458,treatment,60.93,0,0.0,0
9459,treatment,0.0,0,0.0,0
9460,treatment,0.0,0,0.0,0
9461,treatment,0.0,0,0.0,0
9462,treatment,0.0,0,0.0,0
9463,control,0.0,0,0.0,0
9464,control,37.48,0,0.0,0
9465,control,118.08,0,0.0,0
9466,treatment,174.4,0,0.0,0
9467,treatment,28.16,1,44.43,0
9468,treatment,0.0,0,0.0,0
9469,control,0.0,0,0.0,0
9470,treatment,0.0,1,57.73,0
9471,treatment,0.0,0,0.0,0
9472,control,0.0,0,0.0,0
9473,control,0.0,0,0.0,0
9474,control,0.0,0,0.0,0
9475,control,46.25,1,51.63,0
9476,control,52.23,0,0.0,0
9477,treatment,0.0,0,0.0,0
9478,treatment,107.44,0,0.0,0
9479,control,0.0,0,0.0,0
9480,control,41.36,0,0.0,0
9481,control,0.0,1,53.99,0
9482,treatment,0.0,0,0.0,0
9483,control,0.0,0,0.0,0
9484,treatment,51.09,1,132.46,0
9485,control,0.0,0,0.0,0
9486,control,94.38,0,0.0,0
9487,control,0.0,0,0.0,0
9488,treatment,0.0,0,0.0,0
9489,control,0.0,1,26.21,0
9490,control,0.0,0,0.0,0
9491,treatment,0.0,1,23.13,0
9492,control,0.0,0,0.0,0
9493,treatment,0.0,1,86.02,0
9494,control,0.0,0,0.0,0
9495,control,0.0,0,0.0,0
9496,treatment,37.37,0,0.0,0
9497,treatment,0.0,0,0.0,0
9498,treatment,0.0,0,0.0,0
9499,treatment,88.06,1,48.47,0
9500,control,0.0,0,0.0,0
9501,control,19.04,0,0.0,0
9502,control,175.4,1,113.84,0
9503,treatment,0.0,0,0.0,0
9504,treatment,0.0,0,0.0,0
9505,treatment,56.0,0,0.0,0
9506,treatment,28.4,0,0.0,0
9507,treatment,0.0,0,0.0,0
9508,control,0.0,0,0.0,0
9509,treatment,97.53,0,0.0,0
9510,control,0.0,0,0.0,0
9511,control,36.49,1,99.08,0
9512,treatment,0.0,0,0.0,0
9513,treatment,0.0,0,0.0,0
9514,control,39.35,0,0.0,0
9515,control,15.86,0,0.0,0
9516,treatment,101.71,0,0.0,0
9517,treatment,0.0,0,0.0,0
9518,control,0.0,0,0.0,0
9519,control,0.0,0,0.0,0
9520,treatment,35.48,0,0.0,0
9521,control,0.0,0,0.0,0
9522,treatment,0.0,0,0.0,0
9523,treatment,0.0,0,0.0,0
9524,treatment,0.0,0,0.0,0
9525,control,262.0,0,0.0,0
9526,treatment,51.6,0,0.0,0
9527,control,233.04,0,0.0,0
9528,control,0.0,0,0.0,0
9529,control,97.94,0,0.0,0
9530,treatment,0.0,0,0.0,0
9531,treatment,0.0,0,0.0,0
9532,control,0.0,0,0.0,0
9533,treatment,0.0,0,0.0,0
9534,treatment,0.0,0,0.0,0
9535,control,0.0,0,0.0,0
9536,control,0.0,0,0.0,0
9537,treatment,0.0,0,0.0,0
9538,control,0.0,0,0.0,0
9539,control,0.0,0,0.0,0
9540,treatment,0.0,0,0.0,0
9541,treatment,87.55,0,0.0,0
9542,treatment,0.0,0,0.0,0
9543,treatment,99.0,0,0.0,0
9544,treatment,0.0,0,0.0,0
9545,treatment,0.0,0,0.0,0
9546,treatment,50.76,0,0.0,0
9547,control,0.0,0,0.0,0
9548,treatment,0.0,0,0.0,0
9549,control,86.93,1,42.72,0
9550,treatment,0.0,0,0.0,0
9551,treatment,0.0,0,0.0,0
9552,treatment,0.0,0,0.0,0
9553,control,52.41,0,0.0,0
9554,treatment,0.0,0,0.0,0
9555,control,0.0,0,0.0,0
9556,control,0.0,0,0.0,0
9557,treatment,38.48,0,0.0,0
9558,treatment,72.5,0,0.0,0
9559,treatment,84.37,0,0.0,0
9560,treatment,0.0,1,60.22,0
9561,treatment,0.0,0,0.0,0
9562,control,0.0,0,0.0,0
9563,control,79.12,0,0.0,0
9564,treatment,53.17,0,0.0,0
9565,control,0.0,0,0.0,0
9566,control,113.68,0,0.0,0
9567,treatment,0.0,0,0.0,0
9568,control,27.56,0,0.0,0
9569,control,0.0,0,0.0,0
9570,treatment,73.99,0,0.0,0
9571,control,32.06,0,0.0,0
9572,treatment,0.0,0,0.0,0
9573,control,0.0,0,0.0,0
9574,control,0.0,0,0.0,0
9575,control,172.78,0,0.0,0
9576,control,506.13,1,148.3,1
9577,treatment,95.52,0,0.0,0
9578,control,44.8,0,0.0,0
9579,control,152.51,0,0.0,0
9580,treatment,36.37,0,0.0,0
9581,control,57.54,0,0.0,0
9582,treatment,73.76,0,0.0,0
9583,control,0.0,0,0.0,0
9584,control,0.0,0,0.0,0
9585,control,0.0,1,113.24,1
9586,control,541.2,0,0.0,0
9587,treatment,30.44,0,0.0,0
9588,treatment,0.0,0,0.0,0
9589,control,36.13,0,0.0,0
9590,control,52.63,0,0.0,0
9591,control,70.91,0,0.0,0
9592,treatment,97.09,1,22.63,0
9593,control,0.0,0,0.0,0
9594,treatment,0.0,0,0.0,0
9595,treatment,0.0,0,0.0,0
9596,control,0.0,0,0.0,0
9597,control,0.0,0,0.0,0
9598,treatment,0.0,0,0.0,0
9599,control,90.73,0,0.0,0
9600,control,0.0,0,0.0,0
9601,treatment,0.0,0,0.0,0
9602,control,63.97,0,0.0,0
9603,treatment,60.77,0,0.0,0
9604,control,0.0,0,0.0,0
9605,treatment,0.0,0,0.0,0
9606,treatment,0.0,0,0.0,0
9607,control,0.0,0,0.0,0
9608,treatment,0.0,0,0.0,0
9609,control,0.0,0,0.0,0
9610,treatment,88.73,0,0.0,0
9611,control,0.0,0,0.0,0
9612,control,0.0,0,0.0,0
9613,control,0.0,0,0.0,0
9614,control,31.68,0,0.0,0
9615,control,0.0,0,0.0,0
9616,control,90.09,0,0.0,0
9617,control,33.7,0,0.0,0
9618,treatment,0.0,0,0.0,0
9619,treatment,0.0,0,0.0,0
9620,treatment,136.57,0,0.0,0
9621,control,42.63,0,0.0,0
9622,treatment,0.0,0,0.0,0
9623,treatment,0.0,0,0.0,0
9624,control,0.0,0,0.0,0
9625,control,0.0,0,0.0,0
9626,treatment,0.0,0,0.0,0
9627,control,149.8,0,0.0,0
9628,treatment,30.25,0,0.0,0
9629,treatment,142.64,0,0.0,0
9630,treatment,65.39,0,0.0,0
9631,control,0.0,0,0.0,0
9632,treatment,0.0,0,0.0,0
9633,treatment,380.29,0,0.0,0
9634,control,76.39,0,0.0,0
9635,treatment,77.11,0,0.0,0
9636,treatment,0.0,0,0.0,0
9637,treatment,0.0,0,0.0,0
9638,treatment,0.0,0,0.0,0
9639,treatment,109.61,0,0.0,0
9640,control,45.32,0,0.0,0
9641,control,0.0,0,0.0,0
9642,treatment,0.0,0,0.0,0
9643,treatment,356.85,1,25.18,0
9644,treatment,110.87,1,48.18,0
9645,treatment,25.22,0,0.0,0
9646,treatment,95.92,0,0.0,0
9647,control,101.21,1,72.27,0
9648,control,0.0,0,0.0,0
9649,control,97.76,1,85.7,0
9650,control,50.1,0,0.0,0
9651,control,110.89,0,0.0,0
9652,control,224.78,0,0.0,0
9653,treatment,119.43,0,0.0,0
9654,control,0.0,1,68.21,0
9655,treatment,0.0,0,0.0,0
9656,treatment,43.92,0,0.0,0
9657,treatment,0.0,1,53.84,0
9658,treatment,0.0,1,108.64,0
9659,control,0.0,0,0.0,0
9660,treatment,25.73,0,0.0,0
9661,control,89.17,0,0.0,0
9662,control,0.0,0,0.0,0
9663,treatment,27.13,0,0.0,0
9664,treatment,37.33,0,0.0,0
9665,treatment,0.0,0,0.0,0
9666,control,0.0,0,0.0,0
9667,control,189.26,0,0.0,0
9668,treatment,129.35,0,0.0,0
9669,treatment,0.0,0,0.0,0
9670,control,37.26,0,0.0,0
9671,treatment,39.06,0,0.0,0
9672,control,76.96,0,0.0,0
9673,treatment,0.0,0,0.0,0
9674,control,104.97,1,32.17,0
9675,treatment,38.59,0,0.0,0
9676,treatment,225.52,0,0.0,0
9677,treatment,0.0,0,0.0,0
9678,control,0.0,0,0.0,0
9679,treatment,92.25,1,49.35,0
9680,treatment,74.93,0,0.0,0
9681,treatment,30.18,0,0.0,0
9682,control,395.73,0,0.0,0
9683,treatment,54.77,0,0.0,0
9684,treatment,145.82,1,53.86,0
9685,treatment,39.1,0,0.0,0
9686,treatment,103.64,0,0.0,0
9687,control,0.0,0,0.0,0
9688,treatment,156.18,0,0.0,0
9689,treatment,46.02,0,0.0,0
9690,treatment,24.96,0,0.0,0
9691,treatment,0.0,0,0.0,0
9692,treatment,136.25,0,0.0,0
9693,treatment,0.0,0,0.0,0
9694,treatment,0.0,0,0.0,0
9695,treatment,27.84,0,0.0,0
9696,control,29.98,0,0.0,0
9697,treatment,38.72,0,0.0,0
9698,treatment,0.0,0,0.0,0
9699,control,152.58,0,0.0,0
9700,treatment,0.0,0,0.0,0
9701,treatment,37.56,0,0.0,0
9702,control,56.98,0,0.0,0
9703,treatment,82.12,0,0.0,0
9704,treatment,0.0,0,0.0,0
9705,treatment,0.0,0,0.0,0
9706,control,26.73,0,0.0,0
9707,treatment,121.1,0,0.0,0
9708,treatment,0.0,0,0.0,0
9709,control,57.17,0,0.0,0
9710,treatment,0.0,0,0.0,0
9711,treatment,0.0,0,0.0,0
9712,control,0.0,0,0.0,0
9713,control,0.0,0,0.0,0
9714,treatment,0.0,0,0.0,0
9715,treatment,0.0,0,0.0,0
9716,control,0.0,0,0.0,0
9717,control,65.23,0,0.0,0
9718,control,0.0,0,0.0,0
9719,control,0.0,0,0.0,0
9720,control,0.0,0,0.0,0
9721,treatment,0.0,1,46.95,0
9722,treatment,55.46,0,0.0,0
9723,treatment,0.0,0,0.0,0
9724,control,0.0,0,0.0,0
9725,treatment,50.79,1,73.09,0
9726,control,0.0,0,0.0,0
9727,treatment,0.0,0,0.0,0
9728,treatment,0.0,0,0.0,0
9729,treatment,36.87,0,0.0,0
9730,control,0.0,0,0.0,0
9731,treatment,64.32,0,0.0,0
9732,treatment,79.39,0,0.0,0
9733,treatment,279.06,0,0.0,0
9734,treatment,0.0,0,0.0,0
9735,treatment,0.0,0,0.0,0
9736,control,0.0,0,0.0,0
9737,treatment,124.05,0,0.0,0
9738,control,47.83,0,0.0,0
9739,treatment,0.0,0,0.0,0
9740,control,0.0,0,0.0,0
9741,control,0.0,0,0.0,0
9742,treatment,0.0,0,0.0,0
9743,control,217.45,1,123.17,0
9744,control,57.01,0,0.0,0
9745,control,24.22,0,0.0,0
9746,treatment,32.85,0,0.0,0
9747,treatment,0.0,0,0.0,0
9748,control,0.0,0,0.0,0
9749,control,44.13,1,50.05,0
9750,control,244.6,0,0.0,0
9751,control,88.7,0,0.0,0
9752,treatment,0.0,0,0.0,0
9753,control,202.3,0,0.0,0
9754,control,111.24,0,0.0,0
9755,control,139.14,0,0.0,0
9756,treatment,40.54,0,0.0,0
9757,control,0.0,0,0.0,0
9758,control,399.11,0,0.0,0
9759,treatment,34.73,0,0.0,0
9760,control,106.48,0,0.0,0
9761,treatment,139.6,0,0.0,0
9762,control,103.53,0,0.0,0
9763,treatment,0.0,0,0.0,0
9764,control,0.0,0,0.0,0
9765,control,77.95,0,0.0,0
9766,treatment,117.99,0,0.0,0
9767,control,135.82,0,0.0,0
9768,control,0.0,0,0.0,0
9769,treatment,80.47,0,0.0,0
9770,control,0.0,0,0.0,0
9771,treatment,0.0,0,0.0,0
9772,treatment,0.0,0,0.0,0
9773,treatment,0.0,0,0.0,0
9774,control,0.0,0,0.0,0
9775,treatment,0.0,0,0.0,0
9776,treatment,0.0,0,0.0,0
9777,treatment,162.26,0,0.0,0
9778,treatment,59.8,0,0.0,0
9779,treatment,114.43,1,171.54,0
9780,treatment,35.48,0,0.0,0
9781,treatment,0.0,0,0.0,0
9782,treatment,243.07,1,79.43,0
9783,treatment,89.36,0,0.0,0
9784,control,152.72,0,0.0,0
9785,treatment,34.39,0,0.0,0
9786,treatment,0.0,0,0.0,0
9787,control,44.07,0,0.0,0
9788,control,32.45,0,0.0,0
9789,control,0.0,0,0.0,0
9790,treatment,26.18,0,0.0,0
9791,treatment,0.0,0,0.0,0
9792,treatment,0.0,0,0.0,0
9793,control,0.0,0,0.0,0
9794,treatment,0.0,0,0.0,0
9795,treatment,0.0,0,0.0,0
9796,treatment,67.61,0,0.0,0
9797,control,0.0,0,0.0,0
9798,treatment,0.0,0,0.0,0
9799,control,191.35,0,0.0,0
9800,control,0.0,0,0.0,0
9801,control,0.0,0,0.0,0
9802,control,0.0,0,0.0,0
9803,treatment,53.3,0,0.0,0
9804,treatment,181.98,0,0.0,0
9805,control,64.94,0,0.0,0
9806,treatment,0.0,0,0.0,0
9807,control,0.0,0,0.0,0
9808,treatment,78.2,0,0.0,0
9809,control,0.0,0,0.0,0
9810,control,0.0,0,0.0,0
9811,control,0.0,0,0.0,0
9812,treatment,0.0,0,0.0,0
9813,treatment,0.0,0,0.0,0
9814,treatment,195.47,0,0.0,0
9815,treatment,365.36,0,0.0,0
9816,treatment,79.64,1,33.4,0
9817,control,72.14,0,0.0,0
9818,treatment,30.35,0,0.0,0
9819,treatment,0.0,0,0.0,0
9820,treatment,40.42,1,137.77,0
9821,control,228.94,0,0.0,0
9822,treatment,49.97,0,0.0,0
9823,treatment,0.0,0,0.0,0
9824,control,0.0,0,0.0,0
9825,control,0.0,0,0.0,0
9826,treatment,29.57,0,0.0,0
9827,control,0.0,0,0.0,0
9828,control,0.0,0,0.0,0
9829,treatment,36.75,0,0.0,0
9830,treatment,0.0,0,0.0,0
9831,control,731.35,0,0.0,0
9832,treatment,83.37,0,0.0,0
9833,control,17.2,0,0.0,0
9834,control,0.0,0,0.0,0
9835,treatment,65.21,0,0.0,0
9836,control,51.05,0,0.0,0
9837,treatment,31.07,0,0.0,0
9838,treatment,0.0,1,36.16,0
9839,treatment,0.0,0,0.0,0
9840,treatment,591.05,0,0.0,0
9841,treatment,138.23,0,0.0,0
9842,control,0.0,0,0.0,0
9843,treatment,0.0,0,0.0,0
9844,treatment,84.29,1,139.79,0
9845,control,50.6,0,0.0,0
9846,control,53.32,0,0.0,0
9847,treatment,0.0,0,0.0,0
9848,treatment,0.0,0,0.0,0
9849,control,165.34,0,0.0,0
9850,treatment,73.29,0,0.0,0
9851,treatment,195.59,0,0.0,0
9852,treatment,0.0,0,0.0,0
9853,treatment,0.0,0,0.0,0
9854,treatment,40.37,0,0.0,0
9855,treatment,0.0,0,0.0,0
9856,treatment,91.29,0,0.0,0
9857,control,64.73,1,167.99,0
9858,control,71.98,0,0.0,0
9859,control,0.0,0,0.0,0
9860,treatment,0.0,0,0.0,0
9861,treatment,0.0,0,0.0,0
9862,treatment,236.28,0,0.0,0
9863,control,0.0,0,0.0,0
9864,treatment,19.12,0,0.0,0
9865,control,0.0,0,0.0,0
9866,treatment,0.0,0,0.0,0
9867,control,0.0,0,0.0,0
9868,treatment,0.0,0,0.0,0
9869,control,0.0,0,0.0,0
9870,treatment,64.88,0,0.0,0
9871,control,0.0,0,0.0,0
9872,control,0.0,0,0.0,0
9873,treatment,35.78,0,0.0,0
9874,control,39.09,0,0.0,0
9875,treatment,0.0,0,0.0,0
9876,treatment,0.0,0,0.0,0
9877,treatment,0.0,0,0.0,0
9878,treatment,42.33,0,0.0,0
9879,treatment,0.0,0,0.0,0
9880,treatment,50.02,0,0.0,0
9881,treatment,79.02,1,22.38,0
9882,treatment,0.0,0,0.0,0
9883,treatment,0.0,0,0.0,0
9884,control,0.0,0,0.0,0
9885,control,0.0,0,0.0,0
9886,treatment,0.0,0,0.0,0
9887,control,58.39,0,0.0,0
9888,control,63.92,0,0.0,0
9889,control,0.0,0,0.0,0
9890,control,66.35,1,58.56,0
9891,treatment,0.0,0,0.0,0
9892,treatment,75.66,1,44.71,0
9893,treatment,322.06,0,0.0,0
9894,treatment,0.0,0,0.0,0
9895,treatment,412.75,0,0.0,0
9896,control,0.0,0,0.0,0
9897,control,0.0,0,0.0,0
9898,treatment,0.0,0,0.0,0
9899,treatment,76.3,1,44.11,0
9900,treatment,63.2,0,0.0,0
9901,treatment,0.0,0,0.0,0
9902,control,61.83,0,0.0,0
9903,control,84.3,0,0.0,0
9904,control,26.17,0,0.0,0
9905,treatment,267.99,0,0.0,0
9906,control,28.25,0,0.0,0
9907,treatment,24.33,0,0.0,0
9908,treatment,78.38,0,0.0,0
9909,treatment,0.0,0,0.0,0
9910,control,105.73,0,0.0,0
9911,treatment,0.0,0,0.0,0
9912,treatment,0.0,0,0.0,0
9913,treatment,0.0,0,0.0,0
9914,control,0.0,0,0.0,0
9915,treatment,0.0,0,0.0,0
9916,control,29.78,0,0.0,0
9917,control,46.9,0,0.0,0
9918,control,371.49,1,112.44,0
9919,control,35.24,0,0.0,0
9920,treatment,0.0,0,0.0,0
9921,control,0.0,0,0.0,0
9922,control,330.64,1,70.11,0
9923,treatment,26.7,0,0.0,0
9924,control,0.0,0,0.0,0
9925,treatment,51.22,0,0.0,0
9926,control,0.0,0,0.0,0
9927,control,0.0,0,0.0,0
9928,control,46.35,1,67.36,0
9929,treatment,0.0,0,0.0,0
9930,control,0.0,0,0.0,0
9931,treatment,63.34,0,0.0,0
9932,control,0.0,0,0.0,0
9933,control,0.0,0,0.0,0
9934,treatment,0.0,0,0.0,0
9935,treatment,79.12,0,0.0,0
9936,treatment,92.72,1,38.93,0
9937,control,0.0,0,0.0,0
9938,control,0.0,0,0.0,0
9939,treatment,0.0,0,0.0,0
9940,treatment,36.7,0,0.0,0
9941,control,0.0,0,0.0,0
9942,control,148.48,0,0.0,0
9943,treatment,45.84,0,0.0,0
9944,treatment,78.09,0,0.0,0
9945,treatment,53.37,0,0.0,0
9946,treatment,0.0,0,0.0,0
9947,treatment,135.24,0,0.0,0
9948,treatment,0.0,0,0.0,0
9949,control,0.0,0,0.0,0
9950,treatment,45.93,0,0.0,0
9951,treatment,54.84,0,0.0,0
9952,control,536.19,0,0.0,0
9953,treatment,0.0,0,0.0,0
9954,control,67.91,0,0.0,0
9955,control,0.0,0,0.0,0
9956,control,0.0,0,0.0,0
9957,treatment,26.1,0,0.0,0
9958,treatment,327.3,0,0.0,0
9959,treatment,41.39,0,0.0,0
9960,control,0.0,0,0.0,0
9961,treatment,0.0,0,0.0,0
9962,treatment,61.16,0,0.0,0
9963,control,0.0,0,0.0,0
9964,control,0.0,0,0.0,0
9965,control,25.54,0,0.0,0
9966,treatment,0.0,0,0.0,0
9967,control,130.95,1,190.01,0
9968,control,0.0,0,0.0,0
9969,treatment,0.0,0,0.0,0
9970,control,702.89,1,36.95,0
9971,control,0.0,0,0.0,0
9972,control,0.0,0,0.0,0
9973,treatment,0.0,0,0.0,0
9974,control,0.0,1,10.29,0
9975,control,177.96,0,0.0,0
9976,control,41.14,0,0.0,0
9977,control,0.0,0,0.0,0
9978,control,0.0,0,0.0,0
9979,control,0.0,0,0.0,0
9980,treatment,58.45,0,0.0,0
9981,control,0.0,0,0.0,0
9982,control,0.0,0,0.0,0
9983,control,0.0,0,0.0,0
9984,treatment,80.2,0,0.0,0
9985,control,46.57,1,36.87,0
9986,treatment,0.0,0,0.0,0
9987,control,77.65,0,0.0,0
9988,treatment,0.0,0,0.0,0
9989,control,0.0,0,0.0,0
9990,control,157.81,0,0.0,0
9991,treatment,0.0,0,0.0,0
9992,control,0.0,0,0.0,0
9993,control,62.0,0,0.0,0
9994,treatment,58.2,0,0.0,0
9995,control,0.0,0,0.0,0
9996,treatment,378.05,0,0.0,0
9997,treatment,0.0,0,0.0,0
9998,control,0.0,0,0.0,0
9999,treatment,28.55,1,43.62,0
10000,treatment,238.11,1,61.94,0
10001,treatment,44.1,0,0.0,0
10002,control,62.05,1,45.81,1
10003,control,0.0,0,0.0,0
10004,treatment,209.5,1,40.42,0
10005,control,51.67,0,0.0,0
10006,treatment,105.76,0,0.0,0
10007,treatment,119.41,0,0.0,0
10008,treatment,0.0,0,0.0,0
10009,treatment,0.0,0,0.0,0
10010,control,194.91,0,0.0,0
10011,treatment,0.0,0,0.0,0
10012,treatment,0.0,0,0.0,0
10013,control,0.0,0,0.0,0
10014,control,0.0,0,0.0,0
10015,control,718.74,1,65.96,0
10016,treatment,111.6,1,54.97,0
10017,treatment,38.42,0,0.0,0
10018,control,42.55,0,0.0,0
10019,control,45.87,0,0.0,0
10020,control,222.6,0,0.0,0
10021,treatment,68.2,0,0.0,0
10022,treatment,0.0,0,0.0,0
10023,treatment,0.0,0,0.0,0
10024,control,55.5,0,0.0,0
10025,control,25.9,0,0.0,0
10026,treatment,27.66,0,0.0,0
10027,control,0.0,0,0.0,0
10028,treatment,0.0,0,0.0,0
10029,treatment,49.06,0,0.0,0
10030,control,29.38,0,0.0,0
10031,treatment,221.99,0,0.0,0
10032,treatment,48.77,0,0.0,0
10033,treatment,47.15,1,30.39,0
10034,control,113.04,0,0.0,0
10035,treatment,0.0,0,0.0,0
10036,control,0.0,0,0.0,0
10037,control,49.81,0,0.0,0
10038,control,65.92,0,0.0,0
10039,treatment,0.0,0,0.0,0
10040,treatment,142.48,0,0.0,0
10041,treatment,128.92,0,0.0,0
10042,control,291.54,0,0.0,0
10043,control,0.0,0,0.0,0
10044,treatment,167.59,0,0.0,0
10045,control,53.02,0,0.0,0
10046,treatment,83.24,0,0.0,0
10047,control,206.98,0,0.0,0
10048,control,0.0,0,0.0,0
10049,treatment,0.0,0,0.0,0
10050,treatment,0.0,0,0.0,0
10051,treatment,65.82,0,0.0,0
10052,treatment,0.0,0,0.0,0
10053,treatment,556.32,1,214.93,0
10054,treatment,1069.21,1,83.42,0
10055,control,0.0,0,0.0,0
10056,treatment,0.0,0,0.0,0
10057,control,0.0,0,0.0,0
10058,control,42.85,0,0.0,0
10059,control,0.0,0,0.0,0
10060,treatment,0.0,0,0.0,0
10061,control,0.0,0,0.0,0
10062,treatment,409.14,0,0.0,0
10063,treatment,0.0,0,0.0,0
10064,treatment,66.93,0,0.0,0
10065,control,82.42,1,83.67,0
10066,treatment,53.04,1,58.58,0
10067,treatment,0.0,0,0.0,0
10068,treatment,0.0,0,0.0,0
10069,control,0.0,0,0.0,0
10070,treatment,58.91,0,0.0,0
10071,treatment,66.62,0,0.0,0
10072,treatment,78.38,0,0.0,0
10073,treatment,0.0,0,0.0,0
10074,treatment,47.54,0,0.0,0
10075,control,0.0,0,0.0,0
10076,treatment,0.0,0,0.0,0
10077,treatment,0.0,0,0.0,0
10078,treatment,158.41,0,0.0,0
10079,treatment,62.26,0,0.0,0
10080,treatment,37.1,0,0.0,0
10081,treatment,52.51,0,0.0,0
10082,treatment,0.0,0,0.0,0
10083,control,162.62,0,0.0,0
10084,treatment,0.0,0,0.0,0
10085,control,85.96,0,0.0,0
10086,control,0.0,0,0.0,0
10087,treatment,0.0,0,0.0,0
10088,treatment,0.0,0,0.0,0
10089,control,25.43,0,0.0,0
10090,treatment,105.03,0,0.0,0
10091,treatment,0.0,0,0.0,0
10092,control,0.0,0,0.0,0
10093,control,0.0,0,0.0,0
10094,treatment,54.37,0,0.0,0
10095,treatment,241.9,0,0.0,0
10096,treatment,0.0,0,0.0,0
10097,treatment,41.39,0,0.0,0
10098,treatment,28.48,0,0.0,0
10099,treatment,54.57,0,0.0,0
10100,treatment,0.0,0,0.0,0
10101,control,156.51,0,0.0,0
10102,treatment,43.17,0,0.0,0
10103,control,52.76,0,0.0,0
10104,treatment,0.0,0,0.0,0
10105,control,88.36,0,0.0,0
10106,treatment,190.16,0,0.0,0
10107,treatment,24.63,1,51.78,0
10108,control,0.0,0,0.0,0
10109,control,154.77,0,0.0,0
10110,treatment,55.24,1,40.33,0
10111,control,136.89,0,0.0,0
10112,control,415.23,0,0.0,0
10113,control,0.0,0,0.0,0
10114,treatment,204.4,0,0.0,0
10115,treatment,0.0,0,0.0,0
10116,control,108.98,0,0.0,0
10117,control,71.31,1,74.2,1
10118,treatment,0.0,0,0.0,0
10119,control,0.0,0,0.0,0
10120,control,135.08,0,0.0,0
10121,treatment,0.0,0,0.0,0
10122,control,0.0,0,0.0,0
10123,treatment,0.0,0,0.0,0
10124,treatment,0.0,0,0.0,0
10125,control,30.55,0,0.0,0
10126,control,969.54,1,104.03,0
10127,control,0.0,0,0.0,0
10128,control,201.62,0,0.0,0
10129,treatment,0.0,0,0.0,0
10130,treatment,0.0,0,0.0,0
10131,control,0.0,0,0.0,0
10132,control,0.0,1,52.52,0
10133,treatment,86.09,0,0.0,0
10134,control,0.0,1,22.5,0
10135,control,124.98,0,0.0,0
10136,treatment,0.0,0,0.0,0
10137,treatment,27.93,0,0.0,0
10138,control,0.0,0,0.0,0
10139,control,0.0,0,0.0,0
10140,treatment,266.65,0,0.0,0
10141,control,0.0,0,0.0,0
10142,treatment,103.22,0,0.0,0
10143,control,0.0,0,0.0,0
10144,treatment,0.0,0,0.0,0
10145,treatment,80.25,0,0.0,0
10146,treatment,0.0,0,0.0,0
10147,treatment,88.46,0,0.0,0
10148,control,177.6,0,0.0,0
10149,control,78.7,0,0.0,0
10150,control,138.39,1,92.02,0
10151,treatment,0.0,0,0.0,0
10152,treatment,0.0,0,0.0,0
10153,control,0.0,0,0.0,0
10154,control,0.0,0,0.0,0
10155,treatment,195.3,0,0.0,0
10156,control,0.0,0,0.0,0
10157,control,0.0,0,0.0,0
10158,treatment,0.0,0,0.0,0
10159,control,0.0,0,0.0,0
10160,treatment,76.62,0,0.0,0
10161,treatment,0.0,0,0.0,0
10162,control,0.0,0,0.0,0
10163,treatment,0.0,0,0.0,0
10164,treatment,33.18,0,0.0,0
10165,treatment,0.0,1,57.51,0
10166,control,0.0,0,0.0,0
10167,control,71.85,1,22.93,0
10168,treatment,33.09,0,0.0,0
10169,treatment,0.0,0,0.0,0
10170,control,0.0,0,0.0,0
10171,control,482.04,1,57.83,0
10172,treatment,0.0,0,0.0,0
10173,control,0.0,0,0.0,0
10174,control,0.0,0,0.0,0
10175,treatment,0.0,0,0.0,0
10176,treatment,0.0,0,0.0,0
10177,control,51.18,0,0.0,0
10178,control,0.0,0,0.0,0
10179,control,0.0,0,0.0,0
10180,control,0.0,1,75.13,0
10181,treatment,0.0,0,0.0,0
10182,treatment,0.0,0,0.0,0
10183,treatment,0.0,0,0.0,0
10184,control,0.0,0,0.0,0
10185,treatment,140.78,0,0.0,0
10186,control,0.0,0,0.0,0
10187,treatment,0.0,0,0.0,0
10188,control,0.0,0,0.0,0
10189,treatment,104.62,1,79.4,0
10190,control,0.0,0,0.0,0
10191,treatment,0.0,0,0.0,0
10192,control,27.43,0,0.0,0
10193,treatment,0.0,0,0.0,0
10194,treatment,90.72,0,0.0,0
10195,treatment,0.0,0,0.0,0
10196,treatment,0.0,0,0.0,0
10197,control,0.0,0,0.0,0
10198,treatment,0.0,0,0.0,0
10199,control,22.21,0,0.0,0
10200,treatment,46.76,1,76.91,0
10201,treatment,31.83,0,0.0,0
10202,treatment,56.81,0,0.0,0
10203,control,0.0,0,0.0,0
10204,control,0.0,0,0.0,0
10205,control,0.0,0,0.0,0
10206,treatment,0.0,0,0.0,0
10207,treatment,0.0,0,0.0,0
10208,treatment,0.0,0,0.0,0
10209,treatment,0.0,0,0.0,0
10210,control,0.0,0,0.0,0
10211,treatment,0.0,0,0.0,0
10212,treatment,63.28,0,0.0,0
10213,control,21.86,0,0.0,0
10214,control,37.74,0,0.0,0
10215,treatment,0.0,1,97.98,0
10216,control,33.54,0,0.0,0
10217,treatment,0.0,0,0.0,0
10218,control,0.0,0,0.0,0
10219,treatment,26.81,0,0.0,0
10220,control,0.0,0,0.0,0
10221,control,56.57,0,0.0,0
10222,control,0.0,0,0.0,0
10223,control,97.0,0,0.0,0
10224,treatment,0.0,0,0.0,0
10225,treatment,0.0,0,0.0,0
10226,control,0.0,0,0.0,0
10227,treatment,37.12,0,0.0,0
10228,treatment,0.0,0,0.0,0
10229,control,0.0,0,0.0,0
10230,control,49.41,0,0.0,0
10231,treatment,0.0,0,0.0,0
10232,treatment,0.0,0,0.0,0
10233,treatment,37.08,0,0.0,0
10234,treatment,29.96,0,0.0,0
10235,treatment,410.68,0,0.0,0
10236,treatment,433.94,0,0.0,0
10237,treatment,0.0,0,0.0,0
10238,control,0.0,0,0.0,0
10239,control,0.0,0,0.0,0
10240,control,0.0,0,0.0,0
10241,treatment,0.0,0,0.0,0
10242,control,0.0,0,0.0,0
10243,control,90.57,0,0.0,0
10244,treatment,0.0,0,0.0,0
10245,treatment,89.09,0,0.0,0
10246,treatment,0.0,0,0.0,0
10247,treatment,0.0,0,0.0,0
10248,treatment,67.39,0,0.0,0
10249,control,343.43,0,0.0,0
10250,control,130.11,1,63.4,0
10251,treatment,76.11,0,0.0,0
10252,control,0.0,0,0.0,0
10253,treatment,30.8,0,0.0,0
10254,control,29.5,0,0.0,0
10255,control,176.91,0,0.0,0
10256,treatment,162.75,0,0.0,0
10257,treatment,119.71,0,0.0,0
10258,treatment,90.44,0,0.0,0
10259,treatment,47.33,1,61.02,0
10260,treatment,0.0,0,0.0,0
10261,control,48.04,0,0.0,0
10262,treatment,76.3,0,0.0,0
10263,treatment,0.0,0,0.0,0
10264,treatment,43.07,0,0.0,0
10265,control,0.0,0,0.0,0
10266,treatment,0.0,1,38.92,1
10267,control,388.45,0,0.0,0
10268,control,287.4,0,0.0,0
10269,treatment,0.0,0,0.0,0
10270,control,64.83,0,0.0,0
10271,treatment,224.59,0,0.0,0
10272,treatment,68.88,0,0.0,0
10273,treatment,306.75,1,95.5,0
10274,treatment,0.0,1,36.33,0
10275,control,0.0,0,0.0,0
10276,control,0.0,0,0.0,0
10277,treatment,0.0,0,0.0,0
10278,treatment,0.0,0,0.0,0
10279,control,106.93,1,91.37,0
10280,control,58.27,0,0.0,0
10281,treatment,198.56,0,0.0,0
10282,treatment,0.0,0,0.0,0
10283,treatment,36.7,0,0.0,0
10284,treatment,298.31,0,0.0,0
10285,control,0.0,0,0.0,0
10286,control,294.94,0,0.0,0
10287,treatment,0.0,0,0.0,0
10288,treatment,42.77,0,0.0,0
10289,treatment,0.0,0,0.0,0
10290,control,18.82,0,0.0,0
10291,control,0.0,0,0.0,0
10292,treatment,58.55,0,0.0,0
10293,control,0.0,0,0.0,0
10294,treatment,160.28,0,0.0,0
10295,treatment,0.0,0,0.0,0
10296,treatment,0.0,0,0.0,0
10297,treatment,49.8,0,0.0,0
10298,treatment,66.02,0,0.0,0
10299,treatment,0.0,0,0.0,0
10300,control,102.83,1,29.68,0
10301,control,677.74,1,224.1,0
10302,control,0.0,0,0.0,0
10303,control,231.09,0,0.0,0
10304,control,220.24,0,0.0,0
10305,control,0.0,0,0.0,0
10306,control,0.0,0,0.0,0
10307,treatment,268.9,0,0.0,0
10308,treatment,97.35,0,0.0,0
10309,control,179.75,0,0.0,0
10310,control,0.0,0,0.0,0
10311,treatment,178.11,0,0.0,0
10312,control,0.0,0,0.0,0
10313,treatment,0.0,1,36.88,0
10314,treatment,0.0,0,0.0,0
10315,control,0.0,0,0.0,0
10316,control,0.0,0,0.0,0
10317,treatment,0.0,0,0.0,0
10318,treatment,0.0,0,0.0,0
10319,treatment,0.0,0,0.0,0
10320,treatment,0.0,0,0.0,0
10321,control,0.0,0,0.0,0
10322,treatment,140.79,0,0.0,0
10323,treatment,171.27,1,160.63,0
10324,control,47.39,0,0.0,0
10325,treatment,0.0,0,0.0,0
10326,control,61.69,0,0.0,0
10327,treatment,112.2,0,0.0,0
10328,control,0.0,0,0.0,0
10329,control,0.0,0,0.0,0
10330,control,43.89,0,0.0,0
10331,control,0.0,0,0.0,0
10332,control,0.0,0,0.0,0
10333,treatment,152.41,0,0.0,0
10334,control,306.34,1,30.91,0
10335,control,37.29,0,0.0,0
10336,control,0.0,0,0.0,0
10337,control,0.0,0,0.0,0
10338,treatment,0.0,0,0.0,0
10339,treatment,66.28,0,0.0,0
10340,control,0.0,0,0.0,0
10341,treatment,57.69,0,0.0,0
10342,treatment,302.97,1,66.55,0
10343,treatment,0.0,0,0.0,0
10344,treatment,72.23,0,0.0,0
10345,control,0.0,0,0.0,0
10346,control,0.0,0,0.0,0
10347,treatment,0.0,0,0.0,0
10348,treatment,35.61,0,0.0,0
10349,control,0.0,0,0.0,0
10350,treatment,0.0,0,0.0,0
10351,control,0.0,0,0.0,0
10352,control,0.0,0,0.0,0
10353,control,0.0,0,0.0,0
10354,control,0.0,0,0.0,0
10355,control,0.0,0,0.0,0
10356,control,173.75,0,0.0,0
10357,treatment,0.0,0,0.0,0
10358,control,99.65,0,0.0,0
10359,control,0.0,0,0.0,0
10360,control,0.0,0,0.0,0
10361,treatment,0.0,0,0.0,0
10362,treatment,328.49,0,0.0,0
10363,treatment,0.0,0,0.0,0
10364,treatment,104.2,0,0.0,0
10365,treatment,76.72,0,0.0,0
10366,treatment,0.0,0,0.0,0
10367,treatment,64.17,0,0.0,0
10368,control,0.0,0,0.0,0
10369,treatment,0.0,0,0.0,0
10370,control,0.0,1,75.13,0
10371,treatment,321.09,1,65.34,0
10372,control,85.24,0,0.0,0
10373,treatment,124.58,0,0.0,0
10374,control,0.0,0,0.0,0
10375,control,0.0,0,0.0,0
10376,control,68.4,0,0.0,0
10377,control,0.0,0,0.0,0
10378,treatment,0.0,0,0.0,0
10379,treatment,0.0,0,0.0,0
10380,treatment,25.22,1,20.92,0
10381,treatment,95.3,0,0.0,0
10382,treatment,91.25,0,0.0,0
10383,control,0.0,0,0.0,0
10384,treatment,57.14,0,0.0,0
10385,control,50.78,0,0.0,0
10386,treatment,0.0,0,0.0,0
10387,treatment,0.0,0,0.0,0
10388,control,41.61,0,0.0,0
10389,control,387.2,1,80.47,1
10390,treatment,41.06,0,0.0,0
10391,control,87.15,1,77.12,0
10392,treatment,0.0,0,0.0,0
10393,control,160.38,0,0.0,0
10394,treatment,36.46,0,0.0,0
10395,control,0.0,0,0.0,0
10396,control,0.0,0,0.0,0
10397,control,82.12,1,57.93,0
10398,control,0.0,0,0.0,0
10399,control,146.99,0,0.0,0
10400,treatment,317.96,1,100.02,0
10401,treatment,25.34,0,0.0,0
10402,control,0.0,0,0.0,0
10403,treatment,0.0,0,0.0,0
10404,control,0.0,0,0.0,0
10405,treatment,143.77,1,90.67,0
10406,control,0.0,0,0.0,0
10407,control,35.26,0,0.0,0
10408,treatment,0.0,0,0.0,0
10409,control,0.0,0,0.0,0
10410,treatment,1737.09,1,95.74,0
10411,treatment,0.0,0,0.0,0
10412,treatment,29.73,0,0.0,0
10413,treatment,0.0,0,0.0,0
10414,treatment,43.22,0,0.0,0
10415,treatment,104.45,0,0.0,0
10416,treatment,0.0,0,0.0,0
10417,control,0.0,0,0.0,0
10418,control,0.0,0,0.0,0
10419,treatment,28.78,0,0.0,0
10420,control,145.46,0,0.0,0
10421,control,0.0,0,0.0,0
10422,treatment,228.82,0,0.0,0
10423,treatment,0.0,1,35.5,0
10424,treatment,0.0,0,0.0,0
10425,treatment,82.51,0,0.0,0
10426,control,0.0,0,0.0,0
10427,control,177.49,0,0.0,0
10428,treatment,0.0,0,0.0,0
10429,control,0.0,0,0.0,0
10430,control,0.0,0,0.0,0
10431,treatment,0.0,0,0.0,0
10432,treatment,0.0,0,0.0,0
10433,treatment,0.0,0,0.0,0
10434,control,0.0,0,0.0,0
10435,control,70.98,0,0.0,0
10436,treatment,31.53,0,0.0,0
10437,control,214.8,0,0.0,0
10438,treatment,0.0,0,0.0,0
10439,treatment,0.0,0,0.0,0
10440,treatment,0.0,0,0.0,0
10441,treatment,0.0,0,0.0,0
10442,control,43.45,0,0.0,0
10443,control,0.0,0,0.0,0
10444,treatment,0.0,0,0.0,0
10445,treatment,0.0,0,0.0,0
10446,treatment,0.0,0,0.0,0
10447,treatment,0.0,0,0.0,0
10448,control,0.0,0,0.0,0
10449,treatment,23.92,0,0.0,0
10450,treatment,0.0,0,0.0,0
10451,control,0.0,0,0.0,0
10452,treatment,24.0,0,0.0,0
10453,control,280.32,0,0.0,0
10454,control,0.0,0,0.0,0
10455,treatment,137.62,1,26.69,0
10456,treatment,28.01,0,0.0,0
10457,treatment,0.0,0,0.0,0
10458,control,65.75,0,0.0,0
10459,treatment,38.54,0,0.0,0
10460,treatment,0.0,0,0.0,0
10461,control,65.2,0,0.0,0
10462,control,0.0,0,0.0,0
10463,treatment,43.56,1,76.89,0
10464,treatment,163.35,0,0.0,0
10465,treatment,0.0,0,0.0,0
10466,treatment,0.0,1,72.98,0
10467,control,0.0,0,0.0,0
10468,treatment,0.0,0,0.0,0
10469,control,50.75,0,0.0,0
10470,treatment,0.0,0,0.0,0
10471,control,0.0,0,0.0,0
10472,control,0.0,0,0.0,0
10473,treatment,0.0,1,30.03,0
10474,treatment,0.0,0,0.0,0
10475,treatment,78.98,0,0.0,0
10476,treatment,0.0,0,0.0,0
10477,treatment,70.36,0,0.0,0
10478,treatment,0.0,0,0.0,0
10479,treatment,0.0,1,49.91,0
10480,treatment,351.61,0,0.0,0
10481,control,0.0,0,0.0,0
10482,control,0.0,0,0.0,0
10483,control,0.0,0,0.0,0
10484,control,0.0,0,0.0,0
10485,treatment,0.0,0,0.0,0
10486,control,60.02,1,61.18,0
10487,treatment,52.92,0,0.0,0
10488,control,0.0,0,0.0,0
10489,treatment,0.0,0,0.0,0
10490,treatment,138.34,1,252.25,0
10491,control,58.91,0,0.0,0
10492,treatment,0.0,0,0.0,0
10493,treatment,0.0,0,0.0,0
10494,treatment,0.0,0,0.0,0
10495,treatment,27.66,1,91.82,0
10496,treatment,0.0,0,0.0,0
10497,treatment,49.41,0,0.0,0
10498,control,0.0,0,0.0,0
10499,treatment,0.0,0,0.0,0
10500,control,60.9,1,49.14,0
10501,treatment,91.07,0,0.0,0
10502,treatment,201.28,0,0.0,0
10503,treatment,0.0,0,0.0,0
10504,control,129.29,0,0.0,0
10505,control,0.0,0,0.0,0
10506,treatment,290.1,1,77.93,0
10507,control,44.43,0,0.0,0
10508,control,20.42,0,0.0,0
10509,treatment,0.0,0,0.0,0
10510,treatment,0.0,0,0.0,0
10511,treatment,69.41,1,102.72,1
10512,treatment,0.0,0,0.0,0
10513,treatment,0.0,0,0.0,0
10514,treatment,0.0,0,0.0,0
10515,control,0.0,0,0.0,0
10516,treatment,79.27,0,0.0,0
10517,control,0.0,0,0.0,0
10518,control,0.0,0,0.0,0
10519,treatment,0.0,0,0.0,0
10520,treatment,74.52,1,80.07,0
10521,control,0.0,0,0.0,0
10522,treatment,24.97,0,0.0,0
10523,treatment,54.91,1,138.83,0
10524,control,107.07,0,0.0,0
10525,control,0.0,0,0.0,0
10526,control,0.0,0,0.0,0
10527,treatment,31.24,0,0.0,0
10528,treatment,0.0,0,0.0,0
10529,control,0.0,0,0.0,0
10530,treatment,109.65,0,0.0,0
10531,treatment,0.0,0,0.0,0
10532,control,0.0,0,0.0,0
10533,control,0.0,0,0.0,0
10534,control,88.59,1,57.11,0
10535,control,31.38,1,42.87,0
10536,treatment,0.0,0,0.0,0
10537,treatment,69.93,0,0.0,0
10538,treatment,42.85,0,0.0,0
10539,treatment,187.42,0,0.0,0
10540,control,223.34,0,0.0,0
10541,control,0.0,0,0.0,0
10542,control,119.51,0,0.0,0
10543,treatment,59.8,0,0.0,0
10544,control,63.98,0,0.0,0
10545,control,0.0,0,0.0,0
10546,treatment,60.31,0,0.0,0
10547,control,0.0,0,0.0,0
10548,control,15.85,0,0.0,0
10549,control,0.0,0,0.0,0
10550,control,103.2,0,0.0,0
10551,treatment,53.01,0,0.0,0
10552,treatment,29.06,1,31.38,0
10553,treatment,0.0,0,0.0,0
10554,control,0.0,0,0.0,0
10555,control,52.25,0,0.0,0
10556,control,235.32,0,0.0,0
10557,treatment,47.61,0,0.0,0
10558,control,73.09,0,0.0,0
10559,treatment,514.04,1,108.66,0
10560,control,0.0,0,0.0,0
10561,control,67.44,0,0.0,0
10562,control,58.65,0,0.0,0
10563,treatment,0.0,0,0.0,0
10564,control,0.0,1,123.03,0
10565,treatment,32.16,0,0.0,0
10566,treatment,0.0,0,0.0,0
10567,treatment,0.0,0,0.0,0
10568,control,143.74,0,0.0,0
10569,treatment,40.15,0,0.0,0
10570,treatment,0.0,0,0.0,0
10571,control,0.0,0,0.0,0
10572,treatment,80.71,0,0.0,0
10573,control,150.72,1,21.43,0
10574,control,0.0,0,0.0,0
10575,treatment,65.3,0,0.0,0
10576,control,210.28,0,0.0,0
10577,treatment,46.64,0,0.0,0
10578,treatment,46.99,1,47.8,0
10579,treatment,0.0,0,0.0,0
10580,control,47.81,0,0.0,0
10581,control,0.0,0,0.0,0
10582,treatment,0.0,0,0.0,0
10583,control,0.0,0,0.0,0
10584,treatment,151.76,1,70.55,0
10585,treatment,34.15,0,0.0,0
10586,control,0.0,1,55.04,0
10587,control,70.27,0,0.0,0
10588,treatment,0.0,0,0.0,0
10589,control,0.0,0,0.0,0
10590,treatment,0.0,0,0.0,0
10591,control,221.66,0,0.0,0
10592,control,0.0,0,0.0,0
10593,control,54.32,1,24.27,0
10594,treatment,91.16,0,0.0,0
10595,control,24.87,0,0.0,0
10596,treatment,0.0,1,97.31,0
10597,control,392.79,0,0.0,0
10598,treatment,65.06,0,0.0,0
10599,treatment,0.0,0,0.0,0
10600,control,54.35,0,0.0,0
10601,treatment,0.0,0,0.0,0
10602,treatment,0.0,1,23.73,0
10603,control,0.0,0,0.0,0
10604,treatment,0.0,0,0.0,0
10605,control,142.31,0,0.0,0
10606,treatment,29.06,0,0.0,0
10607,treatment,71.23,0,0.0,0
10608,treatment,113.8,0,0.0,0
10609,control,0.0,0,0.0,0
10610,control,25.82,0,0.0,0
10611,control,86.21,0,0.0,0
10612,control,0.0,1,26.3,0
10613,control,0.0,0,0.0,0
10614,control,96.33,0,0.0,0
10615,control,0.0,0,0.0,0
10616,control,1949.19,0,0.0,0
10617,control,110.75,0,0.0,0
10618,control,0.0,0,0.0,0
10619,control,0.0,0,0.0,0
10620,treatment,0.0,1,18.62,0
10621,control,68.22,0,0.0,0
10622,treatment,56.54,1,54.57,0
10623,control,36.23,1,115.0,0
10624,control,287.38,0,0.0,0
10625,control,17.92,0,0.0,0
10626,control,0.0,0,0.0,0
10627,control,0.0,0,0.0,0
10628,control,0.0,0,0.0,0
10629,treatment,101.28,0,0.0,0
10630,control,93.14,0,0.0,0
10631,treatment,0.0,0,0.0,0
10632,control,0.0,0,0.0,0
10633,control,279.27,0,0.0,0
10634,treatment,0.0,0,0.0,0
10635,treatment,163.2,1,71.23,0
10636,treatment,0.0,0,0.0,0
10637,control,0.0,0,0.0,0
10638,treatment,0.0,0,0.0,0
10639,treatment,126.7,0,0.0,0
10640,control,0.0,0,0.0,0
10641,treatment,0.0,0,0.0,0
10642,control,52.38,0,0.0,0
10643,treatment,0.0,0,0.0,0
10644,control,0.0,1,31.23,0
10645,treatment,30.06,0,0.0,0
10646,treatment,74.33,0,0.0,0
10647,control,0.0,1,47.24,0
10648,control,165.85,0,0.0,0
10649,control,0.0,0,0.0,0
10650,control,255.88,0,0.0,0
10651,treatment,0.0,1,57.9,0
10652,treatment,0.0,0,0.0,0
10653,treatment,45.32,0,0.0,0
10654,control,36.36,1,37.31,0
10655,treatment,0.0,0,0.0,0
10656,control,0.0,0,0.0,0
10657,control,0.0,0,0.0,0
10658,control,106.09,0,0.0,0
10659,treatment,222.95,0,0.0,0
10660,treatment,75.53,0,0.0,0
10661,control,40.64,0,0.0,0
10662,control,375.72,0,0.0,0
10663,control,0.0,0,0.0,0
10664,control,0.0,0,0.0,0
10665,control,0.0,0,0.0,0
10666,control,0.0,0,0.0,0
10667,treatment,0.0,0,0.0,0
10668,treatment,19.46,1,38.55,0
10669,control,54.16,0,0.0,0
10670,control,0.0,1,60.64,0
10671,treatment,55.59,0,0.0,0
10672,treatment,0.0,0,0.0,0
10673,control,0.0,0,0.0,0
10674,control,0.0,0,0.0,0
10675,control,266.85,0,0.0,0
10676,treatment,0.0,0,0.0,0
10677,treatment,747.54,1,175.69,0
10678,treatment,153.5,1,22.66,0
10679,treatment,90.23,0,0.0,0
10680,treatment,116.02,0,0.0,0
10681,control,75.3,0,0.0,0
10682,treatment,315.34,1,32.16,0
10683,control,46.85,0,0.0,0
10684,control,46.86,0,0.0,0
10685,treatment,0.0,0,0.0,0
10686,treatment,0.0,0,0.0,0
10687,control,0.0,0,0.0,0
10688,control,44.52,0,0.0,0
10689,control,83.6,0,0.0,0
10690,treatment,0.0,0,0.0,0
10691,treatment,293.71,0,0.0,0
10692,control,0.0,0,0.0,0
10693,treatment,0.0,0,0.0,0
10694,treatment,53.18,0,0.0,0
10695,treatment,0.0,0,0.0,0
10696,control,60.2,0,0.0,0
10697,treatment,0.0,0,0.0,0
10698,treatment,0.0,0,0.0,0
10699,control,0.0,0,0.0,0
10700,control,0.0,0,0.0,0
10701,control,48.76,0,0.0,0
10702,control,46.14,0,0.0,0
10703,treatment,678.45,0,0.0,0
10704,control,0.0,0,0.0,0
10705,treatment,0.0,0,0.0,0
10706,treatment,0.0,0,0.0,0
10707,treatment,0.0,0,0.0,0
10708,treatment,0.0,0,0.0,0
10709,treatment,39.73,1,46.14,0
10710,control,0.0,0,0.0,0
10711,control,39.93,0,0.0,0
10712,control,72.27,0,0.0,0
10713,control,44.01,0,0.0,0
10714,treatment,0.0,0,0.0,0
10715,control,339.96,0,0.0,0
10716,control,0.0,0,0.0,0
10717,treatment,197.85,1,147.51,0
10718,control,94.8,0,0.0,0
10719,control,0.0,0,0.0,0
10720,treatment,0.0,0,0.0,0
10721,control,0.0,0,0.0,0
10722,control,0.0,0,0.0,0
10723,treatment,81.2,0,0.0,0
10724,control,68.28,0,0.0,0
10725,treatment,0.0,0,0.0,0
10726,treatment,44.72,0,0.0,0
10727,treatment,300.49,0,0.0,0
10728,control,118.96,1,93.65,0
10729,control,45.73,0,0.0,0
10730,treatment,543.46,1,68.37,0
10731,treatment,0.0,0,0.0,0
10732,control,86.87,0,0.0,0
10733,control,0.0,0,0.0,0
10734,control,426.27,1,83.52,0
10735,control,0.0,0,0.0,0
10736,treatment,328.26,0,0.0,0
10737,treatment,231.51,1,58.75,0
10738,control,353.55,0,0.0,0
10739,treatment,0.0,0,0.0,0
10740,control,0.0,0,0.0,0
10741,treatment,62.82,0,0.0,0
10742,treatment,0.0,0,0.0,0
10743,treatment,88.42,0,0.0,0
10744,control,56.09,1,123.22,0
10745,treatment,281.92,0,0.0,0
10746,control,52.18,0,0.0,0
10747,treatment,0.0,0,0.0,0
10748,treatment,73.09,0,0.0,0
10749,control,747.42,0,0.0,0
10750,treatment,256.69,0,0.0,0
10751,control,73.3,0,0.0,0
10752,control,68.68,0,0.0,0
10753,control,134.7,0,0.0,0
10754,control,0.0,0,0.0,0
10755,control,0.0,0,0.0,0
10756,control,44.76,0,0.0,0
10757,treatment,0.0,0,0.0,0
10758,control,0.0,0,0.0,0
10759,treatment,0.0,0,0.0,0
10760,treatment,77.75,0,0.0,0
10761,control,0.0,0,0.0,0
10762,control,0.0,0,0.0,0
10763,treatment,35.78,0,0.0,0
10764,control,202.93,0,0.0,0
10765,control,0.0,1,27.87,0
10766,treatment,0.0,0,0.0,0
10767,control,58.24,0,0.0,0
10768,control,0.0,0,0.0,0
10769,control,0.0,0,0.0,0
10770,treatment,0.0,0,0.0,0
10771,control,67.63,0,0.0,0
10772,control,355.52,0,0.0,0
10773,control,0.0,0,0.0,0
10774,treatment,0.0,0,0.0,0
10775,control,25.13,0,0.0,0
10776,treatment,0.0,0,0.0,0
10777,treatment,0.0,0,0.0,0
10778,treatment,256.32,0,0.0,0
10779,treatment,0.0,0,0.0,0
10780,control,145.06,0,0.0,0
10781,control,25.07,0,0.0,0
10782,control,118.25,0,0.0,0
10783,control,0.0,0,0.0,0
10784,treatment,0.0,0,0.0,0
10785,treatment,38.65,0,0.0,0
10786,control,276.62,0,0.0,0
10787,treatment,0.0,0,0.0,0
10788,control,17.07,0,0.0,0
10789,treatment,31.59,0,0.0,0
10790,treatment,87.77,0,0.0,0
10791,treatment,0.0,0,0.0,0
10792,treatment,0.0,0,0.0,0
10793,control,0.0,0,0.0,0
10794,treatment,0.0,0,0.0,0
10795,control,0.0,0,0.0,0
10796,treatment,454.46,0,0.0,0
10797,control,0.0,0,0.0,0
10798,control,100.27,0,0.0,0
10799,control,0.0,0,0.0,0
10800,control,116.94,0,0.0,0
10801,treatment,0.0,0,0.0,0
10802,treatment,0.0,0,0.0,0
10803,control,0.0,0,0.0,0
10804,treatment,0.0,0,0.0,0
10805,treatment,0.0,0,0.0,0
10806,treatment,0.0,0,0.0,0
10807,treatment,70.64,1,79.02,0
10808,treatment,0.0,0,0.0,0
10809,control,39.14,0,0.0,0
10810,treatment,43.82,0,0.0,0
10811,treatment,0.0,0,0.0,0
10812,treatment,70.69,0,0.0,0
10813,control,0.0,0,0.0,0
10814,control,0.0,0,0.0,0
10815,control,0.0,0,0.0,0
10816,treatment,0.0,0,0.0,0
10817,treatment,73.28,0,0.0,0
10818,control,0.0,0,0.0,0
10819,treatment,248.08,1,137.98,0
10820,control,0.0,0,0.0,0
10821,treatment,52.59,1,158.23,0
10822,control,0.0,0,0.0,0
10823,control,79.06,1,31.39,0
10824,treatment,0.0,0,0.0,0
10825,treatment,0.0,0,0.0,0
10826,control,76.62,0,0.0,0
10827,control,0.0,0,0.0,0
10828,control,39.82,0,0.0,0
10829,treatment,0.0,0,0.0,0
10830,control,156.9,0,0.0,0
10831,control,154.87,0,0.0,0
10832,control,0.0,0,0.0,0
10833,treatment,0.0,0,0.0,0
10834,treatment,0.0,0,0.0,0
10835,treatment,67.27,0,0.0,0
10836,control,0.0,0,0.0,0
10837,treatment,240.22,1,114.76,0
10838,treatment,0.0,0,0.0,0
10839,control,1104.32,1,187.85,0
10840,treatment,0.0,0,0.0,0
10841,control,0.0,0,0.0,0
10842,control,43.87,0,0.0,0
10843,control,0.0,0,0.0,0
10844,treatment,0.0,0,0.0,0
10845,treatment,0.0,0,0.0,0
10846,control,92.68,0,0.0,0
10847,treatment,47.36,0,0.0,0
10848,treatment,38.28,0,0.0,0
10849,treatment,192.83,1,93.23,0
10850,control,155.31,0,0.0,0
10851,control,26.86,0,0.0,0
10852,treatment,0.0,0,0.0,0
10853,control,0.0,0,0.0,0
10854,control,219.44,0,0.0,0
10855,treatment,106.14,1,44.91,0
10856,control,63.07,0,0.0,0
10857,control,0.0,0,0.0,0
10858,control,0.0,0,0.0,0
10859,treatment,0.0,0,0.0,0
10860,control,133.81,0,0.0,0
10861,control,0.0,0,0.0,0
10862,treatment,127.68,0,0.0,0
10863,treatment,35.27,0,0.0,0
10864,treatment,27.34,0,0.0,0
10865,treatment,89.71,0,0.0,0
10866,treatment,63.53,0,0.0,0
10867,control,251.81,0,0.0,0
10868,control,0.0,0,0.0,0
10869,treatment,254.12,1,96.9,0
10870,treatment,109.82,0,0.0,0
10871,control,0.0,0,0.0,0
10872,treatment,0.0,0,0.0,0
10873,treatment,90.05,0,0.0,0
10874,treatment,0.0,0,0.0,0
10875,control,0.0,0,0.0,0
10876,treatment,50.45,1,44.98,0
10877,control,0.0,0,0.0,0
10878,control,0.0,0,0.0,0
10879,treatment,0.0,0,0.0,0
10880,control,0.0,1,70.26,0
10881,control,0.0,0,0.0,0
10882,treatment,107.25,0,0.0,0
10883,control,0.0,0,0.0,0
10884,control,0.0,0,0.0,0
10885,treatment,0.0,0,0.0,0
10886,treatment,0.0,1,38.4,0
10887,treatment,0.0,0,0.0,0
10888,control,165.59,0,0.0,0
10889,control,141.86,0,0.0,0
10890,control,0.0,0,0.0,0
10891,treatment,25.47,1,30.14,0
10892,control,32.31,0,0.0,0
10893,treatment,265.28,0,0.0,0
10894,control,49.11,0,0.0,0
10895,treatment,93.12,0,0.0,0
10896,treatment,134.28,0,0.0,0
10897,treatment,109.83,0,0.0,0
10898,treatment,80.67,0,0.0,0
10899,treatment,45.98,0,0.0,0
10900,treatment,0.0,0,0.0,0
10901,treatment,0.0,0,0.0,0
10902,control,0.0,0,0.0,0
10903,control,0.0,0,0.0,0
10904,control,0.0,0,0.0,0
10905,control,0.0,0,0.0,0
10906,control,140.77,0,0.0,0
10907,control,55.05,0,0.0,0
10908,treatment,0.0,0,0.0,0
10909,treatment,0.0,0,0.0,0
10910,treatment,0.0,0,0.0,0
10911,control,128.96,0,0.0,0
10912,control,0.0,1,18.83,0
10913,treatment,146.75,0,0.0,0
10914,treatment,0.0,0,0.0,0
10915,treatment,52.97,0,0.0,0
10916,treatment,0.0,1,84.76,0
10917,control,153.58,0,0.0,0
10918,treatment,0.0,0,0.0,0
10919,control,0.0,0,0.0,0
10920,treatment,0.0,1,23.63,0
10921,control,66.75,0,0.0,0
10922,treatment,0.0,0,0.0,0
10923,control,96.11,0,0.0,0
10924,treatment,0.0,1,52.4,0
10925,treatment,268.61,1,105.77,0
10926,treatment,0.0,0,0.0,0
10927,control,228.06,0,0.0,0
10928,treatment,0.0,0,0.0,0
10929,treatment,106.58,0,0.0,0
10930,control,0.0,0,0.0,0
10931,control,0.0,0,0.0,0
10932,control,203.2,1,117.31,0
10933,treatment,136.43,0,0.0,0
10934,control,0.0,0,0.0,0
10935,control,0.0,0,0.0,0
10936,control,29.94,0,0.0,0
10937,treatment,47.52,0,0.0,0
10938,treatment,0.0,0,0.0,0
10939,control,0.0,0,0.0,0
10940,control,0.0,0,0.0,0
10941,treatment,36.87,0,0.0,0
10942,treatment,112.44,0,0.0,0
10943,treatment,75.76,1,33.14,1
10944,control,57.17,0,0.0,0
10945,treatment,27.22,0,0.0,0
10946,treatment,37.37,0,0.0,0
10947,control,401.68,0,0.0,0
10948,control,0.0,0,0.0,0
10949,control,0.0,1,170.39,0
10950,treatment,0.0,0,0.0,0
10951,treatment,0.0,0,0.0,0
10952,control,114.16,0,0.0,0
10953,control,140.65,1,48.71,0
10954,treatment,0.0,0,0.0,0
10955,treatment,35.55,0,0.0,0
10956,control,106.14,0,0.0,0
10957,control,31.34,1,17.57,0
10958,control,54.0,0,0.0,0
10959,control,0.0,0,0.0,0
10960,treatment,0.0,0,0.0,0
10961,treatment,0.0,0,0.0,0
10962,control,0.0,0,0.0,0
10963,control,0.0,0,0.0,0
10964,treatment,0.0,0,0.0,0
10965,control,73.05,0,0.0,0
10966,treatment,240.07,1,81.74,0
10967,treatment,101.63,1,75.72,0
10968,treatment,561.36,0,0.0,0
10969,control,49.11,0,0.0,0
10970,control,0.0,0,0.0,0
10971,treatment,0.0,0,0.0,0
10972,treatment,0.0,0,0.0,0
10973,treatment,0.0,0,0.0,0
10974,treatment,0.0,0,0.0,0
10975,treatment,0.0,0,0.0,0
10976,control,106.52,0,0.0,0
10977,control,70.97,0,0.0,0
10978,treatment,0.0,0,0.0,0
10979,control,0.0,0,0.0,0
10980,treatment,0.0,0,0.0,0
10981,treatment,0.0,0,0.0,0
10982,treatment,0.0,0,0.0,0
10983,treatment,0.0,0,0.0,0
10984,treatment,32.83,0,0.0,0
10985,control,164.02,0,0.0,0
10986,control,336.49,0,0.0,0
10987,treatment,54.74,0,0.0,0
10988,control,0.0,0,0.0,0
10989,treatment,400.02,0,0.0,0
10990,control,0.0,0,0.0,0
10991,control,0.0,0,0.0,0
10992,control,147.67,0,0.0,0
10993,treatment,30.5,0,0.0,0
10994,control,0.0,0,0.0,0
10995,treatment,0.0,0,0.0,0
10996,treatment,95.04,0,0.0,0
10997,treatment,0.0,0,0.0,0
10998,treatment,579.19,0,0.0,0
10999,control,99.84,0,0.0,0
11000,treatment,0.0,0,0.0,0
11001,control,0.0,0,0.0,0
11002,treatment,176.71,1,38.95,0
11003,treatment,0.0,0,0.0,0
11004,treatment,173.7,0,0.0,0
11005,control,253.93,1,66.81,0
11006,treatment,140.07,1,48.64,0
11007,control,95.31,0,0.0,0
11008,control,0.0,0,0.0,0
11009,control,0.0,0,0.0,0
11010,treatment,0.0,0,0.0,0
11011,control,0.0,0,0.0,0
11012,control,0.0,0,0.0,0
11013,control,606.4,1,76.1,0
11014,control,59.32,0,0.0,0
11015,treatment,79.6,1,112.24,0
11016,treatment,177.27,1,114.21,0
11017,treatment,47.82,0,0.0,0
11018,treatment,70.83,0,0.0,0
11019,treatment,50.77,0,0.0,0
11020,treatment,0.0,0,0.0,0
11021,treatment,76.47,0,0.0,0
11022,treatment,0.0,0,0.0,0
11023,control,30.98,0,0.0,0
11024,treatment,149.84,0,0.0,0
11025,control,0.0,0,0.0,0
11026,treatment,46.14,0,0.0,0
11027,control,0.0,0,0.0,0
11028,treatment,0.0,0,0.0,0
11029,control,0.0,0,0.0,0
11030,treatment,0.0,0,0.0,0
11031,control,0.0,0,0.0,0
11032,treatment,0.0,1,34.35,0
11033,control,0.0,0,0.0,0
11034,treatment,503.9,1,176.98,0
11035,control,209.79,0,0.0,0
11036,treatment,110.25,0,0.0,0
11037,control,322.15,0,0.0,0
11038,treatment,0.0,0,0.0,0
11039,treatment,60.61,0,0.0,0
11040,treatment,75.5,0,0.0,0
11041,control,166.14,0,0.0,0
11042,treatment,0.0,0,0.0,0
11043,treatment,1028.4,1,107.57,0
11044,control,82.42,0,0.0,0
11045,treatment,0.0,0,0.0,0
11046,control,0.0,0,0.0,0
11047,treatment,0.0,0,0.0,0
11048,control,28.47,0,0.0,0
11049,control,36.33,0,0.0,0
11050,control,60.35,0,0.0,0
11051,control,0.0,0,0.0,0
11052,control,41.04,0,0.0,0
11053,control,0.0,0,0.0,0
11054,control,45.37,0,0.0,0
11055,control,0.0,0,0.0,0
11056,treatment,0.0,0,0.0,0
11057,control,20.31,1,90.59,0
11058,control,0.0,0,0.0,0
11059,control,32.08,0,0.0,0
11060,treatment,107.01,0,0.0,0
11061,treatment,24.0,0,0.0,0
11062,control,0.0,0,0.0,0
11063,control,0.0,1,44.03,0
11064,control,0.0,0,0.0,0
11065,treatment,0.0,0,0.0,0
11066,treatment,77.58,0,0.0,0
11067,control,106.71,0,0.0,0
11068,control,171.32,0,0.0,0
11069,control,53.76,0,0.0,0
11070,treatment,0.0,0,0.0,0
11071,control,0.0,0,0.0,0
11072,control,66.96,0,0.0,0
11073,control,0.0,0,0.0,0
11074,treatment,0.0,0,0.0,0
11075,treatment,641.73,0,0.0,0
11076,control,0.0,0,0.0,0
11077,control,0.0,0,0.0,0
11078,control,0.0,0,0.0,0
11079,treatment,435.73,0,0.0,0
11080,control,0.0,0,0.0,0
11081,control,56.21,0,0.0,0
11082,control,277.83,0,0.0,0
11083,treatment,0.0,0,0.0,0
11084,control,0.0,0,0.0,0
11085,treatment,101.36,0,0.0,0
11086,treatment,0.0,0,0.0,0
11087,control,0.0,0,0.0,0
11088,control,52.36,0,0.0,0
11089,treatment,0.0,0,0.0,0
11090,treatment,138.05,0,0.0,0
11091,treatment,0.0,1,115.31,0
11092,control,272.96,0,0.0,0
11093,treatment,0.0,0,0.0,0
11094,control,67.18,0,0.0,0
11095,control,0.0,0,0.0,0
11096,treatment,0.0,0,0.0,0
11097,treatment,235.51,1,65.38,0
11098,treatment,57.55,0,0.0,0
11099,control,0.0,0,0.0,0
11100,treatment,64.92,0,0.0,0
11101,treatment,0.0,1,80.22,0
11102,control,161.91,0,0.0,0
11103,control,222.11,0,0.0,0
11104,control,91.68,1,76.3,0
11105,treatment,46.27,0,0.0,0
11106,treatment,567.47,1,137.56,0
11107,control,0.0,0,0.0,0
11108,treatment,21.44,0,0.0,0
11109,treatment,47.23,0,0.0,0
11110,treatment,61.56,0,0.0,0
11111,treatment,0.0,0,0.0,0
11112,treatment,80.22,0,0.0,0
11113,treatment,125.19,1,64.48,0
11114,control,18.88,0,0.0,0
11115,treatment,179.99,0,0.0,0
11116,control,0.0,0,0.0,0
11117,control,0.0,0,0.0,0
11118,treatment,0.0,0,0.0,0
11119,control,1183.58,1,211.14,0
11120,control,29.1,0,0.0,0
11121,control,111.56,0,0.0,0
11122,control,0.0,0,0.0,0
11123,control,15.43,0,0.0,0
11124,control,0.0,0,0.0,0
11125,control,0.0,0,0.0,0
11126,treatment,227.8,0,0.0,0
11127,treatment,338.33,0,0.0,0
11128,treatment,0.0,0,0.0,0
11129,treatment,28.85,0,0.0,0
11130,treatment,55.96,0,0.0,0
11131,treatment,0.0,0,0.0,0
11132,treatment,0.0,0,0.0,0
11133,treatment,302.43,0,0.0,0
11134,treatment,0.0,0,0.0,0
11135,treatment,178.72,0,0.0,0
11136,control,112.62,0,0.0,0
11137,treatment,39.38,0,0.0,0
11138,treatment,0.0,0,0.0,0
11139,treatment,0.0,0,0.0,0
11140,control,76.45,0,0.0,0
11141,treatment,0.0,0,0.0,0
11142,control,94.05,1,43.88,0
11143,treatment,0.0,0,0.0,0
11144,control,0.0,0,0.0,0
11145,treatment,174.13,0,0.0,0
11146,control,0.0,0,0.0,0
11147,treatment,0.0,0,0.0,0
11148,treatment,74.33,0,0.0,0
11149,control,72.07,0,0.0,0
11150,treatment,75.9,0,0.0,0
11151,control,0.0,0,0.0,0
11152,control,161.26,0,0.0,0
11153,treatment,67.6,0,0.0,0
11154,treatment,0.0,0,0.0,0
11155,control,53.38,0,0.0,0
11156,control,29.92,1,81.07,0
11157,control,37.05,0,0.0,0
11158,treatment,73.64,0,0.0,0
11159,control,261.87,0,0.0,0
11160,treatment,0.0,0,0.0,0
11161,treatment,0.0,0,0.0,0
11162,treatment,0.0,0,0.0,0
11163,control,0.0,0,0.0,0
11164,treatment,134.13,0,0.0,0
11165,treatment,47.28,0,0.0,0
11166,control,0.0,0,0.0,0
11167,treatment,33.34,0,0.0,0
11168,treatment,0.0,0,0.0,0
11169,treatment,0.0,0,0.0,0
11170,control,0.0,1,182.14,0
11171,control,0.0,0,0.0,0
11172,control,0.0,0,0.0,0
11173,treatment,38.59,0,0.0,0
11174,treatment,0.0,0,0.0,0
11175,treatment,0.0,1,64.25,0
11176,control,0.0,1,56.86,0
11177,control,89.96,0,0.0,0
11178,control,139.04,0,0.0,0
11179,control,0.0,0,0.0,0
11180,control,0.0,0,0.0,0
11181,control,0.0,0,0.0,0
11182,treatment,0.0,0,0.0,0
11183,treatment,62.17,0,0.0,0
11184,treatment,0.0,1,152.64,0
11185,treatment,48.88,0,0.0,0
11186,treatment,0.0,0,0.0,0
11187,treatment,0.0,0,0.0,0
11188,treatment,42.62,0,0.0,0
11189,treatment,233.11,0,0.0,0
11190,control,0.0,1,18.36,0
11191,control,25.19,0,0.0,0
11192,control,217.22,1,62.55,0
11193,treatment,0.0,0,0.0,0
11194,treatment,0.0,0,0.0,0
11195,control,109.24,0,0.0,0
11196,control,61.34,0,0.0,0
11197,treatment,147.36,0,0.0,0
11198,control,67.31,0,0.0,0
11199,treatment,192.51,0,0.0,0
11200,control,125.34,0,0.0,0
11201,control,117.65,0,0.0,0
11202,control,77.6,0,0.0,0
11203,treatment,0.0,0,0.0,0
11204,control,177.51,0,0.0,0
11205,control,0.0,0,0.0,0
11206,treatment,49.36,1,68.38,1
11207,treatment,35.04,0,0.0,0
11208,treatment,82.49,0,0.0,0
11209,control,71.31,0,0.0,0
11210,control,0.0,0,0.0,0
11211,control,0.0,0,0.0,0
11212,control,0.0,0,0.0,0
11213,control,0.0,0,0.0,0
11214,control,0.0,0,0.0,0
11215,treatment,0.0,0,0.0,0
11216,control,0.0,1,46.85,0
11217,control,28.32,0,0.0,0
11218,control,422.58,0,0.0,0
11219,treatment,104.05,0,0.0,0
11220,treatment,103.17,0,0.0,0
11221,treatment,32.33,0,0.0,0
11222,treatment,865.33,0,0.0,0
11223,treatment,35.81,1,106.42,0
11224,treatment,0.0,0,0.0,0
11225,treatment,39.08,0,0.0,0
11226,control,0.0,0,0.0,0
11227,control,100.02,0,0.0,0
11228,control,0.0,0,0.0,0
11229,treatment,0.0,0,0.0,0
11230,treatment,29.2,0,0.0,0
11231,control,0.0,0,0.0,0
11232,control,0.0,0,0.0,0
11233,control,358.96,0,0.0,0
11234,treatment,0.0,0,0.0,0
11235,treatment,180.49,1,62.46,1
11236,control,0.0,0,0.0,0
11237,control,0.0,0,0.0,0
11238,treatment,0.0,0,0.0,0
11239,treatment,440.95,0,0.0,0
11240,control,0.0,0,0.0,0
11241,control,0.0,1,25.24,0
11242,treatment,0.0,0,0.0,0
11243,control,0.0,0,0.0,0
11244,treatment,0.0,0,0.0,0
11245,control,194.74,0,0.0,0
11246,control,163.9,0,0.0,0
11247,treatment,0.0,1,123.76,0
11248,treatment,26.45,0,0.0,0
11249,treatment,0.0,0,0.0,0
11250,treatment,0.0,0,0.0,0
11251,treatment,74.27,0,0.0,0
11252,control,68.08,1,53.87,0
11253,control,0.0,0,0.0,0
11254,treatment,0.0,0,0.0,0
11255,treatment,0.0,0,0.0,0
11256,control,136.87,0,0.0,0
11257,treatment,17.63,0,0.0,0
11258,treatment,0.0,0,0.0,0
11259,treatment,0.0,0,0.0,0
11260,control,86.97,1,68.35,0
11261,treatment,0.0,0,0.0,0
11262,treatment,149.32,0,0.0,0
11263,treatment,38.16,0,0.0,0
11264,control,237.65,1,45.2,0
11265,treatment,74.84,0,0.0,0
11266,treatment,0.0,0,0.0,0
11267,control,30.19,0,0.0,0
11268,treatment,41.9,0,0.0,0
11269,control,184.53,0,0.0,0
11270,treatment,72.83,0,0.0,0
11271,treatment,0.0,0,0.0,0
11272,control,0.0,0,0.0,0
11273,control,23.1,0,0.0,0
11274,treatment,83.68,0,0.0,0
11275,treatment,113.83,0,0.0,0
11276,treatment,67.62,0,0.0,0
11277,treatment,0.0,0,0.0,0
11278,treatment,0.0,0,0.0,0
11279,control,0.0,0,0.0,0
11280,treatment,0.0,0,0.0,0
11281,treatment,0.0,0,0.0,0
11282,control,100.39,0,0.0,0
11283,treatment,0.0,0,0.0,0
11284,treatment,0.0,0,0.0,0
11285,control,74.09,0,0.0,0
11286,treatment,0.0,0,0.0,0
11287,control,301.68,1,88.72,0
11288,control,0.0,0,0.0,0
11289,treatment,44.6,0,0.0,0
11290,control,50.01,0,0.0,0
11291,control,121.29,0,0.0,0
11292,control,66.8,0,0.0,0
11293,treatment,195.35,1,137.61,0
11294,control,0.0,1,85.68,0
11295,control,0.0,0,0.0,0
11296,control,138.05,0,0.0,0
11297,control,0.0,0,0.0,0
11298,control,0.0,0,0.0,0
11299,control,0.0,1,17.83,0
11300,treatment,65.1,0,0.0,0
11301,control,93.61,0,0.0,0
11302,treatment,85.3,0,0.0,0
11303,control,0.0,0,0.0,0
11304,treatment,76.4,0,0.0,0
11305,treatment,0.0,0,0.0,0
11306,control,148.29,0,0.0,0
11307,control,0.0,0,0.0,0
11308,treatment,0.0,0,0.0,0
11309,control,0.0,0,0.0,0
11310,treatment,178.39,0,0.0,0
11311,treatment,61.34,1,65.62,0
11312,control,0.0,0,0.0,0
11313,control,26.17,0,0.0,0
11314,control,94.11,0,0.0,0
11315,treatment,0.0,0,0.0,0
11316,treatment,0.0,1,45.14,0
11317,control,285.37,1,263.49,0
11318,control,135.6,0,0.0,0
11319,treatment,483.6,1,68.97,0
11320,treatment,0.0,1,71.05,0
11321,control,0.0,0,0.0,0
11322,treatment,0.0,0,0.0,0
11323,treatment,0.0,0,0.0,0
11324,control,64.82,0,0.0,0
11325,control,0.0,0,0.0,0
11326,treatment,0.0,0,0.0,0
11327,control,0.0,0,0.0,0
11328,treatment,33.25,0,0.0,0
11329,treatment,32.72,0,0.0,0
11330,treatment,57.05,0,0.0,0
11331,control,54.62,0,0.0,0
11332,treatment,0.0,0,0.0,0
11333,treatment,0.0,1,34.74,0
11334,treatment,52.43,0,0.0,0
11335,treatment,40.54,0,0.0,0
11336,treatment,30.09,0,0.0,0
11337,control,0.0,0,0.0,0
11338,control,507.67,0,0.0,0
11339,control,0.0,0,0.0,0
11340,control,0.0,0,0.0,0
11341,control,0.0,0,0.0,0
11342,treatment,141.45,0,0.0,0
11343,control,0.0,0,0.0,0
11344,control,0.0,0,0.0,0
11345,treatment,226.21,0,0.0,0
11346,treatment,0.0,0,0.0,0
11347,control,304.78,0,0.0,0
11348,control,0.0,0,0.0,0
11349,treatment,39.11,0,0.0,0
11350,control,0.0,0,0.0,0
11351,treatment,0.0,0,0.0,0
11352,treatment,70.4,0,0.0,0
11353,control,0.0,0,0.0,0
11354,control,0.0,0,0.0,0
11355,treatment,194.7,0,0.0,0
11356,treatment,25.05,0,0.0,0
11357,treatment,38.97,0,0.0,0
11358,control,37.59,0,0.0,0
11359,control,67.65,0,0.0,0
11360,treatment,50.54,1,16.8,0
11361,control,0.0,0,0.0,0
11362,treatment,0.0,0,0.0,0
11363,treatment,63.78,0,0.0,0
11364,control,43.87,0,0.0,0
11365,treatment,0.0,0,0.0,0
11366,control,0.0,0,0.0,0
11367,control,60.86,0,0.0,0
11368,control,0.0,0,0.0,0
11369,control,0.0,0,0.0,0
11370,control,0.0,0,0.0,0
11371,treatment,37.04,0,0.0,0
11372,control,0.0,0,0.0,0
11373,control,84.82,0,0.0,0
11374,control,0.0,0,0.0,0
11375,treatment,0.0,0,0.0,0
11376,treatment,21.31,0,0.0,0
11377,control,0.0,0,0.0,0
11378,control,514.18,1,214.51,0
11379,control,0.0,0,0.0,0
11380,control,0.0,0,0.0,0
11381,control,0.0,0,0.0,0
11382,treatment,0.0,0,0.0,0
11383,control,0.0,0,0.0,0
11384,control,0.0,0,0.0,0
11385,control,62.41,0,0.0,0
11386,treatment,0.0,0,0.0,0
11387,control,85.28,0,0.0,0
11388,treatment,202.33,1,65.28,0
11389,control,21.69,0,0.0,0
11390,control,0.0,0,0.0,0
11391,control,60.4,1,115.16,0
11392,treatment,0.0,1,47.1,0
11393,control,0.0,0,0.0,0
11394,control,0.0,0,0.0,0
11395,control,0.0,0,0.0,0
11396,control,0.0,0,0.0,0
11397,treatment,84.57,0,0.0,0
11398,control,0.0,0,0.0,0
11399,control,29.06,0,0.0,0
11400,treatment,0.0,0,0.0,0
11401,control,92.26,0,0.0,0
11402,treatment,0.0,0,0.0,0
11403,treatment,0.0,0,0.0,0
11404,treatment,0.0,0,0.0,0
11405,control,80.53,0,0.0,0
11406,treatment,0.0,0,0.0,0
11407,control,0.0,0,0.0,0
11408,treatment,0.0,0,0.0,0
11409,control,55.64,0,0.0,0
11410,treatment,0.0,0,0.0,0
11411,control,76.24,0,0.0,0
11412,treatment,20.25,0,0.0,0
11413,control,0.0,0,0.0,0
11414,treatment,0.0,0,0.0,0
11415,treatment,146.32,1,41.17,0
11416,control,0.0,0,0.0,0
11417,control,41.93,0,0.0,0
11418,control,180.74,0,0.0,0
11419,control,0.0,0,0.0,0
11420,control,0.0,0,0.0,0
11421,control,0.0,0,0.0,0
11422,treatment,0.0,0,0.0,0
11423,control,0.0,0,0.0,0
11424,treatment,0.0,0,0.0,0
11425,control,0.0,0,0.0,0
11426,control,122.95,0,0.0,0
11427,control,173.52,0,0.0,0
11428,control,0.0,0,0.0,0
11429,treatment,0.0,0,0.0,0
11430,control,46.71,0,0.0,0
11431,treatment,0.0,0,0.0,0
11432,control,0.0,0,0.0,0
11433,treatment,0.0,0,0.0,0
11434,treatment,63.25,0,0.0,0
11435,treatment,59.1,0,0.0,0
11436,treatment,0.0,0,0.0,0
11437,treatment,27.32,0,0.0,0
11438,treatment,325.26,1,132.66,0
11439,treatment,0.0,0,0.0,0
11440,control,0.0,0,0.0,0
11441,control,0.0,0,0.0,0
11442,control,155.28,0,0.0,0
11443,control,98.87,0,0.0,0
11444,treatment,0.0,0,0.0,0
11445,treatment,43.14,0,0.0,0
11446,control,349.32,0,0.0,0
11447,control,0.0,0,0.0,0
11448,control,0.0,0,0.0,0
11449,control,0.0,0,0.0,0
11450,treatment,0.0,0,0.0,0
11451,treatment,0.0,0,0.0,0
11452,control,202.9,1,63.34,0
11453,control,55.63,0,0.0,0
11454,treatment,0.0,1,98.4,0
11455,treatment,0.0,0,0.0,0
11456,treatment,0.0,1,55.36,0
11457,treatment,0.0,0,0.0,0
11458,treatment,0.0,0,0.0,0
11459,control,0.0,1,115.45,0
11460,control,0.0,0,0.0,0
11461,control,0.0,0,0.0,0
11462,treatment,28.02,0,0.0,0
11463,control,78.19,0,0.0,0
11464,control,0.0,0,0.0,0
11465,treatment,107.61,1,114.06,0
11466,treatment,0.0,0,0.0,0
11467,treatment,0.0,0,0.0,0
11468,treatment,100.83,0,0.0,0
11469,treatment,16.36,0,0.0,0
11470,treatment,0.0,0,0.0,0
11471,control,41.15,0,0.0,0
11472,treatment,40.07,0,0.0,0
11473,control,0.0,0,0.0,0
11474,treatment,91.62,0,0.0,0
11475,treatment,107.68,0,0.0,0
11476,treatment,45.28,1,74.67,0
11477,treatment,0.0,0,0.0,0
11478,control,0.0,0,0.0,0
11479,treatment,39.14,0,0.0,0
11480,control,0.0,0,0.0,0
11481,treatment,324.39,0,0.0,0
11482,treatment,0.0,0,0.0,0
11483,control,13.86,0,0.0,0
11484,control,36.89,0,0.0,0
11485,treatment,0.0,0,0.0,0
11486,control,0.0,0,0.0,0
11487,control,59.06,0,0.0,0
11488,control,0.0,0,0.0,0
11489,treatment,69.95,0,0.0,0
11490,control,32.09,0,0.0,0
11491,treatment,0.0,0,0.0,0
11492,treatment,0.0,0,0.0,0
11493,treatment,29.16,0,0.0,0
11494,treatment,0.0,0,0.0,0
11495,control,143.38,1,52.84,0
11496,control,0.0,0,0.0,0
11497,treatment,161.29,0,0.0,0
11498,control,187.51,0,0.0,0
11499,control,143.15,0,0.0,0
11500,treatment,77.02,0,0.0,0
11501,control,0.0,0,0.0,0
11502,treatment,0.0,0,0.0,0
11503,treatment,0.0,0,0.0,0
11504,control,193.54,0,0.0,0
11505,control,0.0,1,66.96,0
11506,control,0.0,0,0.0,0
11507,treatment,63.05,0,0.0,0
11508,treatment,91.51,0,0.0,0
11509,treatment,67.1,0,0.0,0
11510,control,0.0,0,0.0,0
11511,treatment,0.0,0,0.0,0
11512,control,137.66,0,0.0,0
11513,treatment,0.0,0,0.0,0
11514,control,431.63,0,0.0,0
11515,control,0.0,0,0.0,0
11516,treatment,147.82,0,0.0,0
11517,control,103.68,0,0.0,0
11518,treatment,64.44,1,85.08,0
11519,treatment,41.65,0,0.0,0
11520,control,0.0,0,0.0,0
11521,control,0.0,0,0.0,0
11522,treatment,0.0,0,0.0,0
11523,treatment,48.28,0,0.0,0
11524,treatment,0.0,0,0.0,0
11525,control,59.45,0,0.0,0
11526,treatment,0.0,0,0.0,0
11527,treatment,0.0,0,0.0,0
11528,treatment,0.0,1,27.13,0
11529,control,38.11,0,0.0,0
11530,control,0.0,0,0.0,0
11531,control,41.98,0,0.0,0
11532,control,1769.72,1,252.23,0
11533,control,0.0,0,0.0,0
11534,control,0.0,0,0.0,0
11535,treatment,51.35,0,0.0,0
11536,control,41.97,0,0.0,0
11537,treatment,0.0,0,0.0,0
11538,treatment,56.17,0,0.0,0
11539,treatment,73.74,0,0.0,0
11540,control,0.0,0,0.0,0
11541,control,0.0,0,0.0,0
11542,treatment,0.0,0,0.0,0
11543,control,61.86,0,0.0,0
11544,treatment,102.09,0,0.0,0
11545,control,0.0,0,0.0,0
11546,treatment,0.0,0,0.0,0
11547,control,53.25,0,0.0,0
11548,treatment,61.66,0,0.0,0
11549,treatment,97.69,1,143.2,0
11550,treatment,0.0,0,0.0,0
11551,control,0.0,0,0.0,0
11552,control,72.21,0,0.0,0
11553,control,707.51,1,101.58,0
11554,control,0.0,0,0.0,0
11555,control,0.0,0,0.0,0
11556,treatment,0.0,0,0.0,0
11557,control,33.43,0,0.0,0
11558,control,56.98,0,0.0,0
11559,control,321.39,0,0.0,0
11560,treatment,48.43,0,0.0,0
11561,control,0.0,0,0.0,0
11562,treatment,1049.63,1,79.24,0
11563,treatment,130.77,0,0.0,0
11564,control,123.91,0,0.0,0
11565,treatment,0.0,0,0.0,0
11566,treatment,192.89,0,0.0,0
11567,control,45.48,0,0.0,0
11568,treatment,0.0,0,0.0,0
11569,control,0.0,0,0.0,0
11570,control,81.7,0,0.0,0
11571,control,0.0,1,42.32,0
11572,treatment,74.94,0,0.0,0
11573,control,44.98,0,0.0,0
11574,treatment,0.0,0,0.0,0
11575,control,20.6,1,96.04,0
11576,control,0.0,1,41.34,1
11577,control,314.63,1,172.14,0
11578,control,32.36,0,0.0,0
11579,control,0.0,0,0.0,0
11580,control,0.0,0,0.0,0
11581,control,0.0,0,0.0,0
11582,treatment,47.6,0,0.0,0
11583,control,74.06,0,0.0,0
11584,treatment,0.0,0,0.0,0
11585,treatment,89.24,0,0.0,0
11586,control,21.38,0,0.0,0
11587,control,0.0,0,0.0,0
11588,control,0.0,0,0.0,0
11589,control,27.68,0,0.0,0
11590,treatment,0.0,0,0.0,0
11591,control,101.19,0,0.0,0
11592,control,0.0,0,0.0,0
11593,control,32.43,0,0.0,0
11594,treatment,0.0,0,0.0,0
11595,treatment,410.3,1,69.27,0
11596,treatment,141.98,0,0.0,0
11597,control,0.0,0,0.0,0
11598,control,32.91,0,0.0,0
11599,control,64.72,0,0.0,0
11600,control,106.85,0,0.0,0
11601,treatment,0.0,0,0.0,0
11602,treatment,0.0,0,0.0,0
11603,control,0.0,0,0.0,0
11604,control,0.0,0,0.0,0
11605,control,0.0,0,0.0,0
11606,control,0.0,1,34.58,0
11607,control,36.02,0,0.0,0
11608,treatment,26.52,0,0.0,0
11609,control,80.03,0,0.0,0
11610,treatment,210.62,0,0.0,0
11611,control,361.74,1,135.85,0
11612,treatment,50.63,0,0.0,0
11613,treatment,88.76,0,0.0,0
11614,control,77.1,0,0.0,0
11615,control,487.07,1,66.95,0
11616,treatment,22.53,0,0.0,0
11617,control,0.0,0,0.0,0
11618,control,29.61,0,0.0,0
11619,control,0.0,0,0.0,0
11620,treatment,0.0,0,0.0,0
11621,treatment,154.56,0,0.0,0
11622,control,33.02,1,44.21,0
11623,control,0.0,0,0.0,0
11624,control,0.0,0,0.0,0
11625,treatment,0.0,0,0.0,0
11626,control,0.0,0,0.0,0
11627,control,0.0,1,47.06,0
11628,control,0.0,0,0.0,0
11629,treatment,0.0,0,0.0,0
11630,control,103.95,0,0.0,0
11631,control,24.51,0,0.0,0
11632,treatment,104.23,0,0.0,0
11633,treatment,134.04,0,0.0,0
11634,control,0.0,1,47.36,0
11635,control,0.0,0,0.0,0
11636,control,0.0,0,0.0,0
11637,control,0.0,0,0.0,0
11638,treatment,64.19,0,0.0,0
11639,treatment,30.79,0,0.0,0
11640,treatment,81.36,0,0.0,0
11641,treatment,114.26,1,62.66,0
11642,treatment,77.37,0,0.0,0
11643,control,0.0,0,0.0,0
11644,treatment,0.0,0,0.0,0
11645,treatment,0.0,1,56.31,0
11646,treatment,0.0,0,0.0,0
11647,control,205.09,1,34.11,0
11648,treatment,0.0,0,0.0,0
11649,treatment,0.0,0,0.0,0
11650,control,0.0,0,0.0,0
11651,treatment,0.0,0,0.0,0
11652,treatment,225.33,1,76.22,0
11653,treatment,0.0,1,49.47,0
11654,control,0.0,0,0.0,0
11655,treatment,31.62,0,0.0,0
11656,control,99.54,0,0.0,0
11657,treatment,0.0,0,0.0,0
11658,control,92.85,0,0.0,0
11659,treatment,0.0,0,0.0,0
11660,control,57.6,0,0.0,0
11661,control,0.0,0,0.0,0
11662,control,0.0,0,0.0,0
11663,control,50.86,0,0.0,0
11664,treatment,0.0,0,0.0,0
11665,treatment,48.21,0,0.0,0
11666,control,127.01,0,0.0,0
11667,control,66.86,0,0.0,0
11668,treatment,0.0,0,0.0,0
11669,control,0.0,0,0.0,0
11670,control,0.0,1,57.37,0
11671,control,39.11,0,0.0,0
11672,control,35.75,0,0.0,0
11673,control,0.0,0,0.0,0
11674,treatment,187.36,0,0.0,0
11675,control,0.0,0,0.0,0
11676,control,0.0,0,0.0,0
11677,control,0.0,0,0.0,0
11678,control,0.0,0,0.0,0
11679,treatment,0.0,0,0.0,0
11680,control,0.0,0,0.0,0
11681,control,303.05,0,0.0,0
11682,control,0.0,0,0.0,0
11683,control,0.0,0,0.0,0
11684,control,453.58,1,139.23,0
11685,control,380.84,0,0.0,0
11686,treatment,0.0,0,0.0,0
11687,control,303.83,1,166.18,0
11688,control,35.24,0,0.0,0
11689,treatment,103.07,0,0.0,0
11690,control,31.96,0,0.0,0
11691,control,0.0,0,0.0,0
11692,treatment,290.93,0,0.0,0
11693,control,183.42,0,0.0,0
11694,treatment,0.0,0,0.0,0
11695,control,124.87,0,0.0,0
11696,treatment,516.88,0,0.0,0
11697,control,0.0,0,0.0,0
11698,control,0.0,0,0.0,0
11699,treatment,0.0,0,0.0,0
11700,treatment,0.0,0,0.0,0
11701,control,0.0,0,0.0,0
11702,control,0.0,0,0.0,0
11703,control,0.0,0,0.0,0
11704,control,0.0,0,0.0,0
11705,treatment,0.0,0,0.0,0
11706,treatment,0.0,0,0.0,0
11707,treatment,84.88,1,103.48,0
11708,treatment,41.46,0,0.0,0
11709,treatment,0.0,0,0.0,0
11710,control,0.0,0,0.0,0
11711,treatment,52.78,1,45.72,0
11712,control,199.22,0,0.0,0
11713,control,0.0,0,0.0,0
11714,control,0.0,0,0.0,0
11715,control,78.06,0,0.0,0
11716,control,83.93,0,0.0,0
11717,treatment,100.89,0,0.0,0
11718,control,0.0,0,0.0,0
11719,treatment,152.89,1,44.78,1
11720,treatment,290.56,0,0.0,0
11721,treatment,0.0,1,61.5,1
11722,control,29.39,0,0.0,0
11723,treatment,0.0,0,0.0,0
11724,treatment,0.0,0,0.0,0
11725,treatment,37.43,1,91.81,0
11726,treatment,135.64,0,0.0,0
11727,treatment,177.73,0,0.0,0
11728,control,351.1,1,116.3,0
11729,treatment,52.59,0,0.0,0
11730,control,0.0,1,77.5,0
11731,control,48.02,0,0.0,0
11732,treatment,238.85,0,0.0,0
11733,treatment,61.5,0,0.0,0
11734,treatment,0.0,0,0.0,0
11735,treatment,99.37,1,43.31,0
11736,control,0.0,0,0.0,0
11737,treatment,39.88,0,0.0,0
11738,control,0.0,0,0.0,0
11739,treatment,0.0,0,0.0,0
11740,treatment,0.0,0,0.0,0
11741,control,0.0,1,30.29,0
11742,control,0.0,0,0.0,0
11743,treatment,54.95,0,0.0,0
11744,treatment,37.41,0,0.0,0
11745,treatment,0.0,0,0.0,0
11746,treatment,0.0,0,0.0,0
11747,control,0.0,0,0.0,0
11748,control,0.0,0,0.0,0
11749,control,27.52,0,0.0,0
11750,control,0.0,0,0.0,0
11751,treatment,0.0,0,0.0,0
11752,treatment,60.9,0,0.0,0
11753,control,0.0,0,0.0,0
11754,control,0.0,0,0.0,0
11755,treatment,152.46,1,71.77,0
11756,control,66.68,0,0.0,0
11757,treatment,95.07,1,124.05,0
11758,control,0.0,0,0.0,0
11759,control,0.0,0,0.0,0
11760,treatment,0.0,0,0.0,0
11761,control,0.0,0,0.0,0
11762,treatment,0.0,0,0.0,0
11763,control,0.0,0,0.0,0
11764,treatment,87.94,0,0.0,0
11765,treatment,0.0,0,0.0,0
11766,control,39.16,0,0.0,0
11767,treatment,0.0,0,0.0,0
11768,treatment,50.81,0,0.0,0
11769,treatment,0.0,0,0.0,0
11770,treatment,36.35,0,0.0,0
11771,control,0.0,0,0.0,0
11772,treatment,127.88,0,0.0,0
11773,treatment,0.0,1,16.95,0
11774,control,57.32,0,0.0,0
11775,treatment,0.0,0,0.0,0
11776,control,68.78,0,0.0,0
11777,treatment,0.0,0,0.0,0
11778,control,0.0,0,0.0,0
11779,treatment,56.66,0,0.0,0
11780,treatment,0.0,0,0.0,0
11781,treatment,0.0,0,0.0,0
11782,control,0.0,0,0.0,0
11783,control,0.0,0,0.0,0
11784,treatment,30.32,0,0.0,0
11785,treatment,0.0,0,0.0,0
11786,control,0.0,0,0.0,0
11787,control,120.49,0,0.0,0
11788,treatment,41.16,0,0.0,0
11789,control,211.9,1,75.82,0
11790,control,0.0,0,0.0,0
11791,treatment,0.0,1,17.04,0
11792,control,162.08,1,254.28,0
11793,control,118.23,0,0.0,0
11794,treatment,0.0,0,0.0,0
11795,treatment,0.0,0,0.0,0
11796,treatment,245.78,1,20.95,0
11797,control,380.32,0,0.0,0
11798,control,0.0,0,0.0,0
11799,treatment,39.74,0,0.0,0
11800,treatment,0.0,0,0.0,0
11801,control,695.31,1,69.12,0
11802,treatment,0.0,0,0.0,0
11803,control,0.0,0,0.0,0
11804,control,0.0,0,0.0,0
11805,control,88.69,1,41.92,0
11806,control,0.0,0,0.0,0
11807,treatment,0.0,0,0.0,0
11808,treatment,0.0,0,0.0,0
11809,control,0.0,0,0.0,0
11810,control,0.0,0,0.0,0
11811,treatment,0.0,0,0.0,0
11812,control,58.64,0,0.0,0
11813,treatment,71.09,0,0.0,0
11814,control,0.0,0,0.0,0
11815,control,289.78,0,0.0,0
11816,control,0.0,0,0.0,0
11817,treatment,0.0,0,0.0,0
11818,treatment,103.99,1,67.6,0
11819,treatment,150.0,1,22.98,0
11820,treatment,0.0,0,0.0,0
11821,treatment,86.75,0,0.0,0
11822,control,0.0,0,0.0,0
11823,treatment,0.0,1,61.29,0
11824,control,0.0,0,0.0,0
11825,treatment,0.0,0,0.0,0
11826,treatment,0.0,0,0.0,0
11827,treatment,131.29,0,0.0,0
11828,control,0.0,0,0.0,0
11829,control,41.05,0,0.0,0
11830,treatment,0.0,0,0.0,0
11831,treatment,35.7,0,0.0,0
11832,control,37.73,0,0.0,0
11833,treatment,206.0,0,0.0,0
11834,control,0.0,0,0.0,0
11835,treatment,0.0,0,0.0,0
11836,treatment,0.0,0,0.0,0
11837,treatment,0.0,0,0.0,0
11838,treatment,646.34,0,0.0,0
11839,control,202.08,0,0.0,0
11840,control,0.0,0,0.0,0
11841,treatment,0.0,0,0.0,0
11842,treatment,37.03,0,0.0,0
11843,treatment,67.26,0,0.0,0
11844,treatment,58.02,0,0.0,0
11845,treatment,124.41,1,46.13,0
11846,treatment,0.0,1,71.58,0
11847,control,0.0,0,0.0,0
11848,control,0.0,0,0.0,0
11849,control,0.0,0,0.0,0
11850,control,0.0,0,0.0,0
11851,control,55.42,0,0.0,0
11852,treatment,0.0,0,0.0,0
11853,control,81.26,0,0.0,0
11854,control,0.0,0,0.0,0
11855,control,0.0,0,0.0,0
11856,treatment,80.86,0,0.0,0
11857,control,414.45,0,0.0,0
11858,treatment,45.22,0,0.0,0
11859,treatment,0.0,0,0.0,0
11860,control,171.44,0,0.0,0
11861,treatment,0.0,1,77.71,0
11862,control,0.0,1,43.02,0
11863,treatment,0.0,0,0.0,0
11864,treatment,0.0,0,0.0,0
11865,control,0.0,0,0.0,0
11866,control,54.13,0,0.0,0
11867,control,63.06,0,0.0,0
11868,control,0.0,0,0.0,0
11869,control,0.0,0,0.0,0
11870,control,0.0,0,0.0,0
11871,treatment,0.0,0,0.0,0
11872,control,0.0,0,0.0,0
11873,treatment,0.0,0,0.0,0
11874,control,0.0,0,0.0,0
11875,control,78.37,0,0.0,0
11876,control,0.0,0,0.0,0
11877,control,0.0,0,0.0,0
11878,control,0.0,0,0.0,0
11879,treatment,0.0,0,0.0,0
11880,treatment,73.54,0,0.0,0
11881,treatment,55.45,0,0.0,0
11882,treatment,32.24,0,0.0,0
11883,treatment,0.0,0,0.0,0
11884,treatment,0.0,0,0.0,0
11885,treatment,0.0,0,0.0,0
11886,control,59.0,0,0.0,0
11887,treatment,0.0,0,0.0,0
11888,treatment,0.0,0,0.0,0
11889,treatment,35.57,0,0.0,0
11890,treatment,0.0,0,0.0,0
11891,control,0.0,0,0.0,0
11892,treatment,0.0,0,0.0,0
11893,control,0.0,0,0.0,0
11894,control,0.0,0,0.0,0
11895,treatment,0.0,0,0.0,0
11896,control,89.73,0,0.0,0
11897,control,0.0,0,0.0,0
11898,control,0.0,1,60.25,0
11899,control,49.42,0,0.0,0
11900,treatment,0.0,0,0.0,0
11901,control,0.0,0,0.0,0
11902,treatment,0.0,0,0.0,0
11903,control,100.6,0,0.0,0
11904,control,43.7,0,0.0,0
11905,control,77.04,0,0.0,0
11906,control,0.0,0,0.0,0
11907,control,49.54,0,0.0,0
11908,control,477.3,1,102.03,0
11909,control,0.0,0,0.0,0
11910,treatment,154.84,0,0.0,0
11911,treatment,66.95,0,0.0,0
11912,control,0.0,0,0.0,0
11913,treatment,35.94,0,0.0,0
11914,control,0.0,0,0.0,0
11915,treatment,0.0,0,0.0,0
11916,control,0.0,0,0.0,0
11917,control,72.82,0,0.0,0
11918,control,0.0,0,0.0,0
11919,control,0.0,0,0.0,0
11920,treatment,51.86,0,0.0,0
11921,treatment,0.0,0,0.0,0
11922,control,114.14,0,0.0,0
11923,treatment,75.76,0,0.0,0
11924,control,23.84,0,0.0,0
11925,treatment,0.0,0,0.0,0
11926,control,0.0,0,0.0,0
11927,treatment,0.0,1,32.43,0
11928,treatment,92.15,0,0.0,0
11929,control,127.59,0,0.0,0
11930,control,17.47,0,0.0,0
11931,treatment,0.0,0,0.0,0
11932,control,80.14,1,51.82,1
11933,treatment,0.0,0,0.0,0
11934,treatment,0.0,0,0.0,0
11935,control,0.0,0,0.0,0
11936,treatment,0.0,0,0.0,0
11937,treatment,0.0,0,0.0,0
11938,treatment,124.61,1,115.07,0
11939,control,0.0,0,0.0,0
11940,treatment,97.11,0,0.0,0
11941,control,0.0,0,0.0,0
11942,control,0.0,0,0.0,0
11943,treatment,61.46,0,0.0,0
11944,control,425.87,0,0.0,0
11945,control,362.06,0,0.0,0
11946,treatment,121.78,1,41.56,0
11947,control,300.77,0,0.0,0
11948,treatment,0.0,0,0.0,0
11949,control,0.0,1,94.01,1
11950,control,125.85,0,0.0,0
11951,control,0.0,0,0.0,0
11952,treatment,43.9,0,0.0,0
11953,treatment,97.31,0,0.0,0
11954,control,0.0,0,0.0,0
11955,treatment,51.44,0,0.0,0
11956,control,74.25,1,106.61,0
11957,treatment,28.01,0,0.0,0
11958,treatment,0.0,0,0.0,0
11959,control,0.0,0,0.0,0
11960,control,84.32,0,0.0,0
11961,control,0.0,0,0.0,0
11962,treatment,192.03,0,0.0,0
11963,control,73.43,0,0.0,0
11964,control,0.0,0,0.0,0
11965,control,25.76,0,0.0,0
11966,treatment,0.0,0,0.0,0
11967,treatment,0.0,0,0.0,0
11968,control,243.3,1,57.47,0
11969,control,0.0,1,39.08,0
11970,treatment,83.54,0,0.0,0
11971,treatment,140.47,0,0.0,0
11972,control,0.0,0,0.0,0
11973,treatment,0.0,0,0.0,0
11974,control,0.0,0,0.0,0
11975,treatment,0.0,1,38.01,0
11976,treatment,0.0,0,0.0,0
11977,control,241.06,0,0.0,0
11978,treatment,39.94,0,0.0,0
11979,treatment,0.0,0,0.0,0
11980,treatment,0.0,0,0.0,0
11981,treatment,69.64,0,0.0,0
11982,treatment,74.93,0,0.0,0
11983,control,208.44,0,0.0,0
11984,control,0.0,0,0.0,0
11985,treatment,0.0,0,0.0,0
11986,treatment,166.7,0,0.0,0
11987,control,0.0,0,0.0,0
11988,control,0.0,0,0.0,0
11989,control,0.0,0,0.0,0
11990,treatment,0.0,0,0.0,0
11991,control,0.0,0,0.0,0
11992,treatment,0.0,0,0.0,0
11993,control,127.36,0,0.0,0
11994,treatment,360.77,0,0.0,0
11995,treatment,0.0,0,0.0,0
11996,treatment,128.63,0,0.0,0
11997,control,25.12,0,0.0,0
11998,treatment,75.34,0,0.0,0
11999,treatment,63.05,0,0.0,0
12000,control,0.0,0,0.0,0
12001,treatment,0.0,0,0.0,0
12002,control,97.2,0,0.0,0
12003,control,0.0,0,0.0,0
12004,control,0.0,1,55.53,0
12005,control,0.0,0,0.0,0
12006,treatment,138.99,0,0.0,0
12007,treatment,0.0,0,0.0,0
12008,treatment,49.59,0,0.0,0
12009,control,0.0,0,0.0,0
12010,treatment,155.03,0,0.0,0
12011,treatment,0.0,0,0.0,0
12012,control,73.85,1,24.6,0
12013,control,67.32,0,0.0,0
12014,treatment,0.0,0,0.0,0
12015,treatment,0.0,0,0.0,0
12016,treatment,138.41,0,0.0,0
12017,control,0.0,0,0.0,0
12018,treatment,0.0,0,0.0,0
12019,control,0.0,0,0.0,0
12020,control,0.0,0,0.0,0
12021,treatment,0.0,0,0.0,0
12022,treatment,25.44,0,0.0,0
12023,treatment,0.0,0,0.0,0
12024,control,0.0,0,0.0,0
12025,treatment,289.7,1,200.1,0
12026,control,95.07,0,0.0,0
12027,treatment,0.0,0,0.0,0
12028,control,0.0,0,0.0,0
12029,control,0.0,0,0.0,0
12030,treatment,0.0,0,0.0,0
12031,control,0.0,0,0.0,0
12032,control,33.34,0,0.0,0
12033,treatment,0.0,0,0.0,0
12034,control,0.0,0,0.0,0
12035,treatment,0.0,0,0.0,0
12036,control,0.0,0,0.0,0
12037,control,54.97,0,0.0,0
12038,control,0.0,0,0.0,0
12039,treatment,0.0,1,146.34,0
12040,treatment,110.49,0,0.0,0
12041,control,68.99,0,0.0,0
12042,treatment,22.89,0,0.0,0
12043,treatment,0.0,0,0.0,0
12044,treatment,0.0,0,0.0,0
12045,treatment,93.0,0,0.0,0
12046,treatment,61.4,0,0.0,0
12047,control,227.32,0,0.0,0
12048,control,48.6,0,0.0,0
12049,treatment,477.19,0,0.0,0
12050,control,0.0,0,0.0,0
12051,treatment,0.0,0,0.0,0
12052,control,0.0,1,31.53,0
12053,control,65.12,0,0.0,0
12054,control,0.0,0,0.0,0
12055,control,0.0,0,0.0,0
12056,control,0.0,0,0.0,0
12057,treatment,155.15,0,0.0,0
12058,treatment,76.78,0,0.0,0
12059,treatment,46.55,0,0.0,0
12060,control,98.73,0,0.0,0
12061,control,1158.62,0,0.0,0
12062,control,173.03,0,0.0,0
12063,control,455.59,1,47.25,0
12064,control,0.0,0,0.0,0
12065,control,0.0,0,0.0,0
12066,control,0.0,0,0.0,0
12067,treatment,56.08,0,0.0,0
12068,treatment,136.44,0,0.0,0
12069,control,138.29,0,0.0,0
12070,treatment,46.64,0,0.0,0
12071,control,53.0,0,0.0,0
12072,control,120.67,1,111.26,0
12073,control,0.0,0,0.0,0
12074,treatment,12.53,0,0.0,0
12075,control,682.58,0,0.0,0
12076,treatment,47.52,0,0.0,0
12077,control,0.0,0,0.0,0
12078,treatment,0.0,0,0.0,0
12079,control,0.0,1,71.83,0
12080,treatment,0.0,0,0.0,0
12081,control,0.0,0,0.0,0
12082,treatment,0.0,0,0.0,0
12083,control,29.05,0,0.0,0
12084,treatment,90.01,0,0.0,0
12085,treatment,85.93,0,0.0,0
12086,control,77.61,0,0.0,0
12087,treatment,0.0,0,0.0,0
12088,control,0.0,0,0.0,0
12089,treatment,0.0,0,0.0,0
12090,treatment,0.0,0,0.0,0
12091,control,0.0,0,0.0,0
12092,treatment,0.0,1,35.44,0
12093,control,51.96,0,0.0,0
12094,control,144.91,0,0.0,0
12095,treatment,38.5,0,0.0,0
12096,control,281.34,1,71.55,0
12097,treatment,0.0,0,0.0,0
12098,treatment,39.79,0,0.0,0
12099,control,298.5,0,0.0,0
12100,control,0.0,0,0.0,0
12101,control,39.52,0,0.0,0
12102,treatment,0.0,0,0.0,0
12103,control,43.21,0,0.0,0
12104,treatment,0.0,0,0.0,0
12105,treatment,95.59,1,92.59,0
12106,treatment,54.5,0,0.0,0
12107,control,123.2,0,0.0,0
12108,treatment,112.97,0,0.0,0
12109,control,0.0,0,0.0,0
12110,control,0.0,0,0.0,0
12111,treatment,181.63,0,0.0,0
12112,control,349.63,0,0.0,0
12113,control,142.42,0,0.0,0
12114,control,0.0,0,0.0,0
12115,control,199.93,0,0.0,0
12116,treatment,0.0,0,0.0,0
12117,treatment,69.96,0,0.0,0
12118,treatment,46.61,0,0.0,0
12119,control,23.08,0,0.0,0
12120,treatment,47.08,1,141.89,0
12121,control,397.9,0,0.0,0
12122,treatment,0.0,1,93.91,0
12123,control,55.2,0,0.0,0
12124,control,0.0,1,109.38,0
12125,treatment,0.0,0,0.0,0
12126,control,0.0,0,0.0,0
12127,control,0.0,0,0.0,0
12128,control,0.0,0,0.0,0
12129,treatment,163.33,0,0.0,0
12130,control,180.55,0,0.0,0
12131,control,0.0,0,0.0,0
12132,treatment,0.0,0,0.0,0
12133,treatment,0.0,0,0.0,0
12134,control,0.0,0,0.0,0
12135,treatment,0.0,0,0.0,0
12136,treatment,102.23,1,94.56,0
12137,treatment,0.0,0,0.0,0
12138,control,0.0,0,0.0,0
12139,treatment,183.02,0,0.0,0
12140,control,0.0,0,0.0,0
12141,control,94.06,0,0.0,0
12142,control,0.0,0,0.0,0
12143,control,138.67,0,0.0,0
12144,control,39.46,0,0.0,0
12145,control,0.0,0,0.0,0
12146,control,60.62,0,0.0,0
12147,control,288.78,1,178.85,0
12148,treatment,0.0,0,0.0,0
12149,treatment,77.71,0,0.0,0
12150,treatment,162.47,1,110.53,0
12151,treatment,0.0,0,0.0,0
12152,treatment,34.48,0,0.0,0
12153,treatment,0.0,0,0.0,0
12154,control,23.15,0,0.0,0
12155,control,0.0,0,0.0,0
12156,treatment,36.66,0,0.0,0
12157,control,14.5,0,0.0,0
12158,control,0.0,1,113.61,0
12159,treatment,0.0,0,0.0,0
12160,treatment,75.01,1,46.73,0
12161,treatment,0.0,0,0.0,0
12162,control,0.0,0,0.0,0
12163,control,141.46,1,51.85,0
12164,treatment,0.0,0,0.0,0
12165,control,51.31,0,0.0,0
12166,control,51.2,0,0.0,0
12167,treatment,0.0,0,0.0,0
12168,control,0.0,0,0.0,0
12169,control,0.0,1,55.6,0
12170,treatment,0.0,0,0.0,0
12171,treatment,0.0,0,0.0,0
12172,treatment,224.39,0,0.0,0
12173,treatment,0.0,1,74.11,0
12174,control,91.28,0,0.0,0
12175,treatment,57.57,1,45.4,0
12176,treatment,0.0,1,37.82,0
12177,treatment,0.0,0,0.0,0
12178,control,0.0,0,0.0,0
12179,treatment,0.0,0,0.0,0
12180,control,0.0,0,0.0,0
12181,treatment,0.0,0,0.0,0
12182,treatment,155.96,0,0.0,0
12183,treatment,0.0,0,0.0,0
12184,control,105.51,0,0.0,0
12185,treatment,193.41,0,0.0,0
12186,treatment,0.0,0,0.0,0
12187,control,0.0,0,0.0,0
12188,treatment,111.81,0,0.0,0
12189,control,40.37,0,0.0,0
12190,control,39.25,0,0.0,0
12191,control,181.73,0,0.0,0
12192,control,27.93,0,0.0,0
12193,treatment,0.0,0,0.0,0
12194,treatment,55.07,0,0.0,0
12195,treatment,0.0,0,0.0,0
12196,control,35.44,0,0.0,0
12197,control,0.0,0,0.0,0
12198,control,0.0,0,0.0,0
12199,control,158.4,0,0.0,0
12200,treatment,255.84,0,0.0,0
12201,treatment,0.0,0,0.0,0
12202,treatment,30.7,0,0.0,0
12203,control,0.0,0,0.0,0
12204,treatment,0.0,0,0.0,0
12205,control,0.0,0,0.0,0
12206,control,200.31,0,0.0,0
12207,treatment,0.0,0,0.0,0
12208,control,0.0,0,0.0,0
12209,control,599.5,0,0.0,0
12210,treatment,0.0,1,40.29,0
12211,control,0.0,0,0.0,0
12212,control,0.0,1,112.65,0
12213,control,74.91,0,0.0,0
12214,control,0.0,0,0.0,0
12215,treatment,0.0,0,0.0,0
12216,control,0.0,0,0.0,0
12217,treatment,0.0,0,0.0,0
12218,control,24.55,0,0.0,0
12219,control,0.0,0,0.0,0
12220,control,0.0,0,0.0,0
12221,control,0.0,0,0.0,0
12222,treatment,0.0,0,0.0,0
12223,control,96.75,1,98.09,1
12224,control,0.0,0,0.0,0
12225,control,0.0,0,0.0,0
12226,control,27.43,0,0.0,0
12227,treatment,0.0,0,0.0,0
12228,control,0.0,0,0.0,0
12229,control,149.72,0,0.0,0
12230,treatment,58.02,1,37.71,0
12231,control,67.14,0,0.0,0
12232,treatment,55.14,0,0.0,0
12233,control,0.0,0,0.0,0
12234,treatment,31.53,0,0.0,0
12235,treatment,0.0,0,0.0,0
12236,treatment,46.84,0,0.0,0
12237,treatment,46.15,0,0.0,0
12238,treatment,93.55,0,0.0,0
12239,control,77.11,0,0.0,0
12240,control,0.0,0,0.0,0
12241,treatment,70.38,1,95.07,0
12242,treatment,0.0,0,0.0,0
12243,treatment,126.75,0,0.0,0
12244,treatment,93.2,0,0.0,0
12245,control,0.0,0,0.0,0
12246,treatment,0.0,0,0.0,0
12247,treatment,0.0,0,0.0,0
12248,treatment,0.0,0,0.0,0
12249,control,0.0,0,0.0,0
12250,treatment,58.62,0,0.0,0
12251,control,26.36,0,0.0,0
12252,control,0.0,1,21.52,0
12253,treatment,149.77,0,0.0,0
12254,control,0.0,0,0.0,0
12255,treatment,142.9,0,0.0,0
12256,treatment,0.0,0,0.0,0
12257,treatment,0.0,0,0.0,0
12258,control,0.0,0,0.0,0
12259,treatment,0.0,0,0.0,0
12260,control,0.0,1,87.07,0
12261,control,0.0,0,0.0,0
12262,control,297.93,1,76.86,0
12263,control,0.0,0,0.0,0
12264,treatment,65.0,1,61.25,0
12265,control,55.12,0,0.0,0
12266,treatment,275.27,1,148.17,0
12267,treatment,163.33,0,0.0,0
12268,control,210.33,0,0.0,0
12269,control,0.0,0,0.0,0
12270,treatment,0.0,0,0.0,0
12271,treatment,0.0,0,0.0,0
12272,control,86.69,1,33.61,0
12273,treatment,56.34,0,0.0,0
12274,treatment,114.91,0,0.0,0
12275,control,0.0,0,0.0,0
12276,control,0.0,1,35.85,0
12277,control,0.0,0,0.0,0
12278,treatment,0.0,0,0.0,0
12279,treatment,129.33,0,0.0,0
12280,control,31.31,0,0.0,0
12281,control,27.18,0,0.0,0
12282,treatment,115.06,0,0.0,0
12283,control,56.7,0,0.0,0
12284,treatment,0.0,0,0.0,0
12285,treatment,94.13,1,32.41,0
12286,treatment,30.52,0,0.0,0
12287,treatment,47.44,1,62.21,0
12288,control,0.0,0,0.0,0
12289,treatment,59.28,0,0.0,0
12290,treatment,20.56,0,0.0,0
12291,treatment,59.38,0,0.0,0
12292,treatment,0.0,0,0.0,0
12293,treatment,0.0,0,0.0,0
12294,treatment,0.0,0,0.0,0
12295,control,51.17,0,0.0,0
12296,control,57.01,0,0.0,0
12297,treatment,0.0,0,0.0,0
12298,control,104.27,0,0.0,0
12299,treatment,68.53,0,0.0,0
12300,control,0.0,0,0.0,0
12301,treatment,0.0,1,51.95,0
12302,treatment,97.06,0,0.0,0
12303,treatment,0.0,0,0.0,0
12304,control,0.0,0,0.0,0
12305,treatment,0.0,0,0.0,0
12306,control,372.86,0,0.0,0
12307,control,0.0,0,0.0,0
12308,control,0.0,0,0.0,0
12309,control,0.0,0,0.0,0
12310,control,0.0,0,0.0,0
12311,control,69.02,1,122.06,0
12312,control,526.07,0,0.0,0
12313,treatment,33.99,0,0.0,0
12314,treatment,0.0,0,0.0,0
12315,treatment,62.62,0,0.0,0
12316,control,81.6,1,36.58,0
12317,treatment,209.8,0,0.0,0
12318,control,107.39,1,29.67,0
12319,treatment,0.0,0,0.0,0
12320,treatment,0.0,0,0.0,0
12321,control,86.22,0,0.0,0
12322,treatment,60.98,0,0.0,0
12323,treatment,0.0,0,0.0,0
12324,control,73.56,0,0.0,0
12325,control,0.0,0,0.0,0
12326,treatment,0.0,0,0.0,0
12327,treatment,69.55,0,0.0,0
12328,control,43.99,0,0.0,0
12329,control,160.3,0,0.0,0
12330,control,33.22,0,0.0,0
12331,control,0.0,1,24.86,0
12332,treatment,0.0,0,0.0,0
12333,control,0.0,0,0.0,0
12334,control,43.07,1,109.6,1
12335,control,94.31,0,0.0,0
12336,treatment,194.55,1,106.05,0
12337,control,0.0,0,0.0,0
12338,control,0.0,0,0.0,0
12339,control,0.0,0,0.0,0
12340,treatment,0.0,0,0.0,0
12341,control,0.0,0,0.0,0
12342,treatment,0.0,0,0.0,0
12343,treatment,0.0,0,0.0,0
12344,control,67.43,0,0.0,0
12345,treatment,0.0,0,0.0,0
12346,treatment,585.24,1,66.5,0
12347,treatment,450.25,0,0.0,0
12348,control,0.0,0,0.0,0
12349,control,0.0,0,0.0,0
12350,treatment,0.0,0,0.0,0
12351,control,50.66,0,0.0,0
12352,control,71.69,0,0.0,0
12353,control,0.0,0,0.0,0
12354,treatment,0.0,0,0.0,0
12355,control,0.0,0,0.0,0
12356,control,0.0,0,0.0,0
12357,treatment,0.0,1,19.23,0
12358,treatment,92.1,0,0.0,0
12359,treatment,39.24,0,0.0,0
12360,control,29.54,0,0.0,0
12361,control,0.0,0,0.0,0
12362,treatment,0.0,0,0.0,0
12363,treatment,0.0,0,0.0,0
12364,control,160.85,0,0.0,0
12365,control,0.0,0,0.0,0
12366,control,0.0,1,23.5,0
12367,treatment,0.0,0,0.0,0
12368,control,0.0,0,0.0,0
12369,treatment,173.86,0,0.0,0
12370,control,167.08,1,86.1,1
12371,control,0.0,0,0.0,0
12372,treatment,66.8,0,0.0,0
12373,control,0.0,0,0.0,0
12374,treatment,0.0,0,0.0,0
12375,treatment,165.98,0,0.0,0
12376,control,0.0,1,108.57,0
12377,treatment,0.0,0,0.0,0
12378,control,72.69,1,43.24,0
12379,control,0.0,1,50.16,0
12380,treatment,87.56,0,0.0,0
12381,treatment,0.0,0,0.0,0
12382,control,114.48,0,0.0,0
12383,control,0.0,1,40.73,0
12384,control,0.0,0,0.0,0
12385,treatment,60.26,0,0.0,0
12386,control,57.51,0,0.0,0
12387,control,0.0,1,92.13,0
12388,treatment,0.0,0,0.0,0
12389,treatment,65.01,0,0.0,0
12390,control,0.0,0,0.0,0
12391,treatment,0.0,0,0.0,0
12392,treatment,0.0,1,33.63,0
12393,control,86.55,0,0.0,0
12394,treatment,0.0,0,0.0,0
12395,treatment,31.02,0,0.0,0
12396,treatment,0.0,1,53.47,0
12397,treatment,123.88,1,76.33,0
12398,treatment,0.0,0,0.0,0
12399,control,0.0,0,0.0,0
12400,treatment,163.15,1,47.46,0
12401,treatment,0.0,0,0.0,0
12402,treatment,34.67,0,0.0,0
12403,treatment,0.0,0,0.0,0
12404,control,0.0,0,0.0,0
12405,control,0.0,0,0.0,0
12406,treatment,0.0,1,25.5,0
12407,control,81.0,0,0.0,0
12408,control,0.0,0,0.0,0
12409,treatment,97.87,0,0.0,0
12410,control,0.0,0,0.0,0
12411,treatment,0.0,0,0.0,0
12412,treatment,36.7,0,0.0,0
12413,control,193.26,1,40.1,0
12414,control,116.88,0,0.0,0
12415,treatment,52.65,0,0.0,0
12416,control,120.36,0,0.0,0
12417,treatment,0.0,0,0.0,0
12418,treatment,43.22,0,0.0,0
12419,control,0.0,0,0.0,0
12420,control,37.07,1,29.24,0
12421,treatment,73.0,0,0.0,0
12422,control,30.74,0,0.0,0
12423,treatment,0.0,0,0.0,0
12424,treatment,142.32,0,0.0,0
12425,treatment,31.81,0,0.0,0
12426,control,49.19,0,0.0,0
12427,control,0.0,0,0.0,0
12428,control,65.47,0,0.0,0
12429,control,72.69,1,43.53,1
12430,control,0.0,0,0.0,0
12431,control,0.0,0,0.0,0
12432,control,0.0,0,0.0,0
12433,control,0.0,0,0.0,0
12434,treatment,0.0,0,0.0,0
12435,control,83.49,0,0.0,0
12436,control,49.14,0,0.0,0
12437,treatment,109.05,0,0.0,0
12438,treatment,39.27,0,0.0,0
12439,treatment,122.41,1,31.29,0
12440,control,0.0,0,0.0,0
12441,control,0.0,0,0.0,0
12442,treatment,240.15,0,0.0,0
12443,treatment,0.0,1,17.32,0
12444,control,0.0,0,0.0,0
12445,treatment,77.46,0,0.0,0
12446,treatment,53.3,0,0.0,0
12447,control,0.0,0,0.0,0
12448,treatment,272.19,0,0.0,0
12449,control,0.0,0,0.0,0
12450,control,0.0,0,0.0,0
12451,treatment,177.95,0,0.0,0
12452,treatment,97.29,1,117.4,0
12453,control,0.0,0,0.0,0
12454,treatment,0.0,0,0.0,0
12455,treatment,0.0,0,0.0,0
12456,control,0.0,0,0.0,0
12457,control,0.0,0,0.0,0
12458,control,0.0,0,0.0,0
12459,treatment,0.0,0,0.0,0
12460,treatment,203.5,1,68.93,0
12461,treatment,0.0,0,0.0,0
12462,treatment,144.47,0,0.0,0
12463,control,0.0,0,0.0,0
12464,treatment,32.62,0,0.0,0
12465,control,36.83,0,0.0,0
12466,treatment,173.53,1,36.33,0
12467,treatment,161.21,0,0.0,0
12468,control,0.0,0,0.0,0
12469,control,0.0,0,0.0,0
12470,control,0.0,0,0.0,0
12471,control,0.0,0,0.0,0
12472,control,0.0,0,0.0,0
12473,treatment,135.86,0,0.0,0
12474,control,29.82,0,0.0,0
12475,treatment,56.83,0,0.0,0
12476,treatment,0.0,0,0.0,0
12477,treatment,998.09,1,103.76,0
12478,control,136.82,0,0.0,0
12479,control,18.08,0,0.0,0
12480,control,0.0,1,42.12,0
12481,control,0.0,0,0.0,0
12482,treatment,273.52,0,0.0,0
12483,control,99.03,0,0.0,0
12484,treatment,0.0,0,0.0,0
12485,treatment,0.0,1,74.94,0
12486,treatment,34.24,0,0.0,0
12487,control,51.49,0,0.0,0
12488,treatment,0.0,0,0.0,0
12489,control,0.0,0,0.0,0
12490,control,0.0,0,0.0,0
12491,control,0.0,0,0.0,0
12492,treatment,0.0,0,0.0,0
12493,treatment,112.95,0,0.0,0
12494,treatment,46.35,0,0.0,0
12495,control,0.0,0,0.0,0
12496,treatment,48.68,0,0.0,0
12497,control,0.0,1,104.01,0
12498,treatment,0.0,0,0.0,0
12499,treatment,0.0,0,0.0,0
12500,control,179.44,0,0.0,0
12501,control,153.13,1,91.03,0
12502,treatment,624.31,1,72.13,0
12503,treatment,0.0,0,0.0,0
12504,control,0.0,0,0.0,0
12505,control,0.0,0,0.0,0
12506,control,1075.0,1,106.67,0
12507,control,918.58,0,0.0,0
12508,treatment,118.93,0,0.0,0
12509,treatment,27.0,0,0.0,0
12510,treatment,0.0,0,0.0,0
12511,treatment,0.0,0,0.0,0
12512,treatment,0.0,0,0.0,0
12513,treatment,0.0,0,0.0,0
12514,treatment,0.0,0,0.0,0
12515,control,0.0,0,0.0,0
12516,control,0.0,0,0.0,0
12517,treatment,0.0,0,0.0,0
12518,treatment,0.0,0,0.0,0
12519,treatment,0.0,0,0.0,0
12520,control,0.0,0,0.0,0
12521,treatment,78.9,0,0.0,0
12522,control,176.2,0,0.0,0
12523,treatment,27.39,0,0.0,0
12524,treatment,0.0,1,82.45,0
12525,control,46.17,0,0.0,0
12526,control,68.58,0,0.0,0
12527,treatment,0.0,0,0.0,0
12528,treatment,55.13,0,0.0,0
12529,treatment,130.72,0,0.0,0
12530,treatment,0.0,0,0.0,0
12531,control,0.0,0,0.0,0
12532,control,0.0,0,0.0,0
12533,control,0.0,0,0.0,0
12534,control,60.16,0,0.0,0
12535,treatment,0.0,0,0.0,0
12536,treatment,0.0,0,0.0,0
12537,treatment,56.24,0,0.0,0
12538,control,0.0,0,0.0,0
12539,treatment,0.0,0,0.0,0
12540,treatment,44.6,0,0.0,0
12541,treatment,107.1,0,0.0,0
12542,treatment,0.0,0,0.0,0
12543,control,0.0,0,0.0,0
12544,treatment,30.5,0,0.0,0
12545,control,37.66,0,0.0,0
12546,treatment,325.29,0,0.0,0
12547,treatment,0.0,0,0.0,0
12548,control,0.0,0,0.0,0
12549,control,0.0,0,0.0,0
12550,treatment,0.0,0,0.0,0
12551,treatment,0.0,0,0.0,0
12552,control,0.0,0,0.0,0
12553,treatment,0.0,0,0.0,0
12554,treatment,0.0,0,0.0,0
12555,control,0.0,0,0.0,0
12556,control,57.54,0,0.0,0
12557,treatment,0.0,0,0.0,0
12558,treatment,109.9,0,0.0,0
12559,treatment,0.0,0,0.0,0
12560,treatment,0.0,0,0.0,0
12561,treatment,0.0,0,0.0,0
12562,control,0.0,0,0.0,0
12563,treatment,0.0,0,0.0,0
12564,treatment,65.83,1,56.36,1
12565,treatment,208.33,0,0.0,0
12566,treatment,0.0,0,0.0,0
12567,control,174.7,1,27.7,0
12568,treatment,94.87,0,0.0,0
12569,control,21.89,0,0.0,0
12570,control,134.36,1,133.21,0
12571,treatment,470.11,1,119.76,0
12572,control,55.62,0,0.0,0
12573,control,103.74,0,0.0,0
12574,control,0.0,0,0.0,0
12575,treatment,0.0,0,0.0,0
12576,treatment,121.08,1,109.05,0
12577,control,0.0,0,0.0,0
12578,treatment,0.0,0,0.0,0
12579,treatment,68.96,0,0.0,0
12580,treatment,111.85,0,0.0,0
12581,control,148.76,1,78.61,0
12582,control,0.0,0,0.0,0
12583,treatment,0.0,0,0.0,0
12584,control,71.61,0,0.0,0
12585,control,0.0,0,0.0,0
12586,treatment,0.0,0,0.0,0
12587,treatment,324.1,0,0.0,0
12588,treatment,0.0,0,0.0,0
12589,treatment,0.0,0,0.0,0
12590,treatment,0.0,0,0.0,0
12591,treatment,240.15,0,0.0,0
12592,treatment,0.0,0,0.0,0
12593,treatment,949.92,1,125.92,0
12594,control,38.23,0,0.0,0
12595,treatment,22.41,0,0.0,0
12596,control,0.0,0,0.0,0
12597,control,0.0,0,0.0,0
12598,treatment,64.53,0,0.0,0
12599,treatment,0.0,0,0.0,0
12600,treatment,0.0,0,0.0,0
12601,treatment,48.36,0,0.0,0
12602,control,0.0,0,0.0,0
12603,control,0.0,0,0.0,0
12604,control,0.0,0,0.0,0
12605,treatment,0.0,0,0.0,0
12606,treatment,23.3,0,0.0,0
12607,control,210.74,1,46.18,0
12608,treatment,153.76,1,35.09,0
12609,treatment,48.98,0,0.0,0
12610,treatment,0.0,0,0.0,0
12611,control,85.41,0,0.0,0
12612,control,45.07,0,0.0,0
12613,treatment,157.63,0,0.0,0
12614,control,0.0,0,0.0,0
12615,treatment,90.35,1,54.33,0
12616,treatment,33.49,0,0.0,0
12617,treatment,0.0,0,0.0,0
12618,control,0.0,0,0.0,0
12619,treatment,0.0,0,0.0,0
12620,treatment,0.0,0,0.0,0
12621,control,0.0,0,0.0,0
12622,control,55.83,0,0.0,0
12623,control,0.0,0,0.0,0
12624,control,53.15,0,0.0,0
12625,control,0.0,0,0.0,0
12626,treatment,85.66,0,0.0,0
12627,treatment,0.0,0,0.0,0
12628,treatment,0.0,0,0.0,0
12629,treatment,49.71,0,0.0,0
12630,control,0.0,0,0.0,0
12631,control,115.79,1,27.4,0
12632,treatment,0.0,0,0.0,0
12633,treatment,0.0,1,194.35,0
12634,control,174.76,1,84.31,0
12635,treatment,50.63,1,21.28,0
12636,control,0.0,0,0.0,0
12637,control,0.0,0,0.0,0
12638,control,0.0,0,0.0,0
12639,treatment,161.29,1,83.99,0
12640,control,0.0,0,0.0,0
12641,control,201.91,1,57.38,0
12642,treatment,344.56,0,0.0,0
12643,treatment,419.24,0,0.0,0
12644,control,0.0,0,0.0,0
12645,treatment,39.32,0,0.0,0
12646,control,0.0,1,157.98,0
12647,treatment,0.0,0,0.0,0
12648,control,0.0,0,0.0,0
12649,control,27.98,0,0.0,0
12650,treatment,78.79,0,0.0,0
12651,treatment,152.69,0,0.0,0
12652,treatment,94.53,0,0.0,0
12653,control,192.6,0,0.0,0
12654,control,0.0,0,0.0,0
12655,treatment,93.45,1,51.63,0
12656,control,0.0,0,0.0,0
12657,treatment,0.0,0,0.0,0
12658,control,125.13,0,0.0,0
12659,treatment,86.23,0,0.0,0
12660,treatment,61.05,0,0.0,0
12661,control,150.57,0,0.0,0
12662,treatment,28.47,0,0.0,0
12663,treatment,169.1,0,0.0,0
12664,treatment,32.27,0,0.0,0
12665,treatment,55.78,0,0.0,0
12666,control,67.97,0,0.0,0
12667,treatment,105.59,0,0.0,0
12668,control,44.17,1,51.59,0
12669,treatment,17.62,0,0.0,0
12670,treatment,66.59,1,98.87,0
12671,control,57.42,0,0.0,0
12672,control,19.59,0,0.0,0
12673,control,0.0,0,0.0,0
12674,treatment,23.93,0,0.0,0
12675,control,56.96,0,0.0,0
12676,treatment,50.83,0,0.0,0
12677,treatment,71.07,0,0.0,0
12678,control,138.24,1,59.66,0
12679,control,0.0,1,41.02,0
12680,control,0.0,0,0.0,0
12681,control,0.0,0,0.0,0
12682,treatment,188.36,0,0.0,0
12683,control,55.85,0,0.0,0
12684,control,0.0,0,0.0,0
12685,treatment,497.87,1,79.92,0
12686,control,209.69,0,0.0,0
12687,treatment,83.99,1,51.3,0
12688,control,0.0,0,0.0,0
12689,treatment,0.0,0,0.0,0
12690,control,0.0,0,0.0,0
12691,control,0.0,0,0.0,0
12692,control,46.92,0,0.0,0
12693,treatment,60.27,1,24.66,0
12694,control,0.0,0,0.0,0
12695,treatment,429.54,0,0.0,0
12696,treatment,0.0,0,0.0,0
12697,control,0.0,0,0.0,0
12698,control,41.9,0,0.0,0
12699,treatment,0.0,0,0.0,0
12700,control,116.69,1,101.89,0
12701,control,0.0,0,0.0,0
12702,control,0.0,0,0.0,0
12703,treatment,32.42,0,0.0,0
12704,control,44.0,0,0.0,0
12705,control,0.0,0,0.0,0
12706,treatment,0.0,0,0.0,0
12707,treatment,0.0,0,0.0,0
12708,treatment,0.0,0,0.0,0
12709,control,0.0,1,35.34,0
12710,treatment,95.69,0,0.0,0
12711,control,0.0,0,0.0,0
12712,control,0.0,0,0.0,0
12713,treatment,43.02,0,0.0,0
12714,treatment,0.0,1,21.53,0
12715,control,0.0,0,0.0,0
12716,treatment,0.0,1,55.59,0
12717,control,0.0,0,0.0,0
12718,treatment,0.0,0,0.0,0
12719,control,79.71,0,0.0,0
12720,treatment,0.0,0,0.0,0
12721,control,267.95,0,0.0,0
12722,treatment,1161.49,1,36.27,0
12723,treatment,0.0,0,0.0,0
12724,treatment,0.0,0,0.0,0
12725,control,34.11,0,0.0,0
12726,treatment,61.21,0,0.0,0
12727,control,94.25,0,0.0,0
12728,treatment,118.09,0,0.0,0
12729,control,0.0,0,0.0,0
12730,treatment,0.0,0,0.0,0
12731,control,66.36,0,0.0,0
12732,treatment,576.44,1,74.38,0
12733,treatment,33.56,0,0.0,0
12734,treatment,0.0,0,0.0,0
12735,control,0.0,0,0.0,0
12736,treatment,0.0,0,0.0,0
12737,treatment,0.0,0,0.0,0
12738,treatment,20.57,0,0.0,0
12739,control,0.0,0,0.0,0
12740,treatment,69.29,0,0.0,0
12741,control,0.0,0,0.0,0
12742,control,100.44,0,0.0,0
12743,treatment,66.74,0,0.0,0
12744,treatment,0.0,0,0.0,0
12745,treatment,0.0,0,0.0,0
12746,control,0.0,0,0.0,0
12747,control,193.05,0,0.0,0
12748,treatment,0.0,0,0.0,0
12749,treatment,0.0,0,0.0,0
12750,treatment,35.88,0,0.0,0
12751,control,0.0,0,0.0,0
12752,control,0.0,0,0.0,0
12753,treatment,0.0,0,0.0,0
12754,control,0.0,1,71.22,0
12755,treatment,83.82,0,0.0,0
12756,control,182.25,0,0.0,0
12757,treatment,146.26,0,0.0,0
12758,treatment,67.61,0,0.0,0
12759,treatment,42.05,0,0.0,0
12760,control,0.0,0,0.0,0
12761,treatment,71.78,0,0.0,0
12762,control,0.0,0,0.0,0
12763,treatment,140.92,1,54.29,0
12764,control,0.0,0,0.0,0
12765,control,0.0,1,102.76,0
12766,treatment,135.35,0,0.0,0
12767,treatment,0.0,1,56.83,0
12768,treatment,63.92,0,0.0,0
12769,control,529.5,0,0.0,0
12770,treatment,32.62,0,0.0,0
12771,control,99.07,0,0.0,0
12772,control,58.36,0,0.0,0
12773,treatment,623.51,1,144.85,0
12774,control,0.0,0,0.0,0
12775,control,0.0,0,0.0,0
12776,treatment,0.0,0,0.0,0
12777,control,0.0,0,0.0,0
12778,treatment,89.65,0,0.0,0
12779,control,170.35,1,43.74,0
12780,treatment,0.0,0,0.0,0
12781,control,0.0,0,0.0,0
12782,treatment,0.0,0,0.0,0
12783,control,34.38,0,0.0,0
12784,treatment,29.9,0,0.0,0
12785,treatment,47.35,0,0.0,0
12786,control,444.96,0,0.0,0
12787,treatment,44.88,0,0.0,0
12788,treatment,41.65,0,0.0,0
12789,treatment,0.0,0,0.0,0
12790,control,56.62,0,0.0,0
12791,treatment,0.0,0,0.0,0
12792,control,0.0,0,0.0,0
12793,control,56.11,0,0.0,0
12794,control,35.34,0,0.0,0
12795,treatment,67.01,0,0.0,0
12796,treatment,84.1,0,0.0,0
12797,treatment,0.0,0,0.0,0
12798,treatment,0.0,0,0.0,0
12799,control,44.07,0,0.0,0
12800,treatment,0.0,1,158.48,0
12801,control,36.16,0,0.0,0
12802,control,0.0,0,0.0,0
12803,treatment,0.0,0,0.0,0
12804,treatment,132.33,0,0.0,0
12805,control,0.0,0,0.0,0
12806,treatment,86.11,1,47.16,0
12807,control,0.0,0,0.0,0
12808,treatment,0.0,1,49.05,0
12809,control,0.0,0,0.0,0
12810,control,0.0,0,0.0,0
12811,control,123.47,1,36.79,0
12812,treatment,42.85,0,0.0,0
12813,control,0.0,0,0.0,0
12814,control,22.09,0,0.0,0
12815,control,150.52,0,0.0,0
12816,control,42.87,1,42.0,0
12817,treatment,92.92,0,0.0,0
12818,control,66.98,0,0.0,0
12819,control,73.72,0,0.0,0
12820,control,79.89,0,0.0,0
12821,control,0.0,0,0.0,0
12822,control,160.92,0,0.0,0
12823,control,0.0,0,0.0,0
12824,treatment,0.0,0,0.0,0
12825,treatment,0.0,0,0.0,0
12826,treatment,31.84,0,0.0,0
12827,treatment,75.02,0,0.0,0
12828,control,0.0,0,0.0,0
12829,treatment,0.0,0,0.0,0
12830,control,44.61,0,0.0,0
12831,treatment,0.0,0,0.0,0
12832,treatment,71.15,1,26.7,0
12833,control,0.0,0,0.0,0
12834,treatment,0.0,0,0.0,0
12835,treatment,0.0,0,0.0,0
12836,treatment,131.95,0,0.0,0
12837,control,466.32,0,0.0,0
12838,control,93.11,0,0.0,0
12839,control,49.66,0,0.0,0
12840,treatment,0.0,0,0.0,0
12841,treatment,42.03,0,0.0,0
12842,treatment,101.05,1,60.62,0
12843,control,93.5,0,0.0,0
12844,control,180.73,1,88.86,0
12845,control,0.0,0,0.0,0
12846,control,0.0,0,0.0,0
12847,treatment,0.0,0,0.0,0
12848,treatment,0.0,0,0.0,0
12849,treatment,64.67,0,0.0,0
12850,control,165.12,0,0.0,0
12851,control,155.7,0,0.0,0
12852,treatment,54.61,0,0.0,0
12853,treatment,76.7,0,0.0,0
12854,treatment,68.98,1,59.54,0
12855,control,0.0,0,0.0,0
12856,treatment,35.86,0,0.0,0
12857,control,0.0,0,0.0,0
12858,control,118.76,0,0.0,0
12859,treatment,87.73,0,0.0,0
12860,treatment,436.86,0,0.0,0
12861,control,133.64,1,104.36,0
12862,treatment,0.0,0,0.0,0
12863,treatment,0.0,0,0.0,0
12864,control,82.33,1,61.51,0
12865,treatment,85.05,1,53.45,0
12866,treatment,0.0,1,41.04,0
12867,control,44.52,0,0.0,0
12868,control,78.02,0,0.0,0
12869,treatment,63.25,0,0.0,0
12870,treatment,0.0,0,0.0,0
12871,treatment,0.0,0,0.0,0
12872,control,27.06,0,0.0,0
12873,treatment,47.51,0,0.0,0
12874,treatment,0.0,0,0.0,0
12875,control,76.1,0,0.0,0
12876,treatment,0.0,1,41.21,0
12877,treatment,0.0,0,0.0,0
12878,control,0.0,1,44.04,0
12879,treatment,109.16,0,0.0,0
12880,control,0.0,0,0.0,0
12881,treatment,48.53,0,0.0,0
12882,treatment,0.0,1,30.79,1
12883,treatment,255.19,0,0.0,0
12884,treatment,0.0,0,0.0,0
12885,treatment,293.84,0,0.0,0
12886,treatment,80.73,0,0.0,0
12887,treatment,60.49,0,0.0,0
12888,control,0.0,0,0.0,0
12889,treatment,0.0,1,19.27,0
12890,control,305.44,0,0.0,0
12891,treatment,193.46,0,0.0,0
12892,treatment,0.0,0,0.0,0
12893,treatment,643.32,1,65.62,0
12894,control,0.0,0,0.0,0
12895,treatment,0.0,0,0.0,0
12896,control,218.51,0,0.0,0
12897,treatment,0.0,0,0.0,0
12898,treatment,0.0,0,0.0,0
12899,control,0.0,0,0.0,0
12900,control,47.97,0,0.0,0
12901,control,25.77,0,0.0,0
12902,control,0.0,0,0.0,0
12903,control,204.43,0,0.0,0
12904,control,0.0,0,0.0,0
12905,control,145.26,1,133.52,0
12906,treatment,0.0,0,0.0,0
12907,control,36.73,0,0.0,0
12908,treatment,318.01,0,0.0,0
12909,control,0.0,0,0.0,0
12910,treatment,0.0,0,0.0,0
12911,treatment,640.78,1,86.1,0
12912,treatment,119.82,0,0.0,0
12913,control,0.0,0,0.0,0
12914,treatment,183.67,0,0.0,0
12915,treatment,46.89,1,30.58,0
12916,control,85.72,0,0.0,0
12917,treatment,18.56,0,0.0,0
12918,treatment,32.6,0,0.0,0
12919,treatment,0.0,0,0.0,0
12920,treatment,0.0,0,0.0,0
12921,control,0.0,0,0.0,0
12922,control,73.91,1,30.59,0
12923,control,56.55,0,0.0,0
12924,control,44.67,0,0.0,0
12925,treatment,127.32,0,0.0,0
12926,treatment,49.23,1,68.64,0
12927,treatment,110.41,0,0.0,0
12928,treatment,0.0,0,0.0,0
12929,control,0.0,0,0.0,0
12930,control,113.6,0,0.0,0
12931,treatment,39.03,0,0.0,0
12932,control,66.32,0,0.0,0
12933,control,351.62,0,0.0,0
12934,treatment,0.0,0,0.0,0
12935,treatment,0.0,1,54.21,0
12936,control,0.0,0,0.0,0
12937,treatment,0.0,0,0.0,0
12938,treatment,0.0,0,0.0,0
12939,treatment,0.0,0,0.0,0
12940,treatment,0.0,0,0.0,0
12941,control,0.0,0,0.0,0
12942,control,118.71,1,50.05,0
12943,control,0.0,0,0.0,0
12944,treatment,33.67,0,0.0,0
12945,treatment,0.0,0,0.0,0
12946,control,0.0,0,0.0,0
12947,treatment,613.37,1,76.18,0
12948,control,0.0,0,0.0,0
12949,treatment,0.0,0,0.0,0
12950,treatment,0.0,0,0.0,0
12951,treatment,0.0,0,0.0,0
12952,treatment,203.72,0,0.0,0
12953,control,0.0,0,0.0,0
12954,control,35.62,0,0.0,0
12955,control,0.0,0,0.0,0
12956,control,0.0,1,79.64,0
12957,control,26.86,0,0.0,0
12958,treatment,0.0,0,0.0,0
12959,control,59.53,0,0.0,0
12960,control,0.0,1,24.86,0
12961,treatment,0.0,0,0.0,0
12962,control,26.07,0,0.0,0
12963,control,0.0,0,0.0,0
12964,treatment,0.0,0,0.0,0
12965,control,41.06,0,0.0,0
12966,control,0.0,1,78.92,0
12967,control,0.0,0,0.0,0
12968,treatment,38.51,0,0.0,0
12969,treatment,0.0,1,36.96,0
12970,treatment,0.0,0,0.0,0
12971,treatment,106.39,0,0.0,0
12972,control,0.0,0,0.0,0
12973,treatment,0.0,0,0.0,0
12974,control,102.58,0,0.0,0
12975,treatment,99.84,1,106.94,0
12976,treatment,0.0,0,0.0,0
12977,control,0.0,0,0.0,0
12978,control,81.38,0,0.0,0
12979,treatment,148.25,0,0.0,0
12980,treatment,0.0,0,0.0,0
12981,control,0.0,0,0.0,0
12982,treatment,0.0,0,0.0,0
12983,control,214.96,1,114.8,0
12984,control,0.0,0,0.0,0
12985,control,303.04,0,0.0,0
12986,treatment,39.54,0,0.0,0
12987,control,82.95,0,0.0,0
12988,treatment,179.61,0,0.0,0
12989,treatment,69.29,0,0.0,0
12990,control,93.86,0,0.0,0
12991,treatment,0.0,0,0.0,0
12992,control,430.66,1,46.12,0
12993,control,0.0,0,0.0,0
12994,treatment,68.18,0,0.0,0
12995,control,0.0,0,0.0,0
12996,treatment,23.84,0,0.0,0
12997,control,0.0,0,0.0,0
12998,treatment,0.0,1,63.38,0
12999,treatment,0.0,0,0.0,0
13000,control,89.38,0,0.0,0
13001,control,0.0,0,0.0,0
13002,control,0.0,0,0.0,0
13003,treatment,0.0,0,0.0,0
13004,treatment,0.0,0,0.0,0
13005,treatment,0.0,0,0.0,0
13006,treatment,0.0,0,0.0,0
13007,treatment,0.0,0,0.0,0
13008,treatment,0.0,0,0.0,0
13009,treatment,0.0,0,0.0,0
13010,control,44.53,0,0.0,0
13011,control,0.0,0,0.0,0
13012,treatment,54.86,0,0.0,0
13013,control,0.0,0,0.0,0
13014,control,0.0,0,0.0,0
13015,control,0.0,0,0.0,0
13016,control,41.96,0,0.0,0
13017,treatment,479.53,1,35.59,0
13018,control,0.0,0,0.0,0
13019,control,0.0,1,37.95,0
13020,control,39.03,0,0.0,0
13021,control,0.0,0,0.0,0
13022,treatment,0.0,0,0.0,0
13023,control,0.0,0,0.0,0
13024,control,33.89,0,0.0,0
13025,control,56.0,0,0.0,0
13026,treatment,90.14,1,40.11,0
13027,control,0.0,0,0.0,0
13028,control,60.93,0,0.0,0
13029,treatment,38.96,0,0.0,0
13030,treatment,230.4,0,0.0,0
13031,control,17.92,0,0.0,0
13032,treatment,454.52,1,134.65,0
13033,control,0.0,0,0.0,0
13034,treatment,51.23,0,0.0,0
13035,control,135.36,0,0.0,0
13036,control,98.4,0,0.0,0
13037,control,0.0,0,0.0,0
13038,treatment,27.07,0,0.0,0
13039,control,36.15,0,0.0,0
13040,treatment,47.84,1,62.58,0
13041,control,0.0,0,0.0,0
13042,control,0.0,0,0.0,0
13043,treatment,45.41,0,0.0,0
13044,control,0.0,0,0.0,0
13045,control,178.08,0,0.0,0
13046,treatment,37.69,0,0.0,0
13047,treatment,94.18,0,0.0,0
13048,control,40.72,0,0.0,0
13049,treatment,45.67,0,0.0,0
13050,control,575.63,0,0.0,0
13051,control,58.51,0,0.0,0
13052,control,0.0,0,0.0,0
13053,control,24.01,0,0.0,0
13054,control,29.69,0,0.0,0
13055,control,80.75,0,0.0,0
13056,treatment,0.0,0,0.0,0
13057,treatment,0.0,0,0.0,0
13058,control,332.53,0,0.0,0
13059,control,68.28,0,0.0,0
13060,control,67.56,0,0.0,0
13061,treatment,0.0,0,0.0,0
13062,treatment,0.0,0,0.0,0
13063,control,0.0,0,0.0,0
13064,treatment,318.1,0,0.0,0
13065,treatment,0.0,0,0.0,0
13066,treatment,37.73,0,0.0,0
13067,control,53.69,0,0.0,0
13068,treatment,63.12,0,0.0,0
13069,control,0.0,0,0.0,0
13070,control,365.47,0,0.0,0
13071,control,0.0,0,0.0,0
13072,control,0.0,0,0.0,0
13073,treatment,0.0,0,0.0,0
13074,control,139.85,0,0.0,0
13075,control,0.0,0,0.0,0
13076,control,0.0,0,0.0,0
13077,control,65.67,0,0.0,0
13078,control,61.63,0,0.0,0
13079,control,178.81,1,95.85,0
13080,control,62.35,0,0.0,0
13081,control,156.63,0,0.0,0
13082,control,79.03,0,0.0,0
13083,control,0.0,0,0.0,0
13084,control,0.0,0,0.0,0
13085,control,0.0,0,0.0,0
13086,treatment,121.15,0,0.0,0
13087,treatment,0.0,0,0.0,0
13088,treatment,0.0,0,0.0,0
13089,control,0.0,0,0.0,0
13090,treatment,0.0,0,0.0,0
13091,treatment,0.0,0,0.0,0
13092,control,115.63,0,0.0,0
13093,control,0.0,0,0.0,0
13094,treatment,187.75,0,0.0,0
13095,control,0.0,0,0.0,0
13096,treatment,336.74,0,0.0,0
13097,control,0.0,0,0.0,0
13098,control,69.74,0,0.0,0
13099,treatment,0.0,0,0.0,0
13100,treatment,0.0,0,0.0,0
13101,treatment,0.0,0,0.0,0
13102,treatment,70.89,0,0.0,0
13103,control,77.18,0,0.0,0
13104,treatment,0.0,0,0.0,0
13105,treatment,40.75,0,0.0,0
13106,treatment,75.26,0,0.0,0
13107,treatment,53.18,0,0.0,0
13108,control,42.96,0,0.0,0
13109,treatment,0.0,0,0.0,0
13110,treatment,0.0,0,0.0,0
13111,treatment,38.17,0,0.0,0
13112,treatment,149.29,0,0.0,0
13113,control,70.24,1,49.52,0
13114,control,0.0,0,0.0,0
13115,control,0.0,0,0.0,0
13116,control,0.0,0,0.0,0
13117,treatment,262.99,1,143.12,0
13118,treatment,70.74,0,0.0,0
13119,control,54.59,0,0.0,0
13120,treatment,0.0,1,40.9,0
13121,treatment,58.54,0,0.0,0
13122,treatment,103.89,1,45.76,0
13123,control,0.0,0,0.0,0
13124,control,0.0,0,0.0,0
13125,treatment,130.4,0,0.0,0
13126,control,0.0,0,0.0,0
13127,treatment,0.0,0,0.0,0
13128,control,65.07,0,0.0,0
13129,control,18.86,0,0.0,0
13130,control,0.0,0,0.0,0
13131,control,97.81,0,0.0,0
13132,control,91.17,0,0.0,0
13133,treatment,34.26,0,0.0,0
13134,control,0.0,1,30.62,0
13135,treatment,0.0,0,0.0,0
13136,treatment,0.0,1,87.93,0
13137,control,269.76,0,0.0,0
13138,treatment,0.0,0,0.0,0
13139,control,0.0,0,0.0,0
13140,control,0.0,0,0.0,0
13141,control,0.0,0,0.0,0
13142,control,0.0,0,0.0,0
13143,treatment,58.27,0,0.0,0
13144,control,0.0,0,0.0,0
13145,treatment,47.03,0,0.0,0
13146,control,32.87,0,0.0,0
13147,control,0.0,0,0.0,0
13148,treatment,0.0,0,0.0,0
13149,control,0.0,0,0.0,0
13150,control,264.34,1,68.7,0
13151,control,0.0,0,0.0,0
13152,control,0.0,0,0.0,0
13153,treatment,0.0,0,0.0,0
13154,treatment,0.0,0,0.0,0
13155,treatment,0.0,0,0.0,0
13156,control,63.35,0,0.0,0
13157,control,0.0,0,0.0,0
13158,treatment,0.0,0,0.0,0
13159,treatment,0.0,0,0.0,0
13160,control,0.0,0,0.0,0
13161,control,0.0,0,0.0,0
13162,treatment,540.83,0,0.0,0
13163,treatment,104.73,1,29.43,1
13164,treatment,0.0,0,0.0,0
13165,control,39.04,0,0.0,0
13166,treatment,0.0,0,0.0,0
13167,control,105.34,0,0.0,0
13168,treatment,0.0,0,0.0,0
13169,control,57.4,0,0.0,0
13170,control,55.0,0,0.0,0
13171,control,73.25,0,0.0,0
13172,control,86.59,0,0.0,0
13173,control,109.29,0,0.0,0
13174,treatment,102.87,0,0.0,0
13175,treatment,0.0,0,0.0,0
13176,treatment,0.0,0,0.0,0
13177,treatment,0.0,0,0.0,0
13178,treatment,98.41,0,0.0,0
13179,treatment,122.7,0,0.0,0
13180,treatment,50.33,0,0.0,0
13181,treatment,0.0,0,0.0,0
13182,treatment,0.0,1,44.05,0
13183,treatment,0.0,0,0.0,0
13184,control,39.06,0,0.0,0
13185,control,0.0,0,0.0,0
13186,treatment,33.31,0,0.0,0
13187,control,86.75,1,49.5,0
13188,control,0.0,0,0.0,0
13189,control,21.61,0,0.0,0
13190,control,437.63,0,0.0,0
13191,treatment,22.94,1,84.76,0
13192,treatment,0.0,0,0.0,0
13193,control,77.45,0,0.0,0
13194,treatment,100.9,0,0.0,0
13195,treatment,144.97,0,0.0,0
13196,treatment,0.0,0,0.0,0
13197,treatment,195.37,0,0.0,0
13198,control,73.57,0,0.0,0
13199,treatment,0.0,0,0.0,0
13200,treatment,604.39,1,199.57,0
13201,control,0.0,0,0.0,0
13202,control,0.0,0,0.0,0
13203,treatment,0.0,0,0.0,0
13204,control,0.0,1,49.12,0
13205,treatment,195.78,1,137.79,0
13206,treatment,0.0,0,0.0,0
13207,treatment,117.08,0,0.0,0
13208,control,306.25,0,0.0,0
13209,control,26.47,0,0.0,0
13210,treatment,0.0,0,0.0,0
13211,treatment,0.0,0,0.0,0
13212,control,56.61,0,0.0,0
13213,control,0.0,0,0.0,0
13214,control,39.45,0,0.0,0
13215,control,0.0,0,0.0,0
13216,control,72.45,0,0.0,0
13217,control,340.83,0,0.0,0
13218,control,109.27,1,33.65,0
13219,treatment,0.0,0,0.0,0
13220,treatment,44.15,1,113.37,0
13221,treatment,49.17,0,0.0,0
13222,treatment,0.0,0,0.0,0
13223,treatment,61.8,0,0.0,0
13224,treatment,0.0,1,59.1,0
13225,control,0.0,0,0.0,0
13226,treatment,0.0,0,0.0,0
13227,control,94.96,0,0.0,0
13228,control,125.98,1,30.36,0
13229,treatment,0.0,0,0.0,0
13230,control,35.53,0,0.0,0
13231,control,119.39,0,0.0,0
13232,treatment,192.4,0,0.0,0
13233,control,22.46,0,0.0,0
13234,treatment,0.0,0,0.0,0
13235,treatment,82.06,1,69.81,0
13236,control,0.0,0,0.0,0
13237,treatment,0.0,0,0.0,0
13238,treatment,35.99,0,0.0,0
13239,treatment,70.41,0,0.0,0
13240,control,132.07,0,0.0,0
13241,control,0.0,0,0.0,0
13242,treatment,1111.04,1,61.09,0
13243,treatment,0.0,0,0.0,0
13244,treatment,0.0,0,0.0,0
13245,control,47.44,0,0.0,0
13246,control,0.0,0,0.0,0
13247,control,99.78,0,0.0,0
13248,control,0.0,0,0.0,0
13249,treatment,0.0,0,0.0,0
13250,treatment,55.55,0,0.0,0
13251,treatment,0.0,0,0.0,0
13252,control,49.51,0,0.0,0
13253,treatment,90.99,0,0.0,0
13254,treatment,40.92,0,0.0,0
13255,treatment,0.0,0,0.0,0
13256,treatment,26.37,1,69.65,1
13257,control,0.0,0,0.0,0
13258,treatment,35.65,0,0.0,0
13259,control,0.0,0,0.0,0
13260,control,0.0,0,0.0,0
13261,treatment,79.87,0,0.0,0
13262,control,51.45,0,0.0,0
13263,control,0.0,0,0.0,0
13264,treatment,249.74,0,0.0,0
13265,treatment,61.51,0,0.0,0
13266,control,0.0,0,0.0,0
13267,treatment,0.0,0,0.0,0
13268,treatment,0.0,0,0.0,0
13269,treatment,24.5,0,0.0,0
13270,treatment,482.34,1,67.12,0
13271,treatment,154.44,0,0.0,0
13272,control,0.0,0,0.0,0
13273,control,0.0,0,0.0,0
13274,control,121.16,1,114.29,0
13275,control,801.26,1,148.68,0
13276,control,89.07,0,0.0,0
13277,treatment,40.54,0,0.0,0
13278,treatment,0.0,0,0.0,0
13279,treatment,0.0,0,0.0,0
13280,control,190.8,1,37.69,0
13281,control,151.16,0,0.0,0
13282,treatment,161.5,0,0.0,0
13283,control,596.66,1,148.99,0
13284,control,41.49,0,0.0,0
13285,control,47.86,0,0.0,0
13286,control,0.0,0,0.0,0
13287,treatment,0.0,0,0.0,0
13288,control,88.8,0,0.0,0
13289,control,0.0,0,0.0,0
13290,control,34.22,0,0.0,0
13291,treatment,32.64,0,0.0,0
13292,control,0.0,0,0.0,0
13293,control,0.0,0,0.0,0
13294,control,47.37,0,0.0,0
13295,control,0.0,0,0.0,0
13296,control,0.0,0,0.0,0
13297,control,0.0,0,0.0,0
13298,treatment,63.29,0,0.0,0
13299,control,112.51,0,0.0,0
13300,treatment,0.0,0,0.0,0
13301,control,76.42,0,0.0,0
13302,control,0.0,0,0.0,0
13303,treatment,0.0,0,0.0,0
13304,control,0.0,0,0.0,0
13305,treatment,0.0,0,0.0,0
13306,control,44.01,0,0.0,0
13307,control,84.89,0,0.0,0
13308,treatment,0.0,1,56.81,0
13309,treatment,0.0,1,75.45,0
13310,treatment,0.0,0,0.0,0
13311,control,0.0,0,0.0,0
13312,treatment,0.0,0,0.0,0
13313,treatment,123.43,0,0.0,0
13314,treatment,0.0,0,0.0,0
13315,treatment,0.0,0,0.0,0
13316,control,0.0,0,0.0,0
13317,control,36.76,0,0.0,0
13318,control,31.95,0,0.0,0
13319,control,275.51,0,0.0,0
13320,treatment,114.25,0,0.0,0
13321,control,0.0,0,0.0,0
13322,control,0.0,0,0.0,0
13323,control,73.13,1,19.26,0
13324,control,0.0,0,0.0,0
13325,treatment,0.0,0,0.0,0
13326,treatment,48.47,0,0.0,0
13327,treatment,0.0,0,0.0,0
13328,treatment,0.0,0,0.0,0
13329,control,0.0,0,0.0,0
13330,control,0.0,0,0.0,0
13331,control,0.0,0,0.0,0
13332,treatment,127.35,0,0.0,0
13333,control,296.08,0,0.0,0
13334,control,81.13,0,0.0,0
13335,treatment,0.0,0,0.0,0
13336,treatment,385.94,1,52.46,0
13337,treatment,29.29,0,0.0,0
13338,control,60.5,0,0.0,0
13339,treatment,0.0,0,0.0,0
13340,treatment,198.63,0,0.0,0
13341,treatment,0.0,0,0.0,0
13342,treatment,49.78,1,55.78,1
13343,control,0.0,0,0.0,0
13344,treatment,49.64,0,0.0,0
13345,control,0.0,0,0.0,0
13346,control,0.0,0,0.0,0
13347,control,0.0,0,0.0,0
13348,treatment,0.0,0,0.0,0
13349,control,35.13,0,0.0,0
13350,control,79.54,0,0.0,0
13351,control,34.41,0,0.0,0
13352,control,48.72,0,0.0,0
13353,treatment,0.0,0,0.0,0
13354,control,0.0,0,0.0,0
13355,control,0.0,0,0.0,0
13356,treatment,33.12,0,0.0,0
13357,treatment,0.0,1,43.81,0
13358,control,0.0,0,0.0,0
13359,treatment,0.0,0,0.0,0
13360,treatment,0.0,0,0.0,0
13361,treatment,61.74,1,128.49,0
13362,control,57.17,0,0.0,0
13363,treatment,0.0,0,0.0,0
13364,control,0.0,0,0.0,0
13365,treatment,43.0,0,0.0,0
13366,treatment,0.0,0,0.0,0
13367,treatment,154.09,0,0.0,0
13368,treatment,134.23,0,0.0,0
13369,control,0.0,0,0.0,0
13370,treatment,34.54,0,0.0,0
13371,treatment,102.04,0,0.0,0
13372,treatment,40.1,0,0.0,0
13373,control,79.47,1,68.3,0
13374,treatment,0.0,0,0.0,0
13375,treatment,0.0,0,0.0,0
13376,control,0.0,1,91.68,0
13377,treatment,56.24,0,0.0,0
13378,treatment,36.15,0,0.0,0
13379,treatment,49.37,0,0.0,0
13380,treatment,82.09,0,0.0,0
13381,control,0.0,0,0.0,0
13382,control,0.0,0,0.0,0
13383,treatment,131.99,0,0.0,0
13384,control,0.0,0,0.0,0
13385,treatment,0.0,0,0.0,0
13386,control,0.0,0,0.0,0
13387,control,0.0,0,0.0,0
13388,control,33.54,0,0.0,0
13389,treatment,72.44,0,0.0,0
13390,treatment,0.0,0,0.0,0
13391,treatment,72.07,0,0.0,0
13392,control,71.74,0,0.0,0
13393,control,154.41,0,0.0,0
13394,control,0.0,0,0.0,0
13395,treatment,0.0,0,0.0,0
13396,control,84.85,0,0.0,0
13397,treatment,0.0,0,0.0,0
13398,control,0.0,0,0.0,0
13399,control,0.0,0,0.0,0
13400,control,0.0,0,0.0,0
13401,treatment,0.0,0,0.0,0
13402,control,0.0,0,0.0,0
13403,control,0.0,1,24.11,0
13404,control,610.26,0,0.0,0
13405,treatment,442.27,0,0.0,0
13406,control,50.04,0,0.0,0
13407,control,0.0,0,0.0,0
13408,treatment,132.5,0,0.0,0
13409,treatment,45.06,0,0.0,0
13410,treatment,99.12,0,0.0,0
13411,control,0.0,0,0.0,0
13412,control,0.0,0,0.0,0
13413,control,86.97,1,80.29,0
13414,treatment,47.86,0,0.0,0
13415,control,0.0,1,40.88,1
13416,control,71.43,0,0.0,0
13417,control,0.0,1,31.07,0
13418,control,0.0,0,0.0,0
13419,treatment,179.16,1,86.7,0
13420,treatment,89.45,1,30.19,0
13421,treatment,0.0,0,0.0,0
13422,treatment,0.0,1,50.32,0
13423,control,0.0,0,0.0,0
13424,treatment,0.0,0,0.0,0
13425,treatment,168.0,0,0.0,0
13426,treatment,57.92,0,0.0,0
13427,treatment,0.0,0,0.0,0
13428,treatment,147.22,0,0.0,0
13429,treatment,240.2,1,81.93,0
13430,control,0.0,1,22.57,0
13431,control,678.93,1,133.65,0
13432,treatment,0.0,0,0.0,0
13433,control,160.17,0,0.0,0
13434,treatment,71.13,0,0.0,0
13435,control,24.06,0,0.0,0
13436,control,61.03,0,0.0,0
13437,control,46.42,0,0.0,0
13438,control,0.0,0,0.0,0
13439,treatment,0.0,0,0.0,0
13440,treatment,36.98,0,0.0,0
13441,treatment,0.0,0,0.0,0
13442,treatment,110.3,0,0.0,0
13443,control,0.0,0,0.0,0
13444,control,35.21,1,35.29,1
13445,control,0.0,0,0.0,0
13446,control,0.0,0,0.0,0
13447,treatment,188.81,0,0.0,0
13448,control,208.08,1,87.17,0
13449,control,0.0,0,0.0,0
13450,treatment,38.13,0,0.0,0
13451,treatment,245.81,1,104.97,0
13452,control,38.92,0,0.0,0
13453,treatment,104.83,1,176.27,0
13454,control,0.0,0,0.0,0
13455,treatment,37.36,0,0.0,0
13456,control,0.0,0,0.0,0
13457,treatment,26.61,0,0.0,0
13458,control,0.0,0,0.0,0
13459,treatment,25.08,0,0.0,0
13460,treatment,255.14,0,0.0,0
13461,control,0.0,0,0.0,0
13462,control,0.0,0,0.0,0
13463,treatment,0.0,0,0.0,0
13464,treatment,55.09,0,0.0,0
13465,control,27.53,0,0.0,0
13466,treatment,0.0,0,0.0,0
13467,treatment,0.0,0,0.0,0
13468,treatment,0.0,1,60.46,0
13469,control,192.9,0,0.0,0
13470,treatment,0.0,1,42.56,0
13471,treatment,0.0,0,0.0,0
13472,control,147.16,0,0.0,0
13473,control,0.0,0,0.0,0
13474,control,94.87,0,0.0,0
13475,control,0.0,0,0.0,0
13476,treatment,0.0,0,0.0,0
13477,treatment,339.26,1,62.56,0
13478,control,0.0,0,0.0,0
13479,treatment,38.35,0,0.0,0
13480,control,66.57,0,0.0,0
13481,control,0.0,1,38.73,0
13482,control,0.0,0,0.0,0
13483,treatment,0.0,0,0.0,0
13484,control,213.39,0,0.0,0
13485,control,0.0,0,0.0,0
13486,treatment,0.0,0,0.0,0
13487,treatment,55.13,0,0.0,0
13488,treatment,0.0,0,0.0,0
13489,control,81.14,1,39.02,0
13490,treatment,0.0,0,0.0,0
13491,control,0.0,0,0.0,0
13492,treatment,0.0,0,0.0,0
13493,treatment,26.14,1,40.32,0
13494,treatment,0.0,0,0.0,0
13495,control,21.29,0,0.0,0
13496,treatment,0.0,0,0.0,0
13497,treatment,162.1,0,0.0,0
13498,control,29.15,0,0.0,0
13499,control,131.01,0,0.0,0
13500,treatment,80.41,0,0.0,0
13501,treatment,22.2,1,20.68,0
13502,treatment,0.0,0,0.0,0
13503,control,0.0,0,0.0,0
13504,treatment,0.0,0,0.0,0
13505,control,0.0,0,0.0,0
13506,treatment,53.06,0,0.0,0
13507,control,193.28,0,0.0,0
13508,control,429.5,1,70.54,1
13509,treatment,59.57,0,0.0,0
13510,treatment,60.1,0,0.0,0
13511,treatment,174.4,0,0.0,0
13512,control,289.06,0,0.0,0
13513,control,0.0,0,0.0,0
13514,treatment,92.03,0,0.0,0
13515,treatment,26.58,0,0.0,0
13516,treatment,0.0,0,0.0,0
13517,treatment,253.21,0,0.0,0
13518,treatment,72.59,0,0.0,0
13519,control,44.09,0,0.0,0
13520,control,227.2,0,0.0,0
13521,control,0.0,0,0.0,0
13522,treatment,108.88,0,0.0,0
13523,treatment,34.64,0,0.0,0
13524,treatment,46.23,0,0.0,0
13525,treatment,31.93,0,0.0,0
13526,control,0.0,0,0.0,0
13527,treatment,83.77,0,0.0,0
13528,treatment,0.0,0,0.0,0
13529,control,210.13,0,0.0,0
13530,treatment,0.0,0,0.0,0
13531,control,0.0,0,0.0,0
13532,control,70.29,0,0.0,0
13533,treatment,58.38,0,0.0,0
13534,control,60.51,0,0.0,0
13535,control,23.88,0,0.0,0
13536,control,37.53,0,0.0,0
13537,control,0.0,1,61.03,0
13538,control,39.02,0,0.0,0
13539,control,0.0,0,0.0,0
13540,control,57.44,1,25.33,0
13541,treatment,0.0,0,0.0,0
13542,control,88.89,0,0.0,0
13543,treatment,0.0,0,0.0,0
13544,control,90.41,0,0.0,0
13545,control,0.0,0,0.0,0
13546,control,83.34,0,0.0,0
13547,control,0.0,0,0.0,0
13548,control,0.0,0,0.0,0
13549,control,292.48,0,0.0,0
13550,treatment,35.69,0,0.0,0
13551,treatment,36.23,0,0.0,0
13552,control,30.53,0,0.0,0
13553,control,0.0,1,18.83,0
13554,treatment,0.0,0,0.0,0
13555,control,0.0,0,0.0,0
13556,treatment,0.0,0,0.0,0
13557,treatment,43.42,0,0.0,0
13558,control,121.93,0,0.0,0
13559,control,0.0,0,0.0,0
13560,treatment,50.28,0,0.0,0
13561,control,60.08,1,57.59,0
13562,treatment,54.2,0,0.0,0
13563,control,105.53,0,0.0,0
13564,treatment,0.0,0,0.0,0
13565,control,0.0,0,0.0,0
13566,treatment,35.0,0,0.0,0
13567,control,0.0,0,0.0,0
13568,control,196.38,0,0.0,0
13569,control,0.0,0,0.0,0
13570,treatment,35.7,0,0.0,0
13571,control,71.22,0,0.0,0
13572,treatment,29.23,0,0.0,0
13573,control,0.0,0,0.0,0
13574,treatment,0.0,0,0.0,0
13575,control,91.01,0,0.0,0
13576,control,90.76,0,0.0,0
13577,control,0.0,0,0.0,0
13578,control,0.0,0,0.0,0
13579,control,0.0,0,0.0,0
13580,treatment,0.0,0,0.0,0
13581,control,49.68,1,43.59,0
13582,control,38.32,0,0.0,0
13583,control,0.0,0,0.0,0
13584,treatment,54.55,0,0.0,0
13585,control,74.15,0,0.0,0
13586,control,25.05,0,0.0,0
13587,control,0.0,0,0.0,0
13588,control,169.23,0,0.0,0
13589,control,0.0,0,0.0,0
13590,treatment,0.0,0,0.0,0
13591,treatment,53.73,0,0.0,0
13592,treatment,0.0,0,0.0,0
13593,treatment,0.0,0,0.0,0
13594,control,0.0,1,20.17,0
13595,treatment,0.0,0,0.0,0
13596,treatment,79.46,0,0.0,0
13597,control,92.59,0,0.0,0
13598,treatment,13.72,0,0.0,0
13599,treatment,67.68,0,0.0,0
13600,treatment,0.0,0,0.0,0
13601,treatment,97.73,0,0.0,0
13602,control,0.0,0,0.0,0
13603,control,129.8,0,0.0,0
13604,control,0.0,0,0.0,0
13605,control,31.37,0,0.0,0
13606,control,0.0,0,0.0,0
13607,control,51.47,0,0.0,0
13608,treatment,46.04,0,0.0,0
13609,treatment,30.73,0,0.0,0
13610,control,58.76,1,33.51,0
13611,treatment,0.0,0,0.0,0
13612,treatment,36.85,0,0.0,0
13613,treatment,82.94,0,0.0,0
13614,treatment,0.0,0,0.0,0
13615,control,0.0,0,0.0,0
13616,control,55.89,0,0.0,0
13617,control,54.51,0,0.0,0
13618,treatment,198.87,0,0.0,0
13619,control,83.93,0,0.0,0
13620,control,0.0,0,0.0,0
13621,control,114.06,0,0.0,0
13622,treatment,386.21,1,158.78,0
13623,control,0.0,0,0.0,0
13624,treatment,0.0,0,0.0,0
13625,control,59.49,0,0.0,0
13626,control,0.0,1,51.24,0
13627,treatment,271.65,0,0.0,0
13628,treatment,0.0,0,0.0,0
13629,treatment,44.4,0,0.0,0
13630,treatment,145.13,0,0.0,0
13631,control,262.52,0,0.0,0
13632,control,235.2,0,0.0,0
13633,treatment,0.0,0,0.0,0
13634,treatment,0.0,0,0.0,0
13635,treatment,98.89,0,0.0,0
13636,treatment,0.0,0,0.0,0
13637,treatment,0.0,0,0.0,0
13638,control,0.0,0,0.0,0
13639,treatment,0.0,0,0.0,0
13640,treatment,0.0,0,0.0,0
13641,control,298.75,0,0.0,0
13642,control,0.0,0,0.0,0
13643,control,49.61,0,0.0,0
13644,control,0.0,0,0.0,0
13645,treatment,0.0,0,0.0,0
13646,treatment,831.02,1,68.38,0
13647,treatment,0.0,0,0.0,0
13648,treatment,56.68,0,0.0,0
13649,treatment,72.62,1,83.17,0
13650,control,74.72,0,0.0,0
13651,treatment,115.81,0,0.0,0
13652,treatment,66.44,0,0.0,0
13653,control,123.14,0,0.0,0
13654,treatment,43.63,0,0.0,0
13655,control,0.0,0,0.0,0
13656,control,92.92,1,217.31,0
13657,treatment,0.0,1,36.73,0
13658,treatment,0.0,0,0.0,0
13659,treatment,299.23,1,139.78,1
13660,control,0.0,0,0.0,0
13661,treatment,145.93,1,50.86,0
13662,control,84.24,1,66.84,0
13663,treatment,64.79,0,0.0,0
13664,control,0.0,0,0.0,0
13665,treatment,69.62,0,0.0,0
13666,treatment,0.0,0,0.0,0
13667,control,37.83,0,0.0,0
13668,treatment,108.51,1,54.93,0
13669,control,0.0,0,0.0,0
13670,treatment,0.0,0,0.0,0
13671,treatment,0.0,0,0.0,0
13672,control,0.0,0,0.0,0
13673,treatment,123.1,1,104.51,0
13674,control,0.0,0,0.0,0
13675,control,0.0,0,0.0,0
13676,control,0.0,0,0.0,0
13677,treatment,0.0,0,0.0,0
13678,control,0.0,0,0.0,0
13679,treatment,0.0,1,180.02,0
13680,treatment,41.95,0,0.0,0
13681,treatment,66.64,0,0.0,0
13682,treatment,0.0,0,0.0,0
13683,control,0.0,0,0.0,0
13684,treatment,0.0,0,0.0,0
13685,treatment,53.52,0,0.0,0
13686,control,143.85,0,0.0,0
13687,control,0.0,0,0.0,0
13688,treatment,0.0,0,0.0,0
13689,treatment,0.0,0,0.0,0
13690,treatment,102.87,0,0.0,0
13691,treatment,51.06,0,0.0,0
13692,treatment,0.0,0,0.0,0
13693,control,0.0,0,0.0,0
13694,treatment,0.0,0,0.0,0
13695,control,0.0,0,0.0,0
13696,treatment,335.86,0,0.0,0
13697,treatment,35.89,0,0.0,0
13698,control,0.0,0,0.0,0
13699,control,30.61,0,0.0,0
13700,control,0.0,0,0.0,0
13701,treatment,0.0,0,0.0,0
13702,control,49.8,0,0.0,0
13703,treatment,0.0,0,0.0,0
13704,control,69.2,0,0.0,0
13705,treatment,48.3,0,0.0,0
13706,treatment,24.88,0,0.0,0
13707,treatment,185.31,0,0.0,0
13708,control,0.0,1,185.59,0
13709,treatment,132.71,0,0.0,0
13710,control,35.29,0,0.0,0
13711,treatment,0.0,0,0.0,0
13712,treatment,0.0,0,0.0,0
13713,treatment,0.0,0,0.0,0
13714,treatment,0.0,1,76.04,0
13715,treatment,33.67,0,0.0,0
13716,control,0.0,0,0.0,0
13717,control,66.71,0,0.0,0
13718,control,0.0,0,0.0,0
13719,treatment,757.19,1,58.16,0
13720,control,0.0,0,0.0,0
13721,control,0.0,0,0.0,0
13722,treatment,0.0,0,0.0,0
13723,treatment,0.0,0,0.0,0
13724,treatment,43.22,0,0.0,0
13725,treatment,0.0,0,0.0,0
13726,treatment,126.78,0,0.0,0
13727,treatment,176.36,1,61.65,0
13728,control,0.0,0,0.0,0
13729,control,0.0,0,0.0,0
13730,control,116.65,0,0.0,0
13731,treatment,140.15,0,0.0,0
13732,treatment,0.0,0,0.0,0
13733,control,0.0,0,0.0,0
13734,control,60.52,0,0.0,0
13735,control,41.98,0,0.0,0
13736,treatment,240.98,0,0.0,0
13737,treatment,0.0,0,0.0,0
13738,treatment,0.0,0,0.0,0
13739,control,0.0,0,0.0,0
13740,treatment,0.0,0,0.0,0
13741,treatment,67.78,0,0.0,0
13742,control,0.0,1,56.4,0
13743,control,38.6,0,0.0,0
13744,control,37.62,0,0.0,0
13745,treatment,0.0,0,0.0,0
13746,treatment,0.0,0,0.0,0
13747,control,0.0,0,0.0,0
13748,treatment,40.85,0,0.0,0
13749,control,0.0,0,0.0,0
13750,treatment,43.98,0,0.0,0
13751,treatment,0.0,0,0.0,0
13752,control,34.36,0,0.0,0
13753,treatment,134.03,0,0.0,0
13754,control,0.0,0,0.0,0
13755,control,85.65,0,0.0,0
13756,control,0.0,0,0.0,0
13757,control,0.0,0,0.0,0
13758,treatment,0.0,0,0.0,0
13759,treatment,0.0,0,0.0,0
13760,control,209.44,0,0.0,0
13761,control,110.99,0,0.0,0
13762,control,0.0,0,0.0,0
13763,treatment,0.0,0,0.0,0
13764,control,0.0,0,0.0,0
13765,control,73.99,0,0.0,0
13766,treatment,0.0,1,36.57,0
13767,control,816.11,1,126.62,0
13768,treatment,0.0,0,0.0,0
13769,control,34.61,0,0.0,0
13770,control,0.0,0,0.0,0
13771,control,39.88,0,0.0,0
13772,control,238.09,0,0.0,0
13773,treatment,0.0,0,0.0,0
13774,treatment,0.0,0,0.0,0
13775,control,0.0,0,0.0,0
13776,control,97.0,0,0.0,0
13777,treatment,0.0,1,123.94,0
13778,treatment,21.78,0,0.0,0
13779,control,0.0,0,0.0,0
13780,treatment,98.36,1,59.68,0
13781,treatment,0.0,0,0.0,0
13782,control,0.0,0,0.0,0
13783,control,0.0,0,0.0,0
13784,control,55.45,0,0.0,0
13785,control,0.0,0,0.0,0
13786,treatment,66.58,0,0.0,0
13787,control,468.57,0,0.0,0
13788,treatment,14.41,0,0.0,0
13789,treatment,0.0,0,0.0,0
13790,treatment,81.17,0,0.0,0
13791,treatment,0.0,0,0.0,0
13792,treatment,0.0,0,0.0,0
13793,treatment,52.29,0,0.0,0
13794,control,68.27,0,0.0,0
13795,treatment,0.0,0,0.0,0
13796,treatment,0.0,0,0.0,0
13797,treatment,0.0,0,0.0,0
13798,treatment,223.06,0,0.0,0
13799,control,0.0,1,70.72,0
13800,treatment,84.46,0,0.0,0
13801,treatment,0.0,0,0.0,0
13802,treatment,252.83,1,21.28,0
13803,control,0.0,0,0.0,0
13804,control,0.0,0,0.0,0
13805,control,64.67,0,0.0,0
13806,control,77.7,0,0.0,0
13807,control,0.0,0,0.0,0
13808,control,31.5,0,0.0,0
13809,control,0.0,0,0.0,0
13810,treatment,24.37,0,0.0,0
13811,treatment,45.21,0,0.0,0
13812,treatment,0.0,0,0.0,0
13813,control,0.0,0,0.0,0
13814,control,226.14,0,0.0,0
13815,treatment,0.0,0,0.0,0
13816,control,44.28,0,0.0,0
13817,control,0.0,0,0.0,0
13818,treatment,0.0,0,0.0,0
13819,treatment,146.89,0,0.0,0
13820,control,73.93,0,0.0,0
13821,control,0.0,0,0.0,0
13822,treatment,0.0,0,0.0,0
13823,treatment,93.31,1,37.24,0
13824,control,0.0,0,0.0,0
13825,control,0.0,0,0.0,0
13826,control,221.44,0,0.0,0
13827,control,37.24,0,0.0,0
13828,control,35.64,0,0.0,0
13829,control,34.25,0,0.0,0
13830,treatment,0.0,0,0.0,0
13831,control,99.72,0,0.0,0
13832,control,0.0,0,0.0,0
13833,control,0.0,0,0.0,0
13834,treatment,0.0,0,0.0,0
13835,treatment,0.0,0,0.0,0
13836,treatment,235.41,0,0.0,0
13837,treatment,130.41,0,0.0,0
13838,control,0.0,0,0.0,0
13839,treatment,102.11,0,0.0,0
13840,treatment,0.0,0,0.0,0
13841,control,82.09,0,0.0,0
13842,treatment,264.92,0,0.0,0
13843,treatment,115.0,0,0.0,0
13844,treatment,0.0,0,0.0,0
13845,control,76.71,0,0.0,0
13846,treatment,0.0,1,67.21,0
13847,control,35.35,1,67.63,0
13848,treatment,0.0,0,0.0,0
13849,control,27.85,0,0.0,0
13850,control,67.66,0,0.0,0
13851,treatment,0.0,0,0.0,0
13852,control,0.0,0,0.0,0
13853,treatment,0.0,0,0.0,0
13854,control,0.0,0,0.0,0
13855,treatment,122.55,0,0.0,0
13856,control,246.6,0,0.0,0
13857,treatment,0.0,0,0.0,0
13858,treatment,31.15,0,0.0,0
13859,control,0.0,0,0.0,0
13860,treatment,0.0,0,0.0,0
13861,control,64.18,1,81.28,0
13862,treatment,51.26,0,0.0,0
13863,treatment,0.0,0,0.0,0
13864,treatment,0.0,0,0.0,0
13865,treatment,262.83,1,108.88,0
13866,treatment,0.0,0,0.0,0
13867,treatment,0.0,0,0.0,0
13868,control,138.94,0,0.0,0
13869,control,0.0,0,0.0,0
13870,treatment,0.0,0,0.0,0
13871,control,0.0,0,0.0,0
13872,control,0.0,0,0.0,0
13873,treatment,0.0,0,0.0,0
13874,treatment,96.14,0,0.0,0
13875,control,0.0,0,0.0,0
13876,control,48.21,0,0.0,0
13877,treatment,0.0,0,0.0,0
13878,treatment,0.0,0,0.0,0
13879,treatment,0.0,0,0.0,0
13880,control,142.61,0,0.0,0
13881,control,0.0,0,0.0,0
13882,treatment,160.01,0,0.0,0
13883,treatment,26.57,0,0.0,0
13884,control,98.16,0,0.0,0
13885,control,589.52,1,40.44,0
13886,treatment,54.34,1,28.16,0
13887,treatment,52.49,0,0.0,0
13888,control,0.0,0,0.0,0
13889,control,0.0,0,0.0,0
13890,control,87.37,1,34.25,0
13891,control,99.57,0,0.0,0
13892,control,0.0,0,0.0,0
13893,control,53.29,0,0.0,0
13894,control,0.0,0,0.0,0
13895,control,63.17,0,0.0,0
13896,control,0.0,0,0.0,0
13897,control,92.43,0,0.0,0
13898,treatment,93.66,0,0.0,0
13899,treatment,0.0,0,0.0,0
13900,control,85.69,0,0.0,0
13901,control,0.0,0,0.0,0
13902,treatment,119.8,0,0.0,0
13903,treatment,58.39,0,0.0,0
13904,treatment,0.0,1,60.11,0
13905,treatment,0.0,0,0.0,0
13906,treatment,100.17,1,59.23,0
13907,control,43.32,0,0.0,0
13908,control,0.0,0,0.0,0
13909,control,0.0,0,0.0,0
13910,treatment,0.0,0,0.0,0
13911,treatment,64.95,1,43.61,0
13912,control,148.89,0,0.0,0
13913,treatment,47.6,0,0.0,0
13914,control,0.0,0,0.0,0
13915,treatment,0.0,0,0.0,0
13916,treatment,0.0,0,0.0,0
13917,treatment,39.64,0,0.0,0
13918,treatment,0.0,1,20.59,0
13919,treatment,0.0,0,0.0,0
13920,treatment,0.0,0,0.0,0
13921,control,0.0,0,0.0,0
13922,treatment,0.0,0,0.0,0
13923,control,54.49,0,0.0,0
13924,treatment,0.0,1,31.81,0
13925,control,0.0,0,0.0,0
13926,control,0.0,0,0.0,0
13927,treatment,100.31,1,56.85,0
13928,control,124.74,1,118.98,0
13929,control,31.0,0,0.0,0
13930,control,0.0,1,38.34,0
13931,treatment,0.0,0,0.0,0
13932,control,49.66,1,59.84,0
13933,control,0.0,0,0.0,0
13934,control,48.15,0,0.0,0
13935,control,477.58,0,0.0,0
13936,control,64.46,0,0.0,0
13937,control,150.42,0,0.0,0
13938,treatment,0.0,0,0.0,0
13939,treatment,94.77,0,0.0,0
13940,control,0.0,0,0.0,0
13941,control,0.0,0,0.0,0
13942,treatment,28.49,0,0.0,0
13943,treatment,0.0,0,0.0,0
13944,control,0.0,0,0.0,0
13945,control,71.19,0,0.0,0
13946,control,97.13,0,0.0,0
13947,treatment,263.66,0,0.0,0
13948,control,76.86,0,0.0,0
13949,control,0.0,0,0.0,0
13950,control,0.0,0,0.0,0
13951,control,0.0,0,0.0,0
13952,control,0.0,1,32.44,0
13953,control,210.16,0,0.0,0
13954,treatment,0.0,0,0.0,0
13955,control,156.11,0,0.0,0
13956,treatment,38.3,0,0.0,0
13957,treatment,447.77,1,170.89,0
13958,treatment,60.24,1,104.16,0
13959,control,0.0,0,0.0,0
13960,control,0.0,0,0.0,0
13961,treatment,0.0,0,0.0,0
13962,control,112.33,1,42.71,0
13963,control,247.42,0,0.0,0
13964,treatment,0.0,0,0.0,0
13965,control,94.78,1,61.86,0
13966,control,153.8,0,0.0,0
13967,control,0.0,0,0.0,0
13968,treatment,118.55,0,0.0,0
13969,treatment,100.8,0,0.0,0
13970,control,0.0,0,0.0,0
13971,treatment,0.0,0,0.0,0
13972,control,122.79,1,59.19,0
13973,control,0.0,0,0.0,0
13974,treatment,0.0,0,0.0,0
13975,control,31.33,0,0.0,0
13976,treatment,116.03,0,0.0,0
13977,treatment,48.65,0,0.0,0
13978,treatment,224.09,1,38.51,0
13979,treatment,66.55,0,0.0,0
13980,control,12.87,0,0.0,0
13981,treatment,0.0,0,0.0,0
13982,control,193.37,0,0.0,0
13983,treatment,90.34,0,0.0,0
13984,treatment,448.42,0,0.0,0
13985,control,144.6,0,0.0,0
13986,treatment,159.29,0,0.0,0
13987,control,0.0,0,0.0,0
13988,treatment,0.0,0,0.0,0
13989,control,101.66,0,0.0,0
13990,treatment,495.61,0,0.0,0
13991,control,46.82,0,0.0,0
13992,control,396.01,0,0.0,0
13993,treatment,0.0,0,0.0,0
13994,control,0.0,0,0.0,0
13995,treatment,80.11,0,0.0,0
13996,control,0.0,0,0.0,0
13997,control,0.0,0,0.0,0
13998,control,227.2,0,0.0,0
13999,treatment,0.0,0,0.0,0
14000,control,0.0,0,0.0,0
14001,control,0.0,0,0.0,0
14002,treatment,108.43,0,0.0,0
14003,treatment,20.83,0,0.0,0
14004,treatment,153.92,1,111.06,0
14005,treatment,0.0,0,0.0,0
14006,treatment,0.0,0,0.0,0
14007,treatment,0.0,0,0.0,0
14008,control,118.54,0,0.0,0
14009,control,73.44,0,0.0,0
14010,control,130.4,1,78.15,0
14011,treatment,33.43,1,82.08,0
14012,treatment,22.54,0,0.0,0
14013,treatment,123.34,0,0.0,0
14014,treatment,0.0,0,0.0,0
14015,treatment,0.0,1,130.01,1
14016,control,0.0,0,0.0,0
14017,treatment,0.0,0,0.0,0
14018,control,66.9,0,0.0,0
14019,control,56.67,0,0.0,0
14020,treatment,44.4,0,0.0,0
14021,control,0.0,0,0.0,0
14022,control,270.32,0,0.0,0
14023,control,0.0,0,0.0,0
14024,treatment,0.0,0,0.0,0
14025,treatment,0.0,0,0.0,0
14026,treatment,0.0,0,0.0,0
14027,control,0.0,0,0.0,0
14028,control,300.43,0,0.0,0
14029,treatment,0.0,0,0.0,0
14030,control,0.0,0,0.0,0
14031,treatment,68.71,0,0.0,0
14032,treatment,44.03,1,46.27,0
14033,control,0.0,0,0.0,0
14034,control,147.34,1,205.13,0
14035,control,34.45,0,0.0,0
14036,control,32.16,0,0.0,0
14037,control,279.06,0,0.0,0
14038,control,74.05,0,0.0,0
14039,treatment,51.14,0,0.0,0
14040,treatment,396.42,1,49.14,0
14041,control,297.58,0,0.0,0
14042,control,163.02,0,0.0,0
14043,treatment,0.0,0,0.0,0
14044,control,79.15,0,0.0,0
14045,treatment,0.0,0,0.0,0
14046,treatment,0.0,0,0.0,0
14047,treatment,190.27,0,0.0,0
14048,control,0.0,0,0.0,0
14049,treatment,51.29,0,0.0,0
14050,treatment,92.6,0,0.0,0
14051,control,94.88,0,0.0,0
14052,control,255.04,0,0.0,0
14053,control,0.0,0,0.0,0
14054,control,19.2,0,0.0,0
14055,control,52.79,0,0.0,0
14056,control,0.0,0,0.0,0
14057,control,0.0,1,109.04,0
14058,control,35.48,0,0.0,0
14059,control,28.31,0,0.0,0
14060,control,174.77,0,0.0,0
14061,treatment,0.0,0,0.0,0
14062,treatment,0.0,1,46.56,0
14063,control,59.81,0,0.0,0
14064,treatment,0.0,0,0.0,0
14065,treatment,0.0,0,0.0,0
14066,treatment,0.0,0,0.0,0
14067,treatment,0.0,0,0.0,0
14068,treatment,0.0,0,0.0,0
14069,treatment,0.0,0,0.0,0
14070,treatment,0.0,0,0.0,0
14071,treatment,0.0,0,0.0,0
14072,control,0.0,0,0.0,0
14073,control,60.62,0,0.0,0
14074,control,66.11,0,0.0,0
14075,control,0.0,0,0.0,0
14076,control,61.38,0,0.0,0
14077,control,0.0,0,0.0,0
14078,treatment,271.99,0,0.0,0
14079,treatment,0.0,0,0.0,0
14080,control,51.31,0,0.0,0
14081,treatment,121.84,0,0.0,0
14082,control,72.22,0,0.0,0
14083,treatment,0.0,0,0.0,0
14084,treatment,0.0,0,0.0,0
14085,treatment,0.0,0,0.0,0
14086,treatment,0.0,0,0.0,0
14087,control,0.0,0,0.0,0
14088,control,0.0,0,0.0,0
14089,control,139.01,0,0.0,0
14090,control,0.0,0,0.0,0
14091,treatment,130.23,0,0.0,0
14092,treatment,128.2,0,0.0,0
14093,treatment,0.0,0,0.0,0
14094,control,51.13,0,0.0,0
14095,treatment,0.0,0,0.0,0
14096,control,35.08,1,96.15,0
14097,control,0.0,0,0.0,0
14098,control,0.0,0,0.0,0
14099,control,0.0,0,0.0,0
14100,control,30.21,0,0.0,0
14101,treatment,0.0,1,39.81,0
14102,treatment,0.0,0,0.0,0
14103,control,249.69,0,0.0,0
14104,treatment,0.0,0,0.0,0
14105,treatment,252.73,1,102.8,0
14106,treatment,0.0,0,0.0,0
14107,control,85.08,0,0.0,0
14108,control,0.0,0,0.0,0
14109,treatment,82.53,0,0.0,0
14110,control,0.0,0,0.0,0
14111,treatment,0.0,1,129.59,0
14112,control,556.68,0,0.0,0
14113,treatment,0.0,0,0.0,0
14114,treatment,195.13,0,0.0,0
14115,control,0.0,0,0.0,0
14116,treatment,0.0,0,0.0,0
14117,treatment,0.0,0,0.0,0
14118,control,0.0,0,0.0,0
14119,treatment,98.89,1,44.71,0
14120,control,0.0,0,0.0,0
14121,treatment,117.6,0,0.0,0
14122,treatment,0.0,0,0.0,0
14123,control,31.99,1,83.04,0
14124,control,0.0,0,0.0,0
14125,control,152.52,1,47.7,0
14126,treatment,247.1,0,0.0,0
14127,control,0.0,1,143.86,1
14128,control,46.06,0,0.0,0
14129,treatment,0.0,0,0.0,0
14130,control,0.0,0,0.0,0
14131,control,40.07,0,0.0,0
14132,control,79.38,0,0.0,0
14133,treatment,0.0,0,0.0,0
14134,treatment,0.0,0,0.0,0
14135,treatment,73.35,0,0.0,0
14136,treatment,0.0,0,0.0,0
14137,treatment,0.0,0,0.0,0
14138,control,0.0,0,0.0,0
14139,treatment,44.45,1,56.2,0
14140,treatment,67.63,0,0.0,0
14141,control,0.0,0,0.0,0
14142,control,19.66,0,0.0,0
14143,control,95.05,0,0.0,0
14144,control,38.96,0,0.0,0
14145,control,211.47,0,0.0,0
14146,control,37.01,0,0.0,0
14147,control,0.0,0,0.0,0
14148,treatment,32.58,0,0.0,0
14149,control,29.33,0,0.0,0
14150,treatment,46.12,0,0.0,0
14151,treatment,0.0,0,0.0,0
14152,treatment,451.64,0,0.0,0
14153,control,0.0,0,0.0,0
14154,control,0.0,0,0.0,0
14155,treatment,165.86,0,0.0,0
14156,control,165.72,0,0.0,0
14157,treatment,0.0,0,0.0,0
14158,control,139.61,0,0.0,0
14159,control,48.5,0,0.0,0
14160,control,67.16,0,0.0,0
14161,treatment,0.0,0,0.0,0
14162,treatment,0.0,0,0.0,0
14163,control,277.95,0,0.0,0
14164,control,0.0,0,0.0,0
14165,treatment,0.0,0,0.0,0
14166,control,44.52,0,0.0,0
14167,treatment,335.42,0,0.0,0
14168,control,28.19,1,41.07,0
14169,treatment,0.0,0,0.0,0
14170,control,0.0,1,71.45,0
14171,control,0.0,0,0.0,0
14172,control,0.0,0,0.0,0
14173,treatment,0.0,0,0.0,0
14174,control,163.56,0,0.0,0
14175,control,0.0,0,0.0,0
14176,treatment,0.0,0,0.0,0
14177,control,0.0,0,0.0,0
14178,treatment,54.31,0,0.0,0
14179,treatment,0.0,0,0.0,0
14180,treatment,0.0,0,0.0,0
14181,control,191.18,0,0.0,0
14182,control,71.87,0,0.0,0
14183,treatment,0.0,0,0.0,0
14184,control,158.59,1,93.57,0
14185,treatment,68.88,0,0.0,0
14186,control,0.0,0,0.0,0
14187,control,0.0,0,0.0,0
14188,treatment,100.43,0,0.0,0
14189,control,0.0,0,0.0,0
14190,control,76.37,0,0.0,0
14191,treatment,0.0,0,0.0,0
14192,treatment,39.59,0,0.0,0
14193,treatment,0.0,0,0.0,0
14194,control,202.19,0,0.0,0
14195,control,77.1,0,0.0,0
14196,treatment,53.38,1,134.67,0
14197,treatment,0.0,1,37.59,0
14198,control,0.0,0,0.0,0
14199,control,0.0,0,0.0,0
14200,treatment,0.0,0,0.0,0
14201,treatment,36.51,0,0.0,0
14202,control,0.0,0,0.0,0
14203,treatment,67.36,0,0.0,0
14204,control,140.83,0,0.0,0
14205,treatment,0.0,0,0.0,0
14206,control,0.0,0,0.0,0
14207,control,43.53,0,0.0,0
14208,treatment,39.12,0,0.0,0
14209,treatment,0.0,0,0.0,0
14210,control,0.0,0,0.0,0
14211,treatment,0.0,0,0.0,0
14212,control,87.64,0,0.0,0
14213,control,0.0,0,0.0,0
14214,control,0.0,0,0.0,0
14215,treatment,24.64,0,0.0,0
14216,control,78.95,0,0.0,0
14217,control,0.0,0,0.0,0
14218,control,0.0,0,0.0,0
14219,treatment,57.4,0,0.0,0
14220,control,0.0,0,0.0,0
14221,treatment,0.0,0,0.0,0
14222,treatment,0.0,0,0.0,0
14223,control,0.0,0,0.0,0
14224,treatment,125.44,0,0.0,0
14225,control,0.0,0,0.0,0
14226,control,54.21,0,0.0,0
14227,treatment,0.0,0,0.0,0
14228,treatment,0.0,0,0.0,0
14229,control,0.0,0,0.0,0
14230,treatment,22.79,0,0.0,0
14231,treatment,0.0,0,0.0,0
14232,treatment,0.0,0,0.0,0
14233,treatment,0.0,0,0.0,0
14234,treatment,54.45,0,0.0,0
14235,treatment,0.0,1,80.09,0
14236,control,0.0,0,0.0,0
14237,control,0.0,0,0.0,0
14238,control,108.97,0,0.0,0
14239,treatment,54.64,0,0.0,0
14240,control,71.7,1,58.11,0
14241,treatment,0.0,0,0.0,0
14242,treatment,154.87,0,0.0,0
14243,treatment,0.0,0,0.0,0
14244,control,0.0,0,0.0,0
14245,control,0.0,0,0.0,0
14246,control,283.39,1,40.0,0
14247,treatment,80.78,0,0.0,0
14248,control,0.0,0,0.0,0
14249,treatment,41.61,0,0.0,0
14250,control,44.72,0,0.0,0
14251,control,28.51,0,0.0,0
14252,control,55.03,0,0.0,0
14253,treatment,110.54,0,0.0,0
14254,control,174.71,0,0.0,0
14255,treatment,0.0,0,0.0,0
14256,control,0.0,0,0.0,0
14257,control,0.0,0,0.0,0
14258,treatment,0.0,0,0.0,0
14259,control,0.0,0,0.0,0
14260,treatment,0.0,0,0.0,0
14261,treatment,0.0,0,0.0,0
14262,control,0.0,0,0.0,0
14263,control,75.56,0,0.0,0
14264,control,0.0,0,0.0,0
14265,control,112.49,1,66.26,0
14266,treatment,0.0,0,0.0,0
14267,control,36.29,0,0.0,0
14268,control,0.0,0,0.0,0
14269,treatment,483.53,0,0.0,0
14270,treatment,74.85,0,0.0,0
14271,treatment,0.0,0,0.0,0
14272,control,0.0,0,0.0,0
14273,treatment,43.58,0,0.0,0
14274,treatment,125.77,0,0.0,0
14275,treatment,0.0,0,0.0,0
14276,control,0.0,0,0.0,0
14277,control,234.91,1,38.24,0
14278,control,85.73,0,0.0,0
14279,treatment,98.09,0,0.0,0
14280,control,0.0,0,0.0,0
14281,control,0.0,0,0.0,0
14282,control,55.41,0,0.0,0
14283,treatment,0.0,0,0.0,0
14284,control,0.0,0,0.0,0
14285,treatment,0.0,0,0.0,0
14286,control,46.84,0,0.0,0
14287,control,82.39,0,0.0,0
14288,treatment,0.0,0,0.0,0
14289,treatment,0.0,0,0.0,0
14290,control,469.84,0,0.0,0
14291,treatment,63.41,0,0.0,0
14292,control,0.0,0,0.0,0
14293,treatment,79.36,0,0.0,0
14294,control,0.0,0,0.0,0
14295,treatment,0.0,0,0.0,0
14296,treatment,0.0,0,0.0,0
14297,control,0.0,0,0.0,0
14298,control,187.54,0,0.0,0
14299,control,0.0,0,0.0,0
14300,control,96.01,0,0.0,0
14301,control,0.0,0,0.0,0
14302,treatment,138.2,1,28.01,0
14303,control,0.0,0,0.0,0
14304,control,0.0,0,0.0,0
14305,treatment,0.0,0,0.0,0
14306,treatment,262.39,0,0.0,0
14307,control,29.42,0,0.0,0
14308,treatment,0.0,0,0.0,0
14309,control,438.98,0,0.0,0
14310,treatment,69.66,0,0.0,0
14311,treatment,68.06,1,49.06,0
14312,control,405.53,1,60.01,0
14313,treatment,141.56,0,0.0,0
14314,treatment,0.0,0,0.0,0
14315,treatment,51.53,0,0.0,0
14316,treatment,0.0,0,0.0,0
14317,control,155.2,0,0.0,0
14318,treatment,0.0,0,0.0,0
14319,control,180.74,1,129.74,0
14320,control,0.0,0,0.0,0
14321,treatment,0.0,0,0.0,0
14322,treatment,486.05,0,0.0,0
14323,treatment,0.0,0,0.0,0
14324,treatment,0.0,0,0.0,0
14325,control,56.35,1,77.06,0
14326,treatment,119.0,0,0.0,0
14327,control,0.0,0,0.0,0
14328,treatment,0.0,0,0.0,0
14329,control,187.52,0,0.0,0
14330,treatment,0.0,0,0.0,0
14331,control,0.0,1,21.11,0
14332,control,57.37,0,0.0,0
14333,treatment,33.64,0,0.0,0
14334,treatment,0.0,1,127.01,0
14335,treatment,251.24,0,0.0,0
14336,control,55.7,0,0.0,0
14337,control,103.94,0,0.0,0
14338,treatment,0.0,0,0.0,0
14339,treatment,0.0,1,44.57,0
14340,control,52.59,0,0.0,0
14341,treatment,74.53,1,81.02,0
14342,treatment,0.0,0,0.0,0
14343,control,44.28,0,0.0,0
14344,treatment,34.04,0,0.0,0
14345,treatment,35.42,0,0.0,0
14346,control,125.33,0,0.0,0
14347,control,0.0,0,0.0,0
14348,treatment,0.0,0,0.0,0
14349,treatment,94.12,0,0.0,0
14350,treatment,0.0,1,40.63,0
14351,control,64.32,0,0.0,0
14352,control,0.0,0,0.0,0
14353,control,39.2,0,0.0,0
14354,treatment,0.0,0,0.0,0
14355,control,0.0,0,0.0,0
14356,control,101.68,0,0.0,0
14357,control,333.77,1,93.96,0
14358,treatment,33.58,0,0.0,0
14359,treatment,0.0,0,0.0,0
14360,treatment,250.93,0,0.0,0
14361,treatment,167.26,0,0.0,0
14362,control,276.78,0,0.0,0
14363,treatment,467.01,1,76.83,0
14364,treatment,0.0,0,0.0,0
14365,treatment,151.44,0,0.0,0
14366,treatment,0.0,0,0.0,0
14367,treatment,0.0,0,0.0,0
14368,control,213.12,0,0.0,0
14369,control,0.0,1,41.24,0
14370,control,0.0,1,26.42,0
14371,treatment,31.05,0,0.0,0
14372,treatment,0.0,1,66.77,0
14373,treatment,0.0,0,0.0,0
14374,treatment,0.0,0,0.0,0
14375,control,272.09,0,0.0,0
14376,treatment,0.0,0,0.0,0
14377,treatment,0.0,0,0.0,0
14378,treatment,0.0,0,0.0,0
14379,treatment,197.63,1,41.9,0
14380,treatment,0.0,0,0.0,0
14381,control,0.0,0,0.0,0
14382,control,27.2,0,0.0,0
14383,treatment,232.88,1,79.74,0
14384,treatment,102.65,0,0.0,0
14385,treatment,79.79,0,0.0,0
14386,control,0.0,0,0.0,0
14387,treatment,66.87,0,0.0,0
14388,treatment,40.13,0,0.0,0
14389,treatment,30.71,0,0.0,0
14390,treatment,0.0,0,0.0,0
14391,control,104.13,0,0.0,0
14392,control,42.81,0,0.0,0
14393,control,134.45,0,0.0,0
14394,treatment,188.2,0,0.0,0
14395,control,0.0,0,0.0,0
14396,control,0.0,0,0.0,0
14397,treatment,77.83,0,0.0,0
14398,control,0.0,0,0.0,0
14399,treatment,0.0,0,0.0,0
14400,treatment,0.0,0,0.0,0
14401,treatment,0.0,0,0.0,0
14402,treatment,0.0,0,0.0,0
14403,treatment,213.09,1,39.81,0
14404,treatment,50.75,1,88.39,0
14405,control,81.61,0,0.0,0
14406,treatment,44.3,0,0.0,0
14407,control,0.0,0,0.0,0
14408,control,0.0,0,0.0,0
14409,control,40.51,0,0.0,0
14410,control,0.0,0,0.0,0
14411,treatment,108.74,0,0.0,0
14412,treatment,58.62,0,0.0,0
14413,treatment,0.0,0,0.0,0
14414,control,0.0,1,35.37,0
14415,treatment,35.01,0,0.0,0
14416,control,0.0,0,0.0,0
14417,control,0.0,0,0.0,0
14418,control,183.56,0,0.0,0
14419,treatment,0.0,0,0.0,0
14420,control,427.11,0,0.0,0
14421,control,0.0,0,0.0,0
14422,control,0.0,0,0.0,0
14423,treatment,0.0,0,0.0,0
14424,treatment,0.0,1,114.13,0
14425,control,85.92,1,18.89,0
14426,control,0.0,0,0.0,0
14427,control,0.0,1,32.33,0
14428,control,0.0,0,0.0,0
14429,control,0.0,0,0.0,0
14430,control,0.0,0,0.0,0
14431,control,0.0,0,0.0,0
14432,control,176.18,0,0.0,0
14433,treatment,0.0,0,0.0,0
14434,treatment,0.0,0,0.0,0
14435,treatment,42.12,0,0.0,0
14436,control,45.19,0,0.0,0
14437,control,51.73,1,62.41,0
14438,control,0.0,0,0.0,0
14439,control,44.39,0,0.0,0
14440,control,106.1,0,0.0,0
14441,treatment,0.0,0,0.0,0
14442,treatment,44.15,0,0.0,0
14443,control,0.0,1,91.35,0
14444,treatment,153.24,0,0.0,0
14445,control,84.58,1,145.8,0
14446,control,0.0,0,0.0,0
14447,treatment,0.0,0,0.0,0
14448,treatment,39.36,0,0.0,0
14449,treatment,0.0,0,0.0,0
14450,treatment,0.0,0,0.0,0
14451,control,35.76,1,26.83,0
14452,control,0.0,0,0.0,0
14453,treatment,47.8,0,0.0,0
14454,control,31.55,0,0.0,0
14455,treatment,0.0,0,0.0,0
14456,control,69.86,0,0.0,0
14457,treatment,117.45,1,50.68,0
14458,treatment,114.79,0,0.0,0
14459,control,48.96,0,0.0,0
14460,control,0.0,1,29.97,0
14461,treatment,0.0,0,0.0,0
14462,control,116.37,1,47.06,0
14463,treatment,45.29,0,0.0,0
14464,treatment,0.0,0,0.0,0
14465,treatment,0.0,0,0.0,0
14466,treatment,0.0,0,0.0,0
14467,control,38.06,0,0.0,0
14468,control,51.83,1,48.37,0
14469,treatment,116.35,0,0.0,0
14470,treatment,54.11,0,0.0,0
14471,control,0.0,0,0.0,0
14472,treatment,0.0,0,0.0,0
14473,treatment,0.0,0,0.0,0
14474,treatment,0.0,0,0.0,0
14475,control,62.28,0,0.0,0
14476,control,0.0,0,0.0,0
14477,control,34.26,0,0.0,0
14478,treatment,42.13,0,0.0,0
14479,control,45.61,0,0.0,0
14480,control,0.0,0,0.0,0
14481,control,157.98,0,0.0,0
14482,treatment,0.0,0,0.0,0
14483,control,72.96,0,0.0,0
14484,control,65.01,1,49.43,0
14485,control,0.0,0,0.0,0
14486,control,0.0,0,0.0,0
14487,control,0.0,0,0.0,0
14488,control,437.85,1,93.98,0
14489,treatment,0.0,0,0.0,0
14490,treatment,0.0,0,0.0,0
14491,control,0.0,0,0.0,0
14492,control,0.0,0,0.0,0
14493,control,270.23,1,33.92,0
14494,treatment,30.64,0,0.0,0
14495,control,46.38,0,0.0,0
14496,control,0.0,0,0.0,0
14497,control,0.0,1,60.38,0
14498,treatment,238.9,0,0.0,0
14499,control,50.22,0,0.0,0
14500,treatment,44.48,0,0.0,0
14501,treatment,166.27,0,0.0,0
14502,treatment,0.0,0,0.0,0
14503,treatment,180.33,0,0.0,0
14504,control,780.86,0,0.0,0
14505,treatment,51.86,0,0.0,0
14506,control,34.35,0,0.0,0
14507,treatment,45.36,0,0.0,0
14508,treatment,29.82,0,0.0,0
14509,treatment,23.24,0,0.0,0
14510,treatment,86.16,1,69.03,1
14511,treatment,0.0,0,0.0,0
14512,control,13.92,0,0.0,0
14513,treatment,0.0,0,0.0,0
14514,control,0.0,0,0.0,0
14515,control,0.0,0,0.0,0
14516,treatment,47.59,0,0.0,0
14517,control,0.0,0,0.0,0
14518,control,299.68,0,0.0,0
14519,treatment,105.78,0,0.0,0
14520,control,0.0,0,0.0,0
14521,control,93.75,1,209.05,0
14522,treatment,0.0,0,0.0,0
14523,control,0.0,0,0.0,0
14524,control,0.0,0,0.0,0
14525,control,0.0,0,0.0,0
14526,control,88.5,0,0.0,0
14527,treatment,189.5,0,0.0,0
14528,treatment,70.6,0,0.0,0
14529,treatment,0.0,0,0.0,0
14530,control,44.48,0,0.0,0
14531,treatment,83.26,0,0.0,0
14532,treatment,98.6,0,0.0,0
14533,control,0.0,0,0.0,0
14534,control,273.13,1,162.65,0
14535,treatment,56.53,0,0.0,0
14536,treatment,0.0,0,0.0,0
14537,control,0.0,0,0.0,0
14538,control,164.79,1,43.69,0
14539,control,38.16,0,0.0,0
14540,treatment,29.81,0,0.0,0
14541,control,145.89,0,0.0,0
14542,treatment,0.0,0,0.0,0
14543,treatment,0.0,0,0.0,0
14544,treatment,0.0,0,0.0,0
14545,treatment,0.0,0,0.0,0
14546,treatment,69.31,0,0.0,0
14547,control,61.7,1,125.86,0
14548,control,142.66,0,0.0,0
14549,control,0.0,0,0.0,0
14550,control,43.61,0,0.0,0
14551,treatment,0.0,0,0.0,0
14552,treatment,112.06,0,0.0,0
14553,treatment,17.96,0,0.0,0
14554,treatment,77.95,0,0.0,0
14555,control,44.78,1,56.01,0
14556,control,0.0,0,0.0,0
14557,treatment,0.0,0,0.0,0
14558,treatment,236.06,0,0.0,0
14559,treatment,0.0,0,0.0,0
14560,control,0.0,0,0.0,0
14561,control,73.1,0,0.0,0
14562,control,100.99,1,60.97,0
14563,treatment,123.45,0,0.0,0
14564,control,363.58,1,146.06,0
14565,treatment,0.0,0,0.0,0
14566,control,0.0,0,0.0,0
14567,control,0.0,0,0.0,0
14568,treatment,128.17,1,113.89,0
14569,treatment,0.0,0,0.0,0
14570,treatment,0.0,0,0.0,0
14571,treatment,0.0,0,0.0,0
14572,control,0.0,0,0.0,0
14573,treatment,57.89,0,0.0,0
14574,control,59.32,0,0.0,0
14575,control,0.0,0,0.0,0
14576,control,0.0,0,0.0,0
14577,treatment,0.0,0,0.0,0
14578,control,0.0,0,0.0,0
14579,control,72.62,0,0.0,0
14580,treatment,127.83,1,26.42,0
14581,control,0.0,0,0.0,0
14582,treatment,39.51,0,0.0,0
14583,treatment,248.52,0,0.0,0
14584,control,0.0,0,0.0,0
14585,treatment,0.0,0,0.0,0
14586,treatment,0.0,0,0.0,0
14587,treatment,0.0,0,0.0,0
14588,treatment,535.83,0,0.0,0
14589,treatment,0.0,0,0.0,0
14590,control,0.0,0,0.0,0
14591,control,100.33,0,0.0,0
14592,control,0.0,0,0.0,0
14593,treatment,0.0,0,0.0,0
14594,control,0.0,0,0.0,0
14595,control,51.16,0,0.0,0
14596,treatment,221.16,1,34.67,0
14597,treatment,48.41,0,0.0,0
14598,treatment,0.0,0,0.0,0
14599,treatment,0.0,0,0.0,0
14600,control,0.0,0,0.0,0
14601,control,0.0,0,0.0,0
14602,treatment,39.51,0,0.0,0
14603,treatment,217.22,0,0.0,0
14604,control,60.16,0,0.0,0
14605,treatment,44.17,0,0.0,0
14606,control,238.54,0,0.0,0
14607,treatment,0.0,0,0.0,0
14608,control,45.63,0,0.0,0
14609,treatment,0.0,0,0.0,0
14610,treatment,29.7,0,0.0,0
14611,treatment,0.0,0,0.0,0
14612,treatment,66.86,0,0.0,0
14613,control,0.0,0,0.0,0
14614,control,0.0,0,0.0,0
14615,control,0.0,0,0.0,0
14616,treatment,89.53,0,0.0,0
14617,control,0.0,0,0.0,0
14618,treatment,102.65,0,0.0,0
14619,control,0.0,0,0.0,0
14620,control,0.0,1,27.22,0
14621,treatment,91.77,1,41.97,0
14622,treatment,76.78,0,0.0,0
14623,control,93.23,0,0.0,0
14624,treatment,0.0,0,0.0,0
14625,treatment,0.0,1,86.13,0
14626,control,62.57,0,0.0,0
14627,control,42.67,0,0.0,0
14628,control,0.0,0,0.0,0
14629,control,0.0,0,0.0,0
14630,control,0.0,0,0.0,0
14631,control,0.0,0,0.0,0
14632,control,0.0,0,0.0,0
14633,control,130.06,0,0.0,0
14634,treatment,0.0,0,0.0,0
14635,control,0.0,0,0.0,0
14636,control,0.0,0,0.0,0
14637,control,416.49,0,0.0,0
14638,treatment,0.0,0,0.0,0
14639,control,344.36,0,0.0,0
14640,treatment,22.61,0,0.0,0
14641,treatment,0.0,0,0.0,0
14642,control,260.02,1,85.67,0
14643,control,85.79,0,0.0,0
14644,treatment,31.0,0,0.0,0
14645,treatment,22.8,0,0.0,0
14646,treatment,0.0,0,0.0,0
14647,treatment,0.0,0,0.0,0
14648,control,0.0,0,0.0,0
14649,control,73.55,0,0.0,0
14650,control,0.0,0,0.0,0
14651,treatment,58.8,0,0.0,0
14652,control,0.0,0,0.0,0
14653,treatment,44.74,0,0.0,0
14654,control,58.79,0,0.0,0
14655,control,94.77,1,55.98,0
14656,treatment,0.0,1,48.73,1
14657,treatment,0.0,0,0.0,0
14658,control,40.04,0,0.0,0
14659,control,0.0,0,0.0,0
14660,treatment,107.68,1,86.61,0
14661,control,0.0,0,0.0,0
14662,control,62.79,0,0.0,0
14663,control,27.78,1,69.47,0
14664,control,53.75,0,0.0,0
14665,control,239.79,0,0.0,0
14666,treatment,0.0,0,0.0,0
14667,treatment,0.0,0,0.0,0
14668,control,0.0,0,0.0,0
14669,treatment,102.89,0,0.0,0
14670,treatment,73.87,1,133.2,0
14671,control,103.43,1,57.06,0
14672,treatment,101.9,0,0.0,0
14673,treatment,172.38,0,0.0,0
14674,control,89.48,0,0.0,0
14675,treatment,0.0,0,0.0,0
14676,treatment,605.03,1,103.24,0
14677,treatment,66.66,0,0.0,0
14678,control,528.07,0,0.0,0
14679,control,0.0,1,26.83,0
14680,control,344.82,0,0.0,0
14681,control,0.0,0,0.0,0
14682,treatment,0.0,0,0.0,0
14683,control,0.0,0,0.0,0
14684,control,101.93,0,0.0,0
14685,treatment,497.81,1,122.26,0
14686,treatment,0.0,0,0.0,0
14687,control,0.0,0,0.0,0
14688,control,0.0,0,0.0,0
14689,treatment,0.0,0,0.0,0
14690,treatment,62.27,1,43.93,0
14691,control,0.0,0,0.0,0
14692,treatment,0.0,0,0.0,0
14693,control,305.11,0,0.0,0
14694,treatment,0.0,0,0.0,0
14695,treatment,0.0,0,0.0,0
14696,treatment,0.0,0,0.0,0
14697,treatment,208.5,1,54.23,0
14698,treatment,0.0,0,0.0,0
14699,treatment,0.0,1,84.44,0
14700,control,43.7,0,0.0,0
14701,control,56.51,0,0.0,0
14702,control,0.0,0,0.0,0
14703,treatment,0.0,0,0.0,0
14704,control,0.0,0,0.0,0
14705,control,0.0,0,0.0,0
14706,control,50.44,0,0.0,0
14707,treatment,79.92,0,0.0,0
14708,control,57.86,0,0.0,0
14709,treatment,0.0,0,0.0,0
14710,treatment,0.0,1,47.19,0
14711,treatment,0.0,0,0.0,0
14712,control,0.0,0,0.0,0
14713,control,0.0,0,0.0,0
14714,treatment,0.0,0,0.0,0
14715,treatment,32.64,0,0.0,0
14716,control,0.0,0,0.0,0
14717,treatment,0.0,0,0.0,0
14718,treatment,0.0,0,0.0,0
14719,control,61.8,0,0.0,0
14720,control,0.0,0,0.0,0
14721,treatment,0.0,0,0.0,0
14722,treatment,0.0,0,0.0,0
14723,control,133.64,0,0.0,0
14724,control,0.0,0,0.0,0
14725,control,146.13,0,0.0,0
14726,treatment,0.0,0,0.0,0
14727,treatment,99.72,0,0.0,0
14728,control,84.24,0,0.0,0
14729,control,0.0,1,52.62,0
14730,control,0.0,0,0.0,0
14731,control,0.0,0,0.0,0
14732,treatment,0.0,0,0.0,0
14733,control,181.94,0,0.0,0
14734,treatment,33.5,0,0.0,0
14735,control,63.47,0,0.0,0
14736,control,0.0,0,0.0,0
14737,treatment,72.63,0,0.0,0
14738,control,0.0,0,0.0,0
14739,treatment,114.02,0,0.0,0
14740,control,67.61,0,0.0,0
14741,treatment,131.58,0,0.0,0
14742,control,303.32,0,0.0,0
14743,treatment,214.81,0,0.0,0
14744,treatment,51.33,0,0.0,0
14745,treatment,0.0,0,0.0,0
14746,treatment,34.78,1,126.06,0
14747,treatment,0.0,0,0.0,0
14748,control,0.0,0,0.0,0
14749,control,0.0,0,0.0,0
14750,treatment,45.47,1,44.75,0
14751,treatment,35.68,0,0.0,0
14752,control,0.0,0,0.0,0
14753,control,0.0,0,0.0,0
14754,treatment,0.0,0,0.0,0
14755,treatment,0.0,0,0.0,0
14756,treatment,60.07,0,0.0,0
14757,treatment,173.92,0,0.0,0
14758,treatment,37.1,0,0.0,0
14759,control,61.35,0,0.0,0
14760,control,0.0,0,0.0,0
14761,control,159.27,1,76.19,0
14762,control,16.9,0,0.0,0
14763,control,0.0,0,0.0,0
14764,treatment,0.0,0,0.0,0
14765,treatment,163.32,0,0.0,0
14766,control,0.0,0,0.0,0
14767,treatment,0.0,0,0.0,0
14768,control,0.0,0,0.0,0
14769,treatment,71.01,0,0.0,0
14770,treatment,0.0,0,0.0,0
14771,treatment,0.0,1,120.44,0
14772,control,0.0,0,0.0,0
14773,control,0.0,0,0.0,0
14774,control,0.0,0,0.0,0
14775,treatment,20.16,0,0.0,0
14776,treatment,76.2,0,0.0,0
14777,treatment,29.81,0,0.0,0
14778,control,0.0,0,0.0,0
14779,control,0.0,0,0.0,0
14780,control,140.2,1,129.97,0
14781,control,134.66,1,80.71,0
14782,treatment,0.0,0,0.0,0
14783,control,0.0,0,0.0,0
14784,control,62.87,0,0.0,0
14785,control,65.04,0,0.0,0
14786,treatment,0.0,0,0.0,0
14787,control,0.0,0,0.0,0
14788,treatment,66.24,0,0.0,0
14789,treatment,0.0,0,0.0,0
14790,control,91.91,0,0.0,0
14791,control,0.0,0,0.0,0
14792,treatment,49.65,0,0.0,0
14793,control,428.28,1,300.73,0
14794,treatment,0.0,1,337.37,0
14795,control,0.0,0,0.0,0
14796,control,0.0,0,0.0,0
14797,control,80.72,0,0.0,0
14798,treatment,33.33,0,0.0,0
14799,control,59.52,0,0.0,0
14800,treatment,120.53,0,0.0,0
14801,treatment,2086.96,0,0.0,0
14802,treatment,287.77,0,0.0,0
14803,treatment,0.0,0,0.0,0
14804,control,0.0,0,0.0,0
14805,control,229.56,0,0.0,0
14806,treatment,0.0,0,0.0,0
14807,control,0.0,0,0.0,0
14808,control,0.0,0,0.0,0
14809,treatment,0.0,0,0.0,0
14810,treatment,0.0,0,0.0,0
14811,control,439.35,0,0.0,0
14812,control,432.24,1,131.25,0
14813,treatment,117.89,0,0.0,0
14814,treatment,169.07,0,0.0,0
14815,treatment,109.65,0,0.0,0
14816,control,88.02,0,0.0,0
14817,control,0.0,0,0.0,0
14818,treatment,33.78,0,0.0,0
14819,treatment,0.0,0,0.0,0
14820,treatment,0.0,0,0.0,0
14821,treatment,0.0,0,0.0,0
14822,treatment,0.0,0,0.0,0
14823,treatment,72.2,0,0.0,0
14824,treatment,0.0,0,0.0,0
14825,treatment,0.0,0,0.0,0
14826,control,57.08,1,120.32,1
14827,control,0.0,0,0.0,0
14828,control,0.0,0,0.0,0
14829,treatment,143.39,1,39.53,0
14830,treatment,138.68,0,0.0,0
14831,treatment,0.0,0,0.0,0
14832,treatment,0.0,0,0.0,0
14833,treatment,0.0,0,0.0,0
14834,control,0.0,0,0.0,0
14835,control,0.0,0,0.0,0
14836,treatment,0.0,0,0.0,0
14837,treatment,175.55,0,0.0,0
14838,treatment,0.0,0,0.0,0
14839,treatment,39.66,0,0.0,0
14840,control,80.78,0,0.0,0
14841,control,36.31,0,0.0,0
14842,control,0.0,0,0.0,0
14843,control,123.2,0,0.0,0
14844,control,0.0,1,78.06,0
14845,treatment,0.0,0,0.0,0
14846,treatment,186.79,0,0.0,0
14847,treatment,0.0,0,0.0,0
14848,control,142.25,1,168.23,1
14849,control,0.0,0,0.0,0
14850,treatment,103.02,0,0.0,0
14851,treatment,225.5,1,62.84,0
14852,control,48.26,1,22.52,0
14853,treatment,178.99,0,0.0,0
14854,treatment,66.57,0,0.0,0
14855,treatment,473.63,1,104.43,0
14856,treatment,0.0,1,39.48,0
14857,control,76.71,1,76.71,0
14858,treatment,30.86,0,0.0,0
14859,control,329.94,0,0.0,0
14860,control,856.13,0,0.0,0
14861,treatment,0.0,0,0.0,0
14862,control,0.0,0,0.0,0
14863,treatment,0.0,0,0.0,0
14864,control,0.0,0,0.0,0
14865,control,0.0,0,0.0,0
14866,treatment,65.61,0,0.0,0
14867,control,0.0,0,0.0,0
14868,treatment,30.19,1,81.97,0
14869,control,0.0,0,0.0,0
14870,control,38.02,0,0.0,0
14871,treatment,86.46,0,0.0,0
14872,control,122.57,0,0.0,0
14873,control,24.67,0,0.0,0
14874,control,0.0,0,0.0,0
14875,treatment,96.99,0,0.0,0
14876,control,0.0,0,0.0,0
14877,control,0.0,0,0.0,0
14878,treatment,0.0,0,0.0,0
14879,treatment,0.0,0,0.0,0
14880,treatment,55.18,0,0.0,0
14881,treatment,69.28,0,0.0,0
14882,treatment,0.0,0,0.0,0
14883,control,1211.66,1,164.31,0
14884,treatment,0.0,1,95.29,0
14885,control,404.33,1,118.02,0
14886,control,0.0,0,0.0,0
14887,treatment,0.0,0,0.0,0
14888,control,0.0,0,0.0,0
14889,treatment,30.66,0,0.0,0
14890,control,75.64,1,99.27,0
14891,control,0.0,0,0.0,0
14892,treatment,0.0,0,0.0,0
14893,treatment,27.46,0,0.0,0
14894,control,34.46,0,0.0,0
14895,treatment,88.67,0,0.0,0
14896,control,0.0,0,0.0,0
14897,treatment,0.0,0,0.0,0
14898,control,0.0,0,0.0,0
14899,treatment,0.0,0,0.0,0
14900,treatment,55.28,1,25.28,0
14901,control,79.4,0,0.0,0
14902,treatment,44.52,0,0.0,0
14903,control,129.37,0,0.0,0
14904,treatment,43.06,0,0.0,0
14905,control,0.0,0,0.0,0
14906,treatment,563.19,0,0.0,0
14907,control,75.5,0,0.0,0
14908,treatment,41.43,1,34.39,0
14909,treatment,0.0,0,0.0,0
14910,control,0.0,0,0.0,0
14911,treatment,52.43,0,0.0,0
14912,treatment,0.0,0,0.0,0
14913,treatment,27.67,0,0.0,0
14914,treatment,99.77,0,0.0,0
14915,treatment,76.17,0,0.0,0
14916,control,0.0,0,0.0,0
14917,treatment,365.88,0,0.0,0
14918,control,0.0,0,0.0,0
14919,treatment,63.31,0,0.0,0
14920,treatment,104.28,1,43.22,1
14921,control,0.0,0,0.0,0
14922,control,0.0,1,61.31,0
14923,treatment,0.0,0,0.0,0
14924,treatment,55.55,0,0.0,0
14925,control,29.79,0,0.0,0
14926,treatment,0.0,0,0.0,0
14927,treatment,386.62,1,39.09,0
14928,treatment,0.0,0,0.0,0
14929,control,146.31,0,0.0,0
14930,treatment,150.95,0,0.0,0
14931,treatment,0.0,0,0.0,0
14932,control,0.0,0,0.0,0
14933,treatment,50.58,0,0.0,0
14934,control,0.0,0,0.0,0
14935,treatment,0.0,0,0.0,0
14936,treatment,0.0,0,0.0,0
14937,control,135.42,1,70.0,1
14938,control,61.37,1,48.26,0
14939,control,110.92,0,0.0,0
14940,control,0.0,0,0.0,0
14941,control,0.0,1,60.4,0
14942,treatment,0.0,1,88.99,0
14943,treatment,0.0,0,0.0,0
14944,control,0.0,0,0.0,0
14945,control,0.0,0,0.0,0
14946,control,0.0,0,0.0,0
14947,control,0.0,0,0.0,0
14948,control,0.0,0,0.0,0
14949,treatment,0.0,0,0.0,0
14950,treatment,0.0,0,0.0,0
14951,treatment,0.0,0,0.0,0
14952,control,103.92,0,0.0,0
14953,treatment,0.0,0,0.0,0
14954,treatment,0.0,0,0.0,0
14955,control,0.0,0,0.0,0
14956,treatment,91.59,0,0.0,0
14957,treatment,0.0,0,0.0,0
14958,treatment,59.24,0,0.0,0
14959,treatment,0.0,0,0.0,0
14960,control,298.43,0,0.0,0
14961,treatment,0.0,0,0.0,0
14962,treatment,37.81,0,0.0,0
14963,treatment,48.59,0,0.0,0
14964,treatment,177.14,1,69.05,0
14965,treatment,0.0,0,0.0,0
14966,treatment,238.92,0,0.0,0
14967,control,0.0,0,0.0,0
14968,treatment,99.62,0,0.0,0
14969,treatment,0.0,0,0.0,0
14970,treatment,0.0,0,0.0,0
14971,control,0.0,0,0.0,0
14972,treatment,0.0,0,0.0,0
14973,treatment,119.91,0,0.0,0
14974,treatment,0.0,0,0.0,0
14975,treatment,0.0,1,101.55,0
14976,control,0.0,0,0.0,0
14977,control,0.0,0,0.0,0
14978,treatment,0.0,1,35.61,0
14979,control,0.0,0,0.0,0
14980,control,0.0,0,0.0,0
14981,treatment,73.67,0,0.0,0
14982,treatment,0.0,0,0.0,0
14983,control,0.0,0,0.0,0
14984,control,69.13,0,0.0,0
14985,treatment,0.0,0,0.0,0
14986,control,318.9,1,36.46,0
14987,treatment,136.95,0,0.0,0
14988,control,0.0,0,0.0,0
14989,treatment,0.0,0,0.0,0
14990,treatment,57.67,0,0.0,0
14991,control,0.0,0,0.0,0
14992,treatment,98.87,0,0.0,0
14993,treatment,85.82,0,0.0,0
14994,control,0.0,0,0.0,0
14995,treatment,21.36,1,60.27,0
14996,treatment,105.99,0,0.0,0
14997,control,0.0,0,0.0,0
14998,control,0.0,0,0.0,0
14999,control,0.0,0,0.0,0
15000,treatment,212.48,0,0.0,0
15001,control,0.0,0,0.0,0
15002,treatment,0.0,0,0.0,0
15003,control,0.0,0,0.0,0
15004,control,178.57,0,0.0,0
15005,control,65.61,0,0.0,0
15006,control,66.74,0,0.0,0
15007,control,87.11,1,10.93,0
15008,treatment,0.0,0,0.0,0
15009,control,91.28,0,0.0,0
15010,control,70.92,0,0.0,0
15011,control,29.92,0,0.0,0
15012,control,0.0,0,0.0,0
15013,treatment,26.16,1,114.93,0
15014,control,0.0,0,0.0,0
15015,control,31.65,0,0.0,0
15016,control,70.63,0,0.0,0
15017,treatment,93.87,0,0.0,0
15018,control,52.02,0,0.0,0
15019,treatment,255.87,0,0.0,0
15020,treatment,0.0,0,0.0,0
15021,treatment,95.86,0,0.0,0
15022,treatment,0.0,0,0.0,0
15023,control,68.34,0,0.0,0
15024,treatment,69.14,0,0.0,0
15025,treatment,113.53,0,0.0,0
15026,treatment,82.31,0,0.0,0
15027,control,0.0,0,0.0,0
15028,control,131.05,0,0.0,0
15029,control,75.42,0,0.0,0
15030,treatment,64.11,0,0.0,0
15031,treatment,24.69,0,0.0,0
15032,treatment,0.0,0,0.0,0
15033,treatment,0.0,0,0.0,0
15034,treatment,0.0,0,0.0,0
15035,control,0.0,0,0.0,0
15036,control,101.13,0,0.0,0
15037,control,41.05,0,0.0,0
15038,treatment,0.0,0,0.0,0
15039,treatment,96.39,0,0.0,0
15040,treatment,216.59,0,0.0,0
15041,treatment,0.0,0,0.0,0
15042,treatment,36.44,1,71.23,0
15043,control,0.0,0,0.0,0
15044,treatment,0.0,0,0.0,0
15045,control,42.39,0,0.0,0
15046,treatment,67.38,0,0.0,0
15047,control,0.0,0,0.0,0
15048,control,15.74,0,0.0,0
15049,control,0.0,0,0.0,0
15050,control,67.87,0,0.0,0
15051,treatment,0.0,0,0.0,0
15052,treatment,0.0,0,0.0,0
15053,treatment,187.57,0,0.0,0
15054,treatment,48.17,1,57.61,0
15055,control,0.0,1,17.73,0
15056,treatment,0.0,0,0.0,0
15057,treatment,97.37,0,0.0,0
15058,treatment,35.47,0,0.0,0
15059,treatment,0.0,0,0.0,0
15060,control,36.74,0,0.0,0
15061,control,0.0,0,0.0,0
15062,control,0.0,0,0.0,0
15063,treatment,104.38,0,0.0,0
15064,treatment,0.0,0,0.0,0
15065,treatment,0.0,0,0.0,0
15066,treatment,57.95,0,0.0,0
15067,treatment,0.0,0,0.0,0
15068,treatment,0.0,0,0.0,0
15069,control,132.32,0,0.0,0
15070,control,0.0,1,59.67,0
15071,treatment,420.97,0,0.0,0
15072,control,0.0,0,0.0,0
15073,treatment,239.58,1,75.28,0
15074,treatment,0.0,0,0.0,0
15075,control,39.71,0,0.0,0
15076,treatment,675.88,1,81.07,0
15077,treatment,0.0,0,0.0,0
15078,control,0.0,0,0.0,0
15079,treatment,42.5,0,0.0,0
15080,control,359.69,1,51.18,0
15081,treatment,140.91,0,0.0,0
15082,treatment,46.09,0,0.0,0
15083,treatment,39.11,0,0.0,0
15084,treatment,0.0,0,0.0,0
15085,treatment,0.0,0,0.0,0
15086,treatment,47.11,0,0.0,0
15087,control,0.0,0,0.0,0
15088,treatment,0.0,0,0.0,0
15089,treatment,0.0,1,14.23,0
15090,control,0.0,0,0.0,0
15091,control,0.0,0,0.0,0
15092,treatment,50.39,0,0.0,0
15093,control,49.98,0,0.0,0
15094,treatment,0.0,0,0.0,0
15095,treatment,63.73,1,91.27,0
15096,treatment,104.78,0,0.0,0
15097,treatment,0.0,0,0.0,0
15098,control,0.0,0,0.0,0
15099,control,20.43,0,0.0,0
15100,control,0.0,0,0.0,0
15101,control,0.0,0,0.0,0
15102,control,0.0,0,0.0,0
15103,control,75.87,0,0.0,0
15104,treatment,1130.9,1,159.52,0
15105,treatment,82.76,0,0.0,0
15106,treatment,0.0,0,0.0,0
15107,treatment,0.0,0,0.0,0
15108,control,0.0,0,0.0,0
15109,treatment,44.86,1,34.69,0
15110,control,42.09,1,110.23,0
15111,treatment,0.0,0,0.0,0
15112,control,103.71,0,0.0,0
15113,treatment,0.0,0,0.0,0
15114,control,0.0,0,0.0,0
15115,treatment,0.0,0,0.0,0
15116,treatment,0.0,0,0.0,0
15117,control,0.0,0,0.0,0
15118,control,33.41,0,0.0,0
15119,treatment,25.02,0,0.0,0
15120,control,0.0,1,95.01,0
15121,control,0.0,0,0.0,0
15122,treatment,0.0,1,44.76,0
15123,treatment,0.0,0,0.0,0
15124,control,0.0,1,49.23,0
15125,control,60.44,0,0.0,0
15126,control,0.0,0,0.0,0
15127,treatment,0.0,0,0.0,0
15128,treatment,71.8,1,44.43,0
15129,treatment,50.24,0,0.0,0
15130,treatment,0.0,0,0.0,0
15131,control,0.0,0,0.0,0
15132,control,35.64,0,0.0,0
15133,control,100.05,0,0.0,0
15134,control,646.55,1,84.84,0
15135,treatment,0.0,0,0.0,0
15136,treatment,0.0,0,0.0,0
15137,treatment,0.0,0,0.0,0
15138,control,0.0,0,0.0,0
15139,control,22.02,0,0.0,0
15140,control,0.0,0,0.0,0
15141,control,0.0,0,0.0,0
15142,control,0.0,0,0.0,0
15143,treatment,63.58,0,0.0,0
15144,control,64.92,0,0.0,0
15145,control,44.63,0,0.0,0
15146,control,0.0,0,0.0,0
15147,control,95.42,0,0.0,0
15148,control,0.0,1,54.04,0
15149,control,0.0,0,0.0,0
15150,treatment,338.24,0,0.0,0
15151,control,0.0,0,0.0,0
15152,treatment,0.0,0,0.0,0
15153,control,39.65,0,0.0,0
15154,control,29.61,0,0.0,0
15155,treatment,142.29,0,0.0,0
15156,control,112.66,0,0.0,0
15157,treatment,466.73,1,105.19,0
15158,treatment,0.0,0,0.0,0
15159,treatment,0.0,0,0.0,0
15160,control,40.15,0,0.0,0
15161,treatment,222.3,0,0.0,0
15162,control,0.0,0,0.0,0
15163,control,51.4,1,39.6,0
15164,control,399.14,1,95.39,0
15165,treatment,0.0,0,0.0,0
15166,treatment,0.0,0,0.0,0
15167,control,0.0,0,0.0,0
15168,control,0.0,1,33.18,0
15169,treatment,88.65,0,0.0,0
15170,treatment,0.0,0,0.0,0
15171,control,0.0,0,0.0,0
15172,control,0.0,0,0.0,0
15173,control,0.0,0,0.0,0
15174,treatment,0.0,0,0.0,0
15175,treatment,37.36,0,0.0,0
15176,control,41.34,0,0.0,0
15177,treatment,40.42,0,0.0,0
15178,control,56.7,0,0.0,0
15179,control,0.0,0,0.0,0
15180,treatment,0.0,0,0.0,0
15181,treatment,0.0,0,0.0,0
15182,control,0.0,0,0.0,0
15183,treatment,49.29,1,39.15,0
15184,treatment,0.0,0,0.0,0
15185,control,28.09,0,0.0,0
15186,control,72.44,0,0.0,0
15187,treatment,0.0,0,0.0,0
15188,control,0.0,0,0.0,0
15189,control,52.33,0,0.0,0
15190,treatment,230.19,0,0.0,0
15191,treatment,0.0,0,0.0,0
15192,treatment,0.0,0,0.0,0
15193,control,75.69,0,0.0,0
15194,treatment,0.0,0,0.0,0
15195,treatment,77.27,0,0.0,0
15196,control,0.0,0,0.0,0
15197,control,0.0,0,0.0,0
15198,control,0.0,0,0.0,0
15199,treatment,0.0,0,0.0,0
15200,control,0.0,0,0.0,0
15201,control,132.05,0,0.0,0
15202,treatment,1143.66,0,0.0,0
15203,control,109.6,0,0.0,0
15204,treatment,99.67,0,0.0,0
15205,control,0.0,0,0.0,0
15206,treatment,112.75,0,0.0,0
15207,control,0.0,0,0.0,0
15208,control,38.08,0,0.0,0
15209,treatment,89.59,0,0.0,0
15210,control,0.0,0,0.0,0
15211,control,0.0,0,0.0,0
15212,control,0.0,1,50.9,0
15213,treatment,0.0,0,0.0,0
15214,control,132.53,0,0.0,0
15215,control,0.0,0,0.0,0
15216,control,0.0,0,0.0,0
15217,treatment,0.0,0,0.0,0
15218,treatment,0.0,0,0.0,0
15219,treatment,0.0,0,0.0,0
15220,treatment,0.0,0,0.0,0
15221,control,41.54,0,0.0,0
15222,treatment,0.0,0,0.0,0
15223,control,0.0,0,0.0,0
15224,control,24.81,0,0.0,0
15225,control,0.0,0,0.0,0
15226,treatment,98.98,1,74.84,0
15227,treatment,0.0,0,0.0,0
15228,control,0.0,0,0.0,0
15229,control,0.0,0,0.0,0
15230,treatment,15.81,0,0.0,0
15231,treatment,0.0,0,0.0,0
15232,treatment,38.24,1,80.79,0
15233,treatment,67.42,0,0.0,0
15234,control,140.2,1,66.02,0
15235,control,0.0,0,0.0,0
15236,treatment,0.0,0,0.0,0
15237,treatment,0.0,0,0.0,0
15238,control,35.69,0,0.0,0
15239,control,172.7,0,0.0,0
15240,control,0.0,0,0.0,0
15241,treatment,91.71,1,168.31,0
15242,treatment,32.12,0,0.0,0
15243,control,40.76,0,0.0,0
15244,treatment,0.0,0,0.0,0
15245,control,0.0,0,0.0,0
15246,treatment,0.0,0,0.0,0
15247,control,0.0,0,0.0,0
15248,treatment,59.55,0,0.0,0
15249,treatment,587.84,1,237.83,0
15250,treatment,0.0,0,0.0,0
15251,treatment,0.0,0,0.0,0
15252,control,298.31,1,114.99,0
15253,control,0.0,0,0.0,0
15254,treatment,84.69,0,0.0,0
15255,treatment,70.5,0,0.0,0
15256,control,0.0,0,0.0,0
15257,control,0.0,0,0.0,0
15258,treatment,662.11,0,0.0,0
15259,control,643.97,1,241.53,0
15260,treatment,136.98,0,0.0,0
15261,control,0.0,0,0.0,0
15262,control,0.0,0,0.0,0
15263,control,0.0,0,0.0,0
15264,treatment,0.0,0,0.0,0
15265,control,28.55,0,0.0,0
15266,control,0.0,0,0.0,0
15267,treatment,31.93,1,106.53,0
15268,treatment,117.17,0,0.0,0
15269,treatment,129.55,1,80.17,0
15270,treatment,0.0,0,0.0,0
15271,treatment,277.17,1,93.94,0
15272,treatment,0.0,0,0.0,0
15273,control,298.92,1,51.23,0
15274,control,64.69,0,0.0,0
15275,treatment,127.55,1,49.16,0
15276,control,198.09,0,0.0,0
15277,control,75.51,1,64.7,0
15278,treatment,111.48,0,0.0,0
15279,control,0.0,0,0.0,0
15280,control,34.86,0,0.0,0
15281,treatment,0.0,0,0.0,0
15282,control,0.0,0,0.0,0
15283,treatment,0.0,0,0.0,0
15284,control,0.0,0,0.0,0
15285,treatment,0.0,0,0.0,0
15286,control,0.0,0,0.0,0
15287,treatment,282.94,0,0.0,0
15288,treatment,0.0,0,0.0,0
15289,control,71.11,0,0.0,0
15290,control,0.0,0,0.0,0
15291,treatment,34.04,0,0.0,0
15292,treatment,231.25,1,60.49,0
15293,control,219.52,0,0.0,0
15294,control,0.0,0,0.0,0
15295,control,75.38,0,0.0,0
15296,control,0.0,0,0.0,0
15297,control,130.33,0,0.0,0
15298,control,0.0,0,0.0,0
15299,control,0.0,0,0.0,0
15300,treatment,0.0,0,0.0,0
15301,treatment,0.0,0,0.0,0
15302,treatment,0.0,0,0.0,0
15303,control,109.75,0,0.0,0
15304,control,0.0,0,0.0,0
15305,control,0.0,0,0.0,0
15306,treatment,81.19,1,21.36,0
15307,control,162.93,0,0.0,0
15308,treatment,0.0,0,0.0,0
15309,control,0.0,0,0.0,0
15310,control,85.62,0,0.0,0
15311,treatment,0.0,0,0.0,0
15312,control,65.86,1,53.89,0
15313,treatment,276.87,1,46.61,0
15314,treatment,49.71,0,0.0,0
15315,treatment,51.1,0,0.0,0
15316,control,0.0,0,0.0,0
15317,control,0.0,0,0.0,0
15318,control,64.86,0,0.0,0
15319,treatment,34.83,0,0.0,0
15320,treatment,0.0,0,0.0,0
15321,control,0.0,0,0.0,0
15322,control,0.0,1,46.22,0
15323,control,0.0,0,0.0,0
15324,control,177.26,0,0.0,0
15325,treatment,0.0,0,0.0,0
15326,control,37.27,0,0.0,0
15327,control,90.2,0,0.0,0
15328,treatment,45.42,0,0.0,0
15329,treatment,38.73,0,0.0,0
15330,control,0.0,0,0.0,0
15331,treatment,48.32,0,0.0,0
15332,control,0.0,1,39.43,0
15333,treatment,78.08,0,0.0,0
15334,treatment,0.0,0,0.0,0
15335,treatment,53.11,0,0.0,0
15336,treatment,0.0,0,0.0,0
15337,control,0.0,0,0.0,0
15338,treatment,0.0,0,0.0,0
15339,control,648.08,0,0.0,0
15340,control,0.0,0,0.0,0
15341,control,39.3,0,0.0,0
15342,control,0.0,0,0.0,0
15343,control,0.0,0,0.0,0
15344,treatment,0.0,0,0.0,0
15345,control,0.0,0,0.0,0
15346,control,62.71,0,0.0,0
15347,treatment,41.54,0,0.0,0
15348,treatment,93.75,0,0.0,0
15349,treatment,0.0,0,0.0,0
15350,treatment,0.0,0,0.0,0
15351,treatment,0.0,0,0.0,0
15352,treatment,157.57,0,0.0,0
15353,treatment,64.33,0,0.0,0
15354,control,118.88,0,0.0,0
15355,control,213.78,0,0.0,0
15356,treatment,0.0,1,91.59,0
15357,treatment,135.05,0,0.0,0
15358,control,0.0,0,0.0,0
15359,control,69.17,0,0.0,0
15360,control,662.77,1,107.4,1
15361,control,0.0,0,0.0,0
15362,control,164.56,0,0.0,0
15363,treatment,0.0,0,0.0,0
15364,treatment,0.0,0,0.0,0
15365,treatment,0.0,0,0.0,0
15366,treatment,0.0,0,0.0,0
15367,control,0.0,0,0.0,0
15368,treatment,0.0,0,0.0,0
15369,control,255.29,0,0.0,0
15370,control,0.0,0,0.0,0
15371,treatment,0.0,0,0.0,0
15372,treatment,343.94,1,194.27,0
15373,control,0.0,0,0.0,0
15374,treatment,114.59,0,0.0,0
15375,control,70.0,0,0.0,0
15376,control,67.45,0,0.0,0
15377,treatment,0.0,0,0.0,0
15378,treatment,171.96,0,0.0,0
15379,treatment,0.0,0,0.0,0
15380,control,0.0,0,0.0,0
15381,control,0.0,0,0.0,0
15382,control,79.14,0,0.0,0
15383,control,0.0,0,0.0,0
15384,treatment,72.06,0,0.0,0
15385,treatment,0.0,0,0.0,0
15386,treatment,40.51,0,0.0,0
15387,treatment,0.0,0,0.0,0
15388,control,41.67,0,0.0,0
15389,control,0.0,0,0.0,0
15390,control,140.49,0,0.0,0
15391,treatment,0.0,0,0.0,0
15392,control,38.62,0,0.0,0
15393,control,0.0,0,0.0,0
15394,control,0.0,0,0.0,0
15395,treatment,0.0,0,0.0,0
15396,control,130.86,1,42.28,1
15397,treatment,161.1,0,0.0,0
15398,treatment,34.94,0,0.0,0
15399,treatment,61.39,0,0.0,0
15400,treatment,0.0,0,0.0,0
15401,treatment,251.46,0,0.0,0
15402,treatment,189.41,1,108.73,1
15403,control,50.09,0,0.0,0
15404,control,0.0,0,0.0,0
15405,treatment,0.0,0,0.0,0
15406,control,44.55,0,0.0,0
15407,control,64.87,0,0.0,0
15408,control,385.93,1,52.83,0
15409,treatment,0.0,0,0.0,0
15410,treatment,0.0,0,0.0,0
15411,treatment,0.0,0,0.0,0
15412,treatment,181.69,0,0.0,0
15413,control,0.0,0,0.0,0
15414,treatment,0.0,0,0.0,0
15415,control,0.0,0,0.0,0
15416,control,0.0,0,0.0,0
15417,control,0.0,0,0.0,0
15418,treatment,286.47,0,0.0,0
15419,treatment,41.22,0,0.0,0
15420,control,113.8,1,90.4,0
15421,control,0.0,0,0.0,0
15422,treatment,0.0,0,0.0,0
15423,control,0.0,0,0.0,0
15424,treatment,0.0,0,0.0,0
15425,control,87.23,0,0.0,0
15426,treatment,0.0,0,0.0,0
15427,control,0.0,0,0.0,0
15428,control,116.87,0,0.0,0
15429,treatment,53.38,0,0.0,0
15430,treatment,56.29,0,0.0,0
15431,treatment,0.0,0,0.0,0
15432,treatment,0.0,1,42.59,0
15433,control,0.0,0,0.0,0
15434,control,92.46,0,0.0,0
15435,treatment,0.0,1,105.7,0
15436,treatment,0.0,0,0.0,0
15437,control,53.05,0,0.0,0
15438,treatment,0.0,0,0.0,0
15439,control,0.0,0,0.0,0
15440,treatment,42.04,0,0.0,0
15441,control,0.0,0,0.0,0
15442,treatment,0.0,0,0.0,0
15443,control,37.45,0,0.0,0
15444,treatment,96.07,0,0.0,0
15445,treatment,44.3,1,155.7,0
15446,treatment,40.88,0,0.0,0
15447,control,0.0,1,25.09,0
15448,control,0.0,0,0.0,0
15449,control,0.0,0,0.0,0
15450,treatment,0.0,0,0.0,0
15451,treatment,0.0,0,0.0,0
15452,treatment,0.0,1,148.43,0
15453,control,0.0,0,0.0,0
15454,treatment,528.62,1,93.0,0
15455,control,82.25,0,0.0,0
15456,treatment,0.0,0,0.0,0
15457,control,0.0,0,0.0,0
15458,treatment,59.67,0,0.0,0
15459,treatment,0.0,1,63.81,0
15460,control,0.0,0,0.0,0
15461,treatment,0.0,0,0.0,0
15462,control,0.0,0,0.0,0
15463,control,81.94,0,0.0,0
15464,treatment,0.0,0,0.0,0
15465,control,607.97,0,0.0,0
15466,control,64.2,0,0.0,0
15467,treatment,0.0,0,0.0,0
15468,treatment,0.0,0,0.0,0
15469,control,63.94,1,40.74,0
15470,control,0.0,0,0.0,0
15471,control,84.27,0,0.0,0
15472,treatment,67.85,0,0.0,0
15473,treatment,56.07,0,0.0,0
15474,control,21.55,0,0.0,0
15475,treatment,165.88,1,41.47,1
15476,control,0.0,0,0.0,0
15477,control,94.87,1,46.08,0
15478,treatment,0.0,0,0.0,0
15479,control,235.29,1,96.73,0
15480,control,47.3,0,0.0,0
15481,control,0.0,0,0.0,0
15482,treatment,82.03,0,0.0,0
15483,treatment,0.0,0,0.0,0
15484,control,41.2,1,97.16,0
15485,treatment,389.01,1,125.0,0
15486,control,0.0,0,0.0,0
15487,treatment,0.0,0,0.0,0
15488,control,147.67,0,0.0,0
15489,treatment,0.0,0,0.0,0
15490,control,37.95,1,145.81,0
15491,treatment,0.0,0,0.0,0
15492,treatment,0.0,0,0.0,0
15493,treatment,0.0,0,0.0,0
15494,treatment,0.0,0,0.0,0
15495,control,49.85,0,0.0,0
15496,control,0.0,0,0.0,0
15497,control,0.0,0,0.0,0
15498,control,0.0,0,0.0,0
15499,control,94.75,0,0.0,0
15500,control,0.0,0,0.0,0
15501,control,31.82,0,0.0,0
15502,control,25.23,0,0.0,0
15503,control,0.0,0,0.0,0
15504,treatment,0.0,0,0.0,0
15505,treatment,0.0,0,0.0,0
15506,treatment,52.36,1,50.32,0
15507,treatment,71.37,0,0.0,0
15508,control,0.0,0,0.0,0
15509,treatment,0.0,0,0.0,0
15510,treatment,0.0,0,0.0,0
15511,treatment,53.51,1,63.2,0
15512,control,0.0,0,0.0,0
15513,control,39.54,0,0.0,0
15514,treatment,40.87,0,0.0,0
15515,treatment,0.0,0,0.0,0
15516,control,0.0,1,31.82,0
15517,treatment,0.0,0,0.0,0
15518,treatment,0.0,0,0.0,0
15519,treatment,0.0,0,0.0,0
15520,treatment,40.38,0,0.0,0
15521,control,101.5,1,43.11,0
15522,control,0.0,0,0.0,0
15523,control,40.5,0,0.0,0
15524,treatment,0.0,0,0.0,0
15525,control,91.38,0,0.0,0
15526,treatment,75.14,0,0.0,0
15527,treatment,0.0,0,0.0,0
15528,control,0.0,1,69.0,0
15529,control,72.56,0,0.0,0
15530,control,31.87,0,0.0,0
15531,treatment,87.11,0,0.0,0
15532,control,0.0,0,0.0,0
15533,control,0.0,0,0.0,0
15534,control,0.0,0,0.0,0
15535,control,0.0,0,0.0,0
15536,treatment,56.57,0,0.0,0
15537,control,40.93,0,0.0,0
15538,treatment,187.35,0,0.0,0
15539,control,0.0,0,0.0,0
15540,treatment,0.0,0,0.0,0
15541,treatment,0.0,0,0.0,0
15542,control,0.0,0,0.0,0
15543,control,124.1,0,0.0,0
15544,treatment,284.93,1,45.0,1
15545,control,0.0,0,0.0,0
15546,treatment,0.0,0,0.0,0
15547,control,0.0,0,0.0,0
15548,control,0.0,0,0.0,0
15549,treatment,0.0,0,0.0,0
15550,treatment,36.94,0,0.0,0
15551,treatment,1718.79,1,108.69,0
15552,treatment,0.0,0,0.0,0
15553,control,73.05,0,0.0,0
15554,treatment,0.0,0,0.0,0
15555,control,0.0,0,0.0,0
15556,treatment,0.0,0,0.0,0
15557,treatment,0.0,0,0.0,0
15558,treatment,0.0,0,0.0,0
15559,control,0.0,0,0.0,0
15560,treatment,35.82,0,0.0,0
15561,control,0.0,0,0.0,0
15562,treatment,88.92,0,0.0,0
15563,control,0.0,0,0.0,0
15564,treatment,0.0,1,62.86,0
15565,control,0.0,0,0.0,0
15566,treatment,0.0,0,0.0,0
15567,treatment,85.85,0,0.0,0
15568,treatment,0.0,0,0.0,0
15569,treatment,0.0,0,0.0,0
15570,control,0.0,0,0.0,0
15571,treatment,0.0,0,0.0,0
15572,control,0.0,0,0.0,0
15573,control,0.0,0,0.0,0
15574,treatment,0.0,0,0.0,0
15575,control,55.11,1,158.01,0
15576,control,0.0,0,0.0,0
15577,treatment,0.0,0,0.0,0
15578,treatment,0.0,0,0.0,0
15579,treatment,708.66,1,158.64,0
15580,control,102.38,0,0.0,0
15581,control,0.0,0,0.0,0
15582,treatment,273.38,1,58.86,0
15583,control,0.0,0,0.0,0
15584,treatment,48.97,0,0.0,0
15585,treatment,31.9,0,0.0,0
15586,treatment,0.0,0,0.0,0
15587,treatment,27.52,0,0.0,0
15588,treatment,0.0,0,0.0,0
15589,treatment,0.0,0,0.0,0
15590,control,0.0,0,0.0,0
15591,control,0.0,0,0.0,0
15592,control,0.0,0,0.0,0
15593,control,188.0,0,0.0,0
15594,treatment,87.99,0,0.0,0
15595,control,160.31,1,135.01,0
15596,treatment,0.0,0,0.0,0
15597,treatment,0.0,0,0.0,0
15598,control,0.0,0,0.0,0
15599,control,103.66,0,0.0,0
15600,control,39.58,0,0.0,0
15601,treatment,131.32,1,35.9,0
15602,treatment,159.65,0,0.0,0
15603,control,0.0,0,0.0,0
15604,treatment,0.0,0,0.0,0
15605,control,0.0,1,59.96,0
15606,control,0.0,0,0.0,0
15607,treatment,0.0,0,0.0,0
15608,treatment,0.0,1,80.58,1
15609,treatment,0.0,0,0.0,0
15610,control,0.0,0,0.0,0
15611,control,138.41,0,0.0,0
15612,control,0.0,0,0.0,0
15613,treatment,30.41,0,0.0,0
15614,control,0.0,0,0.0,0
15615,control,0.0,0,0.0,0
15616,control,0.0,0,0.0,0
15617,treatment,404.07,0,0.0,0
15618,control,0.0,0,0.0,0
15619,treatment,23.71,0,0.0,0
15620,treatment,0.0,0,0.0,0
15621,control,0.0,0,0.0,0
15622,treatment,0.0,0,0.0,0
15623,control,167.9,0,0.0,0
15624,treatment,0.0,0,0.0,0
15625,treatment,0.0,0,0.0,0
15626,treatment,0.0,0,0.0,0
15627,treatment,0.0,0,0.0,0
15628,treatment,0.0,0,0.0,0
15629,treatment,258.11,0,0.0,0
15630,treatment,53.35,0,0.0,0
15631,control,56.82,0,0.0,0
15632,treatment,0.0,0,0.0,0
15633,treatment,0.0,0,0.0,0
15634,control,0.0,0,0.0,0
15635,control,0.0,0,0.0,0
15636,treatment,879.87,1,64.33,0
15637,treatment,58.46,1,53.29,0
15638,control,624.32,1,104.39,0
15639,control,194.94,1,177.81,0
15640,treatment,71.37,0,0.0,0
15641,treatment,27.6,0,0.0,0
15642,control,52.34,0,0.0,0
15643,control,138.39,1,156.57,0
15644,control,0.0,0,0.0,0
15645,control,0.0,0,0.0,0
15646,control,0.0,0,0.0,0
15647,control,0.0,0,0.0,0
15648,treatment,0.0,0,0.0,0
15649,treatment,0.0,0,0.0,0
15650,control,72.0,0,0.0,0
15651,treatment,80.24,1,39.16,0
15652,treatment,23.24,0,0.0,0
15653,treatment,180.42,1,54.8,0
15654,control,0.0,0,0.0,0
15655,control,57.12,0,0.0,0
15656,control,0.0,0,0.0,0
15657,control,80.93,0,0.0,0
15658,treatment,0.0,0,0.0,0
15659,treatment,0.0,0,0.0,0
15660,treatment,0.0,0,0.0,0
15661,treatment,102.87,0,0.0,0
15662,treatment,0.0,0,0.0,0
15663,treatment,146.76,0,0.0,0
15664,treatment,0.0,0,0.0,0
15665,treatment,0.0,0,0.0,0
15666,control,61.64,1,11.27,0
15667,treatment,39.98,0,0.0,0
15668,control,232.89,0,0.0,0
15669,treatment,0.0,0,0.0,0
15670,control,27.1,1,51.67,1
15671,control,0.0,0,0.0,0
15672,treatment,0.0,0,0.0,0
15673,treatment,35.89,0,0.0,0
15674,control,71.46,0,0.0,0
15675,treatment,0.0,0,0.0,0
15676,treatment,110.19,0,0.0,0
15677,treatment,167.26,0,0.0,0
15678,control,52.59,0,0.0,0
15679,control,0.0,0,0.0,0
15680,control,102.91,0,0.0,0
15681,control,115.51,1,262.54,0
15682,treatment,0.0,0,0.0,0
15683,treatment,0.0,0,0.0,0
15684,control,25.56,0,0.0,0
15685,treatment,636.85,0,0.0,0
15686,treatment,0.0,0,0.0,0
15687,control,0.0,0,0.0,0
15688,control,0.0,0,0.0,0
15689,control,0.0,0,0.0,0
15690,treatment,0.0,0,0.0,0
15691,control,55.7,0,0.0,0
15692,treatment,97.74,1,40.68,0
15693,treatment,76.58,1,23.27,0
15694,treatment,46.45,0,0.0,0
15695,treatment,0.0,0,0.0,0
15696,control,0.0,0,0.0,0
15697,treatment,0.0,0,0.0,0
15698,control,0.0,0,0.0,0
15699,treatment,288.87,0,0.0,0
15700,treatment,74.33,0,0.0,0
15701,treatment,106.13,1,127.6,0
15702,control,0.0,0,0.0,0
15703,treatment,0.0,0,0.0,0
15704,treatment,0.0,0,0.0,0
15705,treatment,0.0,0,0.0,0
15706,control,102.83,0,0.0,0
15707,control,123.71,1,72.26,0
15708,treatment,79.27,0,0.0,0
15709,control,0.0,0,0.0,0
15710,treatment,91.39,0,0.0,0
15711,control,0.0,0,0.0,0
15712,control,107.92,0,0.0,0
15713,treatment,93.86,0,0.0,0
15714,treatment,221.94,0,0.0,0
15715,treatment,97.67,0,0.0,0
15716,control,185.53,1,48.89,0
15717,control,0.0,0,0.0,0
15718,control,0.0,0,0.0,0
15719,treatment,68.41,0,0.0,0
15720,control,23.19,0,0.0,0
15721,treatment,0.0,0,0.0,0
15722,control,38.87,0,0.0,0
15723,control,64.39,1,44.44,0
15724,treatment,41.54,0,0.0,0
15725,control,63.33,0,0.0,0
15726,treatment,0.0,0,0.0,0
15727,control,0.0,0,0.0,0
15728,control,315.41,1,178.94,0
15729,treatment,64.19,0,0.0,0
15730,control,53.19,0,0.0,0
15731,control,0.0,0,0.0,0
15732,control,112.92,0,0.0,0
15733,control,0.0,0,0.0,0
15734,treatment,0.0,0,0.0,0
15735,control,0.0,0,0.0,0
15736,control,104.97,0,0.0,0
15737,control,0.0,0,0.0,0
15738,treatment,0.0,0,0.0,0
15739,control,274.65,0,0.0,0
15740,treatment,50.45,1,56.58,0
15741,treatment,73.73,0,0.0,0
15742,control,0.0,0,0.0,0
15743,control,0.0,0,0.0,0
15744,control,0.0,0,0.0,0
15745,control,0.0,0,0.0,0
15746,control,67.1,0,0.0,0
15747,treatment,0.0,0,0.0,0
15748,control,0.0,0,0.0,0
15749,control,0.0,0,0.0,0
15750,treatment,54.12,0,0.0,0
15751,control,52.43,0,0.0,0
15752,control,0.0,0,0.0,0
15753,treatment,0.0,0,0.0,0
15754,treatment,0.0,0,0.0,0
15755,treatment,260.44,1,91.59,0
15756,treatment,0.0,0,0.0,0
15757,control,0.0,0,0.0,0
15758,control,60.68,0,0.0,0
15759,control,0.0,1,38.82,0
15760,control,0.0,0,0.0,0
15761,treatment,0.0,0,0.0,0
15762,control,283.3,0,0.0,0
15763,treatment,95.93,0,0.0,0
15764,control,0.0,0,0.0,0
15765,control,64.91,0,0.0,0
15766,treatment,39.42,0,0.0,0
15767,control,97.18,1,98.63,1
15768,treatment,53.99,0,0.0,0
15769,treatment,0.0,0,0.0,0
15770,treatment,135.63,0,0.0,0
15771,treatment,26.97,0,0.0,0
15772,treatment,0.0,0,0.0,0
15773,control,55.08,0,0.0,0
15774,control,0.0,0,0.0,0
15775,treatment,0.0,0,0.0,0
15776,control,46.37,0,0.0,0
15777,treatment,147.7,0,0.0,0
15778,treatment,129.68,0,0.0,0
15779,control,0.0,0,0.0,0
15780,control,43.82,1,22.55,0
15781,control,0.0,0,0.0,0
15782,control,65.5,0,0.0,0
15783,control,0.0,0,0.0,0
15784,treatment,0.0,0,0.0,0
15785,control,36.89,0,0.0,0
15786,control,0.0,0,0.0,0
15787,treatment,0.0,0,0.0,0
15788,treatment,231.8,0,0.0,0
15789,control,64.36,0,0.0,0
15790,treatment,0.0,0,0.0,0
15791,control,0.0,0,0.0,0
15792,control,0.0,0,0.0,0
15793,control,0.0,0,0.0,0
15794,control,84.18,0,0.0,0
15795,treatment,0.0,0,0.0,0
15796,treatment,0.0,0,0.0,0
15797,control,0.0,0,0.0,0
15798,treatment,34.01,0,0.0,0
15799,treatment,53.08,0,0.0,0
15800,control,0.0,0,0.0,0
15801,treatment,100.01,1,32.29,0
15802,control,0.0,0,0.0,0
15803,control,314.48,1,56.94,0
15804,control,45.92,0,0.0,0
15805,control,0.0,0,0.0,0
15806,control,1187.33,1,114.29,0
15807,control,0.0,0,0.0,0
15808,control,51.46,0,0.0,0
15809,treatment,34.87,0,0.0,0
15810,treatment,0.0,0,0.0,0
15811,control,0.0,0,0.0,0
15812,control,77.7,0,0.0,0
15813,treatment,80.15,0,0.0,0
15814,control,40.88,0,0.0,0
15815,treatment,0.0,0,0.0,0
15816,treatment,68.8,0,0.0,0
15817,treatment,81.19,0,0.0,0
15818,control,42.02,0,0.0,0
15819,control,0.0,0,0.0,0
15820,control,0.0,0,0.0,0
15821,treatment,0.0,0,0.0,0
15822,treatment,0.0,0,0.0,0
15823,control,0.0,0,0.0,0
15824,treatment,0.0,0,0.0,0
15825,control,0.0,0,0.0,0
15826,treatment,0.0,0,0.0,0
15827,treatment,0.0,0,0.0,0
15828,treatment,0.0,0,0.0,0
15829,treatment,0.0,0,0.0,0
15830,control,169.59,0,0.0,0
15831,treatment,0.0,0,0.0,0
15832,treatment,90.16,0,0.0,0
15833,control,99.69,0,0.0,0
15834,control,51.68,0,0.0,0
15835,treatment,0.0,0,0.0,0
15836,treatment,51.64,0,0.0,0
15837,control,53.09,0,0.0,0
15838,control,49.0,0,0.0,0
15839,treatment,0.0,0,0.0,0
15840,treatment,0.0,0,0.0,0
15841,treatment,165.98,0,0.0,0
15842,control,0.0,0,0.0,0
15843,treatment,0.0,0,0.0,0
15844,treatment,0.0,0,0.0,0
15845,control,0.0,0,0.0,0
15846,treatment,52.4,0,0.0,0
15847,treatment,0.0,0,0.0,0
15848,treatment,0.0,0,0.0,0
15849,control,336.14,1,76.25,0
15850,treatment,98.39,0,0.0,0
15851,control,31.97,0,0.0,0
15852,treatment,150.13,0,0.0,0
15853,control,151.34,0,0.0,0
15854,treatment,87.89,1,55.88,0
15855,treatment,73.23,0,0.0,0
15856,treatment,726.78,1,77.44,0
15857,control,28.46,0,0.0,0
15858,control,64.1,0,0.0,0
15859,control,79.86,0,0.0,0
15860,treatment,288.19,1,185.21,0
15861,treatment,49.36,0,0.0,0
15862,control,0.0,0,0.0,0
15863,control,0.0,1,33.01,0
15864,treatment,163.34,0,0.0,0
15865,treatment,77.61,0,0.0,0
15866,control,71.15,0,0.0,0
15867,treatment,0.0,0,0.0,0
15868,treatment,0.0,0,0.0,0
15869,treatment,41.54,0,0.0,0
15870,treatment,55.05,1,111.87,0
15871,control,78.12,0,0.0,0
15872,control,239.09,0,0.0,0
15873,treatment,0.0,0,0.0,0
15874,treatment,57.5,0,0.0,0
15875,treatment,0.0,0,0.0,0
15876,treatment,0.0,0,0.0,0
15877,treatment,0.0,0,0.0,0
15878,control,0.0,0,0.0,0
15879,control,46.23,0,0.0,0
15880,treatment,138.99,0,0.0,0
15881,treatment,30.21,0,0.0,0
15882,control,0.0,0,0.0,0
15883,treatment,256.25,1,25.99,0
15884,control,0.0,0,0.0,0
15885,treatment,0.0,0,0.0,0
15886,control,62.42,0,0.0,0
15887,treatment,83.28,0,0.0,0
15888,treatment,0.0,0,0.0,0
15889,control,0.0,0,0.0,0
15890,control,51.07,0,0.0,0
15891,treatment,294.84,1,109.39,0
15892,control,27.85,0,0.0,0
15893,control,0.0,0,0.0,0
15894,treatment,42.28,0,0.0,0
15895,control,0.0,0,0.0,0
15896,control,42.08,0,0.0,0
15897,control,60.84,0,0.0,0
15898,treatment,0.0,0,0.0,0
15899,treatment,0.0,0,0.0,0
15900,control,25.25,0,0.0,0
15901,control,89.32,0,0.0,0
15902,treatment,63.03,0,0.0,0
15903,control,0.0,0,0.0,0
15904,treatment,209.22,0,0.0,0
15905,control,70.23,0,0.0,0
15906,treatment,42.4,0,0.0,0
15907,control,0.0,0,0.0,0
15908,control,0.0,0,0.0,0
15909,treatment,0.0,0,0.0,0
15910,treatment,54.27,0,0.0,0
15911,treatment,0.0,0,0.0,0
15912,control,78.18,0,0.0,0
15913,treatment,0.0,1,53.68,0
15914,treatment,0.0,0,0.0,0
15915,control,92.19,0,0.0,0
15916,treatment,0.0,0,0.0,0
15917,treatment,17.72,0,0.0,0
15918,control,148.49,0,0.0,0
15919,treatment,0.0,0,0.0,0
15920,control,0.0,0,0.0,0
15921,treatment,0.0,0,0.0,0
15922,treatment,64.91,0,0.0,0
15923,treatment,22.19,0,0.0,0
15924,control,0.0,0,0.0,0
15925,treatment,446.66,1,62.77,1
15926,control,0.0,0,0.0,0
15927,control,0.0,1,40.73,0
15928,treatment,0.0,0,0.0,0
15929,treatment,0.0,0,0.0,0
15930,treatment,21.1,0,0.0,0
15931,control,0.0,0,0.0,0
15932,treatment,0.0,0,0.0,0
15933,control,73.84,0,0.0,0
15934,control,52.65,0,0.0,0
15935,control,39.81,0,0.0,0
15936,treatment,99.11,1,49.73,0
15937,treatment,0.0,0,0.0,0
15938,treatment,0.0,0,0.0,0
15939,treatment,59.45,0,0.0,0
15940,treatment,71.46,0,0.0,0
15941,treatment,0.0,0,0.0,0
15942,control,0.0,0,0.0,0
15943,treatment,47.16,0,0.0,0
15944,treatment,219.13,0,0.0,0
15945,treatment,146.35,0,0.0,0
15946,treatment,234.7,0,0.0,0
15947,control,0.0,0,0.0,0
15948,control,196.95,0,0.0,0
15949,treatment,59.8,0,0.0,0
15950,control,0.0,0,0.0,0
15951,control,31.54,1,61.09,0
15952,control,67.29,1,36.94,0
15953,treatment,44.77,0,0.0,0
15954,control,0.0,0,0.0,0
15955,control,124.52,1,74.15,0
15956,treatment,118.34,0,0.0,0
15957,control,289.17,0,0.0,0
15958,treatment,0.0,0,0.0,0
15959,control,54.14,0,0.0,0
15960,control,49.23,0,0.0,0
15961,treatment,0.0,0,0.0,0
15962,control,0.0,0,0.0,0
15963,control,0.0,0,0.0,0
15964,treatment,101.87,0,0.0,0
15965,treatment,40.78,1,29.54,0
15966,control,150.1,0,0.0,0
15967,control,0.0,0,0.0,0
15968,control,150.72,0,0.0,0
15969,control,0.0,0,0.0,0
15970,treatment,234.43,0,0.0,0
15971,control,62.77,0,0.0,0
15972,treatment,0.0,0,0.0,0
15973,control,0.0,0,0.0,0
15974,treatment,0.0,0,0.0,0
15975,treatment,104.54,0,0.0,0
15976,control,218.04,0,0.0,0
15977,treatment,47.64,0,0.0,0
15978,control,44.22,0,0.0,0
15979,treatment,0.0,0,0.0,0
15980,treatment,0.0,1,64.42,0
15981,control,39.75,0,0.0,0
15982,treatment,42.74,0,0.0,0
15983,treatment,57.86,0,0.0,0
15984,control,73.03,0,0.0,0
15985,treatment,0.0,0,0.0,0
15986,control,0.0,0,0.0,0
15987,control,0.0,0,0.0,0
15988,treatment,136.15,1,98.06,1
15989,control,162.46,0,0.0,0
15990,control,0.0,0,0.0,0
15991,control,0.0,0,0.0,0
15992,control,279.79,0,0.0,0
15993,treatment,37.13,0,0.0,0
15994,treatment,0.0,0,0.0,0
15995,control,34.9,0,0.0,0
15996,treatment,0.0,1,77.0,0
15997,treatment,0.0,0,0.0,0
15998,treatment,0.0,0,0.0,0
15999,control,66.92,0,0.0,0
16000,control,0.0,0,0.0,0
16001,control,65.23,0,0.0,0
16002,control,160.69,0,0.0,0
16003,treatment,0.0,0,0.0,0
16004,treatment,36.42,0,0.0,0
16005,treatment,0.0,0,0.0,0
16006,treatment,31.94,0,0.0,0
16007,treatment,0.0,1,48.54,0
16008,control,385.38,1,106.7,0
16009,treatment,48.71,1,29.55,0
16010,control,38.92,0,0.0,0
16011,control,88.89,0,0.0,0
16012,treatment,43.86,1,25.07,0
16013,treatment,0.0,0,0.0,0
16014,control,70.8,0,0.0,0
16015,control,99.16,1,90.7,0
16016,treatment,0.0,0,0.0,0
16017,treatment,235.19,0,0.0,0
16018,control,0.0,0,0.0,0
16019,control,476.26,0,0.0,0
16020,control,0.0,0,0.0,0
16021,treatment,129.94,0,0.0,0
16022,control,0.0,0,0.0,0
16023,treatment,0.0,0,0.0,0
16024,control,0.0,0,0.0,0
16025,control,178.97,0,0.0,0
16026,control,0.0,0,0.0,0
16027,treatment,0.0,0,0.0,0
16028,control,0.0,0,0.0,0
16029,control,0.0,0,0.0,0
16030,control,20.87,0,0.0,0
16031,treatment,94.02,0,0.0,0
16032,control,37.5,0,0.0,0
16033,control,0.0,0,0.0,0
16034,control,0.0,0,0.0,0
16035,control,0.0,0,0.0,0
16036,treatment,0.0,0,0.0,0
16037,control,0.0,0,0.0,0
16038,treatment,150.92,1,67.38,0
16039,control,0.0,0,0.0,0
16040,control,45.92,0,0.0,0
16041,control,0.0,0,0.0,0
16042,treatment,0.0,0,0.0,0
16043,control,0.0,0,0.0,0
16044,treatment,0.0,0,0.0,0
16045,control,0.0,0,0.0,0
16046,control,0.0,0,0.0,0
16047,treatment,544.35,1,87.14,0
16048,treatment,0.0,0,0.0,0
16049,treatment,266.25,0,0.0,0
16050,treatment,106.75,0,0.0,0
16051,treatment,0.0,0,0.0,0
16052,treatment,0.0,0,0.0,0
16053,control,0.0,0,0.0,0
16054,treatment,70.16,0,0.0,0
16055,control,72.79,0,0.0,0
16056,control,55.93,0,0.0,0
16057,treatment,86.43,0,0.0,0
16058,control,0.0,0,0.0,0
16059,treatment,0.0,0,0.0,0
16060,treatment,0.0,0,0.0,0
16061,control,0.0,0,0.0,0
16062,treatment,111.44,0,0.0,0
16063,treatment,0.0,0,0.0,0
16064,treatment,0.0,0,0.0,0
16065,control,347.45,1,76.91,0
16066,control,82.15,0,0.0,0
16067,control,37.59,0,0.0,0
16068,treatment,20.07,0,0.0,0
16069,control,0.0,0,0.0,0
16070,treatment,39.1,0,0.0,0
16071,control,198.35,0,0.0,0
16072,control,39.81,0,0.0,0
16073,treatment,57.43,0,0.0,0
16074,treatment,0.0,0,0.0,0
16075,treatment,0.0,0,0.0,0
16076,control,352.95,1,62.82,0
16077,control,66.18,0,0.0,0
16078,control,0.0,0,0.0,0
16079,treatment,0.0,0,0.0,0
16080,treatment,0.0,0,0.0,0
16081,control,0.0,0,0.0,0
16082,control,0.0,0,0.0,0
16083,control,28.35,0,0.0,0
16084,treatment,0.0,0,0.0,0
16085,treatment,100.79,0,0.0,0
16086,control,0.0,1,112.78,0
16087,control,57.01,0,0.0,0
16088,treatment,0.0,0,0.0,0
16089,treatment,51.11,0,0.0,0
16090,control,0.0,0,0.0,0
16091,control,0.0,0,0.0,0
16092,control,0.0,0,0.0,0
16093,control,0.0,0,0.0,0
16094,treatment,239.45,1,81.51,0
16095,control,61.26,0,0.0,0
16096,control,0.0,0,0.0,0
16097,treatment,37.34,0,0.0,0
16098,treatment,0.0,0,0.0,0
16099,control,188.46,0,0.0,0
16100,control,193.53,0,0.0,0
16101,treatment,522.79,0,0.0,0
16102,control,0.0,0,0.0,0
16103,control,0.0,0,0.0,0
16104,treatment,92.49,0,0.0,0
16105,control,46.99,0,0.0,0
16106,treatment,25.08,0,0.0,0
16107,treatment,44.59,0,0.0,0
16108,control,0.0,0,0.0,0
16109,treatment,166.74,0,0.0,0
16110,treatment,0.0,1,89.01,0
16111,treatment,277.15,0,0.0,0
16112,treatment,0.0,1,51.47,0
16113,control,82.29,0,0.0,0
16114,treatment,17.76,0,0.0,0
16115,control,0.0,0,0.0,0
16116,control,79.52,0,0.0,0
16117,treatment,29.12,0,0.0,0
16118,treatment,0.0,0,0.0,0
16119,control,0.0,0,0.0,0
16120,control,0.0,1,42.62,0
16121,control,352.18,1,81.11,0
16122,control,45.4,0,0.0,0
16123,treatment,60.86,0,0.0,0
16124,control,145.43,0,0.0,0
16125,treatment,0.0,0,0.0,0
16126,treatment,0.0,0,0.0,0
16127,treatment,0.0,0,0.0,0
16128,control,0.0,0,0.0,0
16129,treatment,136.1,0,0.0,0
16130,control,160.39,0,0.0,0
16131,control,31.66,1,43.62,0
16132,treatment,0.0,0,0.0,0
16133,control,154.79,0,0.0,0
16134,treatment,0.0,0,0.0,0
16135,control,0.0,1,19.58,0
16136,treatment,0.0,0,0.0,0
16137,control,0.0,0,0.0,0
16138,treatment,0.0,0,0.0,0
16139,control,85.38,0,0.0,0
16140,treatment,0.0,0,0.0,0
16141,control,90.93,1,77.84,0
16142,treatment,0.0,0,0.0,0
16143,treatment,0.0,0,0.0,0
16144,treatment,0.0,0,0.0,0
16145,control,51.6,0,0.0,0
16146,treatment,0.0,0,0.0,0
16147,control,0.0,0,0.0,0
16148,treatment,0.0,0,0.0,0
16149,control,0.0,0,0.0,0
16150,treatment,33.18,0,0.0,0
16151,treatment,36.19,0,0.0,0
16152,control,246.54,0,0.0,0
16153,control,37.11,0,0.0,0
16154,treatment,208.68,0,0.0,0
16155,control,38.7,0,0.0,0
16156,treatment,136.76,0,0.0,0
16157,treatment,56.79,0,0.0,0
16158,treatment,0.0,1,113.41,1
16159,treatment,0.0,0,0.0,0
16160,control,0.0,1,34.05,0
16161,control,0.0,0,0.0,0
16162,treatment,0.0,0,0.0,0
16163,control,0.0,0,0.0,0
16164,treatment,54.5,0,0.0,0
16165,control,0.0,0,0.0,0
16166,control,220.76,1,204.07,0
16167,treatment,0.0,0,0.0,0
16168,control,0.0,0,0.0,0
16169,treatment,0.0,1,74.85,0
16170,control,51.86,1,65.79,0
16171,control,36.66,0,0.0,0
16172,control,68.24,0,0.0,0
16173,control,35.29,0,0.0,0
16174,treatment,0.0,0,0.0,0
16175,control,0.0,0,0.0,0
16176,treatment,0.0,0,0.0,0
16177,control,59.16,0,0.0,0
16178,control,103.42,0,0.0,0
16179,treatment,0.0,0,0.0,0
16180,treatment,37.31,0,0.0,0
16181,control,0.0,0,0.0,0
16182,control,138.19,0,0.0,0
16183,treatment,245.41,0,0.0,0
16184,control,106.51,0,0.0,0
16185,control,477.38,0,0.0,0
16186,treatment,29.82,0,0.0,0
16187,control,0.0,0,0.0,0
16188,treatment,0.0,0,0.0,0
16189,treatment,0.0,0,0.0,0
16190,control,0.0,0,0.0,0
16191,control,33.62,0,0.0,0
16192,control,37.79,0,0.0,0
16193,control,0.0,0,0.0,0
16194,control,0.0,1,53.54,0
16195,control,0.0,1,65.51,0
16196,treatment,0.0,1,50.3,0
16197,treatment,136.0,0,0.0,0
16198,control,31.45,0,0.0,0
16199,treatment,0.0,0,0.0,0
16200,treatment,168.63,0,0.0,0
16201,treatment,0.0,0,0.0,0
16202,treatment,0.0,0,0.0,0
16203,treatment,31.99,0,0.0,0
16204,treatment,0.0,0,0.0,0
16205,control,0.0,1,42.02,0
16206,control,0.0,0,0.0,0
16207,treatment,53.38,0,0.0,0
16208,control,435.66,0,0.0,0
16209,control,387.92,0,0.0,0
16210,control,407.49,0,0.0,0
16211,control,70.63,0,0.0,0
16212,control,29.76,0,0.0,0
16213,treatment,0.0,0,0.0,0
16214,control,0.0,0,0.0,0
16215,treatment,0.0,0,0.0,0
16216,control,25.4,0,0.0,0
16217,control,478.61,0,0.0,0
16218,treatment,0.0,0,0.0,0
16219,treatment,0.0,0,0.0,0
16220,treatment,0.0,0,0.0,0
16221,control,196.74,0,0.0,0
16222,control,192.16,0,0.0,0
16223,treatment,0.0,0,0.0,0
16224,treatment,36.99,0,0.0,0
16225,treatment,0.0,0,0.0,0
16226,control,486.25,0,0.0,0
16227,control,89.3,0,0.0,0
16228,treatment,67.38,0,0.0,0
16229,treatment,97.38,0,0.0,0
16230,treatment,0.0,0,0.0,0
16231,treatment,56.74,0,0.0,0
16232,control,173.51,0,0.0,0
16233,control,0.0,0,0.0,0
16234,control,123.29,0,0.0,0
16235,treatment,0.0,0,0.0,0
16236,treatment,64.18,0,0.0,0
16237,treatment,110.19,0,0.0,0
16238,control,0.0,0,0.0,0
16239,control,0.0,0,0.0,0
16240,treatment,32.55,0,0.0,0
16241,control,0.0,0,0.0,0
16242,treatment,98.6,0,0.0,0
16243,treatment,84.13,1,81.12,0
16244,treatment,31.11,1,63.14,0
16245,control,30.39,0,0.0,0
16246,control,41.6,0,0.0,0
16247,control,41.16,0,0.0,0
16248,treatment,34.91,0,0.0,0
16249,control,35.22,0,0.0,0
16250,treatment,0.0,0,0.0,0
16251,control,0.0,0,0.0,0
16252,control,0.0,0,0.0,0
16253,treatment,59.57,0,0.0,0
16254,control,75.71,0,0.0,0
16255,control,0.0,0,0.0,0
16256,treatment,0.0,0,0.0,0
16257,treatment,24.29,0,0.0,0
16258,treatment,70.46,0,0.0,0
16259,treatment,0.0,0,0.0,0
16260,control,0.0,0,0.0,0
16261,treatment,183.89,0,0.0,0
16262,control,76.82,0,0.0,0
16263,treatment,0.0,1,63.06,0
16264,control,40.83,0,0.0,0
16265,control,0.0,0,0.0,0
16266,treatment,0.0,0,0.0,0
16267,control,0.0,0,0.0,0
16268,treatment,0.0,0,0.0,0
16269,control,0.0,0,0.0,0
16270,treatment,215.3,0,0.0,0
16271,control,39.2,0,0.0,0
16272,control,53.52,0,0.0,0
16273,control,117.66,1,51.39,1
16274,treatment,46.42,0,0.0,0
16275,treatment,29.43,0,0.0,0
16276,control,29.44,1,75.5,0
16277,control,0.0,0,0.0,0
16278,treatment,41.76,0,0.0,0
16279,control,0.0,0,0.0,0
16280,control,112.71,0,0.0,0
16281,control,0.0,0,0.0,0
16282,control,44.64,0,0.0,0
16283,treatment,0.0,0,0.0,0
16284,control,438.62,0,0.0,0
16285,control,0.0,0,0.0,0
16286,treatment,0.0,1,62.38,0
16287,treatment,0.0,0,0.0,0
16288,control,0.0,0,0.0,0
16289,control,198.85,0,0.0,0
16290,treatment,61.06,0,0.0,0
16291,treatment,27.62,0,0.0,0
16292,treatment,135.13,0,0.0,0
16293,control,46.87,0,0.0,0
16294,treatment,0.0,0,0.0,0
16295,control,62.74,1,87.68,0
16296,control,0.0,1,136.92,0
16297,treatment,105.7,0,0.0,0
16298,treatment,0.0,0,0.0,0
16299,control,0.0,0,0.0,0
16300,treatment,60.19,0,0.0,0
16301,control,51.73,0,0.0,0
16302,control,36.67,0,0.0,0
16303,treatment,0.0,0,0.0,0
16304,control,0.0,0,0.0,0
16305,control,62.82,0,0.0,0
16306,treatment,0.0,0,0.0,0
16307,treatment,0.0,0,0.0,0
16308,treatment,109.5,0,0.0,0
16309,control,0.0,0,0.0,0
16310,treatment,80.59,0,0.0,0
16311,treatment,120.79,0,0.0,0
16312,treatment,278.83,0,0.0,0
16313,treatment,40.99,0,0.0,0
16314,control,62.17,0,0.0,0
16315,treatment,0.0,0,0.0,0
16316,treatment,0.0,0,0.0,0
16317,control,49.09,0,0.0,0
16318,treatment,75.63,0,0.0,0
16319,treatment,0.0,1,52.73,0
16320,control,0.0,0,0.0,0
16321,control,0.0,0,0.0,0
16322,treatment,0.0,0,0.0,0
16323,treatment,0.0,0,0.0,0
16324,treatment,0.0,0,0.0,0
16325,treatment,46.03,1,49.92,0
16326,treatment,0.0,1,32.22,0
16327,control,90.58,0,0.0,0
16328,control,17.26,0,0.0,0
16329,treatment,215.3,1,41.95,0
16330,control,0.0,0,0.0,0
16331,control,0.0,1,13.36,0
16332,control,0.0,0,0.0,0
16333,treatment,107.96,0,0.0,0
16334,control,0.0,1,78.7,0
16335,control,181.22,0,0.0,0
16336,control,0.0,0,0.0,0
16337,control,0.0,0,0.0,0
16338,control,0.0,0,0.0,0
16339,control,398.0,1,127.84,0
16340,treatment,0.0,0,0.0,0
16341,control,0.0,0,0.0,0
16342,treatment,0.0,0,0.0,0
16343,treatment,0.0,0,0.0,0
16344,treatment,79.99,0,0.0,0
16345,treatment,0.0,1,25.72,1
16346,treatment,0.0,0,0.0,0
16347,treatment,34.23,0,0.0,0
16348,treatment,0.0,0,0.0,0
16349,treatment,0.0,0,0.0,0
16350,treatment,63.02,0,0.0,0
16351,treatment,0.0,0,0.0,0
16352,treatment,0.0,0,0.0,0
16353,treatment,0.0,0,0.0,0
16354,control,159.05,0,0.0,0
16355,control,0.0,0,0.0,0
16356,treatment,52.14,0,0.0,0
16357,control,0.0,0,0.0,0
16358,control,148.94,0,0.0,0
16359,treatment,481.58,1,37.14,0
16360,treatment,0.0,0,0.0,0
16361,control,0.0,0,0.0,0
16362,control,0.0,0,0.0,0
16363,control,0.0,0,0.0,0
16364,control,116.76,1,110.34,0
16365,control,0.0,0,0.0,0
16366,treatment,49.15,0,0.0,0
16367,treatment,59.46,0,0.0,0
16368,control,0.0,0,0.0,0
16369,control,71.15,0,0.0,0
16370,control,245.78,0,0.0,0
16371,control,0.0,1,71.29,0
16372,control,0.0,0,0.0,0
16373,control,0.0,0,0.0,0
16374,treatment,82.28,0,0.0,0
16375,control,68.21,0,0.0,0
16376,treatment,0.0,0,0.0,0
16377,control,32.94,0,0.0,0
16378,control,0.0,0,0.0,0
16379,treatment,40.89,0,0.0,0
16380,control,75.84,0,0.0,0
16381,control,0.0,0,0.0,0
16382,control,688.36,0,0.0,0
16383,control,78.73,0,0.0,0
16384,treatment,151.94,0,0.0,0
16385,treatment,0.0,0,0.0,0
16386,control,41.46,0,0.0,0
16387,control,95.07,0,0.0,0
16388,control,161.18,0,0.0,0
16389,treatment,0.0,0,0.0,0
16390,control,0.0,0,0.0,0
16391,control,41.29,0,0.0,0
16392,control,0.0,0,0.0,0
16393,control,0.0,0,0.0,0
16394,treatment,0.0,0,0.0,0
16395,control,0.0,0,0.0,0
16396,control,296.45,0,0.0,0
16397,control,0.0,0,0.0,0
16398,treatment,53.36,0,0.0,0
16399,control,0.0,0,0.0,0
16400,treatment,0.0,1,42.51,0
16401,control,0.0,0,0.0,0
16402,control,0.0,0,0.0,0
16403,control,0.0,0,0.0,0
16404,control,0.0,0,0.0,0
16405,control,0.0,0,0.0,0
16406,treatment,129.6,0,0.0,0
16407,control,790.13,1,40.35,0
16408,treatment,0.0,0,0.0,0
16409,treatment,35.22,0,0.0,0
16410,treatment,448.81,0,0.0,0
16411,control,0.0,0,0.0,0
16412,treatment,115.28,0,0.0,0
16413,treatment,0.0,0,0.0,0
16414,control,0.0,0,0.0,0
16415,treatment,111.65,0,0.0,0
16416,treatment,121.07,0,0.0,0
16417,control,83.49,0,0.0,0
16418,treatment,106.41,0,0.0,0
16419,treatment,0.0,0,0.0,0
16420,control,86.54,0,0.0,0
16421,treatment,34.08,0,0.0,0
16422,control,0.0,0,0.0,0
16423,control,203.87,0,0.0,0
16424,treatment,49.05,0,0.0,0
16425,control,463.46,0,0.0,0
16426,treatment,32.62,0,0.0,0
16427,treatment,0.0,0,0.0,0
16428,treatment,53.36,0,0.0,0
16429,treatment,116.99,0,0.0,0
16430,treatment,0.0,0,0.0,0
16431,control,0.0,0,0.0,0
16432,treatment,0.0,0,0.0,0
16433,control,66.69,0,0.0,0
16434,treatment,0.0,0,0.0,0
16435,treatment,49.99,1,116.46,0
16436,treatment,0.0,0,0.0,0
16437,treatment,0.0,0,0.0,0
16438,treatment,233.62,0,0.0,0
16439,treatment,0.0,0,0.0,0
16440,control,0.0,0,0.0,0
16441,treatment,57.26,0,0.0,0
16442,control,0.0,0,0.0,0
16443,control,0.0,0,0.0,0
16444,control,30.68,0,0.0,0
16445,control,0.0,0,0.0,0
16446,treatment,206.46,0,0.0,0
16447,control,0.0,0,0.0,0
16448,control,194.07,1,43.56,0
16449,treatment,41.02,0,0.0,0
16450,control,0.0,0,0.0,0
16451,treatment,139.9,0,0.0,0
16452,treatment,78.28,0,0.0,0
16453,control,0.0,0,0.0,0
16454,control,0.0,0,0.0,0
16455,treatment,32.42,0,0.0,0
16456,control,147.53,1,82.42,0
16457,control,245.14,0,0.0,0
16458,control,0.0,0,0.0,0
16459,treatment,148.61,1,38.49,0
16460,control,153.23,0,0.0,0
16461,control,108.86,1,28.88,0
16462,control,38.55,0,0.0,0
16463,treatment,0.0,0,0.0,0
16464,control,0.0,0,0.0,0
16465,control,0.0,0,0.0,0
16466,treatment,0.0,0,0.0,0
16467,control,59.21,0,0.0,0
16468,control,74.1,0,0.0,0
16469,treatment,70.32,0,0.0,0
16470,control,242.63,1,42.02,0
16471,control,183.06,0,0.0,0
16472,control,75.92,0,0.0,0
16473,control,163.74,0,0.0,0
16474,treatment,0.0,1,45.39,0
16475,treatment,25.08,0,0.0,0
16476,treatment,0.0,0,0.0,0
16477,treatment,0.0,0,0.0,0
16478,treatment,61.9,0,0.0,0
16479,control,64.86,0,0.0,0
16480,control,0.0,0,0.0,0
16481,control,56.99,0,0.0,0
16482,treatment,54.79,0,0.0,0
16483,treatment,0.0,0,0.0,0
16484,treatment,0.0,0,0.0,0
16485,treatment,0.0,0,0.0,0
16486,control,0.0,0,0.0,0
16487,control,0.0,0,0.0,0
16488,treatment,63.96,0,0.0,0
16489,control,110.29,1,47.17,0
16490,control,0.0,0,0.0,0
16491,control,0.0,0,0.0,0
16492,treatment,0.0,0,0.0,0
16493,control,51.54,0,0.0,0
16494,control,89.77,0,0.0,0
16495,control,52.48,0,0.0,0
16496,control,0.0,0,0.0,0
16497,treatment,0.0,0,0.0,0
16498,control,0.0,0,0.0,0
16499,control,0.0,0,0.0,0
16500,treatment,0.0,0,0.0,0
16501,control,97.53,0,0.0,0
16502,treatment,57.91,0,0.0,0
16503,control,73.93,0,0.0,0
16504,treatment,0.0,1,65.37,1
16505,control,0.0,0,0.0,0
16506,treatment,99.42,0,0.0,0
16507,control,28.42,0,0.0,0
16508,control,93.52,0,0.0,0
16509,control,76.6,0,0.0,0
16510,control,0.0,0,0.0,0
16511,control,0.0,0,0.0,0
16512,treatment,178.15,0,0.0,0
16513,treatment,0.0,0,0.0,0
16514,control,109.8,0,0.0,0
16515,control,44.17,0,0.0,0
16516,control,0.0,0,0.0,0
16517,control,0.0,0,0.0,0
16518,control,38.03,0,0.0,0
16519,control,0.0,1,37.76,0
16520,treatment,30.31,0,0.0,0
16521,treatment,0.0,0,0.0,0
16522,control,0.0,1,91.97,0
16523,control,0.0,1,69.36,0
16524,treatment,110.48,0,0.0,0
16525,treatment,38.7,0,0.0,0
16526,treatment,164.66,0,0.0,0
16527,treatment,0.0,0,0.0,0
16528,treatment,22.79,1,12.76,0
16529,control,197.91,0,0.0,0
16530,treatment,34.57,0,0.0,0
16531,control,96.68,0,0.0,0
16532,control,0.0,0,0.0,0
16533,control,0.0,0,0.0,0
16534,control,65.88,0,0.0,0
16535,treatment,0.0,0,0.0,0
16536,treatment,64.56,1,40.41,1
16537,control,40.3,1,118.18,0
16538,treatment,0.0,0,0.0,0
16539,treatment,64.52,0,0.0,0
16540,treatment,74.88,0,0.0,0
16541,treatment,0.0,0,0.0,0
16542,treatment,100.49,0,0.0,0
16543,treatment,65.25,1,79.14,1
16544,treatment,111.81,0,0.0,0
16545,treatment,0.0,0,0.0,0
16546,control,0.0,0,0.0,0
16547,control,0.0,0,0.0,0
16548,treatment,0.0,0,0.0,0
16549,treatment,31.46,0,0.0,0
16550,treatment,0.0,0,0.0,0
16551,treatment,187.16,0,0.0,0
16552,treatment,471.28,1,190.18,0
16553,treatment,417.9,0,0.0,0
16554,control,0.0,0,0.0,0
16555,control,0.0,1,32.31,0
16556,control,0.0,0,0.0,0
16557,control,0.0,0,0.0,0
16558,control,86.32,0,0.0,0
16559,treatment,44.33,0,0.0,0
16560,treatment,141.66,0,0.0,0
16561,treatment,111.29,0,0.0,0
16562,control,0.0,0,0.0,0
16563,control,0.0,1,47.53,0
16564,treatment,0.0,0,0.0,0
16565,control,0.0,0,0.0,0
16566,treatment,0.0,0,0.0,0
16567,treatment,32.57,0,0.0,0
16568,control,33.73,0,0.0,0
16569,control,59.37,0,0.0,0
16570,treatment,69.94,0,0.0,0
16571,treatment,22.35,0,0.0,0
16572,control,47.38,0,0.0,0
16573,treatment,39.61,0,0.0,0
16574,treatment,0.0,1,241.01,1
16575,treatment,169.94,1,36.11,0
16576,control,67.21,0,0.0,0
16577,treatment,0.0,0,0.0,0
16578,treatment,130.25,1,43.9,0
16579,treatment,38.65,0,0.0,0
16580,control,139.28,0,0.0,0
16581,control,0.0,0,0.0,0
16582,control,40.2,0,0.0,0
16583,treatment,70.19,0,0.0,0
16584,control,0.0,1,69.51,0
16585,control,348.61,1,46.05,0
16586,control,0.0,0,0.0,0
16587,control,46.95,1,45.54,0
16588,treatment,0.0,1,57.45,0
16589,control,304.36,0,0.0,0
16590,treatment,190.87,1,44.45,0
16591,control,0.0,0,0.0,0
16592,treatment,0.0,0,0.0,0
16593,control,0.0,0,0.0,0
16594,control,78.85,1,65.01,0
16595,control,0.0,0,0.0,0
16596,treatment,0.0,0,0.0,0
16597,control,193.62,0,0.0,0
16598,control,0.0,0,0.0,0
16599,treatment,0.0,0,0.0,0
16600,treatment,102.72,0,0.0,0
16601,treatment,0.0,0,0.0,0
16602,treatment,0.0,0,0.0,0
16603,control,0.0,0,0.0,0
16604,treatment,147.28,0,0.0,0
16605,treatment,0.0,0,0.0,0
16606,control,185.13,0,0.0,0
16607,control,0.0,0,0.0,0
16608,treatment,537.42,1,111.68,0
16609,treatment,38.18,1,74.01,0
16610,treatment,0.0,0,0.0,0
16611,control,38.2,0,0.0,0
16612,treatment,0.0,1,50.63,0
16613,control,0.0,0,0.0,0
16614,treatment,0.0,0,0.0,0
16615,control,60.92,0,0.0,0
16616,treatment,0.0,0,0.0,0
16617,control,0.0,0,0.0,0
16618,control,78.55,0,0.0,0
16619,treatment,0.0,0,0.0,0
16620,treatment,0.0,1,59.22,0
16621,control,177.13,1,180.6,0
16622,control,0.0,0,0.0,0
16623,treatment,185.66,0,0.0,0
16624,control,0.0,0,0.0,0
16625,treatment,0.0,0,0.0,0
16626,control,0.0,0,0.0,0
16627,control,0.0,0,0.0,0
16628,treatment,20.37,0,0.0,0
16629,control,36.97,0,0.0,0
16630,treatment,167.24,0,0.0,0
16631,control,0.0,0,0.0,0
16632,control,0.0,0,0.0,0
16633,treatment,0.0,0,0.0,0
16634,treatment,0.0,0,0.0,0
16635,control,49.2,0,0.0,0
16636,control,36.58,0,0.0,0
16637,treatment,23.02,1,46.19,0
16638,control,93.19,0,0.0,0
16639,treatment,33.32,0,0.0,0
16640,treatment,0.0,0,0.0,0
16641,control,0.0,0,0.0,0
16642,treatment,25.28,0,0.0,0
16643,control,0.0,0,0.0,0
16644,treatment,0.0,0,0.0,0
16645,treatment,0.0,0,0.0,0
16646,control,33.08,0,0.0,0
16647,treatment,90.33,0,0.0,0
16648,treatment,0.0,0,0.0,0
16649,control,22.34,0,0.0,0
16650,control,181.48,1,61.73,0
16651,control,35.64,0,0.0,0
16652,treatment,48.69,0,0.0,0
16653,control,0.0,0,0.0,0
16654,control,0.0,0,0.0,0
16655,treatment,98.41,0,0.0,0
16656,control,211.43,1,42.95,0
16657,control,0.0,0,0.0,0
16658,control,0.0,0,0.0,0
16659,control,115.4,0,0.0,0
16660,control,0.0,0,0.0,0
16661,treatment,0.0,0,0.0,0
16662,control,62.0,1,55.41,0
16663,control,38.04,0,0.0,0
16664,treatment,88.61,0,0.0,0
16665,treatment,28.36,0,0.0,0
16666,control,0.0,0,0.0,0
16667,control,53.77,0,0.0,0
16668,control,1925.49,1,83.75,0
16669,treatment,0.0,0,0.0,0
16670,control,0.0,0,0.0,0
16671,control,0.0,0,0.0,0
16672,treatment,647.22,1,45.47,0
16673,control,44.68,0,0.0,0
16674,treatment,110.05,0,0.0,0
16675,treatment,0.0,0,0.0,0
16676,control,0.0,0,0.0,0
16677,control,0.0,0,0.0,0
16678,control,0.0,0,0.0,0
16679,treatment,0.0,0,0.0,0
16680,control,13.16,0,0.0,0
16681,treatment,38.57,0,0.0,0
16682,control,0.0,0,0.0,0
16683,control,0.0,0,0.0,0
16684,control,0.0,0,0.0,0
16685,treatment,39.53,0,0.0,0
16686,treatment,0.0,0,0.0,0
16687,treatment,0.0,0,0.0,0
16688,control,0.0,1,54.56,0
16689,control,0.0,0,0.0,0
16690,treatment,0.0,0,0.0,0
16691,control,106.62,0,0.0,0
16692,control,107.18,0,0.0,0
16693,control,109.06,0,0.0,0
16694,control,979.21,0,0.0,0
16695,treatment,0.0,0,0.0,0
16696,treatment,0.0,0,0.0,0
16697,control,0.0,0,0.0,0
16698,control,0.0,0,0.0,0
16699,treatment,0.0,0,0.0,0
16700,control,0.0,0,0.0,0
16701,control,0.0,0,0.0,0
16702,treatment,0.0,0,0.0,0
16703,treatment,0.0,0,0.0,0
16704,treatment,118.75,0,0.0,0
16705,treatment,0.0,0,0.0,0
16706,control,0.0,0,0.0,0
16707,control,131.57,0,0.0,0
16708,control,0.0,0,0.0,0
16709,control,175.32,1,70.86,0
16710,treatment,60.54,0,0.0,0
16711,control,239.5,0,0.0,0
16712,treatment,0.0,0,0.0,0
16713,control,194.91,0,0.0,0
16714,control,0.0,0,0.0,0
16715,treatment,91.1,0,0.0,0
16716,treatment,0.0,0,0.0,0
16717,treatment,115.29,0,0.0,0
16718,treatment,56.31,0,0.0,0
16719,treatment,0.0,0,0.0,0
16720,control,373.35,0,0.0,0
16721,control,0.0,0,0.0,0
16722,treatment,88.56,0,0.0,0
16723,treatment,0.0,0,0.0,0
16724,treatment,105.66,0,0.0,0
16725,treatment,0.0,0,0.0,0
16726,treatment,43.37,0,0.0,0
16727,treatment,0.0,0,0.0,0
16728,control,0.0,1,51.27,0
16729,treatment,312.84,0,0.0,0
16730,control,0.0,0,0.0,0
16731,control,0.0,0,0.0,0
16732,treatment,0.0,0,0.0,0
16733,control,836.76,1,122.71,0
16734,control,0.0,0,0.0,0
16735,control,0.0,0,0.0,0
16736,treatment,94.67,1,22.98,0
16737,treatment,0.0,0,0.0,0
16738,treatment,120.07,0,0.0,0
16739,control,19.03,0,0.0,0
16740,treatment,0.0,0,0.0,0
16741,treatment,279.28,0,0.0,0
16742,control,0.0,0,0.0,0
16743,treatment,0.0,0,0.0,0
16744,control,0.0,0,0.0,0
16745,treatment,0.0,0,0.0,0
16746,treatment,143.22,0,0.0,0
16747,control,68.71,0,0.0,0
16748,treatment,99.77,0,0.0,0
16749,treatment,0.0,0,0.0,0
16750,control,39.75,0,0.0,0
16751,treatment,34.5,0,0.0,0
16752,control,65.52,0,0.0,0
16753,treatment,0.0,0,0.0,0
16754,control,665.17,0,0.0,0
16755,treatment,40.99,0,0.0,0
16756,treatment,34.9,0,0.0,0
16757,control,97.1,0,0.0,0
16758,control,0.0,0,0.0,0
16759,control,0.0,0,0.0,0
16760,treatment,34.07,0,0.0,0
16761,treatment,0.0,0,0.0,0
16762,control,986.37,1,86.31,0
16763,control,0.0,0,0.0,0
16764,treatment,114.19,0,0.0,0
16765,control,0.0,0,0.0,0
16766,control,0.0,0,0.0,0
16767,control,0.0,0,0.0,0
16768,treatment,0.0,0,0.0,0
16769,control,0.0,0,0.0,0
16770,control,50.18,0,0.0,0
16771,treatment,24.14,0,0.0,0
16772,control,0.0,1,64.09,0
16773,control,26.51,0,0.0,0
16774,control,37.19,0,0.0,0
16775,treatment,190.76,0,0.0,0
16776,control,58.09,0,0.0,0
16777,control,40.81,0,0.0,0
16778,control,35.0,0,0.0,0
16779,treatment,0.0,0,0.0,0
16780,treatment,246.94,1,107.25,0
16781,control,0.0,0,0.0,0
16782,control,0.0,0,0.0,0
16783,treatment,55.31,0,0.0,0
16784,treatment,181.18,1,77.9,0
16785,control,89.94,0,0.0,0
16786,control,0.0,0,0.0,0
16787,control,44.35,0,0.0,0
16788,treatment,156.98,0,0.0,0
16789,treatment,127.34,0,0.0,0
16790,control,128.39,1,94.47,0
16791,control,0.0,0,0.0,0
16792,control,106.89,0,0.0,0
16793,control,38.4,0,0.0,0
16794,control,0.0,0,0.0,0
16795,control,56.0,0,0.0,0
16796,control,0.0,0,0.0,0
16797,treatment,0.0,0,0.0,0
16798,treatment,0.0,0,0.0,0
16799,control,0.0,0,0.0,0
16800,treatment,0.0,0,0.0,0
16801,treatment,0.0,0,0.0,0
16802,control,91.12,0,0.0,0
16803,control,101.09,0,0.0,0
16804,control,201.79,0,0.0,0
16805,treatment,464.54,0,0.0,0
16806,treatment,0.0,0,0.0,0
16807,control,167.33,0,0.0,0
16808,control,67.76,0,0.0,0
16809,control,178.06,1,110.08,0
16810,control,0.0,0,0.0,0
16811,control,0.0,0,0.0,0
16812,control,0.0,0,0.0,0
16813,treatment,0.0,0,0.0,0
16814,treatment,27.7,0,0.0,0
16815,control,0.0,0,0.0,0
16816,control,83.51,0,0.0,0
16817,control,0.0,0,0.0,0
16818,treatment,0.0,0,0.0,0
16819,treatment,201.6,0,0.0,0
16820,control,0.0,0,0.0,0
16821,treatment,0.0,1,146.93,0
16822,treatment,0.0,0,0.0,0
16823,treatment,0.0,0,0.0,0
16824,treatment,0.0,0,0.0,0
16825,treatment,0.0,0,0.0,0
16826,control,99.94,0,0.0,0
16827,treatment,73.73,1,26.48,0
16828,control,0.0,0,0.0,0
16829,control,0.0,0,0.0,0
16830,control,59.67,0,0.0,0
16831,treatment,47.55,1,51.15,0
16832,treatment,0.0,0,0.0,0
16833,treatment,42.39,0,0.0,0
16834,control,0.0,0,0.0,0
16835,control,93.2,1,57.12,0
16836,treatment,98.57,1,59.15,0
16837,control,0.0,0,0.0,0
16838,treatment,27.93,0,0.0,0
16839,control,111.7,0,0.0,0
16840,control,48.11,1,124.77,0
16841,control,0.0,0,0.0,0
16842,control,24.79,0,0.0,0
16843,control,0.0,0,0.0,0
16844,treatment,98.74,0,0.0,0
16845,treatment,98.24,0,0.0,0
16846,control,0.0,0,0.0,0
16847,treatment,31.46,0,0.0,0
16848,treatment,0.0,0,0.0,0
16849,treatment,136.76,0,0.0,0
16850,treatment,0.0,0,0.0,0
16851,treatment,0.0,0,0.0,0
16852,control,0.0,0,0.0,0
16853,control,0.0,0,0.0,0
16854,control,69.18,1,56.33,0
16855,treatment,0.0,0,0.0,0
16856,treatment,0.0,0,0.0,0
16857,control,141.98,0,0.0,0
16858,treatment,0.0,0,0.0,0
16859,control,112.54,0,0.0,0
16860,treatment,0.0,0,0.0,0
16861,treatment,0.0,0,0.0,0
16862,control,0.0,0,0.0,0
16863,treatment,0.0,0,0.0,0
16864,control,0.0,0,0.0,0
16865,control,31.25,0,0.0,0
16866,control,32.36,0,0.0,0
16867,treatment,0.0,0,0.0,0
16868,control,0.0,0,0.0,0
16869,treatment,0.0,0,0.0,0
16870,control,52.38,1,27.25,0
16871,treatment,261.64,0,0.0,0
16872,treatment,0.0,0,0.0,0
16873,treatment,0.0,0,0.0,0
16874,treatment,136.47,0,0.0,0
16875,control,0.0,0,0.0,0
16876,treatment,0.0,0,0.0,0
16877,treatment,0.0,0,0.0,0
16878,treatment,0.0,0,0.0,0
16879,control,248.29,0,0.0,0
16880,treatment,0.0,0,0.0,0
16881,treatment,102.08,0,0.0,0
16882,control,0.0,0,0.0,0
16883,treatment,0.0,0,0.0,0
16884,treatment,49.14,0,0.0,0
16885,control,280.36,1,94.51,0
16886,control,58.32,0,0.0,0
16887,treatment,0.0,1,34.56,0
16888,control,39.24,0,0.0,0
16889,control,0.0,0,0.0,0
16890,control,0.0,0,0.0,0
16891,control,975.48,1,92.55,0
16892,treatment,76.71,0,0.0,0
16893,treatment,0.0,0,0.0,0
16894,treatment,0.0,0,0.0,0
16895,treatment,0.0,0,0.0,0
16896,control,0.0,0,0.0,0
16897,control,0.0,1,75.78,0
16898,control,0.0,1,17.49,0
16899,control,0.0,0,0.0,0
16900,treatment,76.67,0,0.0,0
16901,control,55.11,0,0.0,0
16902,treatment,0.0,0,0.0,0
16903,control,27.02,0,0.0,0
16904,treatment,65.12,0,0.0,0
16905,treatment,0.0,0,0.0,0
16906,control,0.0,0,0.0,0
16907,control,0.0,0,0.0,0
16908,control,0.0,0,0.0,0
16909,control,0.0,0,0.0,0
16910,control,99.57,0,0.0,0
16911,control,0.0,0,0.0,0
16912,control,62.83,1,90.73,0
16913,treatment,180.65,0,0.0,0
16914,control,346.47,0,0.0,0
16915,control,78.84,0,0.0,0
16916,treatment,0.0,0,0.0,0
16917,control,0.0,0,0.0,0
16918,treatment,69.2,0,0.0,0
16919,treatment,0.0,0,0.0,0
16920,treatment,0.0,0,0.0,0
16921,treatment,0.0,1,31.57,0
16922,control,0.0,0,0.0,0
16923,treatment,0.0,0,0.0,0
16924,treatment,214.89,0,0.0,0
16925,treatment,388.86,0,0.0,0
16926,treatment,0.0,0,0.0,0
16927,control,1283.66,0,0.0,0
16928,control,115.44,0,0.0,0
16929,control,62.4,0,0.0,0
16930,control,118.27,0,0.0,0
16931,treatment,0.0,0,0.0,0
16932,treatment,0.0,0,0.0,0
16933,treatment,0.0,1,102.28,0
16934,treatment,0.0,0,0.0,0
16935,control,0.0,0,0.0,0
16936,control,0.0,0,0.0,0
16937,treatment,58.95,1,70.89,0
16938,treatment,0.0,0,0.0,0
16939,control,0.0,1,63.79,0
16940,treatment,158.44,0,0.0,0
16941,control,53.29,0,0.0,0
16942,treatment,0.0,0,0.0,0
16943,treatment,0.0,0,0.0,0
16944,treatment,0.0,1,53.74,0
16945,control,0.0,0,0.0,0
16946,control,0.0,0,0.0,0
16947,control,0.0,0,0.0,0
16948,control,0.0,0,0.0,0
16949,treatment,0.0,1,45.82,0
16950,control,0.0,0,0.0,0
16951,treatment,0.0,0,0.0,0
16952,treatment,81.8,0,0.0,0
16953,treatment,74.45,0,0.0,0
16954,treatment,48.99,0,0.0,0
16955,control,73.72,0,0.0,0
16956,control,40.06,0,0.0,0
16957,control,35.13,0,0.0,0
16958,control,174.93,0,0.0,0
16959,treatment,178.28,0,0.0,0
16960,control,125.14,0,0.0,0
16961,treatment,125.21,0,0.0,0
16962,treatment,0.0,1,33.08,0
16963,control,35.51,1,28.75,0
16964,treatment,162.05,1,39.65,0
16965,control,0.0,0,0.0,0
16966,treatment,72.71,0,0.0,0
16967,control,39.68,0,0.0,0
16968,treatment,153.42,1,111.23,0
16969,treatment,0.0,0,0.0,0
16970,control,0.0,0,0.0,0
16971,treatment,66.38,1,42.93,0
16972,control,0.0,0,0.0,0
16973,control,0.0,0,0.0,0
16974,treatment,0.0,0,0.0,0
16975,control,0.0,0,0.0,0
16976,control,0.0,0,0.0,0
16977,control,0.0,0,0.0,0
16978,control,48.77,0,0.0,0
16979,control,0.0,0,0.0,0
16980,treatment,0.0,0,0.0,0
16981,control,0.0,0,0.0,0
16982,treatment,0.0,0,0.0,0
16983,control,87.04,0,0.0,0
16984,treatment,42.17,0,0.0,0
16985,control,42.91,0,0.0,0
16986,control,0.0,0,0.0,0
16987,treatment,156.01,1,78.71,0
16988,control,0.0,0,0.0,0
16989,treatment,94.69,0,0.0,0
16990,control,166.73,0,0.0,0
16991,control,45.22,0,0.0,0
16992,treatment,293.11,1,63.35,0
16993,treatment,20.07,0,0.0,0
16994,treatment,0.0,0,0.0,0
16995,control,52.84,0,0.0,0
16996,control,105.8,1,64.49,0
16997,treatment,0.0,0,0.0,0
16998,treatment,295.54,1,47.24,0
16999,control,81.35,0,0.0,0
17000,treatment,0.0,0,0.0,0
17001,control,0.0,1,87.07,0
17002,treatment,0.0,0,0.0,0
17003,treatment,288.95,0,0.0,0
17004,treatment,0.0,0,0.0,0
17005,control,128.39,0,0.0,0
17006,treatment,0.0,0,0.0,0
17007,treatment,0.0,0,0.0,0
17008,treatment,101.91,0,0.0,0
17009,treatment,0.0,0,0.0,0
17010,treatment,0.0,0,0.0,0
17011,treatment,0.0,0,0.0,0
17012,control,67.72,0,0.0,0
17013,treatment,80.84,0,0.0,0
17014,treatment,0.0,0,0.0,0
17015,treatment,0.0,0,0.0,0
17016,treatment,50.02,1,164.65,0
17017,control,319.48,0,0.0,0
17018,treatment,174.6,0,0.0,0
17019,treatment,95.93,0,0.0,0
17020,control,205.12,1,67.83,0
17021,treatment,0.0,0,0.0,0
17022,control,54.59,0,0.0,0
17023,treatment,0.0,0,0.0,0
17024,treatment,0.0,1,28.44,0
17025,control,240.02,0,0.0,0
17026,control,65.91,0,0.0,0
17027,control,218.12,1,81.56,0
17028,treatment,98.13,0,0.0,0
17029,control,0.0,0,0.0,0
17030,treatment,110.99,0,0.0,0
17031,control,63.25,0,0.0,0
17032,treatment,0.0,0,0.0,0
17033,control,0.0,0,0.0,0
17034,treatment,0.0,0,0.0,0
17035,treatment,0.0,0,0.0,0
17036,control,0.0,0,0.0,0
17037,treatment,0.0,0,0.0,0
17038,treatment,156.35,0,0.0,0
17039,control,0.0,0,0.0,0
17040,control,0.0,0,0.0,0
17041,control,0.0,0,0.0,0
17042,control,290.55,1,40.04,0
17043,control,0.0,0,0.0,0
17044,control,0.0,0,0.0,0
17045,treatment,0.0,0,0.0,0
17046,treatment,101.39,1,49.95,0
17047,treatment,0.0,0,0.0,0
17048,control,35.68,0,0.0,0
17049,control,80.36,0,0.0,0
17050,control,44.44,0,0.0,0
17051,treatment,45.97,0,0.0,0
17052,treatment,0.0,0,0.0,0
17053,control,0.0,0,0.0,0
17054,treatment,0.0,0,0.0,0
17055,treatment,184.95,0,0.0,0
17056,control,57.51,0,0.0,0
17057,control,57.8,0,0.0,0
17058,control,53.87,0,0.0,0
17059,treatment,0.0,0,0.0,0
17060,control,115.75,0,0.0,0
17061,control,0.0,0,0.0,0
17062,control,0.0,0,0.0,0
17063,control,0.0,0,0.0,0
17064,control,0.0,0,0.0,0
17065,control,0.0,0,0.0,0
17066,treatment,225.37,0,0.0,0
17067,control,593.31,0,0.0,0
17068,control,0.0,0,0.0,0
17069,treatment,30.96,0,0.0,0
17070,control,56.15,0,0.0,0
17071,treatment,72.06,1,68.66,1
17072,control,0.0,0,0.0,0
17073,treatment,130.33,0,0.0,0
17074,treatment,40.35,0,0.0,0
17075,treatment,0.0,0,0.0,0
17076,control,115.83,0,0.0,0
17077,control,163.73,0,0.0,0
17078,control,40.07,0,0.0,0
17079,control,0.0,0,0.0,0
17080,treatment,85.86,1,50.56,0
17081,control,0.0,0,0.0,0
17082,control,484.56,0,0.0,0
17083,treatment,0.0,0,0.0,0
17084,control,426.74,1,142.1,1
17085,control,0.0,0,0.0,0
17086,treatment,31.05,1,30.33,0
17087,control,102.0,0,0.0,0
17088,treatment,0.0,0,0.0,0
17089,control,0.0,0,0.0,0
17090,treatment,0.0,0,0.0,0
17091,control,123.19,1,82.68,0
17092,treatment,50.88,0,0.0,0
17093,treatment,47.62,0,0.0,0
17094,treatment,0.0,0,0.0,0
17095,treatment,140.73,0,0.0,0
17096,control,136.77,0,0.0,0
17097,treatment,68.98,0,0.0,0
17098,control,0.0,0,0.0,0
17099,control,0.0,0,0.0,0
17100,treatment,0.0,0,0.0,0
17101,treatment,0.0,0,0.0,0
17102,control,0.0,0,0.0,0
17103,control,0.0,0,0.0,0
17104,treatment,0.0,0,0.0,0
17105,control,0.0,0,0.0,0
17106,treatment,46.02,0,0.0,0
17107,treatment,0.0,0,0.0,0
17108,treatment,0.0,1,67.91,0
17109,treatment,0.0,1,64.65,0
17110,control,77.94,0,0.0,0
17111,control,79.78,0,0.0,0
17112,treatment,0.0,0,0.0,0
17113,treatment,96.2,1,62.17,0
17114,treatment,91.73,0,0.0,0
17115,control,42.28,0,0.0,0
17116,treatment,0.0,1,25.79,0
17117,treatment,92.34,0,0.0,0
17118,control,566.25,0,0.0,0
17119,treatment,0.0,0,0.0,0
17120,treatment,31.04,0,0.0,0
17121,control,0.0,0,0.0,0
17122,treatment,47.83,1,183.43,0
17123,treatment,29.81,0,0.0,0
17124,treatment,58.81,0,0.0,0
17125,treatment,27.42,0,0.0,0
17126,control,0.0,0,0.0,0
17127,treatment,0.0,0,0.0,0
17128,control,40.27,0,0.0,0
17129,control,0.0,0,0.0,0
17130,treatment,0.0,0,0.0,0
17131,control,53.0,0,0.0,0
17132,control,0.0,0,0.0,0
17133,treatment,34.88,0,0.0,0
17134,treatment,0.0,0,0.0,0
17135,control,117.53,0,0.0,0
17136,control,0.0,0,0.0,0
17137,treatment,0.0,0,0.0,0
17138,treatment,0.0,0,0.0,0
17139,control,0.0,0,0.0,0
17140,treatment,0.0,0,0.0,0
17141,treatment,0.0,0,0.0,0
17142,treatment,211.15,1,88.43,0
17143,control,0.0,0,0.0,0
17144,control,0.0,0,0.0,0
17145,treatment,67.82,0,0.0,0
17146,control,0.0,0,0.0,0
17147,treatment,75.76,0,0.0,0
17148,treatment,318.83,1,87.28,0
17149,control,0.0,0,0.0,0
17150,control,0.0,0,0.0,0
17151,control,31.94,0,0.0,0
17152,control,163.51,1,79.79,0
17153,treatment,0.0,0,0.0,0
17154,control,301.05,1,42.62,0
17155,control,0.0,0,0.0,0
17156,treatment,71.26,0,0.0,0
17157,treatment,0.0,0,0.0,0
17158,control,71.57,0,0.0,0
17159,control,24.77,0,0.0,0
17160,control,0.0,0,0.0,0
17161,control,0.0,0,0.0,0
17162,control,0.0,0,0.0,0
17163,treatment,41.35,0,0.0,0
17164,control,0.0,0,0.0,0
17165,control,0.0,0,0.0,0
17166,treatment,216.42,0,0.0,0
17167,control,322.35,1,46.17,0
17168,control,0.0,1,67.92,0
17169,control,107.68,0,0.0,0
17170,treatment,36.18,0,0.0,0
17171,control,0.0,0,0.0,0
17172,treatment,0.0,0,0.0,0
17173,treatment,63.59,0,0.0,0
17174,treatment,106.63,1,65.16,0
17175,control,26.85,0,0.0,0
17176,treatment,0.0,0,0.0,0
17177,control,312.08,0,0.0,0
17178,control,0.0,0,0.0,0
17179,control,0.0,0,0.0,0
17180,treatment,42.71,0,0.0,0
17181,treatment,48.64,0,0.0,0
17182,treatment,0.0,0,0.0,0
17183,treatment,58.45,0,0.0,0
17184,treatment,0.0,1,100.61,0
17185,treatment,0.0,0,0.0,0
17186,control,0.0,0,0.0,0
17187,treatment,0.0,0,0.0,0
17188,treatment,0.0,0,0.0,0
17189,control,0.0,0,0.0,0
17190,control,0.0,0,0.0,0
17191,control,52.42,1,151.43,0
17192,treatment,299.69,0,0.0,0
17193,treatment,0.0,0,0.0,0
17194,control,34.91,0,0.0,0
17195,control,68.72,0,0.0,0
17196,treatment,0.0,0,0.0,0
17197,control,39.33,0,0.0,0
17198,control,355.1,0,0.0,0
17199,treatment,126.43,1,62.02,0
17200,control,56.05,0,0.0,0
17201,control,0.0,0,0.0,0
17202,treatment,0.0,0,0.0,0
17203,control,568.82,1,40.14,0
17204,control,0.0,0,0.0,0
17205,treatment,60.86,0,0.0,0
17206,control,0.0,0,0.0,0
17207,treatment,116.55,0,0.0,0
17208,treatment,0.0,0,0.0,0
17209,control,0.0,0,0.0,0
17210,control,88.44,0,0.0,0
17211,control,0.0,0,0.0,0
17212,control,0.0,0,0.0,0
17213,control,0.0,0,0.0,0
17214,treatment,0.0,0,0.0,0
17215,treatment,0.0,0,0.0,0
17216,treatment,0.0,0,0.0,0
17217,control,0.0,0,0.0,0
17218,treatment,0.0,0,0.0,0
17219,control,0.0,1,37.65,0
17220,control,0.0,0,0.0,0
17221,control,0.0,0,0.0,0
17222,control,0.0,0,0.0,0
17223,control,0.0,0,0.0,0
17224,control,0.0,0,0.0,0
17225,treatment,0.0,0,0.0,0
17226,control,38.3,0,0.0,0
17227,control,0.0,0,0.0,0
17228,control,42.15,0,0.0,0
17229,treatment,67.21,0,0.0,0
17230,control,128.42,0,0.0,0
17231,control,0.0,0,0.0,0
17232,control,0.0,0,0.0,0
17233,control,0.0,0,0.0,0
17234,control,0.0,0,0.0,0
17235,control,141.65,0,0.0,0
17236,treatment,0.0,0,0.0,0
17237,control,0.0,0,0.0,0
17238,control,49.0,0,0.0,0
17239,control,0.0,0,0.0,0
17240,control,0.0,0,0.0,0
17241,treatment,131.08,0,0.0,0
17242,treatment,0.0,0,0.0,0
17243,treatment,0.0,0,0.0,0
17244,control,31.4,0,0.0,0
17245,treatment,0.0,0,0.0,0
17246,control,85.0,1,69.41,0
17247,control,31.0,0,0.0,0
17248,treatment,53.57,0,0.0,0
17249,treatment,51.59,0,0.0,0
17250,control,0.0,0,0.0,0
17251,treatment,39.6,0,0.0,0
17252,treatment,0.0,0,0.0,0
17253,treatment,0.0,0,0.0,0
17254,control,0.0,0,0.0,0
17255,treatment,0.0,0,0.0,0
17256,treatment,86.13,0,0.0,0
17257,treatment,0.0,0,0.0,0
17258,treatment,0.0,0,0.0,0
17259,control,0.0,0,0.0,0
17260,treatment,0.0,0,0.0,0
17261,treatment,0.0,0,0.0,0
17262,control,0.0,0,0.0,0
17263,treatment,839.55,1,139.78,0
17264,treatment,47.82,0,0.0,0
17265,treatment,0.0,0,0.0,0
17266,control,0.0,0,0.0,0
17267,treatment,0.0,0,0.0,0
17268,treatment,0.0,0,0.0,0
17269,treatment,0.0,0,0.0,0
17270,control,0.0,0,0.0,0
17271,treatment,0.0,0,0.0,0
17272,treatment,77.18,0,0.0,0
17273,treatment,48.36,0,0.0,0
17274,control,41.54,0,0.0,0
17275,control,0.0,0,0.0,0
17276,control,46.9,0,0.0,0
17277,treatment,67.2,0,0.0,0
17278,control,185.02,0,0.0,0
17279,control,47.7,0,0.0,0
17280,treatment,0.0,0,0.0,0
17281,treatment,0.0,0,0.0,0
17282,control,293.89,0,0.0,0
17283,control,264.88,0,0.0,0
17284,treatment,0.0,1,49.49,0
17285,treatment,0.0,0,0.0,0
17286,control,0.0,0,0.0,0
17287,control,0.0,0,0.0,0
17288,control,0.0,0,0.0,0
17289,treatment,0.0,0,0.0,0
17290,treatment,124.19,0,0.0,0
17291,treatment,125.36,0,0.0,0
17292,treatment,0.0,0,0.0,0
17293,treatment,125.12,0,0.0,0
17294,treatment,0.0,0,0.0,0
17295,control,0.0,0,0.0,0
17296,control,38.24,0,0.0,0
17297,treatment,0.0,0,0.0,0
17298,treatment,0.0,0,0.0,0
17299,treatment,61.64,0,0.0,0
17300,treatment,0.0,0,0.0,0
17301,control,0.0,0,0.0,0
17302,control,25.15,0,0.0,0
17303,treatment,0.0,0,0.0,0
17304,treatment,0.0,0,0.0,0
17305,treatment,0.0,0,0.0,0
17306,control,29.72,0,0.0,0
17307,control,0.0,0,0.0,0
17308,treatment,0.0,0,0.0,0
17309,treatment,0.0,0,0.0,0
17310,control,0.0,0,0.0,0
17311,control,358.39,0,0.0,0
17312,treatment,47.81,0,0.0,0
17313,treatment,0.0,0,0.0,0
17314,treatment,31.15,0,0.0,0
17315,treatment,141.39,0,0.0,0
17316,treatment,0.0,0,0.0,0
17317,control,0.0,0,0.0,0
17318,treatment,0.0,0,0.0,0
17319,treatment,356.58,0,0.0,0
17320,control,98.35,1,61.9,0
17321,control,0.0,0,0.0,0
17322,treatment,0.0,0,0.0,0
17323,treatment,217.72,0,0.0,0
17324,treatment,0.0,0,0.0,0
17325,treatment,0.0,0,0.0,0
17326,treatment,0.0,0,0.0,0
17327,control,0.0,0,0.0,0
17328,treatment,0.0,0,0.0,0
17329,treatment,0.0,0,0.0,0
17330,control,35.67,1,50.87,1
17331,treatment,0.0,0,0.0,0
17332,control,62.92,0,0.0,0
17333,control,0.0,0,0.0,0
17334,control,0.0,0,0.0,0
17335,treatment,0.0,0,0.0,0
17336,control,149.02,0,0.0,0
17337,control,0.0,0,0.0,0
17338,treatment,0.0,0,0.0,0
17339,control,0.0,0,0.0,0
17340,treatment,87.67,0,0.0,0
17341,control,0.0,0,0.0,0
17342,control,117.25,0,0.0,0
17343,treatment,0.0,0,0.0,0
17344,control,0.0,0,0.0,0
17345,treatment,0.0,0,0.0,0
17346,control,0.0,0,0.0,0
17347,treatment,0.0,0,0.0,0
17348,treatment,0.0,0,0.0,0
17349,treatment,0.0,0,0.0,0
17350,control,49.87,1,78.69,0
17351,control,40.5,0,0.0,0
17352,treatment,0.0,0,0.0,0
17353,control,25.07,1,56.87,0
17354,treatment,20.92,0,0.0,0
17355,treatment,43.26,0,0.0,0
17356,treatment,0.0,0,0.0,0
17357,treatment,24.14,0,0.0,0
17358,control,258.07,0,0.0,0
17359,control,305.46,1,107.82,0
17360,treatment,0.0,0,0.0,0
17361,treatment,49.89,0,0.0,0
17362,control,70.38,0,0.0,0
17363,treatment,0.0,0,0.0,0
17364,control,34.68,0,0.0,0
17365,control,0.0,0,0.0,0
17366,control,832.35,1,106.66,0
17367,control,0.0,0,0.0,0
17368,control,0.0,0,0.0,0
17369,control,0.0,0,0.0,0
17370,control,0.0,0,0.0,0
17371,control,0.0,0,0.0,0
17372,control,73.18,0,0.0,0
17373,treatment,95.29,0,0.0,0
17374,treatment,0.0,0,0.0,0
17375,treatment,0.0,0,0.0,0
17376,treatment,0.0,0,0.0,0
17377,control,198.39,0,0.0,0
17378,control,74.11,0,0.0,0
17379,treatment,0.0,0,0.0,0
17380,treatment,331.44,0,0.0,0
17381,control,26.89,0,0.0,0
17382,control,0.0,0,0.0,0
17383,treatment,43.0,0,0.0,0
17384,control,0.0,0,0.0,0
17385,control,0.0,0,0.0,0
17386,treatment,0.0,0,0.0,0
17387,treatment,59.43,1,45.39,0
17388,control,0.0,0,0.0,0
17389,treatment,34.9,0,0.0,0
17390,control,0.0,0,0.0,0
17391,treatment,0.0,0,0.0,0
17392,control,0.0,0,0.0,0
17393,control,48.29,0,0.0,0
17394,treatment,0.0,1,61.85,0
17395,control,0.0,0,0.0,0
17396,treatment,0.0,0,0.0,0
17397,treatment,198.91,1,269.0,0
17398,control,19.57,0,0.0,0
17399,control,81.91,0,0.0,0
17400,control,193.07,0,0.0,0
17401,treatment,54.12,0,0.0,0
17402,treatment,0.0,0,0.0,0
17403,control,599.8,0,0.0,0
17404,control,50.34,0,0.0,0
17405,treatment,0.0,0,0.0,0
17406,treatment,0.0,0,0.0,0
17407,control,0.0,0,0.0,0
17408,control,75.73,0,0.0,0
17409,control,0.0,1,94.46,0
17410,treatment,0.0,0,0.0,0
17411,control,67.24,0,0.0,0
17412,control,0.0,0,0.0,0
17413,control,0.0,0,0.0,0
17414,treatment,0.0,0,0.0,0
17415,treatment,105.22,0,0.0,0
17416,control,0.0,0,0.0,0
17417,control,53.61,0,0.0,0
17418,control,134.96,0,0.0,0
17419,control,31.84,0,0.0,0
17420,treatment,304.33,1,20.0,0
17421,control,75.77,1,189.09,0
17422,control,0.0,0,0.0,0
17423,control,126.2,1,89.65,0
17424,treatment,0.0,0,0.0,0
17425,control,166.9,0,0.0,0
17426,treatment,90.75,0,0.0,0
17427,control,46.55,0,0.0,0
17428,control,24.46,0,0.0,0
17429,control,0.0,0,0.0,0
17430,control,51.9,0,0.0,0
17431,treatment,0.0,1,62.08,0
17432,treatment,0.0,0,0.0,0
17433,control,0.0,0,0.0,0
17434,control,0.0,0,0.0,0
17435,treatment,0.0,0,0.0,0
17436,treatment,0.0,0,0.0,0
17437,control,0.0,0,0.0,0
17438,control,0.0,0,0.0,0
17439,control,71.96,0,0.0,0
17440,control,0.0,0,0.0,0
17441,treatment,0.0,0,0.0,0
17442,control,47.99,0,0.0,0
17443,treatment,76.47,0,0.0,0
17444,treatment,0.0,0,0.0,0
17445,treatment,0.0,0,0.0,0
17446,treatment,0.0,0,0.0,0
17447,treatment,0.0,0,0.0,0
17448,treatment,0.0,0,0.0,0
17449,treatment,0.0,0,0.0,0
17450,treatment,61.68,1,39.8,0
17451,control,52.57,1,111.65,0
17452,treatment,0.0,0,0.0,0
17453,treatment,65.86,1,68.43,0
17454,treatment,24.32,0,0.0,0
17455,control,67.9,0,0.0,0
17456,treatment,0.0,1,34.17,0
17457,control,0.0,0,0.0,0
17458,treatment,22.45,0,0.0,0
17459,control,58.51,0,0.0,0
17460,control,33.93,0,0.0,0
17461,treatment,368.92,0,0.0,0
17462,treatment,0.0,0,0.0,0
17463,treatment,0.0,0,0.0,0
17464,treatment,0.0,1,41.11,0
17465,control,0.0,0,0.0,0
17466,control,0.0,0,0.0,0
17467,treatment,0.0,0,0.0,0
17468,treatment,54.62,0,0.0,0
17469,control,0.0,0,0.0,0
17470,control,0.0,0,0.0,0
17471,control,119.36,1,75.76,0
17472,treatment,61.48,0,0.0,0
17473,treatment,34.97,1,95.18,0
17474,treatment,0.0,0,0.0,0
17475,treatment,30.74,0,0.0,0
17476,treatment,30.69,0,0.0,0
17477,treatment,0.0,0,0.0,0
17478,treatment,72.64,0,0.0,0
17479,treatment,0.0,0,0.0,0
17480,treatment,115.53,0,0.0,0
17481,control,135.03,0,0.0,0
17482,control,0.0,0,0.0,0
17483,control,72.51,0,0.0,0
17484,control,49.95,0,0.0,0
17485,treatment,225.92,0,0.0,0
17486,treatment,0.0,0,0.0,0
17487,treatment,0.0,0,0.0,0
17488,control,89.48,0,0.0,0
17489,control,0.0,0,0.0,0
17490,control,0.0,0,0.0,0
17491,control,0.0,0,0.0,0
17492,control,195.81,0,0.0,0
17493,control,128.42,0,0.0,0
17494,treatment,144.03,0,0.0,0
17495,control,0.0,0,0.0,0
17496,treatment,69.45,0,0.0,0
17497,treatment,21.33,0,0.0,0
17498,treatment,100.45,0,0.0,0
17499,control,29.6,0,0.0,0
17500,control,41.66,0,0.0,0
17501,treatment,0.0,0,0.0,0
17502,control,67.98,0,0.0,0
17503,control,24.64,0,0.0,0
17504,treatment,24.74,0,0.0,0
17505,treatment,52.86,0,0.0,0
17506,control,35.23,0,0.0,0
17507,treatment,0.0,0,0.0,0
17508,control,0.0,0,0.0,0
17509,control,0.0,0,0.0,0
17510,control,0.0,0,0.0,0
17511,treatment,170.64,0,0.0,0
17512,control,0.0,0,0.0,0
17513,treatment,161.83,0,0.0,0
17514,control,0.0,0,0.0,0
17515,control,0.0,0,0.0,0
17516,control,0.0,0,0.0,0
17517,treatment,105.55,1,216.06,0
17518,control,30.02,0,0.0,0
17519,control,0.0,0,0.0,0
17520,treatment,0.0,0,0.0,0
17521,treatment,569.64,1,135.73,0
17522,control,0.0,0,0.0,0
17523,control,0.0,0,0.0,0
17524,treatment,16.46,1,37.36,0
17525,control,33.53,0,0.0,0
17526,control,46.46,0,0.0,0
17527,treatment,0.0,0,0.0,0
17528,control,90.24,0,0.0,0
17529,control,0.0,0,0.0,0
17530,treatment,161.09,0,0.0,0
17531,control,178.04,0,0.0,0
17532,control,41.2,0,0.0,0
17533,treatment,52.57,0,0.0,0
17534,control,0.0,0,0.0,0
17535,treatment,0.0,0,0.0,0
17536,control,66.88,0,0.0,0
17537,control,45.42,0,0.0,0
17538,treatment,35.6,0,0.0,0
17539,treatment,107.62,0,0.0,0
17540,treatment,256.45,0,0.0,0
17541,treatment,67.85,0,0.0,0
17542,control,44.71,0,0.0,0
17543,treatment,123.88,0,0.0,0
17544,treatment,0.0,0,0.0,0
17545,treatment,48.37,0,0.0,0
17546,control,449.73,0,0.0,0
17547,treatment,419.43,0,0.0,0
17548,treatment,0.0,0,0.0,0
17549,treatment,165.79,0,0.0,0
17550,control,37.4,0,0.0,0
17551,control,82.98,0,0.0,0
17552,control,68.37,0,0.0,0
17553,treatment,118.94,0,0.0,0
17554,control,0.0,0,0.0,0
17555,treatment,0.0,0,0.0,0
17556,treatment,0.0,0,0.0,0
17557,treatment,0.0,0,0.0,0
17558,control,123.68,0,0.0,0
17559,treatment,0.0,0,0.0,0
17560,control,0.0,0,0.0,0
17561,treatment,0.0,0,0.0,0
17562,control,0.0,0,0.0,0
17563,treatment,37.96,0,0.0,0
17564,treatment,58.73,0,0.0,0
17565,control,0.0,0,0.0,0
17566,control,32.31,0,0.0,0
17567,treatment,0.0,1,117.65,0
17568,treatment,0.0,0,0.0,0
17569,treatment,336.1,1,73.07,0
17570,control,163.82,0,0.0,0
17571,control,41.09,0,0.0,0
17572,treatment,77.98,0,0.0,0
17573,control,41.92,0,0.0,0
17574,treatment,0.0,0,0.0,0
17575,treatment,47.52,0,0.0,0
17576,control,0.0,0,0.0,0
17577,treatment,0.0,0,0.0,0
17578,treatment,25.01,0,0.0,0
17579,treatment,56.21,0,0.0,0
17580,treatment,32.16,0,0.0,0
17581,treatment,328.0,0,0.0,0
17582,control,0.0,0,0.0,0
17583,control,0.0,0,0.0,0
17584,treatment,0.0,0,0.0,0
17585,treatment,0.0,0,0.0,0
17586,treatment,102.16,0,0.0,0
17587,treatment,66.15,0,0.0,0
17588,control,807.6,0,0.0,0
17589,treatment,51.86,1,44.91,0
17590,control,40.29,0,0.0,0
17591,treatment,99.87,0,0.0,0
17592,treatment,68.86,1,64.74,0
17593,control,52.29,0,0.0,0
17594,control,0.0,0,0.0,0
17595,treatment,0.0,0,0.0,0
17596,treatment,0.0,0,0.0,0
17597,control,52.04,0,0.0,0
17598,control,45.97,1,102.68,0
17599,treatment,86.39,0,0.0,0
17600,control,28.75,0,0.0,0
17601,treatment,0.0,0,0.0,0
17602,treatment,52.4,0,0.0,0
17603,control,62.73,0,0.0,0
17604,treatment,0.0,0,0.0,0
17605,control,57.74,0,0.0,0
17606,treatment,0.0,1,66.72,0
17607,control,64.68,0,0.0,0
17608,treatment,0.0,0,0.0,0
17609,treatment,0.0,1,42.68,0
17610,treatment,76.86,1,39.35,0
17611,control,0.0,0,0.0,0
17612,control,0.0,0,0.0,0
17613,treatment,49.37,0,0.0,0
17614,control,124.55,0,0.0,0
17615,control,56.59,0,0.0,0
17616,control,34.46,1,65.96,0
17617,treatment,38.67,0,0.0,0
17618,control,0.0,0,0.0,0
17619,control,35.44,1,46.42,0
17620,control,0.0,0,0.0,0
17621,control,0.0,0,0.0,0
17622,control,0.0,0,0.0,0
17623,treatment,0.0,0,0.0,0
17624,treatment,124.65,1,90.64,0
17625,treatment,250.85,0,0.0,0
17626,treatment,53.15,0,0.0,0
17627,treatment,0.0,0,0.0,0
17628,treatment,0.0,0,0.0,0
17629,control,0.0,0,0.0,0
17630,control,69.63,0,0.0,0
17631,control,0.0,1,75.52,0
17632,treatment,45.01,0,0.0,0
17633,control,0.0,0,0.0,0
17634,treatment,109.54,0,0.0,0
17635,control,0.0,0,0.0,0
17636,treatment,0.0,0,0.0,0
17637,control,72.81,0,0.0,0
17638,treatment,42.76,0,0.0,0
17639,treatment,191.6,1,59.11,0
17640,treatment,27.95,0,0.0,0
17641,treatment,0.0,0,0.0,0
17642,control,107.96,0,0.0,0
17643,treatment,0.0,0,0.0,0
17644,control,78.11,0,0.0,0
17645,treatment,0.0,0,0.0,0
17646,treatment,32.49,0,0.0,0
17647,treatment,50.16,0,0.0,0
17648,treatment,77.72,0,0.0,0
17649,treatment,73.51,0,0.0,0
17650,treatment,0.0,0,0.0,0
17651,treatment,0.0,0,0.0,0
17652,control,0.0,0,0.0,0
17653,control,164.35,1,34.16,0
17654,treatment,100.94,1,38.91,0
17655,control,137.36,1,96.21,0
17656,treatment,0.0,0,0.0,0
17657,control,53.03,0,0.0,0
17658,control,51.36,0,0.0,0
17659,treatment,270.94,0,0.0,0
17660,treatment,0.0,0,0.0,0
17661,treatment,0.0,1,76.73,0
17662,control,0.0,0,0.0,0
17663,treatment,138.75,0,0.0,0
17664,treatment,0.0,0,0.0,0
17665,treatment,0.0,0,0.0,0
17666,treatment,83.79,0,0.0,0
17667,treatment,98.05,0,0.0,0
17668,control,71.9,0,0.0,0
17669,treatment,0.0,0,0.0,0
17670,treatment,84.04,0,0.0,0
17671,treatment,0.0,0,0.0,0
17672,treatment,82.7,0,0.0,0
17673,treatment,0.0,0,0.0,0
17674,treatment,0.0,0,0.0,0
17675,control,107.42,0,0.0,0
17676,treatment,0.0,0,0.0,0
17677,control,0.0,0,0.0,0
17678,control,37.16,1,71.39,0
17679,control,0.0,0,0.0,0
17680,treatment,0.0,0,0.0,0
17681,treatment,31.75,1,92.6,1
17682,control,42.38,0,0.0,0
17683,control,0.0,0,0.0,0
17684,treatment,0.0,0,0.0,0
17685,treatment,0.0,1,73.86,0
17686,treatment,0.0,0,0.0,0
17687,control,343.81,1,124.06,0
17688,treatment,0.0,0,0.0,0
17689,treatment,0.0,1,48.11,0
17690,treatment,0.0,0,0.0,0
17691,treatment,28.6,0,0.0,0
17692,control,0.0,0,0.0,0
17693,control,0.0,0,0.0,0
17694,treatment,89.86,0,0.0,0
17695,treatment,62.37,1,45.21,0
17696,control,0.0,0,0.0,0
17697,control,100.44,0,0.0,0
17698,treatment,62.09,0,0.0,0
17699,control,1078.79,1,51.36,0
17700,control,0.0,0,0.0,0
17701,control,26.67,0,0.0,0
17702,control,0.0,0,0.0,0
17703,control,171.8,1,38.6,0
17704,treatment,0.0,0,0.0,0
17705,treatment,0.0,0,0.0,0
17706,treatment,0.0,0,0.0,0
17707,treatment,243.68,0,0.0,0
17708,treatment,0.0,0,0.0,0
17709,treatment,48.28,0,0.0,0
17710,control,291.23,0,0.0,0
17711,treatment,78.52,0,0.0,0
17712,treatment,77.58,0,0.0,0
17713,treatment,0.0,1,34.49,0
17714,treatment,230.39,1,42.97,0
17715,treatment,0.0,0,0.0,0
17716,treatment,22.71,1,42.04,0
17717,treatment,229.17,0,0.0,0
17718,control,85.93,0,0.0,0
17719,control,0.0,0,0.0,0
17720,control,0.0,0,0.0,0
17721,treatment,0.0,0,0.0,0
17722,control,39.83,0,0.0,0
17723,control,43.38,0,0.0,0
17724,control,0.0,0,0.0,0
17725,treatment,38.93,0,0.0,0
17726,control,0.0,1,61.36,0
17727,control,0.0,0,0.0,0
17728,treatment,0.0,0,0.0,0
17729,treatment,0.0,0,0.0,0
17730,treatment,137.91,0,0.0,0
17731,control,0.0,0,0.0,0
17732,control,21.11,1,75.6,0
17733,control,130.95,0,0.0,0
17734,treatment,298.45,0,0.0,0
17735,treatment,0.0,0,0.0,0
17736,control,60.18,0,0.0,0
17737,treatment,0.0,1,19.8,0
17738,control,109.07,0,0.0,0
17739,treatment,101.28,0,0.0,0
17740,control,591.33,1,165.77,0
17741,control,54.93,0,0.0,0
17742,control,294.48,0,0.0,0
17743,control,155.85,0,0.0,0
17744,control,37.64,0,0.0,0
17745,control,0.0,0,0.0,0
17746,control,28.71,0,0.0,0
17747,treatment,30.71,0,0.0,0
17748,treatment,0.0,0,0.0,0
17749,control,82.44,0,0.0,0
17750,treatment,0.0,0,0.0,0
17751,control,37.92,0,0.0,0
17752,treatment,0.0,0,0.0,0
17753,control,0.0,0,0.0,0
17754,control,0.0,0,0.0,0
17755,treatment,71.51,0,0.0,0
17756,control,0.0,0,0.0,0
17757,control,48.62,0,0.0,0
17758,control,0.0,0,0.0,0
17759,control,129.62,1,27.48,0
17760,treatment,152.04,0,0.0,0
17761,control,37.96,0,0.0,0
17762,treatment,0.0,0,0.0,0
17763,control,0.0,0,0.0,0
17764,treatment,0.0,0,0.0,0
17765,treatment,0.0,0,0.0,0
17766,control,0.0,0,0.0,0
17767,treatment,0.0,0,0.0,0
17768,treatment,0.0,0,0.0,0
17769,control,71.77,0,0.0,0
17770,treatment,0.0,0,0.0,0
17771,treatment,175.95,0,0.0,0
17772,treatment,0.0,0,0.0,0
17773,treatment,57.92,0,0.0,0
17774,control,0.0,0,0.0,0
17775,treatment,49.16,0,0.0,0
17776,control,0.0,0,0.0,0
17777,treatment,0.0,0,0.0,0
17778,treatment,0.0,0,0.0,0
17779,control,114.15,0,0.0,0
17780,treatment,0.0,0,0.0,0
17781,control,0.0,0,0.0,0
17782,control,0.0,0,0.0,0
17783,treatment,78.12,0,0.0,0
17784,treatment,640.78,1,113.37,0
17785,control,59.61,1,33.34,0
17786,treatment,77.79,0,0.0,0
17787,treatment,0.0,0,0.0,0
17788,treatment,119.24,0,0.0,0
17789,control,36.52,0,0.0,0
17790,control,0.0,0,0.0,0
17791,treatment,73.86,0,0.0,0
17792,control,0.0,0,0.0,0
17793,treatment,575.5,1,70.51,0
17794,control,71.36,0,0.0,0
17795,control,0.0,0,0.0,0
17796,treatment,0.0,0,0.0,0
17797,treatment,0.0,0,0.0,0
17798,control,0.0,0,0.0,0
17799,control,0.0,0,0.0,0
17800,treatment,278.42,0,0.0,0
17801,treatment,42.59,0,0.0,0
17802,treatment,272.27,0,0.0,0
17803,treatment,40.32,0,0.0,0
17804,control,0.0,0,0.0,0
17805,control,0.0,0,0.0,0
17806,treatment,0.0,0,0.0,0
17807,control,47.1,0,0.0,0
17808,control,31.95,1,36.51,1
17809,control,0.0,0,0.0,0
17810,treatment,398.14,1,80.38,0
17811,control,31.79,0,0.0,0
17812,treatment,112.09,0,0.0,0
17813,control,0.0,0,0.0,0
17814,control,49.04,0,0.0,0
17815,control,0.0,0,0.0,0
17816,control,0.0,0,0.0,0
17817,treatment,0.0,0,0.0,0
17818,control,83.0,0,0.0,0
17819,control,0.0,0,0.0,0
17820,control,0.0,1,43.43,0
17821,control,0.0,0,0.0,0
17822,control,102.72,1,140.02,0
17823,treatment,72.65,0,0.0,0
17824,treatment,0.0,0,0.0,0
17825,treatment,284.03,0,0.0,0
17826,control,0.0,1,46.76,0
17827,control,169.92,0,0.0,0
17828,treatment,0.0,0,0.0,0
17829,control,32.56,0,0.0,0
17830,treatment,0.0,0,0.0,0
17831,control,0.0,0,0.0,0
17832,treatment,46.6,1,37.17,0
17833,treatment,464.04,0,0.0,0
17834,treatment,0.0,0,0.0,0
17835,control,0.0,0,0.0,0
17836,treatment,51.62,0,0.0,0
17837,treatment,0.0,0,0.0,0
17838,control,34.84,0,0.0,0
17839,treatment,0.0,0,0.0,0
17840,control,59.79,0,0.0,0
17841,treatment,146.85,0,0.0,0
17842,treatment,0.0,0,0.0,0
17843,control,0.0,0,0.0,0
17844,treatment,72.02,0,0.0,0
17845,treatment,82.47,0,0.0,0
17846,control,0.0,0,0.0,0
17847,control,185.78,0,0.0,0
17848,control,0.0,0,0.0,0
17849,control,0.0,0,0.0,0
17850,treatment,0.0,0,0.0,0
17851,treatment,0.0,0,0.0,0
17852,treatment,74.78,0,0.0,0
17853,treatment,0.0,1,44.53,0
17854,control,138.25,0,0.0,0
17855,treatment,0.0,0,0.0,0
17856,treatment,0.0,0,0.0,0
17857,control,150.29,1,73.61,0
17858,control,0.0,0,0.0,0
17859,control,267.11,1,82.76,0
17860,treatment,100.6,1,66.99,0
17861,treatment,94.55,0,0.0,0
17862,control,42.92,0,0.0,0
17863,control,0.0,0,0.0,0
17864,treatment,38.17,0,0.0,0
17865,control,0.0,0,0.0,0
17866,treatment,0.0,0,0.0,0
17867,treatment,38.02,0,0.0,0
17868,treatment,79.85,0,0.0,0
17869,treatment,85.39,0,0.0,0
17870,control,139.36,1,92.08,0
17871,control,0.0,0,0.0,0
17872,treatment,139.3,0,0.0,0
17873,control,50.95,1,90.67,0
17874,treatment,193.11,0,0.0,0
17875,treatment,86.27,0,0.0,0
17876,control,0.0,0,0.0,0
17877,treatment,0.0,0,0.0,0
17878,treatment,0.0,0,0.0,0
17879,control,0.0,0,0.0,0
17880,control,0.0,0,0.0,0
17881,treatment,100.4,0,0.0,0
17882,control,0.0,0,0.0,0
17883,control,0.0,0,0.0,0
17884,control,0.0,0,0.0,0
17885,treatment,176.06,0,0.0,0
17886,treatment,36.57,0,0.0,0
17887,control,24.85,0,0.0,0
17888,treatment,0.0,0,0.0,0
17889,control,39.21,0,0.0,0
17890,control,109.92,0,0.0,0
17891,treatment,130.05,0,0.0,0
17892,treatment,49.71,0,0.0,0
17893,control,245.45,1,77.67,0
17894,control,112.09,0,0.0,0
17895,control,0.0,0,0.0,0
17896,treatment,40.49,0,0.0,0
17897,treatment,169.46,0,0.0,0
17898,treatment,25.4,0,0.0,0
17899,treatment,0.0,0,0.0,0
17900,treatment,178.12,0,0.0,0
17901,treatment,0.0,0,0.0,0
17902,control,0.0,0,0.0,0
17903,control,0.0,0,0.0,0
17904,treatment,0.0,0,0.0,0
17905,treatment,0.0,0,0.0,0
17906,treatment,0.0,0,0.0,0
17907,treatment,0.0,0,0.0,0
17908,control,0.0,0,0.0,0
17909,control,0.0,1,28.13,1
17910,treatment,238.94,0,0.0,0
17911,control,0.0,0,0.0,0
17912,treatment,47.72,0,0.0,0
17913,control,0.0,0,0.0,0
17914,treatment,0.0,0,0.0,0
17915,treatment,0.0,0,0.0,0
17916,treatment,32.57,0,0.0,0
17917,treatment,73.6,0,0.0,0
17918,control,0.0,0,0.0,0
17919,control,97.32,0,0.0,0
17920,control,257.73,0,0.0,0
17921,treatment,0.0,0,0.0,0
17922,control,0.0,0,0.0,0
17923,treatment,0.0,0,0.0,0
17924,control,0.0,0,0.0,0
17925,treatment,0.0,0,0.0,0
17926,control,298.76,1,83.42,0
17927,control,0.0,0,0.0,0
17928,control,125.07,0,0.0,0
17929,treatment,119.21,0,0.0,0
17930,treatment,82.7,0,0.0,0
17931,control,0.0,0,0.0,0
17932,treatment,0.0,1,67.78,0
17933,treatment,73.4,0,0.0,0
17934,treatment,45.61,0,0.0,0
17935,treatment,0.0,0,0.0,0
17936,control,0.0,0,0.0,0
17937,treatment,0.0,0,0.0,0
17938,control,89.49,0,0.0,0
17939,control,37.22,0,0.0,0
17940,control,62.17,0,0.0,0
17941,treatment,72.93,0,0.0,0
17942,control,56.31,0,0.0,0
17943,control,0.0,0,0.0,0
17944,treatment,0.0,0,0.0,0
17945,treatment,87.52,0,0.0,0
17946,control,46.62,0,0.0,0
17947,control,0.0,0,0.0,0
17948,treatment,140.75,0,0.0,0
17949,treatment,49.6,0,0.0,0
17950,treatment,0.0,0,0.0,0
17951,control,59.46,0,0.0,0
17952,treatment,0.0,0,0.0,0
17953,control,0.0,0,0.0,0
17954,control,102.98,0,0.0,0
17955,treatment,0.0,0,0.0,0
17956,control,0.0,0,0.0,0
17957,control,0.0,0,0.0,0
17958,control,29.8,0,0.0,0
17959,treatment,58.67,0,0.0,0
17960,control,79.35,0,0.0,0
17961,treatment,0.0,0,0.0,0
17962,treatment,0.0,0,0.0,0
17963,control,53.85,0,0.0,0
17964,treatment,0.0,0,0.0,0
17965,treatment,107.95,0,0.0,0
17966,control,0.0,0,0.0,0
17967,treatment,256.81,1,194.26,0
17968,control,119.02,0,0.0,0
17969,control,74.36,0,0.0,0
17970,treatment,0.0,0,0.0,0
17971,control,0.0,0,0.0,0
17972,control,0.0,0,0.0,0
17973,treatment,0.0,0,0.0,0
17974,control,0.0,0,0.0,0
17975,treatment,240.74,0,0.0,0
17976,control,47.4,0,0.0,0
17977,control,0.0,0,0.0,0
17978,treatment,108.82,0,0.0,0
17979,treatment,114.66,0,0.0,0
17980,control,0.0,0,0.0,0
17981,control,31.59,0,0.0,0
17982,treatment,0.0,0,0.0,0
17983,control,415.45,0,0.0,0
17984,control,0.0,0,0.0,0
17985,control,0.0,0,0.0,0
17986,control,0.0,0,0.0,0
17987,control,154.36,0,0.0,0
17988,control,33.22,0,0.0,0
17989,treatment,0.0,0,0.0,0
17990,control,67.73,0,0.0,0
17991,treatment,0.0,0,0.0,0
17992,treatment,0.0,0,0.0,0
17993,control,86.0,0,0.0,0
17994,control,0.0,0,0.0,0
17995,control,319.05,1,165.41,0
17996,treatment,111.44,0,0.0,0
17997,control,0.0,0,0.0,0
17998,treatment,0.0,0,0.0,0
17999,control,50.36,0,0.0,0
18000,control,95.13,0,0.0,0
18001,treatment,0.0,0,0.0,0
18002,control,230.87,0,0.0,0
18003,control,61.79,0,0.0,0
18004,control,0.0,0,0.0,0
18005,control,33.29,0,0.0,0
18006,treatment,0.0,0,0.0,0
18007,treatment,1076.74,0,0.0,0
18008,control,0.0,0,0.0,0
18009,treatment,0.0,0,0.0,0
18010,control,0.0,1,51.93,0
18011,control,0.0,0,0.0,0
18012,treatment,0.0,0,0.0,0
18013,treatment,0.0,0,0.0,0
18014,control,88.25,0,0.0,0
18015,control,0.0,0,0.0,0
18016,control,236.99,1,73.61,0
18017,treatment,0.0,0,0.0,0
18018,treatment,0.0,0,0.0,0
18019,treatment,0.0,0,0.0,0
18020,control,0.0,0,0.0,0
18021,treatment,51.61,0,0.0,0
18022,treatment,0.0,1,38.83,0
18023,control,0.0,0,0.0,0
18024,treatment,0.0,0,0.0,0
18025,treatment,146.94,0,0.0,0
18026,control,106.1,0,0.0,0
18027,treatment,0.0,0,0.0,0
18028,treatment,0.0,0,0.0,0
18029,control,0.0,0,0.0,0
18030,control,0.0,0,0.0,0
18031,treatment,203.31,1,63.59,0
18032,treatment,57.95,0,0.0,0
18033,treatment,48.52,0,0.0,0
18034,control,55.97,1,54.45,0
18035,control,0.0,0,0.0,0
18036,treatment,68.67,0,0.0,0
18037,control,119.16,0,0.0,0
18038,control,53.51,0,0.0,0
18039,control,0.0,0,0.0,0
18040,treatment,0.0,0,0.0,0
18041,treatment,0.0,0,0.0,0
18042,treatment,55.14,0,0.0,0
18043,treatment,182.8,0,0.0,0
18044,control,0.0,0,0.0,0
18045,control,0.0,0,0.0,0
18046,treatment,0.0,0,0.0,0
18047,control,0.0,0,0.0,0
18048,control,611.35,0,0.0,0
18049,control,75.55,1,121.71,0
18050,treatment,0.0,1,61.53,0
18051,treatment,0.0,0,0.0,0
18052,treatment,144.56,0,0.0,0
18053,control,0.0,0,0.0,0
18054,treatment,0.0,0,0.0,0
18055,treatment,0.0,0,0.0,0
18056,treatment,76.01,1,47.66,0
18057,control,109.86,0,0.0,0
18058,control,0.0,0,0.0,0
18059,control,116.92,1,88.18,0
18060,control,0.0,0,0.0,0
18061,control,0.0,1,98.47,0
18062,control,0.0,0,0.0,0
18063,treatment,135.29,0,0.0,0
18064,control,0.0,0,0.0,0
18065,treatment,75.46,0,0.0,0
18066,control,82.34,0,0.0,0
18067,control,0.0,0,0.0,0
18068,treatment,0.0,0,0.0,0
18069,treatment,21.54,0,0.0,0
18070,control,0.0,0,0.0,0
18071,control,0.0,0,0.0,0
18072,control,0.0,0,0.0,0
18073,control,0.0,0,0.0,0
18074,treatment,0.0,0,0.0,0
18075,control,0.0,0,0.0,0
18076,control,226.33,0,0.0,0
18077,control,161.63,0,0.0,0
18078,treatment,0.0,1,35.25,0
18079,control,148.47,0,0.0,0
18080,treatment,144.91,0,0.0,0
18081,treatment,0.0,1,33.62,0
18082,control,0.0,0,0.0,0
18083,treatment,198.35,0,0.0,0
18084,control,41.42,0,0.0,0
18085,treatment,0.0,0,0.0,0
18086,control,151.37,0,0.0,0
18087,control,291.09,1,63.15,0
18088,treatment,0.0,0,0.0,0
18089,control,0.0,0,0.0,0
18090,treatment,1198.46,1,56.83,0
18091,control,0.0,0,0.0,0
18092,control,0.0,0,0.0,0
18093,control,0.0,0,0.0,0
18094,treatment,22.32,0,0.0,0
18095,control,0.0,0,0.0,0
18096,treatment,0.0,0,0.0,0
18097,treatment,64.44,0,0.0,0
18098,control,93.13,0,0.0,0
18099,treatment,0.0,0,0.0,0
18100,treatment,0.0,0,0.0,0
18101,control,0.0,0,0.0,0
18102,treatment,0.0,0,0.0,0
18103,control,33.59,0,0.0,0
18104,control,176.11,0,0.0,0
18105,control,94.87,0,0.0,0
18106,treatment,444.31,1,61.12,0
18107,control,0.0,0,0.0,0
18108,treatment,154.54,0,0.0,0
18109,control,192.54,0,0.0,0
18110,treatment,64.59,0,0.0,0
18111,treatment,87.79,1,169.35,0
18112,treatment,71.43,0,0.0,0
18113,treatment,0.0,0,0.0,0
18114,control,0.0,0,0.0,0
18115,treatment,0.0,0,0.0,0
18116,control,0.0,0,0.0,0
18117,control,39.51,0,0.0,0
18118,treatment,0.0,0,0.0,0
18119,control,0.0,0,0.0,0
18120,treatment,58.96,0,0.0,0
18121,control,56.99,0,0.0,0
18122,control,0.0,0,0.0,0
18123,control,0.0,0,0.0,0
18124,control,0.0,0,0.0,0
18125,control,0.0,1,43.99,0
18126,treatment,0.0,0,0.0,0
18127,treatment,0.0,0,0.0,0
18128,treatment,0.0,0,0.0,0
18129,control,204.79,0,0.0,0
18130,control,0.0,0,0.0,0
18131,control,0.0,0,0.0,0
18132,treatment,0.0,0,0.0,0
18133,control,0.0,0,0.0,0
18134,control,132.79,0,0.0,0
18135,treatment,0.0,0,0.0,0
18136,control,0.0,0,0.0,0
18137,treatment,0.0,0,0.0,0
18138,control,81.62,0,0.0,0
18139,treatment,0.0,0,0.0,0
18140,treatment,66.69,0,0.0,0
18141,treatment,69.17,1,49.64,0
18142,treatment,0.0,0,0.0,0
18143,treatment,60.2,0,0.0,0
18144,control,0.0,0,0.0,0
18145,treatment,94.48,0,0.0,0
18146,control,0.0,0,0.0,0
18147,control,36.51,0,0.0,0
18148,treatment,95.9,0,0.0,0
18149,control,0.0,0,0.0,0
18150,treatment,225.88,1,64.68,0
18151,treatment,50.55,0,0.0,0
18152,control,0.0,0,0.0,0
18153,control,57.43,0,0.0,0
18154,control,36.34,0,0.0,0
18155,treatment,0.0,0,0.0,0
18156,control,0.0,0,0.0,0
18157,treatment,0.0,0,0.0,0
18158,control,60.69,0,0.0,0
18159,treatment,0.0,0,0.0,0
18160,treatment,0.0,0,0.0,0
18161,control,67.42,0,0.0,0
18162,treatment,0.0,0,0.0,0
18163,control,0.0,0,0.0,0
18164,treatment,53.19,0,0.0,0
18165,control,228.66,1,160.54,0
18166,control,0.0,0,0.0,0
18167,control,0.0,0,0.0,0
18168,treatment,0.0,0,0.0,0
18169,control,0.0,0,0.0,0
18170,treatment,197.42,0,0.0,0
18171,treatment,40.0,0,0.0,0
18172,control,48.31,0,0.0,0
18173,treatment,0.0,0,0.0,0
18174,control,45.33,0,0.0,0
18175,treatment,86.28,0,0.0,0
18176,treatment,0.0,0,0.0,0
18177,treatment,71.51,0,0.0,0
18178,treatment,0.0,0,0.0,0
18179,control,114.13,1,90.39,0
18180,treatment,40.81,0,0.0,0
18181,control,63.3,0,0.0,0
18182,treatment,0.0,0,0.0,0
18183,control,195.44,1,91.07,0
18184,treatment,111.94,0,0.0,0
18185,control,38.37,0,0.0,0
18186,control,85.49,0,0.0,0
18187,treatment,0.0,0,0.0,0
18188,control,27.68,0,0.0,0
18189,treatment,0.0,0,0.0,0
18190,treatment,0.0,0,0.0,0
18191,control,0.0,0,0.0,0
18192,treatment,0.0,0,0.0,0
18193,control,120.61,0,0.0,0
18194,treatment,0.0,0,0.0,0
18195,control,0.0,0,0.0,0
18196,control,25.94,1,54.29,0
18197,control,90.73,1,48.48,0
18198,treatment,140.92,0,0.0,0
18199,control,0.0,0,0.0,0
18200,treatment,85.96,0,0.0,0
18201,control,526.73,1,34.14,0
18202,control,68.82,0,0.0,0
18203,control,92.97,1,36.39,0
18204,control,22.49,0,0.0,0
18205,control,0.0,0,0.0,0
18206,treatment,0.0,0,0.0,0
18207,treatment,0.0,0,0.0,0
18208,treatment,39.87,0,0.0,0
18209,control,0.0,0,0.0,0
18210,control,0.0,0,0.0,0
18211,treatment,0.0,0,0.0,0
18212,control,0.0,1,57.15,0
18213,control,217.57,0,0.0,0
18214,control,48.09,0,0.0,0
18215,treatment,0.0,0,0.0,0
18216,treatment,0.0,0,0.0,0
18217,treatment,0.0,0,0.0,0
18218,control,0.0,0,0.0,0
18219,treatment,0.0,0,0.0,0
18220,treatment,0.0,0,0.0,0
18221,control,0.0,0,0.0,0
18222,treatment,0.0,0,0.0,0
18223,control,29.27,0,0.0,0
18224,control,322.36,1,77.44,0
18225,treatment,19.42,0,0.0,0
18226,control,0.0,0,0.0,0
18227,treatment,0.0,0,0.0,0
18228,control,209.8,0,0.0,0
18229,control,65.32,0,0.0,0
18230,control,0.0,0,0.0,0
18231,treatment,0.0,0,0.0,0
18232,control,0.0,0,0.0,0
18233,control,0.0,0,0.0,0
18234,control,0.0,0,0.0,0
18235,treatment,64.05,1,85.5,0
18236,treatment,0.0,0,0.0,0
18237,treatment,0.0,0,0.0,0
18238,treatment,47.68,1,65.23,0
18239,control,0.0,0,0.0,0
18240,treatment,0.0,0,0.0,0
18241,treatment,0.0,0,0.0,0
18242,control,40.83,0,0.0,0
18243,control,0.0,1,21.78,0
18244,control,0.0,0,0.0,0
18245,control,0.0,0,0.0,0
18246,treatment,290.83,0,0.0,0
18247,treatment,0.0,0,0.0,0
18248,control,0.0,0,0.0,0
18249,treatment,73.32,0,0.0,0
18250,treatment,0.0,0,0.0,0
18251,control,58.73,0,0.0,0
18252,treatment,0.0,0,0.0,0
18253,treatment,115.1,1,116.18,0
18254,treatment,0.0,0,0.0,0
18255,control,53.61,0,0.0,0
18256,treatment,17.92,0,0.0,0
18257,control,44.79,0,0.0,0
18258,control,51.92,0,0.0,0
18259,control,0.0,0,0.0,0
18260,treatment,75.99,0,0.0,0
18261,control,51.75,0,0.0,0
18262,control,0.0,0,0.0,0
18263,control,279.05,0,0.0,0
18264,treatment,0.0,0,0.0,0
18265,treatment,0.0,0,0.0,0
18266,treatment,40.57,0,0.0,0
18267,control,38.13,0,0.0,0
18268,treatment,37.18,0,0.0,0
18269,treatment,0.0,0,0.0,0
18270,control,84.63,0,0.0,0
18271,control,44.77,0,0.0,0
18272,treatment,0.0,0,0.0,0
18273,treatment,0.0,0,0.0,0
18274,treatment,0.0,0,0.0,0
18275,control,0.0,0,0.0,0
18276,treatment,0.0,0,0.0,0
18277,control,0.0,1,58.23,0
18278,control,83.94,0,0.0,0
18279,control,0.0,0,0.0,0
18280,control,0.0,1,32.33,0
18281,control,45.09,0,0.0,0
18282,control,0.0,0,0.0,0
18283,control,163.62,0,0.0,0
18284,control,0.0,0,0.0,0
18285,treatment,0.0,0,0.0,0
18286,control,0.0,1,28.35,0
18287,control,0.0,1,43.32,0
18288,control,0.0,0,0.0,0
18289,control,48.76,0,0.0,0
18290,treatment,126.28,0,0.0,0
18291,treatment,0.0,0,0.0,0
18292,treatment,0.0,0,0.0,0
18293,control,45.65,0,0.0,0
18294,control,205.93,0,0.0,0
18295,treatment,179.14,1,197.35,0
18296,control,141.37,0,0.0,0
18297,control,0.0,0,0.0,0
18298,treatment,0.0,0,0.0,0
18299,treatment,647.22,1,67.65,0
18300,control,0.0,0,0.0,0
18301,control,0.0,0,0.0,0
18302,treatment,0.0,0,0.0,0
18303,treatment,121.32,0,0.0,0
18304,treatment,0.0,0,0.0,0
18305,control,101.37,1,90.41,0
18306,control,256.74,1,124.39,0
18307,treatment,45.71,0,0.0,0
18308,treatment,132.72,0,0.0,0
18309,treatment,98.03,0,0.0,0
18310,control,0.0,0,0.0,0
18311,control,0.0,0,0.0,0
18312,control,849.35,0,0.0,0
18313,treatment,0.0,0,0.0,0
18314,control,83.13,0,0.0,0
18315,control,0.0,0,0.0,0
18316,treatment,0.0,0,0.0,0
18317,treatment,71.41,1,36.84,0
18318,control,185.99,0,0.0,0
18319,treatment,92.07,0,0.0,0
18320,treatment,0.0,0,0.0,0
18321,treatment,28.98,0,0.0,0
18322,control,86.02,0,0.0,0
18323,treatment,62.71,0,0.0,0
18324,treatment,30.55,0,0.0,0
18325,control,26.16,0,0.0,0
18326,control,90.67,0,0.0,0
18327,treatment,0.0,0,0.0,0
18328,control,0.0,1,73.37,0
18329,treatment,152.22,1,59.05,0
18330,treatment,0.0,0,0.0,0
18331,control,0.0,0,0.0,0
18332,treatment,0.0,0,0.0,0
18333,treatment,0.0,0,0.0,0
18334,control,0.0,0,0.0,0
18335,treatment,40.33,1,39.8,0
18336,treatment,75.21,0,0.0,0
18337,control,110.95,1,28.63,1
18338,control,0.0,0,0.0,0
18339,control,0.0,0,0.0,0
18340,treatment,197.53,0,0.0,0
18341,treatment,27.84,0,0.0,0
18342,treatment,0.0,0,0.0,0
18343,control,0.0,1,24.01,0
18344,control,0.0,0,0.0,0
18345,treatment,0.0,0,0.0,0
18346,treatment,593.04,0,0.0,0
18347,control,688.15,0,0.0,0
18348,treatment,647.8,1,132.63,0
18349,treatment,0.0,0,0.0,0
18350,treatment,0.0,0,0.0,0
18351,control,115.47,0,0.0,0
18352,treatment,124.25,0,0.0,0
18353,treatment,53.47,0,0.0,0
18354,control,0.0,0,0.0,0
18355,treatment,37.14,0,0.0,0
18356,control,0.0,0,0.0,0
18357,control,30.93,0,0.0,0
18358,treatment,243.95,1,87.03,0
18359,control,61.61,0,0.0,0
18360,control,35.68,0,0.0,0
18361,control,0.0,1,75.71,0
18362,control,218.05,0,0.0,0
18363,control,342.17,0,0.0,0
18364,control,0.0,0,0.0,0
18365,treatment,0.0,0,0.0,0
18366,treatment,0.0,0,0.0,0
18367,control,0.0,0,0.0,0
18368,treatment,0.0,0,0.0,0
18369,treatment,98.44,0,0.0,0
18370,treatment,128.64,0,0.0,0
18371,control,0.0,0,0.0,0
18372,treatment,118.11,0,0.0,0
18373,treatment,71.72,0,0.0,0
18374,control,199.27,1,72.38,0
18375,control,0.0,0,0.0,0
18376,treatment,47.14,0,0.0,0
18377,treatment,50.41,0,0.0,0
18378,control,90.57,0,0.0,0
18379,control,0.0,1,26.53,0
18380,control,0.0,0,0.0,0
18381,treatment,0.0,0,0.0,0
18382,control,0.0,0,0.0,0
18383,control,0.0,0,0.0,0
18384,control,0.0,0,0.0,0
18385,treatment,60.24,0,0.0,0
18386,treatment,0.0,0,0.0,0
18387,treatment,0.0,0,0.0,0
18388,control,0.0,0,0.0,0
18389,treatment,0.0,0,0.0,0
18390,treatment,0.0,0,0.0,0
18391,control,0.0,0,0.0,0
18392,control,43.29,0,0.0,0
18393,treatment,0.0,0,0.0,0
18394,control,471.78,0,0.0,0
18395,treatment,0.0,0,0.0,0
18396,control,571.88,0,0.0,0
18397,control,0.0,1,103.92,0
18398,control,33.54,0,0.0,0
18399,control,0.0,0,0.0,0
18400,treatment,0.0,0,0.0,0
18401,control,0.0,0,0.0,0
18402,treatment,0.0,0,0.0,0
18403,control,81.54,0,0.0,0
18404,control,0.0,1,73.19,0
18405,control,0.0,1,63.12,0
18406,treatment,0.0,1,140.66,0
18407,treatment,193.87,0,0.0,0
18408,control,0.0,0,0.0,0
18409,control,148.64,0,0.0,0
18410,control,0.0,0,0.0,0
18411,control,107.2,0,0.0,0
18412,control,112.94,1,69.61,0
18413,control,57.36,0,0.0,0
18414,treatment,0.0,0,0.0,0
18415,treatment,0.0,0,0.0,0
18416,control,0.0,0,0.0,0
18417,control,80.05,0,0.0,0
18418,treatment,57.5,1,75.7,0
18419,control,0.0,0,0.0,0
18420,treatment,0.0,0,0.0,0
18421,control,51.85,0,0.0,0
18422,control,112.39,0,0.0,0
18423,control,0.0,0,0.0,0
18424,treatment,0.0,0,0.0,0
18425,control,308.0,0,0.0,0
18426,control,43.68,0,0.0,0
18427,control,324.46,0,0.0,0
18428,treatment,0.0,0,0.0,0
18429,control,43.65,0,0.0,0
18430,control,70.73,0,0.0,0
18431,treatment,40.0,0,0.0,0
18432,treatment,25.97,0,0.0,0
18433,treatment,61.53,0,0.0,0
18434,treatment,85.27,0,0.0,0
18435,control,0.0,0,0.0,0
18436,control,37.94,0,0.0,0
18437,control,97.65,1,61.88,0
18438,treatment,73.39,0,0.0,0
18439,control,0.0,0,0.0,0
18440,treatment,0.0,0,0.0,0
18441,treatment,75.81,0,0.0,0
18442,control,0.0,0,0.0,0
18443,treatment,0.0,0,0.0,0
18444,treatment,105.61,0,0.0,0
18445,treatment,0.0,0,0.0,0
18446,control,30.45,0,0.0,0
18447,control,0.0,1,141.25,0
18448,control,0.0,0,0.0,0
18449,control,0.0,0,0.0,0
18450,control,49.0,0,0.0,0
18451,treatment,0.0,0,0.0,0
18452,treatment,63.94,0,0.0,0
18453,treatment,0.0,0,0.0,0
18454,treatment,0.0,0,0.0,0
18455,treatment,0.0,0,0.0,0
18456,control,0.0,0,0.0,0
18457,control,0.0,0,0.0,0
18458,treatment,0.0,0,0.0,0
18459,treatment,267.4,0,0.0,0
18460,treatment,105.22,0,0.0,0
18461,control,0.0,0,0.0,0
18462,control,0.0,0,0.0,0
18463,control,0.0,0,0.0,0
18464,treatment,0.0,0,0.0,0
18465,control,0.0,0,0.0,0
18466,treatment,0.0,0,0.0,0
18467,treatment,43.62,1,48.0,0
18468,control,0.0,0,0.0,0
18469,treatment,100.12,0,0.0,0
18470,treatment,320.1,1,81.31,0
18471,treatment,104.05,0,0.0,0
18472,control,0.0,0,0.0,0
18473,treatment,0.0,0,0.0,0
18474,treatment,34.75,0,0.0,0
18475,control,0.0,0,0.0,0
18476,treatment,40.8,1,38.3,0
18477,treatment,0.0,0,0.0,0
18478,treatment,0.0,0,0.0,0
18479,control,0.0,0,0.0,0
18480,treatment,278.97,0,0.0,0
18481,control,266.2,0,0.0,0
18482,treatment,0.0,0,0.0,0
18483,control,0.0,0,0.0,0
18484,control,0.0,0,0.0,0
18485,treatment,159.35,0,0.0,0
18486,treatment,22.47,0,0.0,0
18487,treatment,68.62,0,0.0,0
18488,control,96.78,0,0.0,0
18489,control,0.0,0,0.0,0
18490,control,0.0,0,0.0,0
18491,treatment,0.0,0,0.0,0
18492,treatment,308.32,1,146.64,0
18493,treatment,0.0,0,0.0,0
18494,control,379.83,0,0.0,0
18495,treatment,50.74,0,0.0,0
18496,control,0.0,0,0.0,0
18497,control,50.96,0,0.0,0
18498,control,0.0,0,0.0,0
18499,treatment,63.09,0,0.0,0
18500,treatment,0.0,0,0.0,0
18501,treatment,203.33,0,0.0,0
18502,control,0.0,0,0.0,0
18503,treatment,41.69,0,0.0,0
18504,treatment,0.0,0,0.0,0
18505,treatment,0.0,0,0.0,0
18506,control,0.0,1,93.39,0
18507,treatment,0.0,0,0.0,0
18508,control,0.0,0,0.0,0
18509,control,0.0,0,0.0,0
18510,control,37.59,0,0.0,0
18511,control,0.0,0,0.0,0
18512,control,0.0,0,0.0,0
18513,treatment,92.44,0,0.0,0
18514,treatment,287.89,0,0.0,0
18515,control,0.0,0,0.0,0
18516,control,0.0,0,0.0,0
18517,control,51.3,0,0.0,0
18518,control,53.61,0,0.0,0
18519,control,0.0,1,46.91,0
18520,control,59.67,0,0.0,0
18521,control,64.07,0,0.0,0
18522,treatment,105.16,0,0.0,0
18523,control,57.34,0,0.0,0
18524,treatment,85.58,0,0.0,0
18525,treatment,167.92,0,0.0,0
18526,control,0.0,0,0.0,0
18527,control,0.0,0,0.0,0
18528,treatment,0.0,0,0.0,0
18529,treatment,0.0,0,0.0,0
18530,treatment,0.0,0,0.0,0
18531,control,58.64,0,0.0,0
18532,control,0.0,0,0.0,0
18533,control,43.97,0,0.0,0
18534,treatment,0.0,1,77.47,0
18535,control,56.54,0,0.0,0
18536,treatment,37.21,0,0.0,0
18537,control,16.89,0,0.0,0
18538,control,0.0,0,0.0,0
18539,treatment,0.0,0,0.0,0
18540,control,0.0,0,0.0,0
18541,control,0.0,0,0.0,0
18542,control,0.0,0,0.0,0
18543,control,0.0,0,0.0,0
18544,treatment,0.0,1,30.06,0
18545,control,0.0,0,0.0,0
18546,control,138.73,0,0.0,0
18547,control,0.0,0,0.0,0
18548,treatment,0.0,0,0.0,0
18549,treatment,137.19,0,0.0,0
18550,control,0.0,0,0.0,0
18551,control,41.47,0,0.0,0
18552,control,78.71,0,0.0,0
18553,treatment,0.0,0,0.0,0
18554,control,0.0,0,0.0,0
18555,treatment,53.86,0,0.0,0
18556,control,163.23,0,0.0,0
18557,treatment,0.0,0,0.0,0
18558,control,0.0,0,0.0,0
18559,control,0.0,0,0.0,0
18560,control,0.0,0,0.0,0
18561,treatment,0.0,0,0.0,0
18562,treatment,0.0,0,0.0,0
18563,control,0.0,0,0.0,0
18564,treatment,0.0,0,0.0,0
18565,treatment,0.0,0,0.0,0
18566,treatment,0.0,1,76.56,0
18567,treatment,0.0,0,0.0,0
18568,control,78.54,0,0.0,0
18569,control,0.0,0,0.0,0
18570,treatment,0.0,0,0.0,0
18571,treatment,277.77,1,43.2,0
18572,treatment,0.0,0,0.0,0
18573,treatment,283.41,0,0.0,0
18574,control,70.43,0,0.0,0
18575,treatment,97.51,0,0.0,0
18576,treatment,154.65,0,0.0,0
18577,treatment,0.0,0,0.0,0
18578,control,123.79,0,0.0,0
18579,treatment,35.28,0,0.0,0
18580,treatment,168.71,0,0.0,0
18581,control,0.0,0,0.0,0
18582,control,59.34,0,0.0,0
18583,treatment,0.0,0,0.0,0
18584,control,0.0,0,0.0,0
18585,treatment,96.93,0,0.0,0
18586,control,45.24,0,0.0,0
18587,treatment,27.04,0,0.0,0
18588,control,0.0,0,0.0,0
18589,control,103.93,0,0.0,0
18590,control,236.57,1,139.58,0
18591,control,0.0,0,0.0,0
18592,control,0.0,0,0.0,0
18593,control,65.78,0,0.0,0
18594,control,0.0,0,0.0,0
18595,treatment,0.0,0,0.0,0
18596,treatment,165.03,0,0.0,0
18597,treatment,0.0,0,0.0,0
18598,treatment,34.79,0,0.0,0
18599,control,66.58,0,0.0,0
18600,treatment,0.0,0,0.0,0
18601,control,0.0,0,0.0,0
18602,control,0.0,1,99.57,0
18603,treatment,442.66,0,0.0,0
18604,treatment,481.44,1,48.9,0
18605,control,0.0,0,0.0,0
18606,control,0.0,0,0.0,0
18607,control,0.0,0,0.0,0
18608,treatment,0.0,0,0.0,0
18609,control,44.46,0,0.0,0
18610,treatment,128.92,0,0.0,0
18611,treatment,0.0,0,0.0,0
18612,control,0.0,0,0.0,0
18613,treatment,0.0,1,74.38,0
18614,control,0.0,0,0.0,0
18615,control,0.0,0,0.0,0
18616,control,95.22,0,0.0,0
18617,control,200.57,1,68.31,0
18618,control,94.83,1,87.94,0
18619,treatment,0.0,0,0.0,0
18620,treatment,0.0,0,0.0,0
18621,control,99.95,0,0.0,0
18622,control,0.0,0,0.0,0
18623,control,252.64,0,0.0,0
18624,control,126.66,0,0.0,0
18625,treatment,0.0,0,0.0,0
18626,treatment,36.1,0,0.0,0
18627,control,49.39,0,0.0,0
18628,treatment,0.0,0,0.0,0
18629,treatment,0.0,0,0.0,0
18630,control,54.35,0,0.0,0
18631,control,56.53,0,0.0,0
18632,control,51.25,0,0.0,0
18633,control,0.0,0,0.0,0
18634,control,92.79,0,0.0,0
18635,treatment,62.11,0,0.0,0
18636,treatment,142.62,1,35.81,0
18637,treatment,0.0,0,0.0,0
18638,treatment,73.14,0,0.0,0
18639,control,0.0,0,0.0,0
18640,treatment,0.0,0,0.0,0
18641,control,172.61,0,0.0,0
18642,control,0.0,0,0.0,0
18643,treatment,82.67,0,0.0,0
18644,control,0.0,0,0.0,0
18645,treatment,145.54,1,39.74,0
18646,control,33.62,0,0.0,0
18647,treatment,0.0,0,0.0,0
18648,control,52.82,1,50.56,0
18649,control,0.0,0,0.0,0
18650,control,106.82,0,0.0,0
18651,treatment,0.0,0,0.0,0
18652,control,136.71,1,86.24,0
18653,treatment,29.02,0,0.0,0
18654,control,54.25,0,0.0,0
18655,treatment,0.0,0,0.0,0
18656,control,0.0,0,0.0,0
18657,treatment,0.0,0,0.0,0
18658,treatment,0.0,1,135.87,0
18659,treatment,92.39,0,0.0,0
18660,treatment,0.0,0,0.0,0
18661,treatment,21.37,0,0.0,0
18662,treatment,171.25,1,67.78,0
18663,treatment,0.0,0,0.0,0
18664,treatment,41.5,0,0.0,0
18665,treatment,0.0,0,0.0,0
18666,control,0.0,0,0.0,0
18667,treatment,0.0,0,0.0,0
18668,treatment,0.0,0,0.0,0
18669,treatment,0.0,0,0.0,0
18670,treatment,0.0,0,0.0,0
18671,treatment,118.39,1,61.41,0
18672,control,0.0,0,0.0,0
18673,control,0.0,0,0.0,0
18674,control,307.81,0,0.0,0
18675,control,77.46,0,0.0,0
18676,control,0.0,0,0.0,0
18677,control,62.58,0,0.0,0
18678,control,237.8,0,0.0,0
18679,control,69.01,0,0.0,0
18680,treatment,0.0,0,0.0,0
18681,treatment,45.27,0,0.0,0
18682,treatment,43.11,1,69.11,0
18683,treatment,0.0,0,0.0,0
18684,treatment,0.0,0,0.0,0
18685,control,0.0,0,0.0,0
18686,treatment,0.0,0,0.0,0
18687,treatment,55.28,0,0.0,0
18688,treatment,0.0,0,0.0,0
18689,control,0.0,0,0.0,0
18690,control,40.63,0,0.0,0
18691,control,53.48,0,0.0,0
18692,treatment,60.86,0,0.0,0
18693,control,0.0,0,0.0,0
18694,treatment,274.34,0,0.0,0
18695,treatment,38.47,0,0.0,0
18696,control,694.29,0,0.0,0
18697,control,72.31,0,0.0,0
18698,treatment,0.0,0,0.0,0
18699,treatment,29.65,0,0.0,0
18700,treatment,1645.61,1,60.32,0
18701,control,731.27,1,220.22,0
18702,control,0.0,0,0.0,0
18703,control,0.0,0,0.0,0
18704,treatment,0.0,0,0.0,0
18705,control,0.0,0,0.0,0
18706,control,27.19,1,45.34,0
18707,control,59.4,0,0.0,0
18708,treatment,108.35,1,85.92,0
18709,control,0.0,0,0.0,0
18710,control,38.73,0,0.0,0
18711,treatment,0.0,0,0.0,0
18712,control,0.0,0,0.0,0
18713,control,0.0,0,0.0,0
18714,control,0.0,0,0.0,0
18715,treatment,246.92,0,0.0,0
18716,control,46.24,0,0.0,0
18717,control,0.0,0,0.0,0
18718,control,389.85,1,90.82,0
18719,treatment,0.0,0,0.0,0
18720,control,0.0,0,0.0,0
18721,treatment,103.99,0,0.0,0
18722,treatment,0.0,0,0.0,0
18723,control,0.0,0,0.0,0
18724,treatment,119.34,0,0.0,0
18725,control,62.52,0,0.0,0
18726,treatment,120.54,0,0.0,0
18727,treatment,0.0,0,0.0,0
18728,control,77.6,1,118.31,0
18729,control,0.0,0,0.0,0
18730,treatment,0.0,0,0.0,0
18731,control,0.0,1,44.22,0
18732,treatment,64.8,0,0.0,0
18733,treatment,0.0,0,0.0,0
18734,control,0.0,0,0.0,0
18735,control,0.0,0,0.0,0
18736,control,59.63,0,0.0,0
18737,treatment,72.53,0,0.0,0
18738,control,0.0,0,0.0,0
18739,treatment,32.33,0,0.0,0
18740,treatment,97.63,0,0.0,0
18741,treatment,96.49,0,0.0,0
18742,treatment,0.0,0,0.0,0
18743,treatment,104.27,0,0.0,0
18744,treatment,0.0,0,0.0,0
18745,treatment,95.42,0,0.0,0
18746,control,144.8,0,0.0,0
18747,treatment,81.2,0,0.0,0
18748,treatment,59.58,0,0.0,0
18749,treatment,0.0,0,0.0,0
18750,treatment,180.03,1,54.54,0
18751,treatment,0.0,0,0.0,0
18752,treatment,0.0,0,0.0,0
18753,treatment,30.38,0,0.0,0
18754,control,0.0,0,0.0,0
18755,control,0.0,0,0.0,0
18756,treatment,0.0,0,0.0,0
18757,treatment,36.61,0,0.0,0
18758,control,0.0,0,0.0,0
18759,control,26.33,0,0.0,0
18760,treatment,121.87,0,0.0,0
18761,control,42.47,0,0.0,0
18762,control,0.0,0,0.0,0
18763,control,0.0,0,0.0,0
18764,treatment,71.19,0,0.0,0
18765,treatment,173.3,1,35.46,0
18766,control,83.86,0,0.0,0
18767,treatment,0.0,0,0.0,0
18768,control,72.42,0,0.0,0
18769,control,109.48,0,0.0,0
18770,treatment,0.0,0,0.0,0
18771,treatment,53.4,0,0.0,0
18772,control,0.0,0,0.0,0
18773,treatment,0.0,0,0.0,0
18774,treatment,0.0,0,0.0,0
18775,treatment,214.16,1,157.7,0
18776,treatment,32.24,0,0.0,0
18777,control,0.0,0,0.0,0
18778,control,0.0,0,0.0,0
18779,treatment,0.0,0,0.0,0
18780,treatment,253.38,0,0.0,0
18781,treatment,0.0,0,0.0,0
18782,control,163.07,0,0.0,0
18783,control,0.0,0,0.0,0
18784,treatment,0.0,0,0.0,0
18785,treatment,80.32,0,0.0,0
18786,control,0.0,0,0.0,0
18787,control,98.8,0,0.0,0
18788,control,0.0,1,235.15,0
18789,treatment,82.6,0,0.0,0
18790,control,0.0,0,0.0,0
18791,treatment,0.0,0,0.0,0
18792,control,0.0,0,0.0,0
18793,control,58.75,1,45.49,0
18794,treatment,73.06,0,0.0,0
18795,treatment,0.0,1,27.55,0
18796,control,41.9,0,0.0,0
18797,control,207.4,0,0.0,0
18798,control,115.96,1,87.4,0
18799,treatment,0.0,0,0.0,0
18800,control,43.43,0,0.0,0
18801,control,61.81,0,0.0,0
18802,control,0.0,0,0.0,0
18803,treatment,478.18,1,82.99,0
18804,treatment,0.0,0,0.0,0
18805,control,0.0,0,0.0,0
18806,treatment,0.0,0,0.0,0
18807,treatment,0.0,0,0.0,0
18808,treatment,0.0,0,0.0,0
18809,treatment,211.19,0,0.0,0
18810,treatment,0.0,0,0.0,0
18811,control,0.0,0,0.0,0
18812,control,0.0,0,0.0,0
18813,control,0.0,1,62.31,0
18814,treatment,0.0,0,0.0,0
18815,control,66.11,0,0.0,0
18816,treatment,106.49,0,0.0,0
18817,treatment,0.0,0,0.0,0
18818,control,0.0,0,0.0,0
18819,treatment,140.61,0,0.0,0
18820,control,0.0,0,0.0,0
18821,treatment,118.93,0,0.0,0
18822,treatment,77.62,0,0.0,0
18823,control,0.0,0,0.0,0
18824,treatment,42.99,0,0.0,0
18825,control,50.73,0,0.0,0
18826,treatment,0.0,0,0.0,0
18827,control,49.27,0,0.0,0
18828,treatment,0.0,0,0.0,0
18829,treatment,0.0,0,0.0,0
18830,control,93.86,0,0.0,0
18831,treatment,0.0,0,0.0,0
18832,control,70.25,0,0.0,0
18833,control,0.0,0,0.0,0
18834,control,0.0,0,0.0,0
18835,treatment,0.0,0,0.0,0
18836,treatment,0.0,0,0.0,0
18837,treatment,143.67,1,83.38,0
18838,control,0.0,0,0.0,0
18839,control,0.0,0,0.0,0
18840,control,0.0,0,0.0,0
18841,control,72.49,1,266.24,0
18842,control,0.0,0,0.0,0
18843,treatment,0.0,1,57.55,0
18844,treatment,44.4,0,0.0,0
18845,treatment,107.95,0,0.0,0
18846,treatment,69.17,0,0.0,0
18847,treatment,51.53,1,34.1,0
18848,control,184.18,0,0.0,0
18849,control,75.62,0,0.0,0
18850,treatment,222.59,0,0.0,0
18851,control,0.0,0,0.0,0
18852,treatment,0.0,0,0.0,0
18853,treatment,0.0,0,0.0,0
18854,control,94.6,0,0.0,0
18855,treatment,78.39,0,0.0,0
18856,control,0.0,0,0.0,0
18857,control,42.35,1,54.46,0
18858,control,371.04,0,0.0,0
18859,treatment,0.0,0,0.0,0
18860,treatment,0.0,0,0.0,0
18861,control,53.28,0,0.0,0
18862,control,0.0,0,0.0,0
18863,treatment,23.86,0,0.0,0
18864,treatment,56.75,0,0.0,0
18865,treatment,101.72,0,0.0,0
18866,control,0.0,0,0.0,0
18867,control,0.0,0,0.0,0
18868,treatment,0.0,0,0.0,0
18869,treatment,67.01,0,0.0,0
18870,control,0.0,0,0.0,0
18871,control,0.0,0,0.0,0
18872,treatment,73.8,1,84.56,0
18873,treatment,0.0,0,0.0,0
18874,control,80.66,0,0.0,0
18875,control,0.0,0,0.0,0
18876,control,78.32,0,0.0,0
18877,treatment,0.0,0,0.0,0
18878,treatment,0.0,0,0.0,0
18879,treatment,0.0,0,0.0,0
18880,treatment,0.0,0,0.0,0
18881,control,33.07,0,0.0,0
18882,control,0.0,0,0.0,0
18883,treatment,56.42,0,0.0,0
18884,control,0.0,1,35.1,0
18885,control,0.0,1,62.2,0
18886,treatment,0.0,0,0.0,0
18887,treatment,248.12,0,0.0,0
18888,treatment,0.0,0,0.0,0
18889,control,83.25,0,0.0,0
18890,control,91.03,0,0.0,0
18891,treatment,93.05,1,49.38,0
18892,control,0.0,0,0.0,0
18893,control,0.0,0,0.0,0
18894,control,0.0,0,0.0,0
18895,treatment,0.0,0,0.0,0
18896,control,29.29,0,0.0,0
18897,control,0.0,0,0.0,0
18898,control,0.0,0,0.0,0
18899,treatment,0.0,0,0.0,0
18900,control,88.58,0,0.0,0
18901,treatment,116.12,0,0.0,0
18902,treatment,57.09,1,90.39,0
18903,control,268.26,0,0.0,0
18904,control,322.84,1,90.5,0
18905,control,74.12,0,0.0,0
18906,treatment,0.0,0,0.0,0
18907,treatment,0.0,0,0.0,0
18908,control,0.0,0,0.0,0
18909,control,297.33,1,57.73,0
18910,treatment,0.0,1,73.97,0
18911,treatment,0.0,0,0.0,0
18912,treatment,35.44,0,0.0,0
18913,treatment,106.83,0,0.0,0
18914,treatment,50.2,0,0.0,0
18915,treatment,298.64,0,0.0,0
18916,treatment,44.82,0,0.0,0
18917,treatment,205.95,1,187.6,0
18918,control,0.0,0,0.0,0
18919,treatment,0.0,0,0.0,0
18920,control,112.52,0,0.0,0
18921,treatment,21.86,0,0.0,0
18922,treatment,32.43,0,0.0,0
18923,control,90.66,1,141.18,0
18924,treatment,0.0,0,0.0,0
18925,control,75.93,0,0.0,0
18926,treatment,75.33,0,0.0,0
18927,control,0.0,0,0.0,0
18928,control,28.67,0,0.0,0
18929,treatment,45.15,0,0.0,0
18930,control,0.0,0,0.0,0
18931,treatment,177.82,0,0.0,0
18932,treatment,0.0,0,0.0,0
18933,treatment,88.28,0,0.0,0
18934,control,42.04,0,0.0,0
18935,treatment,46.94,0,0.0,0
18936,control,978.54,1,82.51,0
18937,control,89.86,0,0.0,0
18938,treatment,232.37,0,0.0,0
18939,treatment,115.31,0,0.0,0
18940,control,58.13,0,0.0,0
18941,treatment,0.0,0,0.0,0
18942,control,0.0,1,37.35,0
18943,control,0.0,0,0.0,0
18944,control,21.22,0,0.0,0
18945,control,143.42,1,84.97,0
18946,treatment,0.0,0,0.0,0
18947,control,71.29,0,0.0,0
18948,control,0.0,0,0.0,0
18949,treatment,293.79,1,41.44,0
18950,control,0.0,0,0.0,0
18951,treatment,0.0,0,0.0,0
18952,treatment,0.0,0,0.0,0
18953,control,0.0,0,0.0,0
18954,control,48.71,0,0.0,0
18955,control,464.27,1,128.25,0
18956,treatment,217.2,0,0.0,0
18957,control,0.0,0,0.0,0
18958,control,40.79,1,81.29,0
18959,treatment,0.0,0,0.0,0
18960,control,41.35,0,0.0,0
18961,control,0.0,0,0.0,0
18962,treatment,0.0,0,0.0,0
18963,control,0.0,0,0.0,0
18964,control,134.95,0,0.0,0
18965,treatment,0.0,1,52.91,0
18966,treatment,0.0,0,0.0,0
18967,treatment,0.0,1,69.41,0
18968,treatment,0.0,0,0.0,0
18969,treatment,47.68,0,0.0,0
18970,control,39.39,0,0.0,0
18971,control,616.18,1,80.89,0
18972,control,0.0,0,0.0,0
18973,control,32.74,0,0.0,0
18974,control,26.91,0,0.0,0
18975,control,33.69,0,0.0,0
18976,control,0.0,0,0.0,0
18977,treatment,0.0,0,0.0,0
18978,treatment,0.0,1,46.51,0
18979,control,0.0,0,0.0,0
18980,treatment,0.0,0,0.0,0
18981,treatment,0.0,0,0.0,0
18982,control,71.24,1,68.59,0
18983,treatment,0.0,0,0.0,0
18984,treatment,48.41,0,0.0,0
18985,treatment,274.17,1,129.94,0
18986,control,40.64,0,0.0,0
18987,treatment,0.0,0,0.0,0
18988,control,0.0,1,61.68,1
18989,treatment,72.85,0,0.0,0
18990,treatment,277.89,0,0.0,0
18991,control,0.0,0,0.0,0
18992,treatment,0.0,0,0.0,0
18993,control,0.0,1,55.57,0
18994,control,0.0,0,0.0,0
18995,control,0.0,0,0.0,0
18996,control,0.0,0,0.0,0
18997,treatment,264.98,0,0.0,0
18998,treatment,33.62,0,0.0,0
18999,treatment,36.84,0,0.0,0
19000,control,0.0,0,0.0,0
19001,control,0.0,0,0.0,0
19002,treatment,0.0,0,0.0,0
19003,control,560.62,1,59.7,0
19004,treatment,0.0,0,0.0,0
19005,treatment,0.0,0,0.0,0
19006,treatment,0.0,0,0.0,0
19007,treatment,0.0,0,0.0,0
19008,control,0.0,0,0.0,0
19009,treatment,0.0,0,0.0,0
19010,control,63.0,0,0.0,0
19011,treatment,0.0,0,0.0,0
19012,treatment,89.12,1,109.39,0
19013,control,0.0,0,0.0,0
19014,control,0.0,0,0.0,0
19015,treatment,32.92,0,0.0,0
19016,control,109.11,0,0.0,0
19017,control,28.95,0,0.0,0
19018,treatment,45.34,0,0.0,0
19019,treatment,35.4,0,0.0,0
19020,treatment,0.0,0,0.0,0
19021,treatment,70.58,0,0.0,0
19022,treatment,0.0,0,0.0,0
19023,control,0.0,0,0.0,0
19024,control,89.02,0,0.0,0
19025,control,0.0,0,0.0,0
19026,treatment,0.0,0,0.0,0
19027,control,74.41,0,0.0,0
19028,treatment,0.0,0,0.0,0
19029,control,61.3,0,0.0,0
19030,control,118.34,0,0.0,0
19031,control,0.0,0,0.0,0
19032,control,0.0,0,0.0,0
19033,control,52.12,0,0.0,0
19034,treatment,252.15,1,28.82,0
19035,control,40.49,0,0.0,0
19036,treatment,26.84,0,0.0,0
19037,control,0.0,0,0.0,0
19038,treatment,142.31,0,0.0,0
19039,treatment,80.54,0,0.0,0
19040,control,0.0,0,0.0,0
19041,control,0.0,0,0.0,0
19042,control,51.73,0,0.0,0
19043,control,0.0,0,0.0,0
19044,control,62.21,0,0.0,0
19045,treatment,0.0,0,0.0,0
19046,control,46.95,1,28.3,0
19047,treatment,0.0,0,0.0,0
19048,treatment,0.0,0,0.0,0
19049,control,80.93,0,0.0,0
19050,control,0.0,0,0.0,0
19051,control,59.3,0,0.0,0
19052,treatment,0.0,0,0.0,0
19053,treatment,47.85,0,0.0,0
19054,treatment,59.29,0,0.0,0
19055,control,0.0,0,0.0,0
19056,treatment,34.62,0,0.0,0
19057,control,0.0,0,0.0,0
19058,control,0.0,0,0.0,0
19059,treatment,185.1,0,0.0,0
19060,treatment,0.0,0,0.0,0
19061,treatment,62.23,0,0.0,0
19062,control,38.97,0,0.0,0
19063,control,0.0,0,0.0,0
19064,control,0.0,0,0.0,0
19065,control,95.84,0,0.0,0
19066,control,0.0,0,0.0,0
19067,treatment,0.0,0,0.0,0
19068,control,124.99,0,0.0,0
19069,control,0.0,0,0.0,0
19070,control,0.0,0,0.0,0
19071,treatment,0.0,0,0.0,0
19072,treatment,0.0,0,0.0,0
19073,control,132.14,1,65.88,0
19074,control,62.96,0,0.0,0
19075,treatment,0.0,0,0.0,0
19076,treatment,0.0,0,0.0,0
19077,treatment,72.77,0,0.0,0
19078,control,32.92,1,46.09,0
19079,control,0.0,0,0.0,0
19080,treatment,937.36,1,226.52,0
19081,treatment,323.64,0,0.0,0
19082,treatment,0.0,0,0.0,0
19083,treatment,72.67,1,15.98,0
19084,control,61.68,0,0.0,0
19085,treatment,0.0,0,0.0,0
19086,control,0.0,0,0.0,0
19087,control,803.01,0,0.0,0
19088,treatment,0.0,0,0.0,0
19089,control,42.7,1,63.57,0
19090,treatment,244.76,0,0.0,0
19091,treatment,45.8,0,0.0,0
19092,treatment,340.07,1,190.94,1
19093,treatment,213.84,1,119.7,0
19094,control,0.0,1,47.43,0
19095,control,0.0,0,0.0,0
19096,treatment,0.0,0,0.0,0
19097,treatment,0.0,0,0.0,0
19098,control,33.28,1,60.75,0
19099,control,136.32,0,0.0,0
19100,control,0.0,0,0.0,0
19101,treatment,0.0,0,0.0,0
19102,control,56.13,1,56.11,0
19103,treatment,0.0,0,0.0,0
19104,control,55.06,0,0.0,0
19105,control,0.0,0,0.0,0
19106,control,55.83,0,0.0,0
19107,treatment,0.0,1,42.15,0
19108,control,0.0,0,0.0,0
19109,control,36.62,0,0.0,0
19110,treatment,0.0,0,0.0,0
19111,treatment,0.0,0,0.0,0
19112,treatment,0.0,0,0.0,0
19113,control,121.54,0,0.0,0
19114,control,76.84,0,0.0,0
19115,treatment,0.0,0,0.0,0
19116,control,0.0,0,0.0,0
19117,control,137.13,0,0.0,0
19118,treatment,0.0,1,53.81,0
19119,control,47.54,0,0.0,0
19120,control,0.0,0,0.0,0
19121,control,0.0,1,23.03,0
19122,treatment,0.0,0,0.0,0
19123,treatment,0.0,0,0.0,0
19124,treatment,66.86,0,0.0,0
19125,treatment,132.03,0,0.0,0
19126,treatment,0.0,0,0.0,0
19127,control,0.0,1,27.19,0
19128,treatment,36.98,0,0.0,0
19129,control,0.0,0,0.0,0
19130,control,0.0,0,0.0,0
19131,treatment,0.0,0,0.0,0
19132,control,0.0,0,0.0,0
19133,treatment,0.0,0,0.0,0
19134,control,22.17,0,0.0,0
19135,control,154.2,0,0.0,0
19136,control,0.0,0,0.0,0
19137,treatment,0.0,0,0.0,0
19138,treatment,39.35,0,0.0,0
19139,treatment,31.0,0,0.0,0
19140,control,0.0,0,0.0,0
19141,control,169.76,0,0.0,0
19142,control,167.43,0,0.0,0
19143,treatment,52.99,0,0.0,0
19144,treatment,0.0,0,0.0,0
19145,control,206.55,1,51.18,0
19146,control,36.55,0,0.0,0
19147,control,0.0,0,0.0,0
19148,control,0.0,0,0.0,0
19149,control,41.17,0,0.0,0
19150,treatment,280.9,1,31.12,0
19151,control,0.0,0,0.0,0
19152,treatment,67.74,0,0.0,0
19153,control,22.8,1,24.83,0
19154,treatment,0.0,0,0.0,0
19155,control,0.0,0,0.0,0
19156,treatment,0.0,0,0.0,0
19157,treatment,93.75,0,0.0,0
19158,treatment,0.0,0,0.0,0
19159,treatment,0.0,0,0.0,0
19160,control,30.19,0,0.0,0
19161,treatment,61.68,0,0.0,0
19162,control,41.05,0,0.0,0
19163,control,0.0,0,0.0,0
19164,treatment,0.0,0,0.0,0
19165,control,0.0,0,0.0,0
19166,control,0.0,0,0.0,0
19167,treatment,0.0,0,0.0,0
19168,control,0.0,0,0.0,0
19169,treatment,0.0,0,0.0,0
19170,control,101.34,0,0.0,0
19171,treatment,0.0,0,0.0,0
19172,treatment,57.06,0,0.0,0
19173,treatment,0.0,0,0.0,0
19174,treatment,165.6,0,0.0,0
19175,treatment,0.0,0,0.0,0
19176,control,102.01,0,0.0,0
19177,treatment,0.0,0,0.0,0
19178,control,105.65,1,95.98,0
19179,control,0.0,0,0.0,0
19180,control,42.51,0,0.0,0
19181,control,0.0,0,0.0,0
19182,control,163.81,0,0.0,0
19183,control,0.0,0,0.0,0
19184,treatment,0.0,0,0.0,0
19185,control,93.07,0,0.0,0
19186,control,39.27,0,0.0,0
19187,treatment,474.18,0,0.0,0
19188,control,183.9,0,0.0,0
19189,treatment,0.0,0,0.0,0
19190,treatment,0.0,0,0.0,0
19191,control,51.17,0,0.0,0
19192,treatment,0.0,1,30.43,0
19193,treatment,243.54,0,0.0,0
19194,treatment,45.89,1,20.36,0
19195,treatment,185.37,0,0.0,0
19196,treatment,0.0,0,0.0,0
19197,treatment,0.0,0,0.0,0
19198,control,28.6,0,0.0,0
19199,treatment,55.62,0,0.0,0
19200,control,0.0,0,0.0,0
19201,treatment,0.0,0,0.0,0
19202,control,112.28,0,0.0,0
19203,control,0.0,0,0.0,0
19204,control,0.0,1,43.51,0
19205,control,218.38,1,35.68,0
19206,control,0.0,0,0.0,0
19207,control,0.0,0,0.0,0
19208,control,0.0,0,0.0,0
19209,control,0.0,0,0.0,0
19210,control,330.48,1,71.01,0
19211,treatment,0.0,0,0.0,0
19212,treatment,0.0,0,0.0,0
19213,control,0.0,1,59.78,0
19214,control,97.1,0,0.0,0
19215,control,533.65,1,118.1,0
19216,control,0.0,0,0.0,0
19217,treatment,0.0,0,0.0,0
19218,control,0.0,0,0.0,0
19219,treatment,36.17,0,0.0,0
19220,control,63.08,0,0.0,0
19221,treatment,0.0,0,0.0,0
19222,control,22.56,0,0.0,0
19223,treatment,115.91,0,0.0,0
19224,control,0.0,0,0.0,0
19225,treatment,40.05,0,0.0,0
19226,control,43.35,0,0.0,0
19227,treatment,0.0,1,31.98,1
19228,control,0.0,0,0.0,0
19229,treatment,29.77,1,27.11,0
19230,treatment,79.36,0,0.0,0
19231,control,0.0,0,0.0,0
19232,control,71.21,0,0.0,0
19233,treatment,0.0,1,60.68,0
19234,treatment,0.0,0,0.0,0
19235,control,0.0,0,0.0,0
19236,treatment,0.0,0,0.0,0
19237,control,392.09,0,0.0,0
19238,treatment,0.0,0,0.0,0
19239,control,0.0,0,0.0,0
19240,control,112.9,0,0.0,0
19241,control,0.0,0,0.0,0
19242,treatment,0.0,0,0.0,0
19243,control,45.87,0,0.0,0
19244,treatment,0.0,0,0.0,0
19245,control,30.17,0,0.0,0
19246,control,0.0,0,0.0,0
19247,control,152.47,0,0.0,0
19248,control,0.0,0,0.0,0
19249,treatment,16.17,0,0.0,0
19250,control,0.0,0,0.0,0
19251,treatment,59.72,0,0.0,0
19252,control,163.89,0,0.0,0
19253,treatment,0.0,0,0.0,0
19254,treatment,0.0,0,0.0,0
19255,control,0.0,0,0.0,0
19256,control,0.0,0,0.0,0
19257,control,245.67,0,0.0,0
19258,control,0.0,0,0.0,0
19259,control,202.16,0,0.0,0
19260,treatment,656.1,0,0.0,0
19261,treatment,27.98,0,0.0,0
19262,control,77.04,0,0.0,0
19263,control,0.0,0,0.0,0
19264,control,0.0,0,0.0,0
19265,control,0.0,0,0.0,0
19266,treatment,49.49,0,0.0,0
19267,control,312.27,0,0.0,0
19268,control,106.19,0,0.0,0
19269,control,466.11,1,39.06,0
19270,treatment,64.39,1,132.09,0
19271,treatment,0.0,0,0.0,0
19272,control,60.7,0,0.0,0
19273,treatment,0.0,0,0.0,0
19274,control,128.6,0,0.0,0
19275,control,26.73,0,0.0,0
19276,treatment,36.3,0,0.0,0
19277,control,190.32,0,0.0,0
19278,control,155.73,0,0.0,0
19279,control,0.0,0,0.0,0
19280,control,0.0,1,17.4,0
19281,control,0.0,1,36.64,1
19282,treatment,39.4,0,0.0,0
19283,treatment,0.0,0,0.0,0
19284,control,113.04,0,0.0,0
19285,control,0.0,0,0.0,0
19286,treatment,0.0,0,0.0,0
19287,treatment,0.0,0,0.0,0
19288,control,0.0,0,0.0,0
19289,treatment,0.0,0,0.0,0
19290,treatment,86.47,0,0.0,0
19291,treatment,82.87,0,0.0,0
19292,control,30.12,0,0.0,0
19293,control,99.81,1,156.19,0
19294,treatment,0.0,0,0.0,0
19295,treatment,48.61,0,0.0,0
19296,control,102.26,0,0.0,0
19297,control,46.55,0,0.0,0
19298,treatment,0.0,0,0.0,0
19299,control,0.0,0,0.0,0
19300,control,0.0,0,0.0,0
19301,treatment,165.48,0,0.0,0
19302,treatment,210.68,0,0.0,0
19303,treatment,0.0,0,0.0,0
19304,control,58.4,0,0.0,0
19305,treatment,37.49,0,0.0,0
19306,treatment,48.58,0,0.0,0
19307,control,47.2,0,0.0,0
19308,treatment,0.0,1,56.67,0
19309,treatment,151.51,0,0.0,0
19310,control,14.58,0,0.0,0
19311,treatment,188.39,0,0.0,0
19312,control,0.0,0,0.0,0
19313,treatment,0.0,0,0.0,0
19314,treatment,79.5,0,0.0,0
19315,control,172.66,0,0.0,0
19316,treatment,55.59,0,0.0,0
19317,control,0.0,0,0.0,0
19318,treatment,100.68,0,0.0,0
19319,control,41.27,0,0.0,0
19320,treatment,135.86,0,0.0,0
19321,control,0.0,0,0.0,0
19322,control,229.69,1,68.16,0
19323,control,0.0,0,0.0,0
19324,treatment,0.0,0,0.0,0
19325,treatment,0.0,0,0.0,0
19326,treatment,76.81,1,31.54,0
19327,treatment,0.0,0,0.0,0
19328,treatment,96.85,0,0.0,0
19329,treatment,0.0,0,0.0,0
19330,treatment,0.0,1,48.75,0
19331,control,321.78,1,233.01,0
19332,control,0.0,0,0.0,0
19333,treatment,0.0,0,0.0,0
19334,treatment,86.92,0,0.0,0
19335,control,0.0,0,0.0,0
19336,treatment,49.54,0,0.0,0
19337,treatment,100.82,0,0.0,0
19338,treatment,0.0,0,0.0,0
19339,control,0.0,0,0.0,0
19340,treatment,57.09,0,0.0,0
19341,control,94.35,1,37.87,0
19342,treatment,0.0,1,43.41,0
19343,control,20.79,0,0.0,0
19344,treatment,0.0,0,0.0,0
19345,treatment,0.0,0,0.0,0
19346,treatment,0.0,0,0.0,0
19347,treatment,0.0,0,0.0,0
19348,control,0.0,0,0.0,0
19349,treatment,0.0,0,0.0,0
19350,control,24.31,0,0.0,0
19351,treatment,54.06,0,0.0,0
19352,treatment,58.66,0,0.0,0
19353,treatment,93.65,0,0.0,0
19354,control,0.0,0,0.0,0
19355,control,87.93,0,0.0,0
19356,control,145.06,1,89.06,0
19357,treatment,0.0,0,0.0,0
19358,treatment,0.0,0,0.0,0
19359,control,63.17,0,0.0,0
19360,control,196.58,0,0.0,0
19361,treatment,0.0,1,26.07,0
19362,treatment,97.49,0,0.0,0
19363,treatment,0.0,0,0.0,0
19364,control,0.0,0,0.0,0
19365,treatment,0.0,0,0.0,0
19366,treatment,0.0,0,0.0,0
19367,treatment,0.0,0,0.0,0
19368,treatment,238.12,0,0.0,0
19369,control,0.0,0,0.0,0
19370,treatment,193.63,1,157.48,0
19371,treatment,31.1,0,0.0,0
19372,treatment,0.0,0,0.0,0
19373,control,0.0,0,0.0,0
19374,control,0.0,0,0.0,0
19375,control,85.09,0,0.0,0
19376,treatment,46.75,1,64.9,0
19377,treatment,0.0,0,0.0,0
19378,control,0.0,1,52.12,0
19379,treatment,434.13,1,45.59,0
19380,treatment,43.81,0,0.0,0
19381,control,92.64,1,66.53,0
19382,treatment,89.63,0,0.0,0
19383,control,82.95,0,0.0,0
19384,control,0.0,0,0.0,0
19385,treatment,35.34,0,0.0,0
19386,treatment,0.0,1,46.46,0
19387,control,89.0,0,0.0,0
19388,treatment,0.0,0,0.0,0
19389,control,0.0,0,0.0,0
19390,control,0.0,0,0.0,0
19391,treatment,67.8,0,0.0,0
19392,control,0.0,1,50.68,0
19393,treatment,138.6,0,0.0,0
19394,treatment,54.53,1,28.33,0
19395,control,0.0,0,0.0,0
19396,treatment,0.0,0,0.0,0
19397,control,0.0,0,0.0,0
19398,treatment,0.0,0,0.0,0
19399,control,52.11,0,0.0,0
19400,control,0.0,0,0.0,0
19401,treatment,0.0,1,24.04,0
19402,treatment,0.0,0,0.0,0
19403,treatment,0.0,0,0.0,0
19404,treatment,0.0,0,0.0,0
19405,treatment,43.33,0,0.0,0
19406,control,139.24,0,0.0,0
19407,treatment,0.0,0,0.0,0
19408,treatment,37.16,0,0.0,0
19409,treatment,92.93,0,0.0,0
19410,control,0.0,0,0.0,0
19411,control,91.7,0,0.0,0
19412,treatment,0.0,0,0.0,0
19413,treatment,136.4,0,0.0,0
19414,treatment,0.0,0,0.0,0
19415,treatment,152.17,0,0.0,0
19416,treatment,0.0,0,0.0,0
19417,control,0.0,0,0.0,0
19418,control,44.38,0,0.0,0
19419,treatment,0.0,0,0.0,0
19420,control,0.0,0,0.0,0
19421,control,0.0,0,0.0,0
19422,treatment,106.61,0,0.0,0
19423,control,0.0,0,0.0,0
19424,control,0.0,0,0.0,0
19425,control,60.22,1,111.7,0
19426,treatment,42.56,0,0.0,0
19427,control,0.0,0,0.0,0
19428,treatment,0.0,0,0.0,0
19429,treatment,72.76,0,0.0,0
19430,control,0.0,1,23.71,0
19431,control,0.0,0,0.0,0
19432,treatment,0.0,0,0.0,0
19433,treatment,65.07,0,0.0,0
19434,control,0.0,0,0.0,0
19435,treatment,0.0,0,0.0,0
19436,control,179.12,1,104.99,0
19437,treatment,55.23,0,0.0,0
19438,treatment,0.0,0,0.0,0
19439,treatment,0.0,0,0.0,0
19440,control,228.09,1,94.17,0
19441,treatment,26.12,0,0.0,0
19442,control,0.0,0,0.0,0
19443,treatment,74.26,0,0.0,0
19444,control,0.0,0,0.0,0
19445,treatment,31.49,0,0.0,0
19446,treatment,30.91,0,0.0,0
19447,treatment,0.0,0,0.0,0
19448,treatment,422.1,0,0.0,0
19449,treatment,0.0,0,0.0,0
19450,control,0.0,0,0.0,0
19451,control,53.71,0,0.0,0
19452,treatment,0.0,0,0.0,0
19453,control,34.02,1,70.45,0
19454,treatment,60.74,0,0.0,0
19455,control,140.86,0,0.0,0
19456,control,0.0,0,0.0,0
19457,treatment,75.71,0,0.0,0
19458,treatment,0.0,0,0.0,0
19459,control,0.0,0,0.0,0
19460,control,55.43,1,57.07,0
19461,control,0.0,0,0.0,0
19462,treatment,0.0,0,0.0,0
19463,treatment,0.0,0,0.0,0
19464,control,388.55,1,94.13,0
19465,treatment,27.58,0,0.0,0
19466,treatment,55.21,0,0.0,0
19467,control,152.28,0,0.0,0
19468,treatment,0.0,0,0.0,0
19469,control,82.04,0,0.0,0
19470,treatment,64.31,0,0.0,0
19471,control,54.12,0,0.0,0
19472,control,0.0,0,0.0,0
19473,treatment,0.0,0,0.0,0
19474,treatment,60.44,0,0.0,0
19475,control,0.0,0,0.0,0
19476,control,0.0,0,0.0,0
19477,treatment,0.0,0,0.0,0
19478,control,131.37,1,69.63,0
19479,control,0.0,1,48.85,0
19480,treatment,0.0,0,0.0,0
19481,treatment,110.96,0,0.0,0
19482,control,504.84,1,93.82,0
19483,control,0.0,0,0.0,0
19484,treatment,86.26,0,0.0,0
19485,treatment,21.63,0,0.0,0
19486,treatment,0.0,0,0.0,0
19487,treatment,0.0,0,0.0,0
19488,treatment,0.0,0,0.0,0
19489,control,0.0,0,0.0,0
19490,control,0.0,0,0.0,0
19491,control,0.0,0,0.0,0
19492,control,60.27,0,0.0,0
19493,treatment,0.0,0,0.0,0
19494,control,0.0,1,44.81,1
19495,treatment,22.76,0,0.0,0
19496,treatment,54.06,0,0.0,0
19497,control,0.0,0,0.0,0
19498,treatment,0.0,0,0.0,0
19499,control,0.0,0,0.0,0
19500,treatment,0.0,0,0.0,0
19501,treatment,75.74,0,0.0,0
19502,treatment,277.12,1,37.31,0
19503,control,37.13,0,0.0,0
19504,control,89.03,0,0.0,0
19505,control,0.0,0,0.0,0
19506,control,45.59,0,0.0,0
19507,treatment,42.39,0,0.0,0
19508,treatment,71.93,0,0.0,0
19509,treatment,0.0,0,0.0,0
19510,control,39.57,0,0.0,0
19511,control,206.49,0,0.0,0
19512,control,38.02,0,0.0,0
19513,control,0.0,0,0.0,0
19514,treatment,114.24,0,0.0,0
19515,treatment,0.0,0,0.0,0
19516,treatment,39.57,0,0.0,0
19517,control,0.0,0,0.0,0
19518,control,93.9,0,0.0,0
19519,control,0.0,0,0.0,0
19520,control,115.82,0,0.0,0
19521,control,106.54,1,54.11,0
19522,control,0.0,0,0.0,0
19523,control,76.19,0,0.0,0
19524,control,143.01,0,0.0,0
19525,treatment,173.07,1,26.77,0
19526,control,0.0,0,0.0,0
19527,control,46.62,0,0.0,0
19528,control,0.0,0,0.0,0
19529,treatment,0.0,0,0.0,0
19530,treatment,0.0,0,0.0,0
19531,treatment,202.17,1,60.07,0
19532,control,0.0,0,0.0,0
19533,treatment,0.0,0,0.0,0
19534,treatment,0.0,0,0.0,0
19535,treatment,0.0,0,0.0,0
19536,control,0.0,0,0.0,0
19537,treatment,0.0,0,0.0,0
19538,control,313.6,0,0.0,0
19539,control,0.0,0,0.0,0
19540,control,0.0,0,0.0,0
19541,treatment,0.0,0,0.0,0
19542,treatment,0.0,0,0.0,0
19543,control,0.0,0,0.0,0
19544,treatment,0.0,0,0.0,0
19545,treatment,0.0,0,0.0,0
19546,treatment,0.0,0,0.0,0
19547,control,0.0,0,0.0,0
19548,treatment,88.9,0,0.0,0
19549,control,108.47,0,0.0,0
19550,control,0.0,0,0.0,0
19551,treatment,0.0,0,0.0,0
19552,control,73.22,0,0.0,0
19553,treatment,0.0,0,0.0,0
19554,treatment,0.0,0,0.0,0
19555,treatment,0.0,0,0.0,0
19556,treatment,67.21,0,0.0,0
19557,treatment,0.0,0,0.0,0
19558,treatment,77.74,0,0.0,0
19559,control,0.0,0,0.0,0
19560,treatment,0.0,0,0.0,0
19561,treatment,27.34,0,0.0,0
19562,control,166.55,0,0.0,0
19563,control,133.43,0,0.0,0
19564,treatment,0.0,0,0.0,0
19565,control,104.95,0,0.0,0
19566,control,0.0,0,0.0,0
19567,control,39.73,0,0.0,0
19568,control,0.0,0,0.0,0
19569,treatment,0.0,0,0.0,0
19570,control,0.0,0,0.0,0
19571,treatment,0.0,1,163.34,0
19572,treatment,0.0,0,0.0,0
19573,treatment,0.0,0,0.0,0
19574,control,27.88,0,0.0,0
19575,treatment,60.95,0,0.0,0
19576,control,166.92,0,0.0,0
19577,control,85.46,0,0.0,0
19578,control,0.0,0,0.0,0
19579,treatment,67.61,0,0.0,0
19580,treatment,403.95,0,0.0,0
19581,treatment,89.26,0,0.0,0
19582,control,0.0,0,0.0,0
19583,treatment,202.96,0,0.0,0
19584,control,0.0,1,73.66,0
19585,treatment,303.77,0,0.0,0
19586,treatment,0.0,0,0.0,0
19587,control,0.0,0,0.0,0
19588,control,0.0,0,0.0,0
19589,control,0.0,0,0.0,0
19590,control,251.04,0,0.0,0
19591,treatment,0.0,0,0.0,0
19592,treatment,33.82,0,0.0,0
19593,treatment,74.14,0,0.0,0
19594,treatment,0.0,0,0.0,0
19595,control,0.0,0,0.0,0
19596,control,196.78,1,96.59,0
19597,control,54.45,0,0.0,0
19598,treatment,0.0,0,0.0,0
19599,treatment,63.48,0,0.0,0
19600,control,42.37,0,0.0,0
19601,control,48.27,0,0.0,0
19602,control,71.42,0,0.0,0
19603,treatment,41.85,1,102.11,0
19604,treatment,183.74,0,0.0,0
19605,treatment,0.0,0,0.0,0
19606,control,242.16,0,0.0,0
19607,treatment,0.0,0,0.0,0
19608,control,0.0,0,0.0,0
19609,control,0.0,0,0.0,0
19610,control,42.92,1,44.68,0
19611,treatment,0.0,0,0.0,0
19612,control,0.0,0,0.0,0
19613,treatment,0.0,0,0.0,0
19614,treatment,69.98,0,0.0,0
19615,treatment,102.9,0,0.0,0
19616,control,0.0,0,0.0,0
19617,control,0.0,0,0.0,0
19618,treatment,0.0,0,0.0,0
19619,treatment,0.0,0,0.0,0
19620,treatment,0.0,0,0.0,0
19621,control,0.0,0,0.0,0
19622,control,0.0,0,0.0,0
19623,treatment,58.94,1,31.43,0
19624,control,0.0,0,0.0,0
19625,control,0.0,0,0.0,0
19626,treatment,0.0,0,0.0,0
19627,control,0.0,0,0.0,0
19628,control,0.0,0,0.0,0
19629,control,39.2,1,33.9,0
19630,control,0.0,0,0.0,0
19631,control,52.97,0,0.0,0
19632,treatment,133.45,0,0.0,0
19633,control,0.0,0,0.0,0
19634,control,53.71,0,0.0,0
19635,control,97.41,0,0.0,0
19636,control,131.12,1,64.28,0
19637,control,0.0,0,0.0,0
19638,control,49.84,0,0.0,0
19639,control,97.7,0,0.0,0
19640,treatment,32.04,1,55.62,0
19641,control,0.0,0,0.0,0
19642,control,65.86,0,0.0,0
19643,treatment,78.27,1,38.4,0
19644,treatment,0.0,0,0.0,0
19645,treatment,0.0,1,20.83,0
19646,treatment,0.0,0,0.0,0
19647,control,137.53,1,29.58,0
19648,treatment,139.05,0,0.0,0
19649,treatment,161.5,0,0.0,0
19650,treatment,132.89,0,0.0,0
19651,control,45.94,0,0.0,0
19652,control,0.0,0,0.0,0
19653,control,149.06,0,0.0,0
19654,control,0.0,0,0.0,0
19655,control,37.95,0,0.0,0
19656,treatment,0.0,0,0.0,0
19657,treatment,0.0,0,0.0,0
19658,control,0.0,0,0.0,0
19659,treatment,0.0,0,0.0,0
19660,treatment,305.18,0,0.0,0
19661,treatment,0.0,1,74.67,0
19662,treatment,0.0,0,0.0,0
19663,control,96.35,0,0.0,0
19664,control,91.43,0,0.0,0
19665,control,125.88,0,0.0,0
19666,control,42.26,0,0.0,0
19667,control,35.33,0,0.0,0
19668,control,176.98,0,0.0,0
19669,control,0.0,0,0.0,0
19670,treatment,0.0,0,0.0,0
19671,treatment,206.98,0,0.0,0
19672,control,94.86,0,0.0,0
19673,treatment,0.0,0,0.0,0
19674,control,0.0,0,0.0,0
19675,control,0.0,0,0.0,0
19676,control,0.0,0,0.0,0
19677,treatment,0.0,0,0.0,0
19678,treatment,80.22,0,0.0,0
19679,treatment,102.17,1,240.67,0
19680,treatment,0.0,0,0.0,0
19681,control,115.47,0,0.0,0
19682,treatment,0.0,0,0.0,0
19683,treatment,48.73,0,0.0,0
19684,treatment,52.72,0,0.0,0
19685,treatment,0.0,0,0.0,0
19686,treatment,250.18,1,30.08,0
19687,control,49.65,0,0.0,0
19688,control,0.0,0,0.0,0
19689,treatment,0.0,0,0.0,0
19690,control,189.41,0,0.0,0
19691,treatment,0.0,0,0.0,0
19692,control,35.93,0,0.0,0
19693,control,0.0,0,0.0,0
19694,control,47.97,0,0.0,0
19695,control,72.8,1,111.71,0
19696,treatment,28.0,0,0.0,0
19697,control,0.0,0,0.0,0
19698,control,0.0,0,0.0,0
19699,treatment,0.0,0,0.0,0
19700,treatment,0.0,0,0.0,0
19701,treatment,0.0,0,0.0,0
19702,control,84.12,1,70.37,0
19703,control,0.0,0,0.0,0
19704,treatment,0.0,0,0.0,0
19705,control,80.77,1,58.43,0
19706,treatment,0.0,0,0.0,0
19707,treatment,950.85,0,0.0,0
19708,treatment,27.6,0,0.0,0
19709,treatment,105.74,0,0.0,0
19710,control,0.0,0,0.0,0
19711,control,0.0,0,0.0,0
19712,treatment,0.0,0,0.0,0
19713,treatment,130.95,1,33.33,0
19714,control,0.0,0,0.0,0
19715,control,48.33,1,23.38,0
19716,control,0.0,0,0.0,0
19717,treatment,0.0,0,0.0,0
19718,treatment,172.17,0,0.0,0
19719,control,0.0,0,0.0,0
19720,control,0.0,0,0.0,0
19721,treatment,47.14,0,0.0,0
19722,treatment,0.0,0,0.0,0
19723,treatment,98.47,0,0.0,0
19724,treatment,250.39,0,0.0,0
19725,treatment,0.0,0,0.0,0
19726,treatment,0.0,0,0.0,0
19727,treatment,96.47,0,0.0,0
19728,control,49.38,0,0.0,0
19729,treatment,30.92,0,0.0,0
19730,treatment,0.0,0,0.0,0
19731,control,0.0,0,0.0,0
19732,treatment,339.72,0,0.0,0
19733,control,26.17,0,0.0,0
19734,control,0.0,0,0.0,0
19735,control,0.0,0,0.0,0
19736,treatment,0.0,0,0.0,0
19737,control,32.88,1,68.13,0
19738,control,0.0,0,0.0,0
19739,treatment,40.23,0,0.0,0
19740,treatment,0.0,0,0.0,0
19741,treatment,52.98,0,0.0,0
19742,treatment,90.42,0,0.0,0
19743,treatment,0.0,0,0.0,0
19744,treatment,147.79,0,0.0,0
19745,treatment,0.0,0,0.0,0
19746,treatment,0.0,0,0.0,0
19747,control,0.0,0,0.0,0
19748,treatment,44.49,0,0.0,0
19749,control,0.0,0,0.0,0
19750,treatment,0.0,0,0.0,0
19751,treatment,0.0,0,0.0,0
19752,treatment,0.0,0,0.0,0
19753,control,0.0,0,0.0,0
19754,treatment,0.0,0,0.0,0
19755,control,0.0,0,0.0,0
19756,control,185.03,0,0.0,0
19757,treatment,29.32,0,0.0,0
19758,treatment,290.45,1,28.96,0
19759,treatment,89.91,1,76.9,0
19760,control,160.72,1,64.47,0
19761,treatment,82.49,0,0.0,0
19762,treatment,44.13,1,35.14,0
19763,control,82.12,0,0.0,0
19764,control,42.9,0,0.0,0
19765,treatment,680.96,1,65.11,0
19766,control,0.0,1,34.89,0
19767,control,137.97,0,0.0,0
19768,control,0.0,0,0.0,0
19769,treatment,0.0,0,0.0,0
19770,control,0.0,0,0.0,0
19771,treatment,0.0,0,0.0,0
19772,control,38.2,0,0.0,0
19773,control,0.0,0,0.0,0
19774,treatment,0.0,0,0.0,0
19775,control,107.12,0,0.0,0
19776,treatment,0.0,0,0.0,0
19777,control,65.03,0,0.0,0
19778,control,0.0,0,0.0,0
19779,control,97.25,0,0.0,0
19780,treatment,72.9,1,102.93,0
19781,control,125.26,0,0.0,0
19782,treatment,272.45,1,42.68,0
19783,treatment,99.45,0,0.0,0
19784,treatment,0.0,0,0.0,0
19785,control,0.0,0,0.0,0
19786,control,0.0,0,0.0,0
19787,control,183.85,0,0.0,0
19788,control,417.66,0,0.0,0
19789,control,0.0,0,0.0,0
19790,control,39.83,0,0.0,0
19791,treatment,24.1,0,0.0,0
19792,treatment,0.0,0,0.0,0
19793,control,87.51,0,0.0,0
19794,treatment,303.28,0,0.0,0
19795,control,0.0,0,0.0,0
19796,control,0.0,1,84.22,0
19797,treatment,55.36,0,0.0,0
19798,control,0.0,0,0.0,0
19799,treatment,0.0,0,0.0,0
19800,treatment,0.0,0,0.0,0
19801,control,73.37,1,121.76,1
19802,treatment,0.0,0,0.0,0
19803,control,0.0,0,0.0,0
19804,treatment,0.0,0,0.0,0
19805,control,0.0,0,0.0,0
19806,treatment,52.55,1,107.31,0
19807,control,52.38,0,0.0,0
19808,treatment,0.0,0,0.0,0
19809,control,151.69,0,0.0,0
19810,control,57.04,1,72.89,0
19811,treatment,0.0,0,0.0,0
19812,control,0.0,0,0.0,0
19813,control,0.0,0,0.0,0
19814,treatment,113.91,0,0.0,0
19815,treatment,42.72,0,0.0,0
19816,control,34.23,0,0.0,0
19817,treatment,0.0,0,0.0,0
19818,treatment,0.0,0,0.0,0
19819,control,67.58,1,69.6,0
19820,treatment,62.1,0,0.0,0
19821,treatment,180.71,0,0.0,0
19822,treatment,0.0,0,0.0,0
19823,treatment,338.19,0,0.0,0
19824,treatment,43.86,0,0.0,0
19825,treatment,0.0,0,0.0,0
19826,treatment,26.34,0,0.0,0
19827,treatment,57.71,0,0.0,0
19828,treatment,0.0,0,0.0,0
19829,control,153.62,0,0.0,0
19830,treatment,0.0,1,35.8,0
19831,treatment,0.0,0,0.0,0
19832,treatment,39.74,0,0.0,0
19833,control,0.0,0,0.0,0
19834,treatment,0.0,0,0.0,0
19835,treatment,0.0,0,0.0,0
19836,treatment,0.0,0,0.0,0
19837,control,0.0,0,0.0,0
19838,treatment,0.0,0,0.0,0
19839,treatment,96.12,0,0.0,0
19840,treatment,86.7,0,0.0,0
19841,control,0.0,0,0.0,0
19842,treatment,0.0,0,0.0,0
19843,control,109.62,0,0.0,0
19844,treatment,173.21,1,77.13,0
19845,treatment,0.0,0,0.0,0
19846,control,22.67,0,0.0,0
19847,control,146.22,1,30.69,0
19848,treatment,0.0,0,0.0,0
19849,control,51.54,0,0.0,0
19850,control,30.32,0,0.0,0
19851,control,161.93,0,0.0,0
19852,treatment,0.0,0,0.0,0
19853,treatment,92.7,0,0.0,0
19854,treatment,89.91,0,0.0,0
19855,control,0.0,0,0.0,0
19856,treatment,27.89,0,0.0,0
19857,treatment,17.18,0,0.0,0
19858,treatment,0.0,0,0.0,0
19859,control,0.0,0,0.0,0
19860,control,33.43,0,0.0,0
19861,control,0.0,0,0.0,0
19862,control,0.0,0,0.0,0
19863,control,0.0,0,0.0,0
19864,treatment,25.75,0,0.0,0
19865,treatment,0.0,0,0.0,0
19866,treatment,0.0,0,0.0,0
19867,control,0.0,0,0.0,0
19868,treatment,0.0,0,0.0,0
19869,treatment,83.24,1,55.63,0
19870,control,59.65,0,0.0,0
19871,control,57.37,0,0.0,0
19872,treatment,0.0,1,34.84,0
19873,treatment,0.0,0,0.0,0
19874,control,0.0,0,0.0,0
19875,treatment,34.44,0,0.0,0
19876,treatment,0.0,0,0.0,0
19877,control,0.0,0,0.0,0
19878,treatment,0.0,0,0.0,0
19879,control,106.46,0,0.0,0
19880,control,0.0,0,0.0,0
19881,control,0.0,0,0.0,0
19882,treatment,0.0,0,0.0,0
19883,treatment,660.42,0,0.0,0
19884,control,0.0,0,0.0,0
19885,treatment,0.0,0,0.0,0
19886,control,104.76,1,50.01,0
19887,treatment,0.0,0,0.0,0
19888,control,461.95,1,103.46,0
19889,treatment,192.33,0,0.0,0
19890,treatment,0.0,0,0.0,0
19891,treatment,0.0,0,0.0,0
19892,control,0.0,0,0.0,0
19893,treatment,0.0,0,0.0,0
19894,treatment,0.0,0,0.0,0
19895,control,0.0,0,0.0,0
19896,control,31.53,0,0.0,0
19897,control,56.27,0,0.0,0
19898,control,41.23,0,0.0,0
19899,control,0.0,0,0.0,0
19900,treatment,0.0,0,0.0,0
19901,treatment,73.33,1,54.48,0
19902,treatment,0.0,0,0.0,0
19903,control,0.0,0,0.0,0
19904,treatment,0.0,0,0.0,0
19905,control,0.0,0,0.0,0
19906,treatment,228.06,0,0.0,0
19907,control,86.7,0,0.0,0
19908,control,0.0,0,0.0,0
19909,control,0.0,0,0.0,0
19910,treatment,100.45,0,0.0,0
19911,control,0.0,0,0.0,0
19912,treatment,55.7,0,0.0,0
19913,control,52.02,0,0.0,0
19914,control,38.98,0,0.0,0
19915,treatment,109.61,0,0.0,0
19916,treatment,46.94,0,0.0,0
19917,control,44.17,0,0.0,0
19918,control,43.66,0,0.0,0
19919,control,0.0,0,0.0,0
19920,treatment,0.0,0,0.0,0
19921,treatment,0.0,0,0.0,0
19922,control,68.31,0,0.0,0
19923,control,67.51,0,0.0,0
19924,treatment,0.0,0,0.0,0
19925,treatment,155.74,1,74.35,0
19926,control,42.73,0,0.0,0
19927,treatment,0.0,0,0.0,0
19928,treatment,88.83,0,0.0,0
19929,control,81.22,0,0.0,0
19930,control,32.86,0,0.0,0
19931,control,50.09,0,0.0,0
19932,control,0.0,0,0.0,0
19933,treatment,519.0,1,144.29,0
19934,treatment,30.04,0,0.0,0
19935,treatment,0.0,0,0.0,0
19936,control,118.01,0,0.0,0
19937,control,70.85,1,147.42,0
19938,control,0.0,0,0.0,0
19939,treatment,0.0,0,0.0,0
19940,treatment,197.2,0,0.0,0
19941,treatment,87.02,0,0.0,0
19942,treatment,309.6,1,53.79,0
19943,treatment,257.92,0,0.0,0
19944,treatment,215.4,0,0.0,0
19945,treatment,0.0,0,0.0,0
19946,treatment,31.74,0,0.0,0
19947,control,0.0,0,0.0,0
19948,control,0.0,0,0.0,0
19949,treatment,28.72,0,0.0,0
19950,control,453.82,1,39.53,0
19951,control,60.13,0,0.0,0
19952,control,85.75,1,61.97,0
19953,control,0.0,0,0.0,0
19954,control,0.0,0,0.0,0
19955,control,0.0,0,0.0,0
19956,control,0.0,0,0.0,0
19957,control,0.0,0,0.0,0
19958,control,20.45,0,0.0,0
19959,control,54.18,0,0.0,0
19960,treatment,55.19,0,0.0,0
19961,control,216.59,0,0.0,0
19962,control,49.9,0,0.0,0
19963,control,56.75,0,0.0,0
19964,control,0.0,0,0.0,0
19965,control,50.15,0,0.0,0
19966,treatment,0.0,0,0.0,0
19967,control,0.0,0,0.0,0
19968,control,0.0,0,0.0,0
19969,treatment,0.0,0,0.0,0
19970,treatment,0.0,0,0.0,0
19971,treatment,200.5,0,0.0,0
19972,treatment,0.0,0,0.0,0
19973,treatment,128.23,0,0.0,0
19974,control,114.07,0,0.0,0
19975,control,0.0,0,0.0,0
19976,control,418.04,0,0.0,0
19977,control,0.0,0,0.0,0
19978,control,92.23,0,0.0,0
19979,treatment,0.0,0,0.0,0
19980,control,25.69,0,0.0,0
19981,treatment,0.0,0,0.0,0
19982,treatment,0.0,0,0.0,0
19983,control,85.96,0,0.0,0
19984,control,0.0,1,29.75,0
19985,treatment,0.0,0,0.0,0
19986,control,0.0,1,62.26,0
19987,control,0.0,0,0.0,0
19988,treatment,0.0,0,0.0,0
19989,control,0.0,0,0.0,0
19990,treatment,0.0,0,0.0,0
19991,treatment,114.23,0,0.0,0
19992,control,0.0,0,0.0,0
19993,treatment,0.0,0,0.0,0
19994,treatment,75.73,0,0.0,0
19995,treatment,31.46,0,0.0,0
19996,control,28.56,0,0.0,0
19997,treatment,33.97,0,0.0,0
19998,control,156.9,0,0.0,0
19999,control,0.0,1,37.82,0
20000,control,0.0,0,0.0,0
20001,control,0.0,0,0.0,0
20002,treatment,39.35,0,0.0,0
20003,treatment,0.0,0,0.0,0
20004,treatment,124.71,1,59.41,0
20005,treatment,0.0,0,0.0,0
20006,treatment,0.0,0,0.0,0
20007,treatment,0.0,0,0.0,0
20008,control,0.0,0,0.0,0
20009,treatment,0.0,0,0.0,0
20010,treatment,0.0,0,0.0,0
20011,treatment,27.21,0,0.0,0
20012,treatment,84.89,1,42.23,0
20013,treatment,93.83,0,0.0,0
20014,control,89.11,0,0.0,0
20015,control,73.82,1,53.77,0
20016,control,0.0,0,0.0,0
20017,control,77.79,0,0.0,0
20018,treatment,0.0,0,0.0,0
20019,control,61.24,0,0.0,0
20020,control,0.0,0,0.0,0
20021,treatment,0.0,0,0.0,0
20022,treatment,0.0,0,0.0,0
20023,treatment,0.0,0,0.0,0
20024,treatment,0.0,0,0.0,0
20025,control,0.0,0,0.0,0
20026,control,0.0,0,0.0,0
20027,treatment,0.0,0,0.0,0
20028,control,0.0,0,0.0,0
20029,control,202.53,0,0.0,0
20030,treatment,94.55,0,0.0,0
20031,treatment,0.0,0,0.0,0
20032,control,0.0,0,0.0,0
20033,control,0.0,0,0.0,0
20034,treatment,205.57,0,0.0,0
20035,treatment,0.0,0,0.0,0
20036,treatment,49.62,0,0.0,0
20037,control,0.0,0,0.0,0
20038,treatment,0.0,0,0.0,0
20039,treatment,1244.98,1,152.97,0
20040,control,107.56,0,0.0,0
20041,control,56.28,0,0.0,0
20042,treatment,0.0,0,0.0,0
20043,treatment,437.44,1,92.94,0
20044,treatment,0.0,0,0.0,0
20045,control,53.49,0,0.0,0
20046,control,0.0,0,0.0,0
20047,treatment,31.74,0,0.0,0
20048,control,103.03,0,0.0,0
20049,treatment,33.66,0,0.0,0
20050,treatment,0.0,0,0.0,0
20051,control,73.07,0,0.0,0
20052,control,0.0,0,0.0,0
20053,treatment,0.0,1,20.41,0
20054,treatment,0.0,0,0.0,0
20055,treatment,62.02,0,0.0,0
20056,control,0.0,0,0.0,0
20057,control,97.54,0,0.0,0
20058,control,0.0,0,0.0,0
20059,control,0.0,0,0.0,0
20060,treatment,0.0,0,0.0,0
20061,control,0.0,1,59.16,0
20062,treatment,56.49,0,0.0,0
20063,treatment,40.88,0,0.0,0
20064,treatment,0.0,0,0.0,0
20065,treatment,75.36,0,0.0,0
20066,treatment,86.85,0,0.0,0
20067,control,0.0,0,0.0,0
20068,treatment,150.17,0,0.0,0
20069,treatment,0.0,0,0.0,0
20070,control,170.39,0,0.0,0
20071,control,322.41,1,61.44,0
20072,control,0.0,0,0.0,0
20073,treatment,36.39,0,0.0,0
20074,control,82.15,0,0.0,0
20075,control,0.0,0,0.0,0
20076,treatment,51.48,0,0.0,0
20077,treatment,82.79,0,0.0,0
20078,treatment,0.0,0,0.0,0
20079,control,0.0,0,0.0,0
20080,treatment,0.0,0,0.0,0
20081,treatment,128.3,0,0.0,0
20082,control,0.0,1,58.61,0
20083,treatment,0.0,0,0.0,0
20084,control,0.0,0,0.0,0
20085,treatment,0.0,0,0.0,0
20086,control,0.0,0,0.0,0
20087,treatment,0.0,0,0.0,0
20088,control,0.0,0,0.0,0
20089,control,0.0,0,0.0,0
20090,control,0.0,0,0.0,0
20091,treatment,111.08,0,0.0,0
20092,control,0.0,1,166.93,0
20093,treatment,0.0,0,0.0,0
20094,control,0.0,0,0.0,0
20095,control,65.27,0,0.0,0
20096,control,0.0,0,0.0,0
20097,control,0.0,0,0.0,0
20098,control,78.95,0,0.0,0
20099,treatment,27.18,0,0.0,0
20100,treatment,240.15,0,0.0,0
20101,treatment,74.92,0,0.0,0
20102,treatment,0.0,0,0.0,0
20103,control,112.9,0,0.0,0
20104,treatment,238.18,0,0.0,0
20105,control,85.4,0,0.0,0
20106,treatment,0.0,0,0.0,0
20107,control,0.0,1,53.32,0
20108,treatment,54.61,0,0.0,0
20109,control,76.35,0,0.0,0
20110,treatment,0.0,0,0.0,0
20111,control,34.42,0,0.0,0
20112,control,0.0,0,0.0,0
20113,treatment,0.0,0,0.0,0
20114,treatment,135.31,1,29.22,0
20115,treatment,0.0,0,0.0,0
20116,treatment,0.0,0,0.0,0
20117,treatment,0.0,0,0.0,0
20118,control,0.0,0,0.0,0
20119,control,0.0,1,43.83,0
20120,control,0.0,1,20.03,0
20121,treatment,32.97,0,0.0,0
20122,treatment,29.92,0,0.0,0
20123,control,0.0,0,0.0,0
20124,treatment,0.0,0,0.0,0
20125,treatment,71.32,0,0.0,0
20126,control,0.0,0,0.0,0
20127,treatment,0.0,0,0.0,0
20128,control,0.0,0,0.0,0
20129,treatment,0.0,0,0.0,0
20130,control,32.62,0,0.0,0
20131,control,165.02,0,0.0,0
20132,control,0.0,0,0.0,0
20133,treatment,0.0,1,154.23,0
20134,treatment,82.42,0,0.0,0
20135,treatment,0.0,0,0.0,0
20136,treatment,0.0,0,0.0,0
20137,control,0.0,0,0.0,0
20138,treatment,0.0,0,0.0,0
20139,control,51.01,0,0.0,0
20140,treatment,113.32,0,0.0,0
20141,treatment,51.32,0,0.0,0
20142,control,120.15,1,36.85,0
20143,control,30.65,0,0.0,0
20144,treatment,114.86,0,0.0,0
20145,control,0.0,0,0.0,0
20146,treatment,0.0,0,0.0,0
20147,control,49.72,0,0.0,0
20148,treatment,0.0,0,0.0,0
20149,treatment,74.55,0,0.0,0
20150,treatment,0.0,0,0.0,0
20151,control,0.0,0,0.0,0
20152,treatment,0.0,0,0.0,0
20153,treatment,63.89,0,0.0,0
20154,control,0.0,0,0.0,0
20155,control,0.0,0,0.0,0
20156,treatment,491.51,0,0.0,0
20157,control,0.0,0,0.0,0
20158,treatment,202.3,0,0.0,0
20159,treatment,204.53,1,49.27,0
20160,control,42.42,0,0.0,0
20161,control,44.27,0,0.0,0
20162,treatment,0.0,0,0.0,0
20163,treatment,47.09,0,0.0,0
20164,treatment,0.0,0,0.0,0
20165,control,0.0,0,0.0,0
20166,control,0.0,0,0.0,0
20167,treatment,135.28,0,0.0,0
20168,control,178.82,1,42.73,0
20169,treatment,46.42,0,0.0,0
20170,control,0.0,0,0.0,0
20171,control,126.17,0,0.0,0
20172,treatment,65.02,1,94.17,0
20173,control,373.91,0,0.0,0
20174,control,48.27,0,0.0,0
20175,control,0.0,0,0.0,0
20176,treatment,0.0,1,24.5,0
20177,treatment,0.0,0,0.0,0
20178,treatment,0.0,1,23.82,0
20179,control,45.56,0,0.0,0
20180,control,15.35,0,0.0,0
20181,treatment,0.0,0,0.0,0
20182,treatment,55.28,0,0.0,0
20183,control,168.29,0,0.0,0
20184,treatment,0.0,0,0.0,0
20185,treatment,0.0,0,0.0,0
20186,treatment,138.81,0,0.0,0
20187,treatment,0.0,0,0.0,0
20188,treatment,282.6,0,0.0,0
20189,treatment,0.0,0,0.0,0
20190,treatment,134.83,0,0.0,0
20191,control,0.0,1,38.21,0
20192,treatment,53.46,1,71.31,0
20193,control,0.0,0,0.0,0
20194,treatment,0.0,0,0.0,0
20195,treatment,0.0,0,0.0,0
20196,treatment,253.09,0,0.0,0
20197,treatment,0.0,0,0.0,0
20198,control,23.69,0,0.0,0
20199,treatment,0.0,0,0.0,0
20200,treatment,0.0,1,55.73,0
20201,control,62.4,1,120.29,0
20202,control,0.0,0,0.0,0
20203,control,0.0,0,0.0,0
20204,control,36.25,0,0.0,0
20205,treatment,0.0,0,0.0,0
20206,treatment,43.28,1,56.38,0
20207,treatment,33.8,0,0.0,0
20208,treatment,0.0,1,60.58,0
20209,treatment,78.56,0,0.0,0
20210,treatment,0.0,0,0.0,0
20211,control,208.13,0,0.0,0
20212,treatment,0.0,0,0.0,0
20213,treatment,0.0,0,0.0,0
20214,treatment,37.68,0,0.0,0
20215,treatment,0.0,0,0.0,0
20216,control,0.0,0,0.0,0
20217,control,204.7,0,0.0,0
20218,control,55.44,0,0.0,0
20219,control,439.27,0,0.0,0
20220,control,0.0,0,0.0,0
20221,control,0.0,1,77.16,0
20222,treatment,0.0,0,0.0,0
20223,treatment,46.37,0,0.0,0
20224,control,0.0,0,0.0,0
20225,control,0.0,0,0.0,0
20226,treatment,58.48,0,0.0,0
20227,control,45.71,0,0.0,0
20228,control,291.63,0,0.0,0
20229,control,68.02,0,0.0,0
20230,control,0.0,0,0.0,0
20231,treatment,0.0,0,0.0,0
20232,control,0.0,0,0.0,0
20233,control,99.57,0,0.0,0
20234,control,143.34,0,0.0,0
20235,treatment,65.38,0,0.0,0
20236,control,0.0,0,0.0,0
20237,treatment,0.0,0,0.0,0
20238,treatment,0.0,0,0.0,0
20239,treatment,0.0,0,0.0,0
20240,control,449.23,1,31.04,1
20241,treatment,56.69,0,0.0,0
20242,control,0.0,0,0.0,0
20243,control,68.19,0,0.0,0
20244,treatment,53.96,0,0.0,0
20245,treatment,0.0,0,0.0,0
20246,control,0.0,0,0.0,0
20247,treatment,0.0,1,47.53,0
20248,treatment,0.0,0,0.0,0
20249,control,48.77,0,0.0,0
20250,control,0.0,0,0.0,0
20251,treatment,0.0,0,0.0,0
20252,control,0.0,0,0.0,0
20253,control,0.0,0,0.0,0
20254,control,0.0,0,0.0,0
20255,control,0.0,0,0.0,0
20256,treatment,123.84,0,0.0,0
20257,control,127.18,1,77.86,0
20258,treatment,146.68,1,72.15,0
20259,treatment,0.0,0,0.0,0
20260,treatment,134.09,0,0.0,0
20261,treatment,67.37,0,0.0,0
20262,treatment,47.46,0,0.0,0
20263,control,0.0,0,0.0,0
20264,treatment,41.03,0,0.0,0
20265,treatment,0.0,0,0.0,0
20266,control,0.0,0,0.0,0
20267,treatment,0.0,0,0.0,0
20268,treatment,162.39,1,38.91,0
20269,treatment,28.91,0,0.0,0
20270,control,0.0,0,0.0,0
20271,treatment,0.0,1,40.19,0
20272,control,0.0,0,0.0,0
20273,treatment,0.0,0,0.0,0
20274,control,31.75,0,0.0,0
20275,control,0.0,0,0.0,0
20276,treatment,96.9,1,43.29,0
20277,treatment,61.62,0,0.0,0
20278,treatment,0.0,0,0.0,0
20279,control,89.75,0,0.0,0
20280,treatment,0.0,0,0.0,0
20281,control,103.14,0,0.0,0
20282,treatment,0.0,0,0.0,0
20283,control,51.73,0,0.0,0
20284,control,0.0,0,0.0,0
20285,control,0.0,0,0.0,0
20286,treatment,33.94,0,0.0,0
20287,control,68.17,0,0.0,0
20288,control,62.07,0,0.0,0
20289,treatment,44.74,1,91.74,0
20290,treatment,0.0,0,0.0,0
20291,control,0.0,0,0.0,0
20292,treatment,0.0,0,0.0,0
20293,control,20.45,0,0.0,0
20294,control,40.08,0,0.0,0
20295,treatment,0.0,0,0.0,0
20296,treatment,0.0,0,0.0,0
20297,control,34.89,0,0.0,0
20298,treatment,41.6,0,0.0,0
20299,treatment,25.13,0,0.0,0
20300,control,0.0,0,0.0,0
20301,treatment,0.0,0,0.0,0
20302,control,0.0,0,0.0,0
20303,treatment,65.48,0,0.0,0
20304,control,99.73,0,0.0,0
20305,control,0.0,0,0.0,0
20306,control,101.04,0,0.0,0
20307,treatment,0.0,0,0.0,0
20308,control,0.0,0,0.0,0
20309,control,67.9,1,90.51,0
20310,control,61.64,0,0.0,0
20311,treatment,0.0,0,0.0,0
20312,treatment,259.64,0,0.0,0
20313,treatment,0.0,0,0.0,0
20314,treatment,73.58,0,0.0,0
20315,treatment,0.0,0,0.0,0
20316,control,37.86,0,0.0,0
20317,treatment,85.41,0,0.0,0
20318,treatment,36.81,0,0.0,0
20319,control,47.53,0,0.0,0
20320,control,62.81,0,0.0,0
20321,control,74.2,0,0.0,0
20322,control,0.0,0,0.0,0
20323,control,0.0,0,0.0,0
20324,treatment,93.64,0,0.0,0
20325,control,0.0,0,0.0,0
20326,control,149.35,0,0.0,0
20327,treatment,0.0,0,0.0,0
20328,control,0.0,0,0.0,0
20329,treatment,0.0,0,0.0,0
20330,treatment,154.19,0,0.0,0
20331,control,32.23,0,0.0,0
20332,control,0.0,0,0.0,0
20333,control,225.73,0,0.0,0
20334,treatment,78.36,1,47.91,0
20335,treatment,346.94,0,0.0,0
20336,treatment,36.24,0,0.0,0
20337,control,0.0,0,0.0,0
20338,control,0.0,0,0.0,0
20339,treatment,45.69,0,0.0,0
20340,treatment,305.41,0,0.0,0
20341,treatment,0.0,0,0.0,0
20342,control,0.0,1,72.04,0
20343,control,0.0,0,0.0,0
20344,control,181.4,0,0.0,0
20345,control,34.23,0,0.0,0
20346,control,0.0,0,0.0,0
20347,control,0.0,0,0.0,0
20348,treatment,46.92,0,0.0,0
20349,treatment,0.0,0,0.0,0
20350,control,0.0,1,87.34,0
20351,control,50.26,0,0.0,0
20352,treatment,56.26,0,0.0,0
20353,control,274.51,0,0.0,0
20354,treatment,42.89,0,0.0,0
20355,control,0.0,0,0.0,0
20356,control,194.8,0,0.0,0
20357,control,0.0,0,0.0,0
20358,control,39.58,0,0.0,0
20359,treatment,0.0,0,0.0,0
20360,control,37.58,0,0.0,0
20361,control,0.0,0,0.0,0
20362,control,0.0,0,0.0,0
20363,control,83.25,1,66.29,0
20364,treatment,0.0,0,0.0,0
20365,control,186.22,0,0.0,0
20366,treatment,0.0,0,0.0,0
20367,control,131.4,0,0.0,0
20368,control,35.76,0,0.0,0
20369,treatment,0.0,0,0.0,0
20370,treatment,100.1,0,0.0,0
20371,treatment,17.94,0,0.0,0
20372,control,44.45,0,0.0,0
20373,treatment,47.5,0,0.0,0
20374,treatment,522.61,0,0.0,0
20375,treatment,0.0,0,0.0,0
20376,control,132.51,0,0.0,0
20377,treatment,0.0,0,0.0,0
20378,treatment,0.0,0,0.0,0
20379,treatment,0.0,1,67.01,0
20380,treatment,0.0,0,0.0,0
20381,control,0.0,0,0.0,0
20382,treatment,24.02,0,0.0,0
20383,control,0.0,0,0.0,0
20384,control,0.0,0,0.0,0
20385,control,20.47,0,0.0,0
20386,control,0.0,0,0.0,0
20387,treatment,72.6,1,63.33,0
20388,treatment,197.8,1,52.24,0
20389,control,179.58,0,0.0,0
20390,control,0.0,0,0.0,0
20391,control,0.0,0,0.0,0
20392,control,0.0,0,0.0,0
20393,treatment,0.0,0,0.0,0
20394,control,87.13,0,0.0,0
20395,control,0.0,0,0.0,0
20396,treatment,46.46,0,0.0,0
20397,treatment,2150.12,1,50.38,0
20398,control,0.0,0,0.0,0
20399,control,524.71,0,0.0,0
20400,treatment,0.0,0,0.0,0
20401,control,57.55,0,0.0,0
20402,treatment,0.0,0,0.0,0
20403,treatment,0.0,0,0.0,0
20404,treatment,153.58,0,0.0,0
20405,control,31.68,0,0.0,0
20406,control,0.0,0,0.0,0
20407,treatment,173.15,0,0.0,0
20408,treatment,20.69,0,0.0,0
20409,treatment,0.0,0,0.0,0
20410,treatment,33.11,0,0.0,0
20411,control,0.0,0,0.0,0
20412,treatment,0.0,0,0.0,0
20413,control,223.08,0,0.0,0
20414,treatment,107.2,0,0.0,0
20415,treatment,0.0,0,0.0,0
20416,control,88.26,0,0.0,0
20417,control,0.0,0,0.0,0
20418,control,261.05,0,0.0,0
20419,treatment,0.0,0,0.0,0
20420,control,0.0,0,0.0,0
20421,control,76.82,0,0.0,0
20422,treatment,0.0,0,0.0,0
20423,treatment,0.0,0,0.0,0
20424,control,0.0,0,0.0,0
20425,control,48.59,0,0.0,0
20426,treatment,0.0,0,0.0,0
20427,control,0.0,0,0.0,0
20428,treatment,0.0,0,0.0,0
20429,treatment,174.76,0,0.0,0
20430,treatment,0.0,0,0.0,0
20431,treatment,0.0,0,0.0,0
20432,treatment,183.86,0,0.0,0
20433,control,0.0,0,0.0,0
20434,control,75.07,0,0.0,0
20435,control,0.0,1,65.72,0
20436,treatment,0.0,0,0.0,0
20437,treatment,121.44,0,0.0,0
20438,control,80.39,1,124.8,0
20439,treatment,55.4,0,0.0,0
20440,control,0.0,0,0.0,0
20441,control,0.0,0,0.0,0
20442,control,0.0,0,0.0,0
20443,treatment,0.0,0,0.0,0
20444,treatment,0.0,0,0.0,0
20445,treatment,117.85,0,0.0,0
20446,treatment,37.23,0,0.0,0
20447,treatment,139.99,0,0.0,0
20448,treatment,0.0,0,0.0,0
20449,control,0.0,1,34.12,0
20450,treatment,0.0,0,0.0,0
20451,control,0.0,0,0.0,0
20452,control,0.0,1,89.71,0
20453,control,0.0,0,0.0,0
20454,control,48.06,0,0.0,0
20455,treatment,0.0,0,0.0,0
20456,control,0.0,0,0.0,0
20457,treatment,0.0,1,90.95,0
20458,control,0.0,1,37.65,0
20459,treatment,49.96,1,91.57,0
20460,control,0.0,0,0.0,0
20461,treatment,17.82,0,0.0,0
20462,treatment,25.36,0,0.0,0
20463,treatment,113.96,0,0.0,0
20464,treatment,0.0,0,0.0,0
20465,control,0.0,0,0.0,0
20466,control,40.43,0,0.0,0
20467,control,97.56,0,0.0,0
20468,treatment,0.0,0,0.0,0
20469,treatment,0.0,0,0.0,0
20470,control,0.0,0,0.0,0
20471,treatment,301.17,0,0.0,0
20472,treatment,0.0,0,0.0,0
20473,treatment,0.0,0,0.0,0
20474,treatment,223.79,1,126.67,0
20475,control,31.06,0,0.0,0
20476,control,110.32,1,33.52,0
20477,control,52.35,0,0.0,0
20478,treatment,292.23,0,0.0,0
20479,treatment,23.58,0,0.0,0
20480,control,0.0,0,0.0,0
20481,control,94.71,0,0.0,0
20482,treatment,0.0,0,0.0,0
20483,control,161.71,0,0.0,0
20484,control,0.0,0,0.0,0
20485,control,0.0,0,0.0,0
20486,control,52.08,0,0.0,0
20487,treatment,34.8,0,0.0,0
20488,treatment,221.05,0,0.0,0
20489,control,148.13,1,88.33,0
20490,control,0.0,0,0.0,0
20491,control,0.0,0,0.0,0
20492,treatment,32.25,0,0.0,0
20493,treatment,0.0,0,0.0,0
20494,treatment,114.07,0,0.0,0
20495,treatment,48.55,0,0.0,0
20496,control,0.0,1,119.91,0
20497,control,77.62,0,0.0,0
20498,control,356.25,0,0.0,0
20499,treatment,0.0,0,0.0,0
20500,control,91.01,0,0.0,0
20501,control,0.0,0,0.0,0
20502,control,0.0,0,0.0,0
20503,control,188.04,0,0.0,0
20504,control,0.0,0,0.0,0
20505,treatment,32.16,0,0.0,0
20506,treatment,0.0,0,0.0,0
20507,treatment,111.56,0,0.0,0
20508,control,36.98,0,0.0,0
20509,treatment,114.72,0,0.0,0
20510,control,193.93,0,0.0,0
20511,treatment,29.0,0,0.0,0
20512,treatment,0.0,0,0.0,0
20513,control,30.34,0,0.0,0
20514,treatment,0.0,0,0.0,0
20515,control,0.0,0,0.0,0
20516,control,0.0,0,0.0,0
20517,control,0.0,0,0.0,0
20518,treatment,0.0,0,0.0,0
20519,treatment,0.0,0,0.0,0
20520,treatment,60.03,0,0.0,0
20521,control,132.82,0,0.0,0
20522,treatment,148.81,0,0.0,0
20523,control,44.76,0,0.0,0
20524,control,200.66,0,0.0,0
20525,treatment,35.84,0,0.0,0
20526,treatment,0.0,0,0.0,0
20527,control,0.0,0,0.0,0
20528,control,0.0,0,0.0,0
20529,treatment,47.16,1,35.52,0
20530,treatment,53.62,0,0.0,0
20531,control,0.0,0,0.0,0
20532,control,0.0,0,0.0,0
20533,control,91.51,1,52.3,0
20534,treatment,351.41,0,0.0,0
20535,control,0.0,0,0.0,0
20536,control,45.16,0,0.0,0
20537,treatment,0.0,0,0.0,0
20538,control,0.0,0,0.0,0
20539,control,0.0,0,0.0,0
20540,treatment,0.0,0,0.0,0
20541,control,334.7,1,45.4,0
20542,control,20.91,0,0.0,0
20543,control,38.36,0,0.0,0
20544,control,0.0,0,0.0,0
20545,treatment,298.57,0,0.0,0
20546,control,52.08,0,0.0,0
20547,treatment,0.0,0,0.0,0
20548,treatment,43.63,0,0.0,0
20549,control,0.0,0,0.0,0
20550,control,0.0,0,0.0,0
20551,control,52.09,0,0.0,0
20552,treatment,0.0,0,0.0,0
20553,control,73.61,0,0.0,0
20554,treatment,30.93,0,0.0,0
20555,control,48.1,0,0.0,0
20556,control,41.65,0,0.0,0
20557,control,107.02,0,0.0,0
20558,control,0.0,1,41.09,0
20559,treatment,254.1,0,0.0,0
20560,control,0.0,0,0.0,0
20561,control,0.0,1,43.23,0
20562,control,0.0,0,0.0,0
20563,treatment,43.18,1,99.7,0
20564,control,0.0,1,85.91,0
20565,control,0.0,0,0.0,0
20566,control,62.09,0,0.0,0
20567,treatment,171.88,0,0.0,0
20568,control,78.43,0,0.0,0
20569,control,79.96,1,64.84,0
20570,control,71.86,0,0.0,0
20571,treatment,0.0,1,39.54,0
20572,treatment,37.37,0,0.0,0
20573,treatment,0.0,0,0.0,0
20574,treatment,291.86,1,68.87,0
20575,treatment,68.51,0,0.0,0
20576,treatment,37.02,0,0.0,0
20577,control,0.0,0,0.0,0
20578,control,0.0,1,24.69,0
20579,treatment,0.0,0,0.0,0
20580,control,0.0,0,0.0,0
20581,control,0.0,0,0.0,0
20582,treatment,0.0,0,0.0,0
20583,treatment,0.0,0,0.0,0
20584,control,23.55,1,47.05,0
20585,treatment,39.63,0,0.0,0
20586,control,0.0,0,0.0,0
20587,treatment,0.0,0,0.0,0
20588,treatment,100.05,0,0.0,0
20589,treatment,0.0,0,0.0,0
20590,control,0.0,0,0.0,0
20591,treatment,33.82,1,68.73,0
20592,treatment,149.44,0,0.0,0
20593,control,0.0,0,0.0,0
20594,control,0.0,0,0.0,0
20595,treatment,0.0,0,0.0,0
20596,control,45.1,0,0.0,0
20597,control,0.0,0,0.0,0
20598,treatment,226.83,0,0.0,0
20599,control,141.39,0,0.0,0
20600,control,396.4,0,0.0,0
20601,control,47.5,0,0.0,0
20602,treatment,69.67,0,0.0,0
20603,treatment,0.0,0,0.0,0
20604,control,115.49,0,0.0,0
20605,treatment,0.0,0,0.0,0
20606,control,0.0,1,33.96,0
20607,control,0.0,0,0.0,0
20608,treatment,76.63,0,0.0,0
20609,control,67.67,0,0.0,0
20610,control,75.68,0,0.0,0
20611,treatment,0.0,0,0.0,0
20612,control,72.79,0,0.0,0
20613,treatment,35.84,0,0.0,0
20614,control,0.0,1,30.7,0
20615,treatment,104.91,0,0.0,0
20616,treatment,0.0,0,0.0,0
20617,control,0.0,0,0.0,0
20618,treatment,0.0,0,0.0,0
20619,treatment,27.7,0,0.0,0
20620,treatment,0.0,0,0.0,0
20621,treatment,0.0,0,0.0,0
20622,control,0.0,0,0.0,0
20623,treatment,0.0,0,0.0,0
20624,control,29.95,0,0.0,0
20625,control,0.0,0,0.0,0
20626,control,40.93,0,0.0,0
20627,control,0.0,0,0.0,0
20628,control,0.0,1,45.52,1
20629,control,50.28,0,0.0,0
20630,treatment,0.0,0,0.0,0
20631,control,0.0,0,0.0,0
20632,treatment,0.0,0,0.0,0
20633,control,0.0,1,127.51,0
20634,treatment,44.96,0,0.0,0
20635,treatment,0.0,0,0.0,0
20636,treatment,123.43,0,0.0,0
20637,treatment,55.12,0,0.0,0
20638,control,0.0,0,0.0,0
20639,control,26.15,0,0.0,0
20640,treatment,31.88,0,0.0,0
20641,treatment,46.79,0,0.0,0
20642,treatment,127.62,0,0.0,0
20643,control,22.45,0,0.0,0
20644,control,70.26,0,0.0,0
20645,control,136.72,0,0.0,0
20646,treatment,0.0,0,0.0,0
20647,control,107.07,0,0.0,0
20648,treatment,146.44,0,0.0,0
20649,treatment,0.0,0,0.0,0
20650,treatment,0.0,0,0.0,0
20651,treatment,0.0,0,0.0,0
20652,control,72.56,0,0.0,0
20653,control,0.0,1,125.47,0
20654,treatment,0.0,0,0.0,0
20655,control,0.0,0,0.0,0
20656,treatment,113.76,0,0.0,0
20657,control,0.0,0,0.0,0
20658,treatment,36.89,0,0.0,0
20659,control,0.0,0,0.0,0
20660,treatment,0.0,0,0.0,0
20661,control,0.0,0,0.0,0
20662,treatment,0.0,0,0.0,0
20663,control,399.8,1,86.86,0
20664,treatment,0.0,0,0.0,0
20665,control,54.66,0,0.0,0
20666,control,182.53,0,0.0,0
20667,control,0.0,0,0.0,0
20668,treatment,55.23,0,0.0,0
20669,control,0.0,0,0.0,0
20670,treatment,0.0,0,0.0,0
20671,treatment,181.2,0,0.0,0
20672,control,0.0,1,153.31,0
20673,control,75.98,1,105.55,0
20674,control,0.0,0,0.0,0
20675,control,0.0,0,0.0,0
20676,treatment,0.0,0,0.0,0
20677,treatment,0.0,0,0.0,0
20678,treatment,0.0,0,0.0,0
20679,control,22.45,0,0.0,0
20680,control,47.75,0,0.0,0
20681,treatment,0.0,0,0.0,0
20682,treatment,0.0,0,0.0,0
20683,control,0.0,0,0.0,0
20684,control,42.95,0,0.0,0
20685,treatment,0.0,0,0.0,0
20686,control,62.47,0,0.0,0
20687,control,56.27,0,0.0,0
20688,control,0.0,0,0.0,0
20689,control,0.0,0,0.0,0
20690,treatment,0.0,0,0.0,0
20691,treatment,81.92,1,69.58,0
20692,treatment,140.56,0,0.0,0
20693,control,0.0,0,0.0,0
20694,treatment,45.72,0,0.0,0
20695,control,320.65,0,0.0,0
20696,treatment,73.04,0,0.0,0
20697,control,214.48,0,0.0,0
20698,control,123.18,0,0.0,0
20699,treatment,0.0,0,0.0,0
20700,treatment,35.47,0,0.0,0
20701,control,0.0,0,0.0,0
20702,treatment,0.0,0,0.0,0
20703,treatment,25.53,0,0.0,0
20704,treatment,0.0,0,0.0,0
20705,control,62.21,0,0.0,0
20706,control,40.28,0,0.0,0
20707,treatment,0.0,1,71.5,0
20708,control,0.0,0,0.0,0
20709,treatment,424.74,0,0.0,0
20710,control,0.0,0,0.0,0
20711,control,0.0,0,0.0,0
20712,control,85.68,0,0.0,0
20713,treatment,288.29,0,0.0,0
20714,control,56.08,0,0.0,0
20715,control,41.4,0,0.0,0
20716,control,0.0,0,0.0,0
20717,treatment,60.12,0,0.0,0
20718,control,3575.49,1,128.49,0
20719,control,60.57,0,0.0,0
20720,treatment,133.73,0,0.0,0
20721,control,88.58,0,0.0,0
20722,treatment,190.31,0,0.0,0
20723,control,0.0,0,0.0,0
20724,treatment,0.0,0,0.0,0
20725,treatment,35.11,1,142.71,0
20726,control,0.0,0,0.0,0
20727,treatment,0.0,0,0.0,0
20728,treatment,0.0,0,0.0,0
20729,control,0.0,0,0.0,0
20730,treatment,31.69,0,0.0,0
20731,treatment,76.74,0,0.0,0
20732,control,372.74,0,0.0,0
20733,control,0.0,0,0.0,0
20734,control,294.35,0,0.0,0
20735,control,167.08,0,0.0,0
20736,treatment,0.0,0,0.0,0
20737,treatment,0.0,0,0.0,0
20738,treatment,0.0,0,0.0,0
20739,treatment,0.0,0,0.0,0
20740,control,791.1,1,230.76,0
20741,treatment,0.0,0,0.0,0
20742,treatment,0.0,0,0.0,0
20743,treatment,44.16,0,0.0,0
20744,control,0.0,0,0.0,0
20745,control,0.0,0,0.0,0
20746,control,0.0,0,0.0,0
20747,treatment,47.09,0,0.0,0
20748,control,0.0,0,0.0,0
20749,treatment,0.0,0,0.0,0
20750,treatment,0.0,0,0.0,0
20751,treatment,0.0,0,0.0,0
20752,treatment,39.45,0,0.0,0
20753,control,60.21,0,0.0,0
20754,treatment,0.0,0,0.0,0
20755,treatment,427.54,0,0.0,0
20756,control,65.7,0,0.0,0
20757,treatment,0.0,0,0.0,0
20758,treatment,0.0,0,0.0,0
20759,control,0.0,0,0.0,0
20760,treatment,0.0,0,0.0,0
20761,treatment,0.0,0,0.0,0
20762,control,0.0,0,0.0,0
20763,treatment,0.0,0,0.0,0
20764,control,52.55,1,43.51,0
20765,treatment,171.94,0,0.0,0
20766,control,411.0,1,77.02,0
20767,control,0.0,1,152.37,0
20768,control,106.04,0,0.0,0
20769,treatment,0.0,0,0.0,0
20770,control,37.09,0,0.0,0
20771,control,0.0,0,0.0,0
20772,control,0.0,0,0.0,0
20773,treatment,0.0,1,73.75,0
20774,treatment,0.0,0,0.0,0
20775,treatment,0.0,0,0.0,0
20776,control,0.0,0,0.0,0
20777,control,0.0,0,0.0,0
20778,treatment,0.0,0,0.0,0
20779,control,0.0,0,0.0,0
20780,treatment,0.0,0,0.0,0
20781,treatment,53.13,1,36.77,0
20782,control,0.0,0,0.0,0
20783,control,77.14,0,0.0,0
20784,control,0.0,0,0.0,0
20785,treatment,74.82,0,0.0,0
20786,control,67.63,0,0.0,0
20787,control,0.0,1,30.02,0
20788,control,17.34,0,0.0,0
20789,control,105.25,0,0.0,0
20790,treatment,88.81,0,0.0,0
20791,control,72.16,0,0.0,0
20792,control,0.0,0,0.0,0
20793,control,0.0,0,0.0,0
20794,treatment,53.42,0,0.0,0
20795,treatment,63.02,0,0.0,0
20796,control,0.0,0,0.0,0
20797,treatment,133.52,1,76.55,0
20798,treatment,0.0,0,0.0,0
20799,control,0.0,0,0.0,0
20800,treatment,29.3,0,0.0,0
20801,treatment,93.35,0,0.0,0
20802,control,233.56,1,39.76,0
20803,control,0.0,0,0.0,0
20804,control,71.42,0,0.0,0
20805,treatment,0.0,0,0.0,0
20806,control,0.0,0,0.0,0
20807,control,45.69,0,0.0,0
20808,treatment,0.0,0,0.0,0
20809,control,203.36,0,0.0,0
20810,control,0.0,0,0.0,0
20811,control,0.0,0,0.0,0
20812,treatment,0.0,0,0.0,0
20813,treatment,166.43,1,131.77,0
20814,control,0.0,0,0.0,0
20815,treatment,0.0,0,0.0,0
20816,control,274.63,0,0.0,0
20817,treatment,0.0,0,0.0,0
20818,control,0.0,0,0.0,0
20819,treatment,0.0,0,0.0,0
20820,treatment,0.0,0,0.0,0
20821,treatment,0.0,1,33.26,0
20822,treatment,0.0,0,0.0,0
20823,treatment,53.69,0,0.0,0
20824,treatment,96.88,0,0.0,0
20825,treatment,220.62,0,0.0,0
20826,treatment,0.0,0,0.0,0
20827,control,50.53,0,0.0,0
20828,control,329.26,0,0.0,0
20829,treatment,0.0,0,0.0,0
20830,control,482.84,0,0.0,0
20831,treatment,0.0,0,0.0,0
20832,control,59.5,1,75.02,0
20833,control,142.99,0,0.0,0
20834,treatment,68.0,0,0.0,0
20835,treatment,92.26,0,0.0,0
20836,control,0.0,1,51.64,0
20837,control,0.0,0,0.0,0
20838,treatment,0.0,0,0.0,0
20839,treatment,33.75,0,0.0,0
20840,treatment,0.0,0,0.0,0
20841,control,0.0,0,0.0,0
20842,control,0.0,0,0.0,0
20843,treatment,0.0,0,0.0,0
20844,treatment,929.81,1,178.2,0
20845,treatment,0.0,0,0.0,0
20846,treatment,116.01,0,0.0,0
20847,control,359.04,1,130.72,0
20848,control,0.0,0,0.0,0
20849,treatment,0.0,0,0.0,0
20850,control,0.0,0,0.0,0
20851,treatment,0.0,0,0.0,0
20852,treatment,0.0,0,0.0,0
20853,treatment,58.73,0,0.0,0
20854,treatment,45.36,0,0.0,0
20855,control,0.0,0,0.0,0
20856,control,0.0,0,0.0,0
20857,control,0.0,0,0.0,0
20858,control,138.7,0,0.0,0
20859,control,0.0,0,0.0,0
20860,control,0.0,0,0.0,0
20861,control,105.77,0,0.0,0
20862,control,0.0,0,0.0,0
20863,treatment,0.0,0,0.0,0
20864,treatment,41.11,0,0.0,0
20865,treatment,0.0,0,0.0,0
20866,treatment,41.63,0,0.0,0
20867,control,0.0,0,0.0,0
20868,treatment,53.08,0,0.0,0
20869,control,0.0,0,0.0,0
20870,control,35.92,1,45.17,0
20871,control,0.0,0,0.0,0
20872,treatment,0.0,1,52.17,0
20873,treatment,0.0,0,0.0,0
20874,control,242.51,0,0.0,0
20875,control,0.0,0,0.0,0
20876,treatment,0.0,0,0.0,0
20877,control,0.0,0,0.0,0
20878,treatment,0.0,1,90.79,0
20879,treatment,0.0,0,0.0,0
20880,control,27.37,0,0.0,0
20881,control,38.52,0,0.0,0
20882,control,46.21,0,0.0,0
20883,control,252.97,1,43.72,0
20884,control,0.0,0,0.0,0
20885,treatment,0.0,0,0.0,0
20886,treatment,247.56,0,0.0,0
20887,control,41.0,0,0.0,0
20888,treatment,0.0,0,0.0,0
20889,control,85.72,0,0.0,0
20890,treatment,77.33,0,0.0,0
20891,treatment,0.0,0,0.0,0
20892,treatment,0.0,0,0.0,0
20893,control,0.0,0,0.0,0
20894,treatment,0.0,0,0.0,0
20895,control,0.0,0,0.0,0
20896,control,37.5,0,0.0,0
20897,control,0.0,0,0.0,0
20898,control,0.0,0,0.0,0
20899,treatment,124.61,0,0.0,0
20900,treatment,120.91,0,0.0,0
20901,control,86.95,0,0.0,0
20902,treatment,0.0,0,0.0,0
20903,control,0.0,0,0.0,0
20904,control,0.0,0,0.0,0
20905,control,58.61,0,0.0,0
20906,treatment,0.0,0,0.0,0
20907,treatment,64.44,0,0.0,0
20908,treatment,71.54,0,0.0,0
20909,treatment,226.56,0,0.0,0
20910,control,0.0,0,0.0,0
20911,control,99.76,0,0.0,0
20912,control,0.0,0,0.0,0
20913,control,68.99,0,0.0,0
20914,control,76.45,0,0.0,0
20915,treatment,0.0,0,0.0,0
20916,treatment,118.81,0,0.0,0
20917,control,0.0,0,0.0,0
20918,treatment,0.0,0,0.0,0
20919,treatment,74.54,0,0.0,0
20920,treatment,0.0,0,0.0,0
20921,treatment,0.0,0,0.0,0
20922,control,0.0,0,0.0,0
20923,control,0.0,0,0.0,0
20924,control,0.0,0,0.0,0
20925,treatment,0.0,0,0.0,0
20926,treatment,36.23,0,0.0,0
20927,treatment,0.0,0,0.0,0
20928,treatment,26.47,0,0.0,0
20929,control,0.0,0,0.0,0
20930,treatment,221.77,1,53.07,0
20931,treatment,0.0,0,0.0,0
20932,treatment,0.0,0,0.0,0
20933,treatment,0.0,0,0.0,0
20934,control,73.2,0,0.0,0
20935,control,0.0,0,0.0,0
20936,control,74.6,0,0.0,0
20937,control,59.69,0,0.0,0
20938,treatment,86.83,0,0.0,0
20939,treatment,273.27,0,0.0,0
20940,control,109.24,0,0.0,0
20941,control,36.83,0,0.0,0
20942,control,698.41,1,179.18,0
20943,control,40.71,0,0.0,0
20944,treatment,0.0,1,28.18,0
20945,treatment,0.0,0,0.0,0
20946,control,24.76,0,0.0,0
20947,treatment,0.0,0,0.0,0
20948,control,0.0,0,0.0,0
20949,treatment,100.06,1,56.97,0
20950,control,0.0,0,0.0,0
20951,treatment,26.34,0,0.0,0
20952,control,46.93,0,0.0,0
20953,treatment,0.0,0,0.0,0
20954,control,137.89,1,51.11,0
20955,treatment,0.0,0,0.0,0
20956,treatment,0.0,1,24.14,0
20957,treatment,0.0,0,0.0,0
20958,control,129.13,0,0.0,0
20959,control,0.0,0,0.0,0
20960,treatment,0.0,0,0.0,0
20961,control,22.01,0,0.0,0
20962,treatment,175.62,1,54.9,0
20963,control,0.0,1,98.1,0
20964,treatment,0.0,0,0.0,0
20965,treatment,0.0,0,0.0,0
20966,control,46.17,0,0.0,0
20967,control,38.55,0,0.0,0
20968,control,0.0,0,0.0,0
20969,control,0.0,0,0.0,0
20970,treatment,90.41,0,0.0,0
20971,treatment,32.86,0,0.0,0
20972,control,65.02,0,0.0,0
20973,treatment,0.0,0,0.0,0
20974,treatment,80.03,0,0.0,0
20975,treatment,0.0,0,0.0,0
20976,treatment,0.0,0,0.0,0
20977,control,63.34,1,120.18,0
20978,treatment,0.0,0,0.0,0
20979,control,0.0,0,0.0,0
20980,control,0.0,0,0.0,0
20981,control,40.05,0,0.0,0
20982,control,176.2,1,119.96,0
20983,control,70.81,0,0.0,0
20984,treatment,0.0,0,0.0,0
20985,treatment,0.0,0,0.0,0
20986,control,0.0,0,0.0,0
20987,treatment,46.57,0,0.0,0
20988,treatment,0.0,0,0.0,0
20989,control,40.71,0,0.0,0
20990,treatment,0.0,0,0.0,0
20991,treatment,28.68,0,0.0,0
20992,control,23.22,0,0.0,0
20993,control,0.0,0,0.0,0
20994,control,0.0,0,0.0,0
20995,control,49.54,0,0.0,0
20996,treatment,0.0,0,0.0,0
20997,treatment,186.6,0,0.0,0
20998,treatment,0.0,0,0.0,0
20999,control,0.0,0,0.0,0
21000,treatment,0.0,0,0.0,0
21001,control,0.0,0,0.0,0
21002,treatment,29.61,0,0.0,0
21003,treatment,0.0,0,0.0,0
21004,treatment,0.0,0,0.0,0
21005,control,81.97,0,0.0,0
21006,control,0.0,0,0.0,0
21007,control,32.44,0,0.0,0
21008,control,0.0,0,0.0,0
21009,control,45.74,0,0.0,0
21010,control,0.0,1,113.81,0
21011,control,151.57,0,0.0,0
21012,treatment,0.0,0,0.0,0
21013,control,0.0,0,0.0,0
21014,treatment,280.68,0,0.0,0
21015,control,0.0,0,0.0,0
21016,control,0.0,0,0.0,0
21017,treatment,0.0,0,0.0,0
21018,treatment,0.0,0,0.0,0
21019,control,83.77,0,0.0,0
21020,treatment,0.0,0,0.0,0
21021,control,30.34,0,0.0,0
21022,treatment,39.18,0,0.0,0
21023,treatment,92.47,0,0.0,0
21024,control,125.39,0,0.0,0
21025,control,42.52,0,0.0,0
21026,control,369.6,0,0.0,0
21027,control,0.0,0,0.0,0
21028,control,79.4,0,0.0,0
21029,control,240.85,0,0.0,0
21030,control,27.94,0,0.0,0
21031,treatment,74.26,0,0.0,0
21032,control,342.88,0,0.0,0
21033,control,382.45,0,0.0,0
21034,control,64.39,0,0.0,0
21035,control,49.73,0,0.0,0
21036,control,155.21,0,0.0,0
21037,treatment,0.0,1,53.59,0
21038,treatment,34.82,0,0.0,0
21039,control,0.0,0,0.0,0
21040,control,0.0,0,0.0,0
21041,control,324.35,0,0.0,0
21042,control,0.0,0,0.0,0
21043,control,0.0,0,0.0,0
21044,control,0.0,0,0.0,0
21045,treatment,29.76,0,0.0,0
21046,control,0.0,0,0.0,0
21047,control,53.4,0,0.0,0
21048,treatment,946.09,0,0.0,0
21049,control,0.0,0,0.0,0
21050,treatment,90.8,0,0.0,0
21051,treatment,0.0,0,0.0,0
21052,control,0.0,0,0.0,0
21053,control,0.0,0,0.0,0
21054,treatment,0.0,0,0.0,0
21055,control,26.66,0,0.0,0
21056,control,50.58,0,0.0,0
21057,control,0.0,0,0.0,0
21058,treatment,0.0,0,0.0,0
21059,control,0.0,0,0.0,0
21060,control,0.0,0,0.0,0
21061,treatment,406.17,1,46.6,0
21062,control,51.93,0,0.0,0
21063,control,416.86,1,51.06,0
21064,control,0.0,0,0.0,0
21065,treatment,87.29,0,0.0,0
21066,treatment,0.0,0,0.0,0
21067,control,60.98,0,0.0,0
21068,control,0.0,0,0.0,0
21069,treatment,0.0,0,0.0,0
21070,treatment,0.0,0,0.0,0
21071,treatment,91.01,0,0.0,0
21072,treatment,0.0,0,0.0,0
21073,treatment,452.54,1,46.63,0
21074,control,0.0,0,0.0,0
21075,control,0.0,0,0.0,0
21076,treatment,37.06,0,0.0,0
21077,control,68.74,0,0.0,0
21078,control,0.0,0,0.0,0
21079,control,0.0,0,0.0,0
21080,control,0.0,0,0.0,0
21081,treatment,109.38,0,0.0,0
21082,treatment,207.61,0,0.0,0
21083,control,50.19,0,0.0,0
21084,treatment,0.0,0,0.0,0
21085,control,0.0,0,0.0,0
21086,treatment,0.0,0,0.0,0
21087,control,249.1,0,0.0,0
21088,control,269.97,0,0.0,0
21089,control,0.0,0,0.0,0
21090,treatment,0.0,0,0.0,0
21091,control,96.11,0,0.0,0
21092,treatment,40.42,0,0.0,0
21093,control,272.04,1,170.06,0
21094,treatment,682.37,0,0.0,0
21095,control,49.45,1,40.51,0
21096,treatment,0.0,0,0.0,0
21097,control,302.83,0,0.0,0
21098,treatment,0.0,1,31.88,0
21099,treatment,136.48,0,0.0,0
21100,treatment,47.04,0,0.0,0
21101,treatment,0.0,0,0.0,0
21102,treatment,0.0,0,0.0,0
21103,control,19.23,1,14.58,0
21104,control,52.05,0,0.0,0
21105,treatment,50.96,0,0.0,0
21106,treatment,70.49,0,0.0,0
21107,treatment,0.0,0,0.0,0
21108,treatment,96.45,0,0.0,0
21109,control,64.17,0,0.0,0
21110,treatment,0.0,0,0.0,0
21111,control,0.0,0,0.0,0
21112,treatment,0.0,0,0.0,0
21113,control,0.0,0,0.0,0
21114,control,0.0,0,0.0,0
21115,control,0.0,0,0.0,0
21116,treatment,0.0,0,0.0,0
21117,control,0.0,0,0.0,0
21118,control,30.19,0,0.0,0
21119,control,59.17,0,0.0,0
21120,control,44.09,0,0.0,0
21121,control,27.48,0,0.0,0
21122,treatment,290.44,0,0.0,0
21123,treatment,81.66,0,0.0,0
21124,treatment,147.76,0,0.0,0
21125,treatment,0.0,0,0.0,0
21126,control,196.76,1,37.4,1
21127,treatment,0.0,0,0.0,0
21128,control,0.0,0,0.0,0
21129,treatment,0.0,0,0.0,0
21130,treatment,31.91,0,0.0,0
21131,treatment,120.04,0,0.0,0
21132,control,42.19,0,0.0,0
21133,treatment,61.15,0,0.0,0
21134,treatment,43.87,0,0.0,0
21135,treatment,200.44,0,0.0,0
21136,treatment,40.69,0,0.0,0
21137,treatment,67.53,0,0.0,0
21138,treatment,0.0,0,0.0,0
21139,treatment,247.45,0,0.0,0
21140,control,195.13,1,70.2,0
21141,treatment,0.0,0,0.0,0
21142,control,0.0,0,0.0,0
21143,control,0.0,0,0.0,0
21144,control,0.0,0,0.0,0
21145,treatment,0.0,0,0.0,0
21146,treatment,119.63,0,0.0,0
21147,control,37.17,0,0.0,0
21148,control,55.33,0,0.0,0
21149,control,0.0,1,36.68,0
21150,control,0.0,0,0.0,0
21151,control,63.2,0,0.0,0
21152,treatment,43.83,1,35.05,0
21153,control,0.0,0,0.0,0
21154,control,64.82,0,0.0,0
21155,treatment,0.0,0,0.0,0
21156,treatment,0.0,0,0.0,0
21157,control,55.0,0,0.0,0
21158,control,77.64,0,0.0,0
21159,treatment,0.0,0,0.0,0
21160,control,0.0,0,0.0,0
21161,control,71.25,1,73.47,0
21162,treatment,27.86,0,0.0,0
21163,treatment,0.0,0,0.0,0
21164,control,0.0,0,0.0,0
21165,treatment,0.0,0,0.0,0
21166,treatment,0.0,0,0.0,0
21167,control,0.0,0,0.0,0
21168,control,63.61,0,0.0,0
21169,control,0.0,0,0.0,0
21170,control,0.0,0,0.0,0
21171,treatment,26.76,0,0.0,0
21172,treatment,0.0,0,0.0,0
21173,treatment,147.08,0,0.0,0
21174,control,0.0,0,0.0,0
21175,treatment,0.0,0,0.0,0
21176,treatment,0.0,0,0.0,0
21177,treatment,0.0,0,0.0,0
21178,control,0.0,0,0.0,0
21179,control,58.9,1,65.55,0
21180,treatment,45.12,0,0.0,0
21181,treatment,0.0,1,27.66,0
21182,treatment,672.78,1,90.55,0
21183,treatment,0.0,0,0.0,0
21184,treatment,0.0,1,54.57,0
21185,control,67.01,0,0.0,0
21186,treatment,79.73,0,0.0,0
21187,treatment,292.79,1,75.3,0
21188,treatment,0.0,0,0.0,0
21189,control,174.48,0,0.0,0
21190,treatment,0.0,0,0.0,0
21191,control,151.45,0,0.0,0
21192,control,0.0,1,80.15,1
21193,control,30.26,1,50.98,0
21194,treatment,75.81,0,0.0,0
21195,control,0.0,0,0.0,0
21196,treatment,64.25,0,0.0,0
21197,treatment,23.66,0,0.0,0
21198,treatment,0.0,0,0.0,0
21199,control,0.0,0,0.0,0
21200,control,24.88,0,0.0,0
21201,treatment,0.0,0,0.0,0
21202,control,0.0,0,0.0,0
21203,control,0.0,0,0.0,0
21204,control,62.24,0,0.0,0
21205,control,0.0,0,0.0,0
21206,control,0.0,0,0.0,0
21207,treatment,33.72,0,0.0,0
21208,control,64.11,0,0.0,0
21209,control,0.0,0,0.0,0
21210,treatment,0.0,0,0.0,0
21211,treatment,36.41,0,0.0,0
21212,treatment,0.0,0,0.0,0
21213,control,0.0,0,0.0,0
21214,treatment,0.0,0,0.0,0
21215,control,0.0,0,0.0,0
21216,control,101.51,0,0.0,0
21217,control,0.0,0,0.0,0
21218,control,0.0,0,0.0,0
21219,treatment,218.01,1,148.84,0
21220,treatment,0.0,1,27.02,0
21221,treatment,0.0,1,54.48,0
21222,control,48.56,0,0.0,0
21223,control,0.0,0,0.0,0
21224,treatment,0.0,0,0.0,0
21225,treatment,0.0,0,0.0,0
21226,control,62.96,0,0.0,0
21227,control,0.0,0,0.0,0
21228,treatment,1293.68,1,56.64,0
21229,treatment,33.09,0,0.0,0
21230,treatment,224.46,0,0.0,0
21231,treatment,0.0,0,0.0,0
21232,treatment,0.0,0,0.0,0
21233,control,0.0,0,0.0,0
21234,treatment,75.37,0,0.0,0
21235,treatment,75.86,0,0.0,0
21236,control,100.91,0,0.0,0
21237,treatment,0.0,0,0.0,0
21238,control,0.0,0,0.0,0
21239,control,0.0,0,0.0,0
21240,treatment,187.82,1,302.5,1
21241,treatment,0.0,0,0.0,0
21242,control,0.0,0,0.0,0
21243,treatment,0.0,0,0.0,0
21244,control,24.93,0,0.0,0
21245,treatment,0.0,0,0.0,0
21246,treatment,80.62,0,0.0,0
21247,treatment,194.0,1,85.82,0
21248,control,0.0,0,0.0,0
21249,treatment,30.62,0,0.0,0
21250,control,0.0,0,0.0,0
21251,control,0.0,1,89.16,0
21252,treatment,0.0,0,0.0,0
21253,control,0.0,0,0.0,0
21254,control,0.0,0,0.0,0
21255,treatment,51.38,0,0.0,0
21256,treatment,349.99,1,47.75,0
21257,control,53.52,0,0.0,0
21258,treatment,58.02,0,0.0,0
21259,control,0.0,0,0.0,0
21260,control,0.0,0,0.0,0
21261,treatment,0.0,0,0.0,0
21262,treatment,174.02,0,0.0,0
21263,control,0.0,0,0.0,0
21264,control,141.3,0,0.0,0
21265,treatment,0.0,0,0.0,0
21266,treatment,0.0,0,0.0,0
21267,treatment,56.73,1,76.33,0
21268,control,0.0,0,0.0,0
21269,control,165.6,0,0.0,0
21270,control,98.39,1,35.81,0
21271,control,0.0,0,0.0,0
21272,control,0.0,0,0.0,0
21273,control,56.4,0,0.0,0
21274,control,29.97,1,41.13,0
21275,control,0.0,0,0.0,0
21276,control,38.22,0,0.0,0
21277,control,47.22,0,0.0,0
21278,treatment,134.99,0,0.0,0
21279,treatment,0.0,1,52.47,0
21280,treatment,0.0,0,0.0,0
21281,treatment,0.0,0,0.0,0
21282,treatment,277.33,0,0.0,0
21283,treatment,0.0,0,0.0,0
21284,treatment,0.0,0,0.0,0
21285,control,41.25,0,0.0,0
21286,control,0.0,1,28.88,0
21287,control,40.8,0,0.0,0
21288,control,34.56,0,0.0,0
21289,control,55.66,0,0.0,0
21290,control,33.14,0,0.0,0
21291,treatment,0.0,0,0.0,0
21292,treatment,0.0,1,80.48,0
21293,treatment,0.0,0,0.0,0
21294,control,0.0,0,0.0,0
21295,control,0.0,0,0.0,0
21296,control,0.0,0,0.0,0
21297,control,0.0,0,0.0,0
21298,treatment,29.36,0,0.0,0
21299,control,0.0,0,0.0,0
21300,treatment,70.08,0,0.0,0
21301,control,0.0,0,0.0,0
21302,control,0.0,0,0.0,0
21303,control,0.0,0,0.0,0
21304,treatment,73.83,0,0.0,0
21305,treatment,106.94,0,0.0,0
21306,treatment,67.31,0,0.0,0
21307,control,0.0,0,0.0,0
21308,treatment,47.8,0,0.0,0
21309,control,0.0,0,0.0,0
21310,control,162.84,0,0.0,0
21311,treatment,90.59,0,0.0,0
21312,treatment,1135.21,1,41.81,0
21313,control,59.14,1,163.23,0
21314,treatment,0.0,1,28.64,0
21315,treatment,49.88,0,0.0,0
21316,treatment,0.0,0,0.0,0
21317,control,58.96,0,0.0,0
21318,treatment,0.0,1,86.9,0
21319,control,0.0,0,0.0,0
21320,control,71.92,1,57.23,0
21321,control,100.05,0,0.0,0
21322,treatment,234.69,0,0.0,0
21323,control,0.0,1,60.53,0
21324,control,0.0,0,0.0,0
21325,control,59.33,0,0.0,0
21326,treatment,0.0,0,0.0,0
21327,treatment,86.6,0,0.0,0
21328,treatment,85.99,0,0.0,0
21329,control,550.55,1,156.87,0
21330,control,0.0,0,0.0,0
21331,treatment,134.24,0,0.0,0
21332,treatment,0.0,0,0.0,0
21333,control,0.0,0,0.0,0
21334,treatment,0.0,0,0.0,0
21335,control,0.0,0,0.0,0
21336,control,71.16,0,0.0,0
21337,treatment,57.58,0,0.0,0
21338,control,0.0,0,0.0,0
21339,treatment,0.0,0,0.0,0
21340,treatment,0.0,0,0.0,0
21341,treatment,54.41,0,0.0,0
21342,control,31.99,0,0.0,0
21343,treatment,0.0,0,0.0,0
21344,control,40.69,0,0.0,0
21345,control,0.0,0,0.0,0
21346,treatment,0.0,0,0.0,0
21347,treatment,410.05,0,0.0,0
21348,control,79.37,0,0.0,0
21349,control,24.43,0,0.0,0
21350,control,115.38,0,0.0,0
21351,treatment,435.07,0,0.0,0
21352,treatment,0.0,0,0.0,0
21353,treatment,0.0,0,0.0,0
21354,control,258.49,1,32.61,0
21355,control,181.37,0,0.0,0
21356,treatment,0.0,0,0.0,0
21357,treatment,0.0,1,18.31,0
21358,control,49.83,0,0.0,0
21359,control,0.0,0,0.0,0
21360,treatment,31.25,0,0.0,0
21361,treatment,42.39,0,0.0,0
21362,control,35.34,0,0.0,0
21363,treatment,185.79,0,0.0,0
21364,treatment,0.0,0,0.0,0
21365,control,208.92,1,40.73,0
21366,control,0.0,0,0.0,0
21367,control,44.25,0,0.0,0
21368,control,98.11,0,0.0,0
21369,treatment,55.58,0,0.0,0
21370,control,474.29,1,89.15,0
21371,control,39.09,0,0.0,0
21372,control,0.0,0,0.0,0
21373,control,0.0,0,0.0,0
21374,treatment,138.55,0,0.0,0
21375,treatment,210.22,1,69.29,0
21376,control,46.04,0,0.0,0
21377,treatment,0.0,0,0.0,0
21378,control,0.0,0,0.0,0
21379,treatment,0.0,0,0.0,0
21380,control,44.21,0,0.0,0
21381,treatment,99.01,1,66.54,0
21382,control,61.59,0,0.0,0
21383,treatment,58.11,0,0.0,0
21384,treatment,80.7,0,0.0,0
21385,control,0.0,0,0.0,0
21386,control,0.0,0,0.0,0
21387,control,76.32,0,0.0,0
21388,control,65.22,0,0.0,0
21389,control,182.76,0,0.0,0
21390,treatment,0.0,1,22.18,0
21391,treatment,0.0,0,0.0,0
21392,treatment,0.0,0,0.0,0
21393,treatment,0.0,0,0.0,0
21394,control,48.02,0,0.0,0
21395,control,151.21,0,0.0,0
21396,control,186.53,0,0.0,0
21397,control,0.0,0,0.0,0
21398,treatment,91.33,0,0.0,0
21399,treatment,0.0,0,0.0,0
21400,control,161.96,1,61.26,0
21401,treatment,0.0,1,33.94,1
21402,treatment,54.59,0,0.0,0
21403,control,0.0,0,0.0,0
21404,control,104.48,0,0.0,0
21405,treatment,0.0,0,0.0,0
21406,control,0.0,0,0.0,0
21407,control,71.63,0,0.0,0
21408,treatment,0.0,0,0.0,0
21409,control,0.0,0,0.0,0
21410,treatment,0.0,0,0.0,0
21411,control,54.56,0,0.0,0
21412,treatment,181.0,0,0.0,0
21413,control,0.0,0,0.0,0
21414,treatment,0.0,0,0.0,0
21415,control,0.0,0,0.0,0
21416,control,58.03,0,0.0,0
21417,treatment,157.42,0,0.0,0
21418,control,0.0,1,91.22,0
21419,control,69.62,1,162.74,0
21420,treatment,31.71,0,0.0,0
21421,treatment,0.0,1,64.01,0
21422,control,53.32,0,0.0,0
21423,treatment,60.45,0,0.0,0
21424,control,58.2,0,0.0,0
21425,treatment,0.0,1,64.72,0
21426,treatment,180.66,0,0.0,0
21427,treatment,38.16,0,0.0,0
21428,control,63.7,0,0.0,0
21429,control,0.0,0,0.0,0
21430,treatment,0.0,0,0.0,0
21431,treatment,154.93,1,28.49,0
21432,control,0.0,0,0.0,0
21433,control,0.0,0,0.0,0
21434,treatment,117.94,0,0.0,0
21435,treatment,58.15,1,28.68,0
21436,treatment,498.72,0,0.0,0
21437,control,0.0,0,0.0,0
21438,treatment,0.0,0,0.0,0
21439,treatment,0.0,0,0.0,0
21440,control,0.0,0,0.0,0
21441,control,67.93,0,0.0,0
21442,treatment,55.78,0,0.0,0
21443,treatment,0.0,0,0.0,0
21444,control,0.0,0,0.0,0
21445,control,70.97,0,0.0,0
21446,control,61.16,0,0.0,0
21447,control,0.0,0,0.0,0
21448,treatment,0.0,0,0.0,0
21449,control,84.82,1,75.23,0
21450,control,0.0,0,0.0,0
21451,control,0.0,1,117.3,0
21452,treatment,0.0,0,0.0,0
21453,control,202.37,1,157.81,0
21454,control,0.0,0,0.0,0
21455,control,0.0,0,0.0,0
21456,control,0.0,0,0.0,0
21457,treatment,0.0,0,0.0,0
21458,control,35.69,0,0.0,0
21459,treatment,0.0,0,0.0,0
21460,treatment,0.0,0,0.0,0
21461,treatment,0.0,0,0.0,0
21462,treatment,0.0,0,0.0,0
21463,treatment,0.0,0,0.0,0
21464,treatment,0.0,0,0.0,0
21465,treatment,31.99,0,0.0,0
21466,treatment,0.0,0,0.0,0
21467,treatment,45.45,1,72.53,0
21468,control,0.0,0,0.0,0
21469,control,73.66,0,0.0,0
21470,control,0.0,0,0.0,0
21471,control,0.0,0,0.0,0
21472,control,47.36,0,0.0,0
21473,control,0.0,0,0.0,0
21474,treatment,405.4,0,0.0,0
21475,control,74.57,0,0.0,0
21476,control,45.34,0,0.0,0
21477,treatment,0.0,0,0.0,0
21478,treatment,33.31,1,22.31,1
21479,treatment,90.52,0,0.0,0
21480,treatment,47.17,0,0.0,0
21481,treatment,306.22,0,0.0,0
21482,control,0.0,0,0.0,0
21483,control,144.44,0,0.0,0
21484,control,190.69,0,0.0,0
21485,control,0.0,0,0.0,0
21486,control,308.94,1,118.36,0
21487,control,0.0,0,0.0,0
21488,treatment,107.29,0,0.0,0
21489,control,138.44,0,0.0,0
21490,treatment,0.0,0,0.0,0
21491,treatment,42.2,0,0.0,0
21492,control,0.0,0,0.0,0
21493,treatment,0.0,0,0.0,0
21494,control,0.0,0,0.0,0
21495,control,0.0,0,0.0,0
21496,control,0.0,0,0.0,0
21497,treatment,50.08,0,0.0,0
21498,control,33.54,0,0.0,0
21499,treatment,104.98,0,0.0,0
21500,treatment,0.0,0,0.0,0
21501,control,0.0,0,0.0,0
21502,control,92.61,0,0.0,0
21503,treatment,0.0,0,0.0,0
21504,treatment,0.0,0,0.0,0
21505,treatment,56.26,0,0.0,0
21506,control,0.0,0,0.0,0
21507,treatment,81.11,1,102.74,0
21508,treatment,0.0,0,0.0,0
21509,control,0.0,0,0.0,0
21510,treatment,0.0,0,0.0,0
21511,control,0.0,0,0.0,0
21512,control,142.71,1,15.66,0
21513,treatment,0.0,0,0.0,0
21514,treatment,139.24,0,0.0,0
21515,treatment,47.06,0,0.0,0
21516,control,112.6,0,0.0,0
21517,treatment,72.28,0,0.0,0
21518,treatment,0.0,0,0.0,0
21519,control,51.97,0,0.0,0
21520,treatment,0.0,0,0.0,0
21521,control,0.0,0,0.0,0
21522,control,0.0,0,0.0,0
21523,treatment,397.68,0,0.0,0
21524,control,0.0,0,0.0,0
21525,control,0.0,0,0.0,0
21526,treatment,173.3,0,0.0,0
21527,treatment,0.0,0,0.0,0
21528,treatment,43.12,0,0.0,0
21529,treatment,0.0,0,0.0,0
21530,control,0.0,0,0.0,0
21531,treatment,0.0,0,0.0,0
21532,control,31.8,0,0.0,0
21533,treatment,0.0,0,0.0,0
21534,treatment,79.98,0,0.0,0
21535,treatment,0.0,0,0.0,0
21536,treatment,0.0,0,0.0,0
21537,treatment,0.0,0,0.0,0
21538,treatment,0.0,0,0.0,0
21539,control,0.0,0,0.0,0
21540,treatment,0.0,0,0.0,0
21541,treatment,245.7,0,0.0,0
21542,treatment,127.56,0,0.0,0
21543,treatment,49.26,0,0.0,0
21544,control,77.94,0,0.0,0
21545,treatment,0.0,0,0.0,0
21546,control,0.0,0,0.0,0
21547,control,0.0,0,0.0,0
21548,control,0.0,0,0.0,0
21549,control,82.74,0,0.0,0
21550,control,0.0,0,0.0,0
21551,control,81.98,0,0.0,0
21552,control,0.0,0,0.0,0
21553,treatment,52.99,0,0.0,0
21554,control,32.88,0,0.0,0
21555,treatment,79.54,0,0.0,0
21556,control,0.0,0,0.0,0
21557,control,0.0,0,0.0,0
21558,treatment,0.0,1,18.14,0
21559,treatment,0.0,0,0.0,0
21560,control,0.0,0,0.0,0
21561,treatment,421.46,1,26.44,0
21562,treatment,0.0,0,0.0,0
21563,control,0.0,0,0.0,0
21564,treatment,0.0,0,0.0,0
21565,control,66.43,0,0.0,0
21566,treatment,44.19,1,42.76,0
21567,treatment,37.58,0,0.0,0
21568,control,48.71,0,0.0,0
21569,treatment,0.0,0,0.0,0
21570,control,0.0,0,0.0,0
21571,control,53.61,0,0.0,0
21572,treatment,20.35,0,0.0,0
21573,control,70.66,0,0.0,0
21574,treatment,51.8,0,0.0,0
21575,control,0.0,0,0.0,0
21576,control,0.0,0,0.0,0
21577,control,634.06,1,23.45,0
21578,control,105.98,0,0.0,0
21579,control,0.0,0,0.0,0
21580,control,0.0,0,0.0,0
21581,control,0.0,0,0.0,0
21582,treatment,0.0,1,56.97,0
21583,control,382.14,1,56.55,0
21584,treatment,333.67,0,0.0,0
21585,treatment,64.07,0,0.0,0
21586,treatment,0.0,0,0.0,0
21587,control,0.0,0,0.0,0
21588,control,0.0,0,0.0,0
21589,treatment,77.42,0,0.0,0
21590,treatment,0.0,0,0.0,0
21591,control,0.0,0,0.0,0
21592,treatment,0.0,0,0.0,0
21593,treatment,0.0,0,0.0,0
21594,control,0.0,0,0.0,0
21595,treatment,0.0,0,0.0,0
21596,control,29.34,0,0.0,0
21597,treatment,145.78,0,0.0,0
21598,control,49.72,0,0.0,0
21599,control,0.0,0,0.0,0
21600,control,120.54,0,0.0,0
21601,control,0.0,0,0.0,0
21602,control,346.56,0,0.0,0
21603,treatment,0.0,0,0.0,0
21604,treatment,0.0,0,0.0,0
21605,control,24.78,1,97.25,0
21606,control,0.0,0,0.0,0
21607,treatment,251.26,1,110.65,0
21608,control,0.0,0,0.0,0
21609,control,0.0,0,0.0,0
21610,treatment,0.0,0,0.0,0
21611,treatment,47.17,0,0.0,0
21612,control,0.0,0,0.0,0
21613,treatment,57.89,0,0.0,0
21614,treatment,61.55,0,0.0,0
21615,control,90.83,0,0.0,0
21616,treatment,180.29,0,0.0,0
21617,treatment,46.01,0,0.0,0
21618,treatment,66.22,0,0.0,0
21619,treatment,53.88,0,0.0,0
21620,treatment,0.0,0,0.0,0
21621,treatment,212.63,0,0.0,0
21622,control,48.86,0,0.0,0
21623,control,98.17,0,0.0,0
21624,control,69.33,0,0.0,0
21625,treatment,0.0,0,0.0,0
21626,control,253.87,0,0.0,0
21627,control,0.0,0,0.0,0
21628,treatment,47.99,0,0.0,0
21629,control,0.0,0,0.0,0
21630,control,144.71,0,0.0,0
21631,treatment,0.0,0,0.0,0
21632,treatment,0.0,0,0.0,0
21633,control,0.0,0,0.0,0
21634,control,0.0,0,0.0,0
21635,control,138.17,0,0.0,0
21636,treatment,0.0,1,137.55,0
21637,treatment,0.0,0,0.0,0
21638,control,45.33,0,0.0,0
21639,treatment,0.0,0,0.0,0
21640,treatment,0.0,0,0.0,0
21641,control,0.0,0,0.0,0
21642,treatment,115.43,1,46.96,0
21643,control,235.73,1,56.22,0
21644,treatment,77.06,0,0.0,0
21645,treatment,0.0,0,0.0,0
21646,control,103.25,0,0.0,0
21647,treatment,25.3,0,0.0,0
21648,treatment,0.0,0,0.0,0
21649,treatment,0.0,0,0.0,0
21650,treatment,0.0,0,0.0,0
21651,treatment,0.0,0,0.0,0
21652,control,0.0,0,0.0,0
21653,treatment,139.77,1,39.78,0
21654,control,0.0,0,0.0,0
21655,treatment,0.0,1,67.15,0
21656,control,0.0,0,0.0,0
21657,control,40.82,0,0.0,0
21658,treatment,0.0,0,0.0,0
21659,treatment,167.86,0,0.0,0
21660,treatment,0.0,0,0.0,0
21661,control,0.0,0,0.0,0
21662,treatment,38.44,0,0.0,0
21663,control,0.0,0,0.0,0
21664,treatment,0.0,0,0.0,0
21665,treatment,41.75,0,0.0,0
21666,control,134.24,0,0.0,0
21667,control,102.07,0,0.0,0
21668,control,0.0,0,0.0,0
21669,control,33.51,0,0.0,0
21670,control,69.53,1,37.21,0
21671,treatment,0.0,1,47.48,0
21672,treatment,0.0,0,0.0,0
21673,control,0.0,0,0.0,0
21674,control,0.0,0,0.0,0
21675,treatment,199.19,0,0.0,0
21676,control,0.0,0,0.0,0
21677,control,0.0,0,0.0,0
21678,control,0.0,0,0.0,0
21679,control,0.0,0,0.0,0
21680,treatment,0.0,0,0.0,0
21681,treatment,0.0,0,0.0,0
21682,control,135.1,0,0.0,0
21683,control,68.2,0,0.0,0
21684,treatment,47.2,0,0.0,0
21685,treatment,0.0,0,0.0,0
21686,control,0.0,0,0.0,0
21687,treatment,167.88,1,49.74,0
21688,control,350.8,1,26.37,0
21689,control,0.0,0,0.0,0
21690,control,138.02,1,68.45,0
21691,control,0.0,0,0.0,0
21692,treatment,186.2,0,0.0,0
21693,control,0.0,0,0.0,0
21694,treatment,158.42,0,0.0,0
21695,treatment,143.84,0,0.0,0
21696,treatment,0.0,0,0.0,0
21697,treatment,380.59,0,0.0,0
21698,treatment,0.0,0,0.0,0
21699,control,0.0,0,0.0,0
21700,control,0.0,0,0.0,0
21701,treatment,0.0,0,0.0,0
21702,treatment,35.66,0,0.0,0
21703,treatment,67.33,0,0.0,0
21704,control,44.39,0,0.0,0
21705,control,0.0,0,0.0,0
21706,control,400.25,1,55.59,0
21707,treatment,82.95,1,70.65,0
21708,control,0.0,0,0.0,0
21709,control,174.99,0,0.0,0
21710,control,33.0,0,0.0,0
21711,control,103.15,1,96.79,0
21712,treatment,0.0,0,0.0,0
21713,control,0.0,0,0.0,0
21714,treatment,0.0,0,0.0,0
21715,control,45.41,0,0.0,0
21716,control,0.0,0,0.0,0
21717,treatment,152.0,0,0.0,0
21718,treatment,0.0,0,0.0,0
21719,treatment,74.0,0,0.0,0
21720,control,36.37,1,35.45,0
21721,control,0.0,0,0.0,0
21722,treatment,0.0,0,0.0,0
21723,treatment,0.0,0,0.0,0
21724,control,28.11,0,0.0,0
21725,treatment,0.0,0,0.0,0
21726,control,0.0,0,0.0,0
21727,treatment,0.0,0,0.0,0
21728,treatment,43.77,0,0.0,0
21729,control,0.0,0,0.0,0
21730,treatment,93.1,0,0.0,0
21731,control,370.0,0,0.0,0
21732,control,0.0,0,0.0,0
21733,control,0.0,0,0.0,0
21734,treatment,0.0,0,0.0,0
21735,control,0.0,0,0.0,0
21736,treatment,152.04,1,71.56,1
21737,treatment,57.45,0,0.0,0
21738,control,81.4,0,0.0,0
21739,control,0.0,0,0.0,0
21740,treatment,59.73,0,0.0,0
21741,treatment,124.09,0,0.0,0
21742,control,142.76,0,0.0,0
21743,treatment,64.09,0,0.0,0
21744,control,144.0,0,0.0,0
21745,control,61.09,0,0.0,0
21746,control,89.56,0,0.0,0
21747,treatment,0.0,0,0.0,0
21748,control,150.48,0,0.0,0
21749,control,0.0,0,0.0,0
21750,treatment,61.14,0,0.0,0
21751,control,37.5,0,0.0,0
21752,treatment,0.0,0,0.0,0
21753,control,221.23,0,0.0,0
21754,treatment,0.0,1,27.56,0
21755,control,0.0,0,0.0,0
21756,control,374.83,1,120.54,0
21757,control,0.0,1,17.2,0
21758,control,64.29,0,0.0,0
21759,treatment,57.58,0,0.0,0
21760,treatment,117.27,0,0.0,0
21761,control,70.74,0,0.0,0
21762,control,39.35,0,0.0,0
21763,treatment,0.0,0,0.0,0
21764,treatment,0.0,1,45.69,0
21765,treatment,150.9,0,0.0,0
21766,treatment,86.93,0,0.0,0
21767,treatment,81.31,0,0.0,0
21768,control,48.09,0,0.0,0
21769,control,35.65,0,0.0,0
21770,treatment,0.0,1,47.2,0
21771,control,83.01,0,0.0,0
21772,control,185.0,0,0.0,0
21773,control,0.0,1,43.74,0
21774,treatment,57.62,0,0.0,0
21775,treatment,0.0,0,0.0,0
21776,control,58.44,0,0.0,0
21777,control,57.26,0,0.0,0
21778,treatment,109.68,0,0.0,0
21779,control,119.36,0,0.0,0
21780,treatment,17.86,0,0.0,0
21781,treatment,74.41,0,0.0,0
21782,treatment,231.37,0,0.0,0
21783,control,135.52,0,0.0,0
21784,treatment,201.44,0,0.0,0
21785,treatment,0.0,0,0.0,0
21786,control,0.0,0,0.0,0
21787,control,0.0,0,0.0,0
21788,treatment,80.65,0,0.0,0
21789,control,0.0,0,0.0,0
21790,treatment,41.2,0,0.0,0
21791,treatment,0.0,0,0.0,0
21792,treatment,0.0,0,0.0,0
21793,treatment,65.84,0,0.0,0
21794,control,0.0,0,0.0,0
21795,control,0.0,0,0.0,0
21796,control,0.0,0,0.0,0
21797,control,24.59,0,0.0,0
21798,control,45.58,0,0.0,0
21799,control,394.67,0,0.0,0
21800,treatment,77.04,0,0.0,0
21801,treatment,61.96,0,0.0,0
21802,control,0.0,1,57.93,0
21803,treatment,0.0,0,0.0,0
21804,control,48.7,1,108.33,0
21805,treatment,66.08,0,0.0,0
21806,treatment,42.81,0,0.0,0
21807,treatment,0.0,0,0.0,0
21808,treatment,0.0,0,0.0,0
21809,control,0.0,0,0.0,0
21810,control,0.0,0,0.0,0
21811,treatment,48.08,0,0.0,0
21812,treatment,42.09,0,0.0,0
21813,treatment,0.0,0,0.0,0
21814,control,172.0,1,43.04,0
21815,treatment,0.0,0,0.0,0
21816,treatment,0.0,0,0.0,0
21817,treatment,37.59,0,0.0,0
21818,control,172.4,0,0.0,0
21819,control,72.44,0,0.0,0
21820,treatment,152.97,0,0.0,0
21821,control,43.56,1,75.07,0
21822,control,73.31,0,0.0,0
21823,treatment,301.67,0,0.0,0
21824,treatment,0.0,0,0.0,0
21825,treatment,0.0,0,0.0,0
21826,treatment,47.27,0,0.0,0
21827,treatment,31.15,0,0.0,0
21828,control,81.33,1,189.66,0
21829,treatment,111.24,0,0.0,0
21830,treatment,84.57,0,0.0,0
21831,treatment,47.8,0,0.0,0
21832,control,149.92,0,0.0,0
21833,treatment,288.94,0,0.0,0
21834,treatment,0.0,0,0.0,0
21835,control,344.92,0,0.0,0
21836,control,0.0,0,0.0,0
21837,treatment,0.0,0,0.0,0
21838,control,121.11,0,0.0,0
21839,treatment,0.0,0,0.0,0
21840,treatment,0.0,0,0.0,0
21841,treatment,0.0,1,68.06,0
21842,treatment,48.35,0,0.0,0
21843,control,53.75,0,0.0,0
21844,treatment,0.0,0,0.0,0
21845,treatment,58.44,0,0.0,0
21846,control,0.0,0,0.0,0
21847,treatment,152.6,0,0.0,0
21848,control,945.0,1,340.74,0
21849,treatment,0.0,0,0.0,0
21850,control,0.0,0,0.0,0
21851,treatment,0.0,0,0.0,0
21852,control,22.91,0,0.0,0
21853,treatment,0.0,0,0.0,0
21854,control,495.41,0,0.0,0
21855,control,26.91,0,0.0,0
21856,treatment,0.0,1,84.06,0
21857,treatment,50.64,0,0.0,0
21858,treatment,75.03,1,48.78,1
21859,control,0.0,0,0.0,0
21860,treatment,55.32,0,0.0,0
21861,control,0.0,1,37.83,0
21862,treatment,0.0,0,0.0,0
21863,control,94.48,0,0.0,0
21864,control,0.0,0,0.0,0
21865,control,0.0,0,0.0,0
21866,control,34.08,0,0.0,0
21867,control,0.0,0,0.0,0
21868,control,40.32,0,0.0,0
21869,treatment,0.0,0,0.0,0
21870,control,0.0,0,0.0,0
21871,treatment,0.0,0,0.0,0
21872,control,0.0,0,0.0,0
21873,control,0.0,0,0.0,0
21874,treatment,16.55,0,0.0,0
21875,control,0.0,0,0.0,0
21876,control,0.0,0,0.0,0
21877,treatment,243.48,0,0.0,0
21878,treatment,0.0,0,0.0,0
21879,treatment,0.0,0,0.0,0
21880,treatment,176.73,1,96.61,0
21881,treatment,51.99,0,0.0,0
21882,control,237.04,0,0.0,0
21883,control,0.0,0,0.0,0
21884,control,0.0,0,0.0,0
21885,treatment,294.61,0,0.0,0
21886,treatment,0.0,0,0.0,0
21887,treatment,0.0,0,0.0,0
21888,control,0.0,0,0.0,0
21889,treatment,0.0,0,0.0,0
21890,control,0.0,0,0.0,0
21891,control,0.0,0,0.0,0
21892,treatment,106.94,0,0.0,0
21893,control,110.31,1,91.03,0
21894,control,0.0,0,0.0,0
21895,treatment,0.0,0,0.0,0
21896,treatment,0.0,0,0.0,0
21897,control,0.0,0,0.0,0
21898,treatment,140.17,0,0.0,0
21899,control,0.0,1,37.59,0
21900,control,0.0,0,0.0,0
21901,treatment,0.0,1,42.82,0
21902,treatment,162.54,0,0.0,0
21903,treatment,90.06,0,0.0,0
21904,treatment,0.0,0,0.0,0
21905,control,56.51,0,0.0,0
21906,control,23.38,0,0.0,0
21907,control,0.0,0,0.0,0
21908,treatment,0.0,0,0.0,0
21909,control,0.0,0,0.0,0
21910,control,0.0,0,0.0,0
21911,control,73.37,1,47.94,0
21912,treatment,70.56,1,143.97,0
21913,treatment,0.0,0,0.0,0
21914,treatment,56.45,0,0.0,0
21915,control,0.0,0,0.0,0
21916,control,344.65,0,0.0,0
21917,treatment,85.31,0,0.0,0
21918,treatment,82.38,0,0.0,0
21919,treatment,0.0,0,0.0,0
21920,control,49.07,0,0.0,0
21921,control,53.87,0,0.0,0
21922,control,263.26,0,0.0,0
21923,control,0.0,0,0.0,0
21924,treatment,0.0,0,0.0,0
21925,treatment,0.0,0,0.0,0
21926,treatment,41.29,0,0.0,0
21927,treatment,90.16,1,47.13,0
21928,treatment,74.33,0,0.0,0
21929,treatment,131.28,1,96.97,0
21930,treatment,22.76,0,0.0,0
21931,treatment,0.0,0,0.0,0
21932,control,0.0,0,0.0,0
21933,treatment,0.0,0,0.0,0
21934,treatment,44.04,0,0.0,0
21935,control,0.0,0,0.0,0
21936,treatment,0.0,0,0.0,0
21937,control,0.0,0,0.0,0
21938,treatment,0.0,0,0.0,0
21939,control,319.05,1,39.63,0
21940,control,50.27,0,0.0,0
21941,treatment,0.0,0,0.0,0
21942,treatment,0.0,0,0.0,0
21943,control,0.0,0,0.0,0
21944,control,90.78,0,0.0,0
21945,treatment,178.21,1,40.85,0
21946,treatment,0.0,0,0.0,0
21947,control,0.0,0,0.0,0
21948,treatment,66.24,0,0.0,0
21949,control,0.0,0,0.0,0
21950,treatment,26.25,0,0.0,0
21951,control,0.0,0,0.0,0
21952,treatment,29.72,0,0.0,0
21953,treatment,0.0,0,0.0,0
21954,control,70.08,0,0.0,0
21955,control,38.54,0,0.0,0
21956,control,0.0,0,0.0,0
21957,control,0.0,0,0.0,0
21958,control,46.47,0,0.0,0
21959,treatment,0.0,0,0.0,0
21960,treatment,0.0,0,0.0,0
21961,treatment,81.53,0,0.0,0
21962,control,44.38,0,0.0,0
21963,control,0.0,0,0.0,0
21964,treatment,87.2,0,0.0,0
21965,treatment,0.0,1,43.02,0
21966,control,0.0,0,0.0,0
21967,control,0.0,0,0.0,0
21968,control,86.72,0,0.0,0
21969,treatment,47.4,1,87.64,0
21970,treatment,49.98,0,0.0,0
21971,treatment,0.0,0,0.0,0
21972,control,114.9,1,65.25,0
21973,treatment,29.39,0,0.0,0
21974,treatment,22.21,0,0.0,0
21975,control,0.0,1,32.98,0
21976,control,0.0,0,0.0,0
21977,control,0.0,0,0.0,0
21978,treatment,0.0,0,0.0,0
21979,control,36.84,0,0.0,0
21980,treatment,74.8,0,0.0,0
21981,treatment,0.0,0,0.0,0
21982,treatment,144.97,0,0.0,0
21983,control,0.0,0,0.0,0
21984,treatment,50.51,0,0.0,0
21985,control,0.0,0,0.0,0
21986,control,0.0,0,0.0,0
21987,control,0.0,0,0.0,0
21988,treatment,208.77,0,0.0,0
21989,control,0.0,0,0.0,0
21990,treatment,63.16,0,0.0,0
21991,treatment,70.09,0,0.0,0
21992,treatment,0.0,0,0.0,0
21993,treatment,0.0,0,0.0,0
21994,treatment,0.0,0,0.0,0
21995,treatment,0.0,0,0.0,0
21996,treatment,273.78,1,78.66,0
21997,treatment,0.0,0,0.0,0
21998,control,37.1,0,0.0,0
21999,control,0.0,0,0.0,0
22000,treatment,0.0,1,78.66,1
22001,treatment,0.0,1,22.99,0
22002,treatment,0.0,0,0.0,0
22003,treatment,0.0,0,0.0,0
22004,treatment,0.0,0,0.0,0
22005,treatment,0.0,0,0.0,0
22006,treatment,197.86,1,43.62,0
22007,control,0.0,0,0.0,0
22008,treatment,0.0,0,0.0,0
22009,treatment,60.23,0,0.0,0
22010,treatment,50.59,0,0.0,0
22011,control,86.68,0,0.0,0
22012,control,28.03,0,0.0,0
22013,control,0.0,0,0.0,0
22014,control,40.47,0,0.0,0
22015,treatment,0.0,0,0.0,0
22016,control,0.0,0,0.0,0
22017,control,296.62,0,0.0,0
22018,control,64.74,0,0.0,0
22019,treatment,0.0,0,0.0,0
22020,treatment,0.0,0,0.0,0
22021,treatment,0.0,0,0.0,0
22022,control,63.76,0,0.0,0
22023,control,0.0,0,0.0,0
22024,treatment,0.0,0,0.0,0
22025,treatment,0.0,0,0.0,0
22026,treatment,0.0,0,0.0,0
22027,control,0.0,0,0.0,0
22028,treatment,0.0,1,69.46,0
22029,control,0.0,0,0.0,0
22030,control,0.0,0,0.0,0
22031,treatment,0.0,0,0.0,0
22032,treatment,42.46,0,0.0,0
22033,control,28.11,0,0.0,0
22034,control,0.0,0,0.0,0
22035,control,0.0,0,0.0,0
22036,treatment,66.5,0,0.0,0
22037,control,69.56,0,0.0,0
22038,control,0.0,0,0.0,0
22039,control,0.0,0,0.0,0
22040,control,70.3,0,0.0,0
22041,treatment,44.73,0,0.0,0
22042,control,0.0,0,0.0,0
22043,treatment,35.98,0,0.0,0
22044,treatment,113.04,1,28.1,0
22045,treatment,147.79,0,0.0,0
22046,treatment,23.95,0,0.0,0
22047,control,0.0,0,0.0,0
22048,control,0.0,0,0.0,0
22049,control,47.63,0,0.0,0
22050,treatment,75.27,0,0.0,0
22051,treatment,434.9,0,0.0,0
22052,control,47.55,0,0.0,0
22053,control,0.0,0,0.0,0
22054,control,0.0,0,0.0,0
22055,treatment,0.0,0,0.0,0
22056,treatment,0.0,0,0.0,0
22057,control,0.0,0,0.0,0
22058,treatment,0.0,0,0.0,0
22059,control,0.0,0,0.0,0
22060,control,1005.91,0,0.0,0
22061,treatment,99.66,0,0.0,0
22062,treatment,88.82,0,0.0,0
22063,control,70.68,0,0.0,0
22064,treatment,0.0,0,0.0,0
22065,control,0.0,0,0.0,0
22066,treatment,0.0,0,0.0,0
22067,treatment,192.82,0,0.0,0
22068,treatment,97.44,0,0.0,0
22069,treatment,185.62,1,70.36,0
22070,control,0.0,0,0.0,0
22071,treatment,0.0,0,0.0,0
22072,treatment,1525.4,1,101.27,0
22073,control,0.0,0,0.0,0
22074,treatment,0.0,0,0.0,0
22075,treatment,136.39,0,0.0,0
22076,control,0.0,0,0.0,0
22077,treatment,286.4,1,75.81,0
22078,control,109.26,1,122.06,1
22079,treatment,85.46,0,0.0,0
22080,control,0.0,0,0.0,0
22081,control,207.73,0,0.0,0
22082,control,0.0,0,0.0,0
22083,control,0.0,0,0.0,0
22084,control,0.0,0,0.0,0
22085,control,0.0,1,34.41,0
22086,treatment,26.98,0,0.0,0
22087,treatment,184.44,1,76.01,0
22088,treatment,52.21,0,0.0,0
22089,control,0.0,0,0.0,0
22090,control,0.0,0,0.0,0
22091,treatment,0.0,0,0.0,0
22092,treatment,50.92,0,0.0,0
22093,control,101.13,0,0.0,0
22094,treatment,0.0,0,0.0,0
22095,control,47.22,0,0.0,0
22096,treatment,89.61,0,0.0,0
22097,control,0.0,0,0.0,0
22098,control,121.2,0,0.0,0
22099,control,0.0,0,0.0,0
22100,treatment,85.84,0,0.0,0
22101,treatment,55.37,1,59.38,0
22102,control,0.0,0,0.0,0
22103,control,0.0,0,0.0,0
22104,control,209.01,0,0.0,0
22105,control,33.57,0,0.0,0
22106,control,0.0,0,0.0,0
22107,treatment,0.0,0,0.0,0
22108,treatment,66.5,0,0.0,0
22109,treatment,171.74,0,0.0,0
22110,treatment,52.67,0,0.0,0
22111,control,0.0,0,0.0,0
22112,control,0.0,0,0.0,0
22113,control,159.99,0,0.0,0
22114,control,39.64,0,0.0,0
22115,control,0.0,0,0.0,0
22116,treatment,63.23,1,59.87,0
22117,treatment,0.0,0,0.0,0
22118,treatment,0.0,0,0.0,0
22119,treatment,102.52,0,0.0,0
22120,control,0.0,0,0.0,0
22121,treatment,133.99,0,0.0,0
22122,treatment,0.0,0,0.0,0
22123,control,0.0,0,0.0,0
22124,control,118.4,1,40.98,0
22125,treatment,0.0,0,0.0,0
22126,control,0.0,0,0.0,0
22127,control,0.0,0,0.0,0
22128,control,0.0,0,0.0,0
22129,control,0.0,0,0.0,0
22130,control,168.96,0,0.0,0
22131,control,0.0,0,0.0,0
22132,treatment,63.17,0,0.0,0
22133,treatment,0.0,1,38.51,0
22134,control,178.04,0,0.0,0
22135,treatment,0.0,0,0.0,0
22136,treatment,0.0,0,0.0,0
22137,control,0.0,0,0.0,0
22138,treatment,0.0,0,0.0,0
22139,treatment,59.45,0,0.0,0
22140,control,0.0,0,0.0,0
22141,control,183.18,0,0.0,0
22142,control,34.17,0,0.0,0
22143,treatment,345.81,0,0.0,0
22144,treatment,0.0,0,0.0,0
22145,control,63.49,0,0.0,0
22146,treatment,0.0,0,0.0,0
22147,treatment,56.75,0,0.0,0
22148,treatment,0.0,1,83.56,0
22149,treatment,160.69,0,0.0,0
22150,control,55.49,0,0.0,0
22151,control,0.0,0,0.0,0
22152,treatment,0.0,0,0.0,0
22153,treatment,525.96,1,150.96,0
22154,treatment,0.0,0,0.0,0
22155,control,158.52,0,0.0,0
22156,treatment,0.0,0,0.0,0
22157,control,46.51,0,0.0,0
22158,control,112.37,0,0.0,0
22159,treatment,154.92,1,19.95,0
22160,treatment,0.0,0,0.0,0
22161,control,176.06,0,0.0,0
22162,treatment,52.72,0,0.0,0
22163,treatment,0.0,0,0.0,0
22164,control,66.53,0,0.0,0
22165,treatment,0.0,0,0.0,0
22166,control,209.24,0,0.0,0
22167,treatment,158.0,0,0.0,0
22168,control,49.32,0,0.0,0
22169,treatment,0.0,0,0.0,0
22170,control,178.58,0,0.0,0
22171,control,306.73,1,132.49,0
22172,treatment,0.0,0,0.0,0
22173,treatment,54.86,0,0.0,0
22174,control,171.22,0,0.0,0
22175,control,65.88,0,0.0,0
22176,treatment,405.61,0,0.0,0
22177,treatment,0.0,0,0.0,0
22178,treatment,312.55,0,0.0,0
22179,treatment,36.51,0,0.0,0
22180,treatment,66.94,0,0.0,0
22181,control,40.56,0,0.0,0
22182,treatment,0.0,0,0.0,0
22183,treatment,0.0,0,0.0,0
22184,treatment,0.0,1,32.44,0
22185,control,14.72,0,0.0,0
22186,treatment,52.96,0,0.0,0
22187,control,367.93,0,0.0,0
22188,control,0.0,0,0.0,0
22189,control,56.49,0,0.0,0
22190,treatment,0.0,0,0.0,0
22191,treatment,0.0,0,0.0,0
22192,control,257.79,0,0.0,0
22193,treatment,49.29,0,0.0,0
22194,treatment,0.0,0,0.0,0
22195,control,126.34,1,19.46,0
22196,control,160.41,0,0.0,0
22197,treatment,0.0,0,0.0,0
22198,control,32.2,0,0.0,0
22199,treatment,0.0,0,0.0,0
22200,treatment,29.1,0,0.0,0
22201,treatment,90.56,0,0.0,0
22202,control,0.0,0,0.0,0
22203,control,103.08,0,0.0,0
22204,treatment,0.0,1,53.86,0
22205,control,61.06,0,0.0,0
22206,treatment,0.0,0,0.0,0
22207,control,0.0,0,0.0,0
22208,treatment,44.3,0,0.0,0
22209,control,87.11,0,0.0,0
22210,treatment,22.39,0,0.0,0
22211,treatment,0.0,1,101.54,0
22212,control,0.0,0,0.0,0
22213,treatment,44.71,0,0.0,0
22214,control,0.0,0,0.0,0
22215,control,0.0,0,0.0,0
22216,control,59.01,0,0.0,0
22217,control,125.15,0,0.0,0
22218,control,0.0,0,0.0,0
22219,control,36.95,0,0.0,0
22220,control,90.63,0,0.0,0
22221,treatment,125.75,0,0.0,0
22222,control,131.18,0,0.0,0
22223,treatment,83.99,0,0.0,0
22224,control,0.0,0,0.0,0
22225,control,61.88,0,0.0,0
22226,treatment,46.83,0,0.0,0
22227,control,31.14,0,0.0,0
22228,treatment,0.0,0,0.0,0
22229,control,0.0,0,0.0,0
22230,treatment,226.28,1,92.05,0
22231,control,40.26,0,0.0,0
22232,treatment,0.0,0,0.0,0
22233,treatment,341.83,0,0.0,0
22234,treatment,82.76,0,0.0,0
22235,control,59.0,0,0.0,0
22236,control,46.58,0,0.0,0
22237,control,58.93,0,0.0,0
22238,control,106.62,0,0.0,0
22239,control,134.88,1,58.08,0
22240,treatment,0.0,0,0.0,0
22241,control,0.0,0,0.0,0
22242,control,0.0,0,0.0,0
22243,treatment,152.43,0,0.0,0
22244,treatment,35.0,0,0.0,0
22245,control,69.85,0,0.0,0
22246,control,61.65,0,0.0,0
22247,treatment,0.0,0,0.0,0
22248,control,53.25,0,0.0,0
22249,control,47.59,0,0.0,0
22250,control,0.0,0,0.0,0
22251,control,0.0,0,0.0,0
22252,treatment,0.0,0,0.0,0
22253,control,0.0,0,0.0,0
22254,control,0.0,0,0.0,0
22255,control,0.0,0,0.0,0
22256,control,43.57,0,0.0,0
22257,treatment,0.0,0,0.0,0
22258,treatment,0.0,0,0.0,0
22259,treatment,0.0,0,0.0,0
22260,treatment,0.0,0,0.0,0
22261,treatment,25.97,1,45.66,0
22262,control,0.0,0,0.0,0
22263,control,48.07,0,0.0,0
22264,control,0.0,0,0.0,0
22265,control,91.02,1,86.48,0
22266,control,44.6,0,0.0,0
22267,treatment,0.0,0,0.0,0
22268,treatment,75.95,1,101.01,0
22269,control,0.0,0,0.0,0
22270,control,0.0,0,0.0,0
22271,treatment,0.0,0,0.0,0
22272,treatment,52.58,0,0.0,0
22273,control,0.0,0,0.0,0
22274,control,0.0,0,0.0,0
22275,control,0.0,0,0.0,0
22276,treatment,0.0,0,0.0,0
22277,treatment,218.33,0,0.0,0
22278,treatment,0.0,0,0.0,0
22279,control,0.0,0,0.0,0
22280,control,59.5,0,0.0,0
22281,treatment,0.0,0,0.0,0
22282,control,30.88,0,0.0,0
22283,control,0.0,0,0.0,0
22284,treatment,246.82,0,0.0,0
22285,control,0.0,0,0.0,0
22286,control,64.48,0,0.0,0
22287,control,319.91,0,0.0,0
22288,control,0.0,0,0.0,0
22289,treatment,0.0,0,0.0,0
22290,treatment,104.94,0,0.0,0
22291,treatment,0.0,0,0.0,0
22292,treatment,0.0,0,0.0,0
22293,control,0.0,0,0.0,0
22294,treatment,42.18,0,0.0,0
22295,control,226.3,0,0.0,0
22296,treatment,0.0,0,0.0,0
22297,control,0.0,0,0.0,0
22298,control,73.8,0,0.0,0
22299,treatment,117.87,0,0.0,0
22300,treatment,0.0,0,0.0,0
22301,treatment,160.08,0,0.0,0
22302,treatment,160.99,0,0.0,0
22303,treatment,43.6,0,0.0,0
22304,treatment,0.0,0,0.0,0
22305,control,94.81,0,0.0,0
22306,treatment,0.0,0,0.0,0
22307,control,0.0,0,0.0,0
22308,control,27.3,0,0.0,0
22309,treatment,0.0,0,0.0,0
22310,treatment,57.73,0,0.0,0
22311,treatment,103.39,0,0.0,0
22312,treatment,0.0,0,0.0,0
22313,control,45.37,0,0.0,0
22314,treatment,114.07,0,0.0,0
22315,treatment,40.03,0,0.0,0
22316,treatment,193.96,1,52.23,0
22317,control,45.36,0,0.0,0
22318,control,0.0,0,0.0,0
22319,treatment,254.59,0,0.0,0
22320,control,257.73,1,102.52,0
22321,treatment,0.0,1,69.29,0
22322,treatment,65.68,0,0.0,0
22323,treatment,551.13,1,61.94,0
22324,control,0.0,0,0.0,0
22325,treatment,77.26,0,0.0,0
22326,control,0.0,0,0.0,0
22327,treatment,56.85,0,0.0,0
22328,control,367.77,1,267.89,0
22329,control,109.27,0,0.0,0
22330,control,0.0,0,0.0,0
22331,treatment,0.0,0,0.0,0
22332,treatment,0.0,0,0.0,0
22333,treatment,27.71,0,0.0,0
22334,control,145.69,0,0.0,0
22335,treatment,418.29,0,0.0,0
22336,treatment,89.74,0,0.0,0
22337,treatment,0.0,0,0.0,0
22338,treatment,0.0,0,0.0,0
22339,control,198.47,0,0.0,0
22340,treatment,46.23,0,0.0,0
22341,treatment,0.0,1,108.41,0
22342,treatment,57.05,0,0.0,0
22343,treatment,0.0,0,0.0,0
22344,treatment,20.86,0,0.0,0
22345,treatment,0.0,0,0.0,0
22346,treatment,0.0,0,0.0,0
22347,control,0.0,0,0.0,0
22348,control,0.0,0,0.0,0
22349,treatment,105.84,0,0.0,0
22350,treatment,0.0,0,0.0,0
22351,treatment,0.0,0,0.0,0
22352,treatment,0.0,0,0.0,0
22353,treatment,0.0,0,0.0,0
22354,treatment,58.58,0,0.0,0
22355,treatment,0.0,0,0.0,0
22356,control,43.02,1,111.17,1
22357,control,1180.6,0,0.0,0
22358,control,0.0,0,0.0,0
22359,control,949.33,1,118.76,0
22360,treatment,0.0,0,0.0,0
22361,control,325.0,1,42.41,0
22362,treatment,0.0,0,0.0,0
22363,treatment,44.88,0,0.0,0
22364,treatment,63.38,0,0.0,0
22365,treatment,0.0,0,0.0,0
22366,control,52.3,0,0.0,0
22367,treatment,0.0,0,0.0,0
22368,treatment,85.52,1,69.44,0
22369,treatment,0.0,0,0.0,0
22370,treatment,34.69,0,0.0,0
22371,control,0.0,0,0.0,0
22372,treatment,55.04,0,0.0,0
22373,control,94.56,0,0.0,0
22374,treatment,0.0,1,74.11,0
22375,control,0.0,0,0.0,0
22376,treatment,82.73,0,0.0,0
22377,treatment,0.0,0,0.0,0
22378,treatment,25.56,0,0.0,0
22379,treatment,0.0,0,0.0,0
22380,treatment,141.93,0,0.0,0
22381,treatment,73.62,0,0.0,0
22382,control,0.0,0,0.0,0
22383,treatment,42.93,0,0.0,0
22384,control,0.0,0,0.0,0
22385,treatment,0.0,0,0.0,0
22386,control,105.58,0,0.0,0
22387,control,0.0,0,0.0,0
22388,control,62.44,0,0.0,0
22389,treatment,106.14,1,74.4,0
22390,treatment,0.0,0,0.0,0
22391,control,97.11,0,0.0,0
22392,treatment,0.0,0,0.0,0
22393,control,0.0,0,0.0,0
22394,control,235.43,1,51.1,0
22395,control,0.0,0,0.0,0
22396,treatment,36.67,0,0.0,0
22397,treatment,0.0,0,0.0,0
22398,control,0.0,0,0.0,0
22399,treatment,0.0,0,0.0,0
22400,treatment,83.58,0,0.0,0
22401,treatment,0.0,0,0.0,0
22402,treatment,0.0,0,0.0,0
22403,treatment,100.86,1,183.07,0
22404,treatment,217.68,0,0.0,0
22405,treatment,0.0,0,0.0,0
22406,treatment,0.0,1,166.92,0
22407,treatment,513.35,0,0.0,0
22408,control,179.64,0,0.0,0
22409,control,0.0,0,0.0,0
22410,control,195.81,0,0.0,0
22411,control,0.0,0,0.0,0
22412,control,44.24,0,0.0,0
22413,control,315.82,0,0.0,0
22414,control,0.0,0,0.0,0
22415,control,107.44,0,0.0,0
22416,control,0.0,0,0.0,0
22417,treatment,0.0,0,0.0,0
22418,treatment,0.0,0,0.0,0
22419,treatment,262.09,0,0.0,0
22420,treatment,0.0,0,0.0,0
22421,control,66.13,0,0.0,0
22422,control,0.0,0,0.0,0
22423,control,0.0,0,0.0,0
22424,control,0.0,0,0.0,0
22425,treatment,0.0,1,35.58,0
22426,treatment,0.0,0,0.0,0
22427,control,0.0,1,77.94,0
22428,treatment,0.0,1,50.01,1
22429,control,198.01,0,0.0,0
22430,control,53.03,0,0.0,0
22431,treatment,0.0,0,0.0,0
22432,control,50.42,0,0.0,0
22433,treatment,59.02,0,0.0,0
22434,treatment,0.0,0,0.0,0
22435,treatment,0.0,0,0.0,0
22436,treatment,78.75,0,0.0,0
22437,treatment,113.12,0,0.0,0
22438,control,0.0,0,0.0,0
22439,control,0.0,0,0.0,0
22440,control,0.0,0,0.0,0
22441,treatment,0.0,0,0.0,0
22442,control,37.4,0,0.0,0
22443,control,0.0,1,87.81,1
22444,treatment,0.0,0,0.0,0
22445,control,0.0,0,0.0,0
22446,treatment,0.0,0,0.0,0
22447,control,0.0,0,0.0,0
22448,control,43.27,0,0.0,0
22449,treatment,0.0,0,0.0,0
22450,treatment,51.77,0,0.0,0
22451,treatment,66.49,0,0.0,0
22452,control,0.0,0,0.0,0
22453,control,62.64,0,0.0,0
22454,treatment,0.0,1,73.44,0
22455,treatment,45.96,0,0.0,0
22456,treatment,0.0,0,0.0,0
22457,treatment,27.82,0,0.0,0
22458,treatment,0.0,0,0.0,0
22459,control,57.54,0,0.0,0
22460,treatment,0.0,0,0.0,0
22461,treatment,0.0,0,0.0,0
22462,treatment,83.3,0,0.0,0
22463,control,0.0,0,0.0,0
22464,control,1215.72,1,50.12,0
22465,control,21.11,0,0.0,0
22466,control,59.15,0,0.0,0
22467,control,0.0,0,0.0,0
22468,treatment,0.0,0,0.0,0
22469,treatment,0.0,0,0.0,0
22470,treatment,0.0,0,0.0,0
22471,treatment,0.0,0,0.0,0
22472,treatment,161.72,0,0.0,0
22473,control,0.0,0,0.0,0
22474,treatment,61.03,0,0.0,0
22475,treatment,0.0,0,0.0,0
22476,treatment,22.38,0,0.0,0
22477,treatment,263.48,0,0.0,0
22478,control,0.0,0,0.0,0
22479,treatment,403.81,1,130.16,0
22480,treatment,74.38,0,0.0,0
22481,treatment,0.0,1,11.87,0
22482,control,51.33,0,0.0,0
22483,control,221.42,1,89.41,0
22484,control,53.61,0,0.0,0
22485,treatment,0.0,0,0.0,0
22486,treatment,0.0,0,0.0,0
22487,treatment,126.42,0,0.0,0
22488,treatment,190.59,0,0.0,0
22489,treatment,0.0,0,0.0,0
22490,treatment,159.23,0,0.0,0
22491,control,321.82,0,0.0,0
22492,control,0.0,0,0.0,0
22493,treatment,105.42,0,0.0,0
22494,control,31.13,0,0.0,0
22495,control,56.74,0,0.0,0
22496,control,0.0,0,0.0,0
22497,control,339.05,0,0.0,0
22498,control,88.32,0,0.0,0
22499,control,62.76,1,72.6,0
22500,control,0.0,0,0.0,0
22501,treatment,0.0,0,0.0,0
22502,treatment,42.47,1,46.39,0
22503,control,0.0,0,0.0,0
22504,treatment,0.0,0,0.0,0
22505,treatment,0.0,0,0.0,0
22506,control,233.21,0,0.0,0
22507,control,0.0,0,0.0,0
22508,control,50.86,0,0.0,0
22509,treatment,0.0,0,0.0,0
22510,treatment,32.96,0,0.0,0
22511,treatment,144.74,0,0.0,0
22512,treatment,0.0,1,39.25,0
22513,treatment,0.0,0,0.0,0
22514,control,139.93,0,0.0,0
22515,control,240.62,0,0.0,0
22516,control,33.69,0,0.0,0
22517,treatment,0.0,0,0.0,0
22518,control,738.64,1,191.89,0
22519,treatment,0.0,0,0.0,0
22520,treatment,19.18,0,0.0,0
22521,control,0.0,1,69.85,0
22522,treatment,569.92,1,129.72,0
22523,treatment,27.25,0,0.0,0
22524,treatment,0.0,0,0.0,0
22525,control,103.13,0,0.0,0
22526,control,100.0,0,0.0,0
22527,treatment,33.37,0,0.0,0
22528,treatment,0.0,0,0.0,0
22529,treatment,0.0,0,0.0,0
22530,treatment,85.98,0,0.0,0
22531,treatment,0.0,0,0.0,0
22532,treatment,0.0,0,0.0,0
22533,treatment,0.0,1,41.87,0
22534,control,0.0,0,0.0,0
22535,control,155.73,0,0.0,0
22536,treatment,106.04,0,0.0,0
22537,control,67.82,0,0.0,0
22538,treatment,99.31,0,0.0,0
22539,treatment,0.0,1,34.6,0
22540,treatment,144.81,0,0.0,0
22541,treatment,0.0,0,0.0,0
22542,treatment,75.39,1,146.08,0
22543,control,0.0,0,0.0,0
22544,control,0.0,0,0.0,0
22545,control,60.44,0,0.0,0
22546,control,98.54,0,0.0,0
22547,control,0.0,0,0.0,0
22548,control,0.0,0,0.0,0
22549,treatment,123.21,1,21.11,0
22550,control,27.6,0,0.0,0
22551,control,0.0,1,37.92,0
22552,control,194.29,0,0.0,0
22553,treatment,0.0,0,0.0,0
22554,treatment,623.65,0,0.0,0
22555,treatment,0.0,0,0.0,0
22556,treatment,50.04,0,0.0,0
22557,treatment,30.81,0,0.0,0
22558,control,62.08,0,0.0,0
22559,control,90.0,0,0.0,0
22560,treatment,0.0,0,0.0,0
22561,treatment,50.58,0,0.0,0
22562,treatment,0.0,0,0.0,0
22563,treatment,0.0,0,0.0,0
22564,treatment,0.0,0,0.0,0
22565,control,104.56,0,0.0,0
22566,treatment,0.0,0,0.0,0
22567,control,0.0,0,0.0,0
22568,control,0.0,0,0.0,0
22569,control,0.0,0,0.0,0
22570,control,108.4,0,0.0,0
22571,control,0.0,0,0.0,0
22572,control,165.23,0,0.0,0
22573,control,0.0,0,0.0,0
22574,control,0.0,0,0.0,0
22575,treatment,177.5,0,0.0,0
22576,control,70.57,0,0.0,0
22577,treatment,50.64,1,37.24,0
22578,treatment,174.58,0,0.0,0
22579,control,66.23,0,0.0,0
22580,treatment,45.72,0,0.0,0
22581,treatment,0.0,0,0.0,0
22582,control,0.0,0,0.0,0
22583,control,0.0,0,0.0,0
22584,treatment,0.0,0,0.0,0
22585,treatment,20.39,0,0.0,0
22586,control,0.0,1,42.25,0
22587,control,0.0,0,0.0,0
22588,treatment,0.0,0,0.0,0
22589,treatment,847.82,1,37.35,0
22590,control,0.0,0,0.0,0
22591,control,31.5,0,0.0,0
22592,treatment,122.1,1,41.07,0
22593,treatment,165.44,0,0.0,0
22594,treatment,326.98,1,96.83,0
22595,treatment,61.68,1,76.8,0
22596,control,20.11,0,0.0,0
22597,treatment,108.14,0,0.0,0
22598,control,54.53,0,0.0,0
22599,control,0.0,0,0.0,0
22600,control,0.0,0,0.0,0
22601,treatment,0.0,0,0.0,0
22602,treatment,0.0,0,0.0,0
22603,control,41.13,0,0.0,0
22604,treatment,0.0,1,92.17,0
22605,control,139.16,0,0.0,0
22606,treatment,0.0,0,0.0,0
22607,control,123.59,0,0.0,0
22608,control,0.0,0,0.0,0
22609,control,0.0,0,0.0,0
22610,control,0.0,0,0.0,0
22611,treatment,0.0,0,0.0,0
22612,treatment,30.53,0,0.0,0
22613,treatment,0.0,0,0.0,0
22614,treatment,195.76,1,56.31,0
22615,treatment,0.0,0,0.0,0
22616,control,46.93,0,0.0,0
22617,treatment,0.0,0,0.0,0
22618,control,112.4,0,0.0,0
22619,treatment,26.07,0,0.0,0
22620,treatment,78.23,0,0.0,0
22621,control,0.0,0,0.0,0
22622,control,0.0,1,52.32,0
22623,treatment,0.0,0,0.0,0
22624,control,0.0,0,0.0,0
22625,treatment,0.0,0,0.0,0
22626,control,0.0,1,35.56,0
22627,treatment,0.0,0,0.0,0
22628,control,87.33,0,0.0,0
22629,treatment,0.0,0,0.0,0
22630,control,0.0,1,24.22,0
22631,treatment,0.0,0,0.0,0
22632,control,0.0,0,0.0,0
22633,treatment,76.56,0,0.0,0
22634,control,106.14,0,0.0,0
22635,control,0.0,0,0.0,0
22636,control,48.26,0,0.0,0
22637,treatment,47.56,0,0.0,0
22638,control,0.0,0,0.0,0
22639,control,0.0,0,0.0,0
22640,treatment,0.0,1,58.12,0
22641,treatment,38.22,0,0.0,0
22642,treatment,50.99,1,42.27,0
22643,treatment,0.0,0,0.0,0
22644,control,0.0,0,0.0,0
22645,treatment,245.7,0,0.0,0
22646,treatment,0.0,0,0.0,0
22647,treatment,0.0,0,0.0,0
22648,treatment,0.0,0,0.0,0
22649,treatment,0.0,0,0.0,0
22650,control,52.54,0,0.0,0
22651,control,72.71,0,0.0,0
22652,treatment,94.56,0,0.0,0
22653,treatment,0.0,0,0.0,0
22654,control,0.0,0,0.0,0
22655,control,0.0,0,0.0,0
22656,control,0.0,0,0.0,0
22657,control,0.0,0,0.0,0
22658,treatment,0.0,0,0.0,0
22659,treatment,79.06,0,0.0,0
22660,treatment,0.0,0,0.0,0
22661,treatment,0.0,0,0.0,0
22662,control,43.95,0,0.0,0
22663,control,36.41,1,52.81,0
22664,treatment,0.0,0,0.0,0
22665,control,37.81,1,28.44,0
22666,control,54.15,0,0.0,0
22667,control,0.0,0,0.0,0
22668,control,22.43,0,0.0,0
22669,treatment,52.18,0,0.0,0
22670,treatment,0.0,0,0.0,0
22671,control,0.0,0,0.0,0
22672,control,47.51,0,0.0,0
22673,control,233.43,0,0.0,0
22674,control,87.47,0,0.0,0
22675,control,20.73,0,0.0,0
22676,control,0.0,0,0.0,0
22677,treatment,0.0,0,0.0,0
22678,treatment,74.11,0,0.0,0
22679,treatment,85.15,0,0.0,0
22680,treatment,0.0,0,0.0,0
22681,control,166.08,0,0.0,0
22682,treatment,73.15,0,0.0,0
22683,treatment,50.55,0,0.0,0
22684,control,24.64,0,0.0,0
22685,treatment,180.57,0,0.0,0
22686,treatment,0.0,0,0.0,0
22687,control,82.59,0,0.0,0
22688,control,78.27,0,0.0,0
22689,control,68.74,0,0.0,0
22690,treatment,0.0,0,0.0,0
22691,control,37.76,0,0.0,0
22692,control,0.0,1,39.38,0
22693,control,71.65,0,0.0,0
22694,control,24.82,0,0.0,0
22695,treatment,0.0,0,0.0,0
22696,treatment,39.86,0,0.0,0
22697,treatment,0.0,0,0.0,0
22698,control,32.3,0,0.0,0
22699,control,0.0,0,0.0,0
22700,treatment,50.28,0,0.0,0
22701,treatment,86.03,0,0.0,0
22702,treatment,20.28,0,0.0,0
22703,control,0.0,0,0.0,0
22704,control,0.0,0,0.0,0
22705,treatment,75.07,0,0.0,0
22706,control,0.0,0,0.0,0
22707,control,0.0,0,0.0,0
22708,control,0.0,0,0.0,0
22709,treatment,179.93,0,0.0,0
22710,control,0.0,0,0.0,0
22711,treatment,63.24,1,34.73,0
22712,treatment,96.98,0,0.0,0
22713,control,0.0,0,0.0,0
22714,control,0.0,0,0.0,0
22715,treatment,96.95,0,0.0,0
22716,control,29.83,0,0.0,0
22717,treatment,55.82,0,0.0,0
22718,treatment,0.0,0,0.0,0
22719,control,88.93,0,0.0,0
22720,control,0.0,0,0.0,0
22721,treatment,0.0,0,0.0,0
22722,treatment,0.0,0,0.0,0
22723,control,0.0,0,0.0,0
22724,treatment,0.0,0,0.0,0
22725,treatment,284.17,0,0.0,0
22726,treatment,0.0,0,0.0,0
22727,control,41.1,0,0.0,0
22728,treatment,0.0,0,0.0,0
22729,treatment,28.97,0,0.0,0
22730,control,0.0,0,0.0,0
22731,control,146.54,0,0.0,0
22732,treatment,0.0,0,0.0,0
22733,control,0.0,0,0.0,0
22734,control,24.36,0,0.0,0
22735,treatment,192.07,0,0.0,0
22736,treatment,354.8,0,0.0,0
22737,control,108.86,0,0.0,0
22738,treatment,0.0,0,0.0,0
22739,treatment,76.38,1,89.41,0
22740,control,24.8,0,0.0,0
22741,treatment,113.24,0,0.0,0
22742,control,0.0,0,0.0,0
22743,control,350.74,1,117.27,0
22744,treatment,163.47,0,0.0,0
22745,control,0.0,0,0.0,0
22746,control,0.0,0,0.0,0
22747,control,0.0,0,0.0,0
22748,treatment,40.84,0,0.0,0
22749,control,414.52,0,0.0,0
22750,treatment,0.0,0,0.0,0
22751,treatment,0.0,0,0.0,0
22752,treatment,0.0,0,0.0,0
22753,treatment,25.96,1,38.1,0
22754,treatment,47.31,0,0.0,0
22755,control,0.0,1,53.3,0
22756,treatment,94.66,0,0.0,0
22757,treatment,148.98,0,0.0,0
22758,treatment,62.8,0,0.0,0
22759,control,0.0,0,0.0,0
22760,treatment,0.0,1,119.18,0
22761,control,0.0,0,0.0,0
22762,control,38.07,0,0.0,0
22763,control,0.0,0,0.0,0
22764,treatment,31.37,0,0.0,0
22765,control,299.07,0,0.0,0
22766,control,0.0,0,0.0,0
22767,treatment,0.0,0,0.0,0
22768,treatment,88.44,0,0.0,0
22769,treatment,0.0,0,0.0,0
22770,treatment,36.55,0,0.0,0
22771,treatment,97.39,0,0.0,0
22772,control,0.0,0,0.0,0
22773,control,46.12,0,0.0,0
22774,treatment,24.09,0,0.0,0
22775,control,126.88,0,0.0,0
22776,treatment,65.83,0,0.0,0
22777,control,129.23,0,0.0,0
22778,control,35.08,0,0.0,0
22779,control,66.88,0,0.0,0
22780,treatment,145.76,1,77.9,0
22781,control,0.0,1,164.53,0
22782,treatment,209.69,1,27.25,0
22783,treatment,115.11,1,53.98,0
22784,control,246.83,1,120.14,1
22785,control,202.92,1,140.13,0
22786,treatment,59.77,0,0.0,0
22787,treatment,116.24,0,0.0,0
22788,control,207.52,1,87.01,0
22789,treatment,0.0,0,0.0,0
22790,treatment,172.74,0,0.0,0
22791,control,18.67,0,0.0,0
22792,treatment,0.0,0,0.0,0
22793,treatment,418.82,1,156.64,0
22794,control,0.0,0,0.0,0
22795,control,0.0,0,0.0,0
22796,control,98.77,0,0.0,0
22797,treatment,0.0,0,0.0,0
22798,control,0.0,0,0.0,0
22799,control,0.0,0,0.0,0
22800,control,0.0,0,0.0,0
22801,treatment,255.22,0,0.0,0
22802,treatment,58.16,0,0.0,0
22803,control,0.0,0,0.0,0
22804,control,58.34,0,0.0,0
22805,control,52.42,0,0.0,0
22806,control,0.0,0,0.0,0
22807,treatment,56.3,0,0.0,0
22808,treatment,48.12,0,0.0,0
22809,control,0.0,0,0.0,0
22810,control,0.0,0,0.0,0
22811,treatment,75.14,0,0.0,0
22812,treatment,133.01,0,0.0,0
22813,treatment,0.0,0,0.0,0
22814,control,0.0,0,0.0,0
22815,control,56.86,0,0.0,0
22816,treatment,0.0,0,0.0,0
22817,treatment,175.32,1,47.75,0
22818,treatment,41.92,0,0.0,0
22819,control,0.0,0,0.0,0
22820,treatment,405.33,1,78.33,0
22821,control,92.45,0,0.0,0
22822,control,0.0,1,26.27,0
22823,treatment,156.96,0,0.0,0
22824,treatment,0.0,0,0.0,0
22825,control,46.65,0,0.0,0
22826,control,143.79,0,0.0,0
22827,control,0.0,0,0.0,0
22828,treatment,45.44,0,0.0,0
22829,control,71.67,0,0.0,0
22830,control,35.04,0,0.0,0
22831,treatment,66.53,0,0.0,0
22832,control,0.0,0,0.0,0
22833,treatment,271.5,0,0.0,0
22834,control,113.78,0,0.0,0
22835,control,0.0,0,0.0,0
22836,treatment,0.0,0,0.0,0
22837,control,0.0,0,0.0,0
22838,treatment,0.0,0,0.0,0
22839,control,0.0,1,61.33,0
22840,treatment,0.0,1,53.06,0
22841,treatment,0.0,0,0.0,0
22842,control,0.0,0,0.0,0
22843,control,86.77,0,0.0,0
22844,control,0.0,0,0.0,0
22845,treatment,119.9,0,0.0,0
22846,control,0.0,0,0.0,0
22847,control,0.0,0,0.0,0
22848,control,203.75,0,0.0,0
22849,control,40.22,0,0.0,0
22850,treatment,60.93,0,0.0,0
22851,control,78.84,0,0.0,0
22852,treatment,65.13,1,62.86,0
22853,control,0.0,0,0.0,0
22854,control,0.0,0,0.0,0
22855,control,0.0,0,0.0,0
22856,control,35.62,0,0.0,0
22857,control,112.49,0,0.0,0
22858,treatment,0.0,0,0.0,0
22859,control,0.0,0,0.0,0
22860,control,0.0,0,0.0,0
22861,treatment,59.17,1,32.91,0
22862,control,249.99,0,0.0,0
22863,treatment,178.84,0,0.0,0
22864,control,45.33,0,0.0,0
22865,treatment,95.13,0,0.0,0
22866,treatment,0.0,0,0.0,0
22867,treatment,0.0,0,0.0,0
22868,treatment,0.0,0,0.0,0
22869,control,655.72,1,137.64,0
22870,control,208.07,0,0.0,0
22871,control,62.43,0,0.0,0
22872,control,0.0,0,0.0,0
22873,control,0.0,0,0.0,0
22874,control,0.0,0,0.0,0
22875,treatment,0.0,0,0.0,0
22876,control,132.9,1,52.77,0
22877,control,0.0,0,0.0,0
22878,control,29.39,0,0.0,0
22879,treatment,92.42,1,27.79,0
22880,control,28.64,0,0.0,0
22881,treatment,0.0,0,0.0,0
22882,treatment,27.95,0,0.0,0
22883,treatment,0.0,0,0.0,0
22884,control,0.0,1,68.06,0
22885,treatment,0.0,0,0.0,0
22886,control,427.18,1,34.12,0
22887,control,70.44,0,0.0,0
22888,treatment,0.0,0,0.0,0
22889,treatment,0.0,0,0.0,0
22890,control,114.54,0,0.0,0
22891,treatment,48.63,0,0.0,0
22892,control,128.45,0,0.0,0
22893,treatment,0.0,0,0.0,0
22894,control,45.68,0,0.0,0
22895,control,246.89,0,0.0,0
22896,control,0.0,1,48.08,0
22897,control,52.11,0,0.0,0
22898,treatment,427.36,1,221.44,0
22899,treatment,0.0,0,0.0,0
22900,control,0.0,0,0.0,0
22901,control,0.0,0,0.0,0
22902,control,33.66,0,0.0,0
22903,control,0.0,1,110.55,0
22904,control,74.74,0,0.0,0
22905,treatment,80.12,0,0.0,0
22906,treatment,0.0,0,0.0,0
22907,treatment,72.0,0,0.0,0
22908,treatment,28.0,1,34.9,0
22909,treatment,0.0,0,0.0,0
22910,treatment,67.35,0,0.0,0
22911,treatment,59.17,0,0.0,0
22912,treatment,83.71,1,28.85,0
22913,treatment,0.0,0,0.0,0
22914,control,0.0,0,0.0,0
22915,control,56.76,1,33.93,0
22916,treatment,87.01,0,0.0,0
22917,control,197.29,0,0.0,0
22918,treatment,0.0,0,0.0,0
22919,control,56.61,0,0.0,0
22920,control,0.0,0,0.0,0
22921,control,86.79,0,0.0,0
22922,treatment,113.05,0,0.0,0
22923,treatment,41.75,0,0.0,0
22924,treatment,56.23,0,0.0,0
22925,control,0.0,0,0.0,0
22926,treatment,0.0,0,0.0,0
22927,treatment,0.0,0,0.0,0
22928,control,152.53,0,0.0,0
22929,control,0.0,0,0.0,0
22930,treatment,35.31,0,0.0,0
22931,control,0.0,0,0.0,0
22932,treatment,81.63,1,54.98,0
22933,control,0.0,0,0.0,0
22934,control,0.0,1,41.37,1
22935,control,44.8,0,0.0,0
22936,treatment,0.0,0,0.0,0
22937,control,0.0,0,0.0,0
22938,control,0.0,0,0.0,0
22939,treatment,83.77,1,23.86,0
22940,control,0.0,0,0.0,0
22941,treatment,154.34,0,0.0,0
22942,control,132.78,0,0.0,0
22943,treatment,0.0,0,0.0,0
22944,control,35.06,0,0.0,0
22945,control,0.0,0,0.0,0
22946,treatment,0.0,1,36.49,0
22947,control,36.86,0,0.0,0
22948,treatment,0.0,1,51.01,0
22949,treatment,155.51,0,0.0,0
22950,treatment,58.96,0,0.0,0
22951,control,360.23,0,0.0,0
22952,treatment,220.95,0,0.0,0
22953,control,96.85,0,0.0,0
22954,control,34.81,0,0.0,0
22955,control,0.0,0,0.0,0
22956,treatment,0.0,0,0.0,0
22957,treatment,197.34,0,0.0,0
22958,treatment,64.98,1,79.98,0
22959,treatment,0.0,0,0.0,0
22960,control,77.99,0,0.0,0
22961,treatment,0.0,0,0.0,0
22962,control,0.0,0,0.0,0
22963,control,38.33,0,0.0,0
22964,control,32.24,0,0.0,0
22965,control,174.35,0,0.0,0
22966,control,54.12,0,0.0,0
22967,treatment,36.16,0,0.0,0
22968,treatment,64.6,0,0.0,0
22969,treatment,61.51,0,0.0,0
22970,control,0.0,0,0.0,0
22971,control,23.84,0,0.0,0
22972,treatment,0.0,0,0.0,0
22973,treatment,27.16,0,0.0,0
22974,treatment,0.0,0,0.0,0
22975,control,77.84,0,0.0,0
22976,control,0.0,1,25.21,0
22977,treatment,0.0,0,0.0,0
22978,treatment,0.0,1,64.74,0
22979,treatment,77.62,0,0.0,0
22980,control,54.44,0,0.0,0
22981,control,96.37,0,0.0,0
22982,treatment,153.8,1,39.53,0
22983,treatment,132.28,0,0.0,0
22984,treatment,0.0,0,0.0,0
22985,treatment,0.0,0,0.0,0
22986,control,0.0,1,46.44,0
22987,control,0.0,0,0.0,0
22988,treatment,102.54,1,55.99,0
22989,treatment,0.0,0,0.0,0
22990,control,54.36,0,0.0,0
22991,control,0.0,0,0.0,0
22992,control,24.02,0,0.0,0
22993,control,122.94,0,0.0,0
22994,control,108.91,0,0.0,0
22995,treatment,16.19,1,87.64,0
22996,control,0.0,0,0.0,0
22997,control,0.0,0,0.0,0
22998,treatment,0.0,0,0.0,0
22999,treatment,0.0,0,0.0,0
23000,treatment,94.82,1,96.01,0
23001,control,48.42,0,0.0,0
23002,treatment,0.0,0,0.0,0
23003,treatment,0.0,0,0.0,0
23004,control,0.0,0,0.0,0
23005,control,82.68,0,0.0,0
23006,treatment,110.4,0,0.0,0
23007,treatment,0.0,0,0.0,0
23008,control,0.0,0,0.0,0
23009,treatment,0.0,0,0.0,0
23010,control,133.61,0,0.0,0
23011,control,68.35,1,58.57,0
23012,treatment,55.63,0,0.0,0
23013,treatment,0.0,0,0.0,0
23014,control,176.48,0,0.0,0
23015,control,0.0,0,0.0,0
23016,treatment,103.19,0,0.0,0
23017,control,0.0,0,0.0,0
23018,treatment,0.0,0,0.0,0
23019,treatment,58.58,0,0.0,0
23020,treatment,50.92,0,0.0,0
23021,control,27.44,0,0.0,0
23022,control,0.0,0,0.0,0
23023,treatment,116.86,0,0.0,0
23024,treatment,0.0,0,0.0,0
23025,treatment,0.0,0,0.0,0
23026,treatment,0.0,0,0.0,0
23027,treatment,33.75,0,0.0,0
23028,control,66.26,0,0.0,0
23029,treatment,0.0,0,0.0,0
23030,control,0.0,0,0.0,0
23031,control,0.0,0,0.0,0
23032,control,0.0,0,0.0,0
23033,treatment,101.55,0,0.0,0
23034,treatment,47.14,0,0.0,0
23035,control,0.0,0,0.0,0
23036,treatment,77.08,0,0.0,0
23037,treatment,55.29,0,0.0,0
23038,treatment,61.44,0,0.0,0
23039,control,514.13,0,0.0,0
23040,treatment,0.0,1,18.56,0
23041,control,0.0,0,0.0,0
23042,control,0.0,0,0.0,0
23043,treatment,0.0,0,0.0,0
23044,treatment,0.0,1,20.97,0
23045,treatment,161.06,0,0.0,0
23046,control,0.0,0,0.0,0
23047,control,66.25,0,0.0,0
23048,control,98.49,0,0.0,0
23049,treatment,92.04,0,0.0,0
23050,treatment,0.0,0,0.0,0
23051,control,0.0,0,0.0,0
23052,control,0.0,0,0.0,0
23053,treatment,0.0,0,0.0,0
23054,control,0.0,0,0.0,0
23055,control,0.0,0,0.0,0
23056,control,114.48,0,0.0,0
23057,control,0.0,0,0.0,0
23058,treatment,30.48,0,0.0,0
23059,control,0.0,0,0.0,0
23060,treatment,0.0,0,0.0,0
23061,treatment,319.52,1,132.67,0
23062,control,49.09,1,52.49,0
23063,control,0.0,0,0.0,0
23064,treatment,0.0,0,0.0,0
23065,control,87.4,0,0.0,0
23066,control,40.74,0,0.0,0
23067,treatment,0.0,0,0.0,0
23068,control,0.0,0,0.0,0
23069,control,0.0,0,0.0,0
23070,control,0.0,0,0.0,0
23071,control,0.0,0,0.0,0
23072,control,0.0,0,0.0,0
23073,treatment,0.0,0,0.0,0
23074,control,441.28,1,99.6,0
23075,control,0.0,0,0.0,0
23076,treatment,0.0,0,0.0,0
23077,treatment,0.0,0,0.0,0
23078,control,0.0,0,0.0,0
23079,treatment,0.0,0,0.0,0
23080,treatment,0.0,0,0.0,0
23081,treatment,51.46,0,0.0,0
23082,treatment,0.0,0,0.0,0
23083,treatment,121.09,0,0.0,0
23084,control,93.93,0,0.0,0
23085,control,0.0,0,0.0,0
23086,treatment,29.93,0,0.0,0
23087,treatment,54.47,0,0.0,0
23088,control,0.0,0,0.0,0
23089,control,0.0,0,0.0,0
23090,control,24.79,0,0.0,0
23091,control,39.79,0,0.0,0
23092,treatment,28.81,0,0.0,0
23093,treatment,233.62,0,0.0,0
23094,treatment,0.0,0,0.0,0
23095,treatment,23.11,0,0.0,0
23096,control,60.68,0,0.0,0
23097,treatment,0.0,0,0.0,0
23098,control,0.0,0,0.0,0
23099,control,49.27,0,0.0,0
23100,treatment,0.0,0,0.0,0
23101,treatment,144.47,0,0.0,0
23102,treatment,148.34,1,184.41,0
23103,treatment,76.71,0,0.0,0
23104,treatment,62.59,0,0.0,0
23105,treatment,0.0,0,0.0,0
23106,control,0.0,0,0.0,0
23107,control,0.0,0,0.0,0
23108,treatment,54.13,0,0.0,0
23109,control,33.16,0,0.0,0
23110,treatment,0.0,0,0.0,0
23111,control,146.22,0,0.0,0
23112,control,97.75,0,0.0,0
23113,treatment,0.0,0,0.0,0
23114,treatment,69.53,1,65.31,0
23115,control,0.0,0,0.0,0
23116,treatment,685.43,0,0.0,0
23117,control,283.39,0,0.0,0
23118,control,0.0,0,0.0,0
23119,treatment,0.0,0,0.0,0
23120,control,68.73,0,0.0,0
23121,control,0.0,0,0.0,0
23122,control,0.0,0,0.0,0
23123,control,0.0,0,0.0,0
23124,treatment,0.0,0,0.0,0
23125,treatment,36.68,0,0.0,0
23126,treatment,95.52,0,0.0,0
23127,control,0.0,0,0.0,0
23128,control,0.0,1,38.12,0
23129,treatment,0.0,0,0.0,0
23130,control,52.78,0,0.0,0
23131,control,36.83,0,0.0,0
23132,control,78.38,0,0.0,0
23133,treatment,90.25,1,93.65,0
23134,treatment,91.25,0,0.0,0
23135,control,0.0,0,0.0,0
23136,treatment,0.0,0,0.0,0
23137,treatment,0.0,0,0.0,0
23138,control,0.0,0,0.0,0
23139,treatment,0.0,0,0.0,0
23140,control,239.02,0,0.0,0
23141,control,0.0,0,0.0,0
23142,control,41.62,1,174.78,0
23143,treatment,59.82,0,0.0,0
23144,control,0.0,0,0.0,0
23145,control,0.0,0,0.0,0
23146,treatment,0.0,0,0.0,0
23147,treatment,49.09,0,0.0,0
23148,control,0.0,1,47.58,0
23149,control,0.0,0,0.0,0
23150,treatment,0.0,0,0.0,0
23151,control,88.46,0,0.0,0
23152,control,0.0,0,0.0,0
23153,control,23.91,0,0.0,0
23154,control,0.0,0,0.0,0
23155,control,0.0,0,0.0,0
23156,treatment,0.0,0,0.0,0
23157,treatment,0.0,0,0.0,0
23158,treatment,0.0,1,56.55,0
23159,control,66.89,0,0.0,0
23160,control,65.87,0,0.0,0
23161,treatment,106.67,1,78.32,0
23162,treatment,39.4,0,0.0,0
23163,control,0.0,0,0.0,0
23164,control,0.0,0,0.0,0
23165,treatment,0.0,0,0.0,0
23166,control,0.0,0,0.0,0
23167,control,0.0,0,0.0,0
23168,treatment,22.83,0,0.0,0
23169,control,0.0,0,0.0,0
23170,treatment,72.36,0,0.0,0
23171,control,48.93,0,0.0,0
23172,control,0.0,0,0.0,0
23173,control,93.39,1,37.45,0
23174,control,0.0,0,0.0,0
23175,control,215.84,1,196.6,0
23176,treatment,59.09,0,0.0,0
23177,control,40.3,0,0.0,0
23178,control,0.0,0,0.0,0
23179,treatment,78.03,0,0.0,0
23180,treatment,0.0,0,0.0,0
23181,control,0.0,0,0.0,0
23182,treatment,0.0,0,0.0,0
23183,control,129.75,0,0.0,0
23184,treatment,34.14,0,0.0,0
23185,treatment,0.0,0,0.0,0
23186,control,0.0,0,0.0,0
23187,control,0.0,0,0.0,0
23188,control,89.38,0,0.0,0
23189,control,37.08,0,0.0,0
23190,treatment,0.0,0,0.0,0
23191,control,0.0,0,0.0,0
23192,treatment,0.0,0,0.0,0
23193,control,72.7,0,0.0,0
23194,treatment,0.0,0,0.0,0
23195,control,0.0,0,0.0,0
23196,treatment,0.0,0,0.0,0
23197,treatment,30.61,0,0.0,0
23198,treatment,0.0,0,0.0,0
23199,treatment,47.3,0,0.0,0
23200,control,0.0,0,0.0,0
23201,treatment,0.0,0,0.0,0
23202,treatment,0.0,1,43.81,0
23203,treatment,48.17,0,0.0,0
23204,treatment,0.0,0,0.0,0
23205,control,76.88,0,0.0,0
23206,control,0.0,0,0.0,0
23207,treatment,364.54,1,63.4,0
23208,treatment,605.8,1,41.82,0
23209,treatment,0.0,0,0.0,0
23210,control,47.18,0,0.0,0
23211,treatment,25.58,0,0.0,0
23212,control,0.0,0,0.0,0
23213,control,0.0,0,0.0,0
23214,control,0.0,0,0.0,0
23215,treatment,0.0,0,0.0,0
23216,treatment,62.79,0,0.0,0
23217,treatment,0.0,0,0.0,0
23218,control,0.0,0,0.0,0
23219,treatment,0.0,0,0.0,0
23220,control,0.0,0,0.0,0
23221,control,49.81,0,0.0,0
23222,control,0.0,0,0.0,0
23223,control,28.52,0,0.0,0
23224,control,0.0,0,0.0,0
23225,treatment,47.26,0,0.0,0
23226,treatment,0.0,0,0.0,0
23227,control,156.62,0,0.0,0
23228,treatment,0.0,1,85.32,0
23229,control,0.0,0,0.0,0
23230,control,47.03,0,0.0,0
23231,control,0.0,0,0.0,0
23232,control,0.0,0,0.0,0
23233,treatment,89.47,1,19.56,0
23234,control,129.69,1,68.42,0
23235,treatment,73.25,0,0.0,0
23236,control,0.0,0,0.0,0
23237,control,0.0,0,0.0,0
23238,control,398.87,0,0.0,0
23239,treatment,0.0,0,0.0,0
23240,control,0.0,1,131.31,0
23241,treatment,0.0,0,0.0,0
23242,treatment,236.58,1,73.8,0
23243,treatment,735.8,0,0.0,0
23244,treatment,122.31,0,0.0,0
23245,treatment,54.82,0,0.0,0
23246,treatment,0.0,1,130.18,0
23247,treatment,42.48,0,0.0,0
23248,treatment,68.22,0,0.0,0
23249,treatment,66.65,0,0.0,0
23250,treatment,78.64,0,0.0,0
23251,treatment,32.44,0,0.0,0
23252,control,71.93,0,0.0,0
23253,control,257.51,0,0.0,0
23254,control,39.84,0,0.0,0
23255,control,75.23,0,0.0,0
23256,control,0.0,0,0.0,0
23257,treatment,0.0,0,0.0,0
23258,control,20.37,0,0.0,0
23259,treatment,36.93,0,0.0,0
23260,control,43.34,0,0.0,0
23261,control,59.72,0,0.0,0
23262,control,64.16,0,0.0,0
23263,treatment,76.39,0,0.0,0
23264,control,46.69,0,0.0,0
23265,treatment,63.03,1,40.08,0
23266,treatment,0.0,1,65.67,0
23267,treatment,57.46,0,0.0,0
23268,treatment,0.0,0,0.0,0
23269,treatment,0.0,0,0.0,0
23270,control,0.0,0,0.0,0
23271,treatment,0.0,0,0.0,0
23272,control,56.51,0,0.0,0
23273,treatment,0.0,0,0.0,0
23274,treatment,0.0,1,56.48,0
23275,control,79.85,0,0.0,0
23276,treatment,77.8,0,0.0,0
23277,treatment,93.49,1,170.71,1
23278,treatment,0.0,0,0.0,0
23279,treatment,22.56,0,0.0,0
23280,control,0.0,0,0.0,0
23281,treatment,153.68,0,0.0,0
23282,treatment,0.0,0,0.0,0
23283,control,0.0,0,0.0,0
23284,treatment,0.0,0,0.0,0
23285,control,118.65,0,0.0,0
23286,treatment,0.0,0,0.0,0
23287,control,98.05,0,0.0,0
23288,treatment,0.0,0,0.0,0
23289,control,130.51,0,0.0,0
23290,control,30.57,1,71.96,0
23291,treatment,0.0,0,0.0,0
23292,treatment,0.0,0,0.0,0
23293,control,0.0,0,0.0,0
23294,treatment,84.25,1,58.85,0
23295,control,149.1,1,32.11,0
23296,control,117.79,0,0.0,0
23297,control,71.18,1,142.41,0
23298,treatment,0.0,0,0.0,0
23299,treatment,0.0,0,0.0,0
23300,control,63.02,0,0.0,0
23301,control,170.34,0,0.0,0
23302,control,382.87,0,0.0,0
23303,control,51.77,0,0.0,0
23304,control,39.05,0,0.0,0
23305,control,35.38,0,0.0,0
23306,control,0.0,0,0.0,0
23307,control,317.45,0,0.0,0
23308,control,0.0,0,0.0,0
23309,treatment,0.0,0,0.0,0
23310,control,0.0,0,0.0,0
23311,control,0.0,0,0.0,0
23312,control,0.0,0,0.0,0
23313,control,40.12,1,43.13,0
23314,treatment,0.0,0,0.0,0
23315,control,83.23,1,40.84,0
23316,treatment,0.0,0,0.0,0
23317,treatment,30.85,0,0.0,0
23318,control,602.76,0,0.0,0
23319,control,50.5,0,0.0,0
23320,control,0.0,1,60.42,0
23321,treatment,0.0,0,0.0,0
23322,control,0.0,0,0.0,0
23323,control,0.0,0,0.0,0
23324,treatment,71.08,0,0.0,0
23325,control,31.61,1,75.41,1
23326,control,0.0,0,0.0,0
23327,treatment,108.67,0,0.0,0
23328,treatment,0.0,0,0.0,0
23329,treatment,41.68,0,0.0,0
23330,treatment,0.0,0,0.0,0
23331,control,0.0,0,0.0,0
23332,control,0.0,0,0.0,0
23333,treatment,0.0,0,0.0,0
23334,treatment,0.0,0,0.0,0
23335,treatment,0.0,0,0.0,0
23336,treatment,0.0,1,39.35,0
23337,control,184.97,0,0.0,0
23338,treatment,254.2,0,0.0,0
23339,treatment,0.0,0,0.0,0
23340,treatment,0.0,0,0.0,0
23341,control,134.59,0,0.0,0
23342,treatment,0.0,1,26.09,0
23343,treatment,0.0,0,0.0,0
23344,treatment,84.94,0,0.0,0
23345,treatment,0.0,0,0.0,0
23346,control,39.86,0,0.0,0
23347,control,0.0,0,0.0,0
23348,control,43.19,0,0.0,0
23349,treatment,330.75,1,64.19,0
23350,treatment,0.0,0,0.0,0
23351,treatment,0.0,0,0.0,0
23352,treatment,573.23,0,0.0,0
23353,control,227.41,0,0.0,0
23354,control,0.0,0,0.0,0
23355,control,0.0,0,0.0,0
23356,control,48.66,0,0.0,0
23357,treatment,0.0,0,0.0,0
23358,treatment,0.0,0,0.0,0
23359,treatment,0.0,0,0.0,0
23360,treatment,0.0,0,0.0,0
23361,treatment,94.1,0,0.0,0
23362,control,0.0,0,0.0,0
23363,treatment,92.43,0,0.0,0
23364,treatment,160.11,1,39.16,0
23365,treatment,70.18,0,0.0,0
23366,control,662.0,1,30.13,0
23367,treatment,58.01,1,43.9,0
23368,treatment,464.21,0,0.0,0
23369,treatment,0.0,0,0.0,0
23370,control,52.33,0,0.0,0
23371,treatment,0.0,1,100.57,0
23372,treatment,72.62,0,0.0,0
23373,treatment,107.31,0,0.0,0
23374,treatment,123.09,0,0.0,0
23375,control,0.0,0,0.0,0
23376,treatment,0.0,0,0.0,0
23377,treatment,38.7,0,0.0,0
23378,treatment,0.0,0,0.0,0
23379,treatment,0.0,0,0.0,0
23380,treatment,50.42,0,0.0,0
23381,control,377.72,0,0.0,0
23382,treatment,189.35,1,73.24,0
23383,control,0.0,0,0.0,0
23384,treatment,0.0,0,0.0,0
23385,treatment,59.57,0,0.0,0
23386,control,0.0,0,0.0,0
23387,treatment,0.0,0,0.0,0
23388,treatment,176.78,0,0.0,0
23389,treatment,0.0,0,0.0,0
23390,treatment,84.22,0,0.0,0
23391,treatment,0.0,0,0.0,0
23392,treatment,86.16,0,0.0,0
23393,treatment,0.0,0,0.0,0
23394,treatment,275.8,0,0.0,0
23395,control,37.36,0,0.0,0
23396,control,134.02,0,0.0,0
23397,control,39.05,1,96.8,0
23398,control,297.48,1,65.18,0
23399,treatment,204.23,0,0.0,0
23400,treatment,84.2,0,0.0,0
23401,treatment,155.42,0,0.0,0
23402,treatment,0.0,0,0.0,0
23403,control,200.99,0,0.0,0
23404,treatment,35.39,0,0.0,0
23405,treatment,0.0,0,0.0,0
23406,control,0.0,0,0.0,0
23407,treatment,0.0,0,0.0,0
23408,treatment,46.28,1,43.73,0
23409,treatment,0.0,1,59.45,0
23410,treatment,58.61,0,0.0,0
23411,treatment,74.15,0,0.0,0
23412,treatment,0.0,0,0.0,0
23413,treatment,0.0,0,0.0,0
23414,treatment,67.51,0,0.0,0
23415,treatment,57.29,0,0.0,0
23416,treatment,0.0,0,0.0,0
23417,treatment,0.0,1,63.34,0
23418,treatment,0.0,0,0.0,0
23419,treatment,109.46,0,0.0,0
23420,control,115.11,0,0.0,0
23421,control,265.64,1,28.06,1
23422,control,676.59,1,70.12,0
23423,treatment,0.0,0,0.0,0
23424,control,0.0,0,0.0,0
23425,control,0.0,1,79.31,0
23426,control,77.13,0,0.0,0
23427,treatment,0.0,0,0.0,0
23428,treatment,0.0,0,0.0,0
23429,control,41.56,0,0.0,0
23430,control,95.25,0,0.0,0
23431,treatment,132.62,0,0.0,0
23432,control,0.0,0,0.0,0
23433,treatment,0.0,0,0.0,0
23434,treatment,246.11,0,0.0,0
23435,control,0.0,0,0.0,0
23436,treatment,38.36,0,0.0,0
23437,treatment,0.0,0,0.0,0
23438,control,0.0,0,0.0,0
23439,treatment,128.97,1,61.16,0
23440,control,0.0,0,0.0,0
23441,treatment,71.83,0,0.0,0
23442,control,0.0,0,0.0,0
23443,treatment,76.07,0,0.0,0
23444,control,0.0,0,0.0,0
23445,control,193.67,0,0.0,0
23446,control,39.12,0,0.0,0
23447,treatment,40.58,0,0.0,0
23448,control,79.61,0,0.0,0
23449,treatment,32.62,0,0.0,0
23450,treatment,0.0,0,0.0,0
23451,control,35.44,0,0.0,0
23452,control,208.28,0,0.0,0
23453,control,0.0,0,0.0,0
23454,control,42.98,0,0.0,0
23455,treatment,0.0,0,0.0,0
23456,control,0.0,0,0.0,0
23457,control,95.3,0,0.0,0
23458,treatment,49.12,0,0.0,0
23459,treatment,0.0,0,0.0,0
23460,control,120.66,0,0.0,0
23461,treatment,41.78,0,0.0,0
23462,control,43.86,0,0.0,0
23463,treatment,0.0,0,0.0,0
23464,treatment,0.0,0,0.0,0
23465,treatment,0.0,0,0.0,0
23466,treatment,48.39,0,0.0,0
23467,control,0.0,0,0.0,0
23468,treatment,0.0,0,0.0,0
23469,control,0.0,0,0.0,0
23470,control,0.0,0,0.0,0
23471,control,0.0,0,0.0,0
23472,treatment,0.0,0,0.0,0
23473,treatment,0.0,0,0.0,0
23474,control,0.0,0,0.0,0
23475,treatment,0.0,0,0.0,0
23476,treatment,0.0,0,0.0,0
23477,control,0.0,0,0.0,0
23478,treatment,0.0,0,0.0,0
23479,control,184.84,0,0.0,0
23480,control,335.19,1,84.32,0
23481,treatment,173.45,1,58.12,0
23482,control,0.0,0,0.0,0
23483,control,0.0,0,0.0,0
23484,control,176.64,1,110.36,0
23485,treatment,390.19,1,101.21,0
23486,control,54.86,0,0.0,0
23487,control,0.0,0,0.0,0
23488,control,19.65,0,0.0,0
23489,control,16.75,0,0.0,0
23490,control,108.51,0,0.0,0
23491,control,64.99,1,85.44,0
23492,control,0.0,0,0.0,0
23493,treatment,0.0,0,0.0,0
23494,control,0.0,0,0.0,0
23495,control,0.0,0,0.0,0
23496,control,256.66,0,0.0,0
23497,control,66.63,0,0.0,0
23498,treatment,0.0,0,0.0,0
23499,control,0.0,0,0.0,0
23500,treatment,0.0,0,0.0,0
23501,treatment,169.64,0,0.0,0
23502,treatment,0.0,0,0.0,0
23503,control,0.0,0,0.0,0
23504,treatment,0.0,1,71.0,0
23505,control,42.63,0,0.0,0
23506,control,1061.17,1,131.01,0
23507,treatment,42.96,1,19.25,0
23508,control,0.0,0,0.0,0
23509,control,0.0,0,0.0,0
23510,treatment,0.0,0,0.0,0
23511,treatment,66.21,0,0.0,0
23512,control,0.0,1,89.61,0
23513,treatment,78.76,0,0.0,0
23514,treatment,0.0,0,0.0,0
23515,treatment,18.63,0,0.0,0
23516,control,55.21,0,0.0,0
23517,control,0.0,0,0.0,0
23518,control,0.0,0,0.0,0
23519,treatment,0.0,0,0.0,0
23520,control,132.0,1,93.62,0
23521,treatment,0.0,0,0.0,0
23522,treatment,113.24,0,0.0,0
23523,control,0.0,0,0.0,0
23524,treatment,69.08,1,83.85,0
23525,treatment,0.0,0,0.0,0
23526,control,74.26,0,0.0,0
23527,control,0.0,0,0.0,0
23528,control,56.51,0,0.0,0
23529,control,0.0,0,0.0,0
23530,control,167.37,0,0.0,0
23531,treatment,0.0,0,0.0,0
23532,control,212.15,0,0.0,0
23533,control,50.49,0,0.0,0
23534,treatment,273.95,1,66.46,0
23535,treatment,33.29,1,48.81,0
23536,treatment,0.0,0,0.0,0
23537,control,0.0,0,0.0,0
23538,control,186.3,0,0.0,0
23539,treatment,0.0,0,0.0,0
23540,control,0.0,0,0.0,0
23541,control,0.0,0,0.0,0
23542,control,0.0,0,0.0,0
23543,control,0.0,0,0.0,0
23544,control,0.0,0,0.0,0
23545,control,0.0,0,0.0,0
23546,control,0.0,0,0.0,0
23547,control,45.79,0,0.0,0
23548,control,113.36,0,0.0,0
23549,control,32.38,0,0.0,0
23550,treatment,24.58,0,0.0,0
23551,treatment,0.0,0,0.0,0
23552,treatment,40.01,0,0.0,0
23553,treatment,0.0,0,0.0,0
23554,treatment,45.57,0,0.0,0
23555,treatment,81.16,0,0.0,0
23556,treatment,117.89,0,0.0,0
23557,treatment,0.0,0,0.0,0
23558,treatment,0.0,0,0.0,0
23559,control,100.49,0,0.0,0
23560,control,0.0,0,0.0,0
23561,control,0.0,0,0.0,0
23562,treatment,0.0,0,0.0,0
23563,control,0.0,0,0.0,0
23564,control,65.03,1,32.78,0
23565,control,0.0,0,0.0,0
23566,treatment,0.0,0,0.0,0
23567,control,201.07,0,0.0,0
23568,control,0.0,0,0.0,0
23569,control,247.75,1,124.52,0
23570,treatment,227.55,0,0.0,0
23571,treatment,0.0,0,0.0,0
23572,treatment,0.0,0,0.0,0
23573,treatment,89.38,1,55.13,0
23574,control,143.3,0,0.0,0
23575,control,531.39,1,136.46,0
23576,control,84.03,1,31.54,0
23577,control,73.75,0,0.0,0
23578,treatment,0.0,0,0.0,0
23579,treatment,0.0,0,0.0,0
23580,control,55.07,0,0.0,0
23581,control,0.0,1,78.75,0
23582,control,137.34,0,0.0,0
23583,treatment,78.02,0,0.0,0
23584,control,0.0,0,0.0,0
23585,treatment,205.06,0,0.0,0
23586,treatment,0.0,0,0.0,0
23587,treatment,156.13,1,64.06,0
23588,treatment,446.76,0,0.0,0
23589,control,92.24,1,43.46,0
23590,control,162.83,0,0.0,0
23591,treatment,0.0,0,0.0,0
23592,control,395.24,0,0.0,0
23593,treatment,0.0,0,0.0,0
23594,treatment,0.0,0,0.0,0
23595,treatment,0.0,0,0.0,0
23596,control,0.0,0,0.0,0
23597,treatment,81.57,0,0.0,0
23598,treatment,0.0,0,0.0,0
23599,treatment,0.0,1,31.44,0
23600,control,249.82,1,46.55,0
23601,treatment,39.54,0,0.0,0
23602,control,0.0,0,0.0,0
23603,treatment,0.0,0,0.0,0
23604,control,125.02,0,0.0,0
23605,treatment,0.0,0,0.0,0
23606,treatment,120.24,0,0.0,0
23607,treatment,0.0,0,0.0,0
23608,control,0.0,1,18.5,0
23609,treatment,29.7,0,0.0,0
23610,treatment,0.0,0,0.0,0
23611,control,0.0,0,0.0,0
23612,treatment,0.0,0,0.0,0
23613,control,130.99,0,0.0,0
23614,control,37.85,0,0.0,0
23615,control,168.45,0,0.0,0
23616,control,0.0,0,0.0,0
23617,treatment,0.0,0,0.0,0
23618,control,71.95,1,112.72,1
23619,control,288.14,0,0.0,0
23620,control,0.0,0,0.0,0
23621,treatment,139.87,0,0.0,0
23622,control,115.6,0,0.0,0
23623,treatment,266.15,0,0.0,0
23624,control,163.62,0,0.0,0
23625,control,0.0,1,88.12,0
23626,treatment,0.0,0,0.0,0
23627,treatment,49.24,0,0.0,0
23628,treatment,0.0,0,0.0,0
23629,control,63.12,0,0.0,0
23630,control,1157.56,0,0.0,0
23631,control,0.0,0,0.0,0
23632,treatment,0.0,0,0.0,0
23633,treatment,0.0,0,0.0,0
23634,treatment,622.89,1,51.03,1
23635,treatment,0.0,0,0.0,0
23636,treatment,119.27,0,0.0,0
23637,treatment,305.06,1,385.32,1
23638,control,0.0,0,0.0,0
23639,control,0.0,0,0.0,0
23640,treatment,0.0,0,0.0,0
23641,treatment,42.28,1,38.17,0
23642,control,0.0,0,0.0,0
23643,treatment,21.63,0,0.0,0
23644,treatment,0.0,0,0.0,0
23645,treatment,747.64,0,0.0,0
23646,control,55.06,0,0.0,0
23647,control,62.19,0,0.0,0
23648,control,80.61,0,0.0,0
23649,control,0.0,0,0.0,0
23650,control,0.0,0,0.0,0
23651,treatment,34.51,0,0.0,0
23652,control,0.0,0,0.0,0
23653,control,0.0,0,0.0,0
23654,control,0.0,1,24.4,0
23655,control,31.05,1,41.82,0
23656,control,367.55,1,114.05,0
23657,control,0.0,0,0.0,0
23658,control,339.87,0,0.0,0
23659,treatment,59.16,0,0.0,0
23660,treatment,72.03,1,77.39,0
23661,treatment,82.37,0,0.0,0
23662,treatment,0.0,0,0.0,0
23663,treatment,66.48,0,0.0,0
23664,control,0.0,0,0.0,0
23665,treatment,102.6,1,47.31,0
23666,treatment,0.0,1,87.37,1
23667,control,0.0,0,0.0,0
23668,control,220.97,0,0.0,0
23669,control,0.0,0,0.0,0
23670,treatment,345.57,1,28.25,0
23671,treatment,0.0,0,0.0,0
23672,treatment,0.0,0,0.0,0
23673,control,0.0,1,68.58,0
23674,control,99.02,0,0.0,0
23675,control,0.0,0,0.0,0
23676,treatment,0.0,0,0.0,0
23677,treatment,0.0,0,0.0,0
23678,control,50.53,1,54.21,0
23679,treatment,0.0,0,0.0,0
23680,treatment,0.0,0,0.0,0
23681,control,0.0,0,0.0,0
23682,control,444.34,0,0.0,0
23683,control,254.35,0,0.0,0
23684,control,0.0,1,24.99,0
23685,control,335.57,1,41.6,0
23686,treatment,0.0,0,0.0,0
23687,control,55.24,0,0.0,0
23688,control,37.26,0,0.0,0
23689,treatment,124.88,0,0.0,0
23690,treatment,0.0,0,0.0,0
23691,control,66.7,0,0.0,0
23692,control,0.0,0,0.0,0
23693,control,80.22,0,0.0,0
23694,control,0.0,0,0.0,0
23695,control,206.35,1,88.03,0
23696,treatment,0.0,0,0.0,0
23697,control,0.0,0,0.0,0
23698,control,0.0,0,0.0,0
23699,control,0.0,0,0.0,0
23700,control,0.0,0,0.0,0
23701,treatment,57.36,0,0.0,0
23702,treatment,0.0,0,0.0,0
23703,treatment,141.53,0,0.0,0
23704,treatment,0.0,0,0.0,0
23705,control,0.0,0,0.0,0
23706,control,0.0,0,0.0,0
23707,control,37.11,1,44.91,0
23708,treatment,0.0,0,0.0,0
23709,control,122.86,0,0.0,0
23710,control,52.09,0,0.0,0
23711,control,0.0,0,0.0,0
23712,treatment,49.03,0,0.0,0
23713,control,68.08,1,57.86,0
23714,control,133.36,0,0.0,0
23715,treatment,30.13,0,0.0,0
23716,control,0.0,0,0.0,0
23717,treatment,0.0,0,0.0,0
23718,control,34.02,0,0.0,0
23719,control,0.0,0,0.0,0
23720,treatment,93.86,0,0.0,0
23721,treatment,96.67,0,0.0,0
23722,control,0.0,0,0.0,0
23723,control,0.0,0,0.0,0
23724,treatment,0.0,0,0.0,0
23725,treatment,74.75,0,0.0,0
23726,treatment,36.21,0,0.0,0
23727,control,48.33,0,0.0,0
23728,control,37.12,0,0.0,0
23729,treatment,37.24,0,0.0,0
23730,control,0.0,0,0.0,0
23731,control,0.0,0,0.0,0
23732,treatment,40.93,1,45.97,0
23733,control,0.0,0,0.0,0
23734,treatment,91.49,0,0.0,0
23735,control,69.17,0,0.0,0
23736,control,0.0,0,0.0,0
23737,treatment,0.0,0,0.0,0
23738,treatment,93.92,0,0.0,0
23739,treatment,0.0,0,0.0,0
23740,treatment,101.18,0,0.0,0
23741,treatment,0.0,0,0.0,0
23742,treatment,0.0,0,0.0,0
23743,treatment,122.46,0,0.0,0
23744,treatment,60.48,0,0.0,0
23745,control,794.09,1,117.3,0
23746,treatment,61.66,0,0.0,0
23747,treatment,0.0,0,0.0,0
23748,treatment,0.0,1,74.6,1
23749,control,0.0,0,0.0,0
23750,control,0.0,0,0.0,0
23751,control,138.58,0,0.0,0
23752,control,0.0,0,0.0,0
23753,control,0.0,0,0.0,0
23754,control,0.0,0,0.0,0
23755,control,0.0,0,0.0,0
23756,control,140.43,0,0.0,0
23757,control,0.0,0,0.0,0
23758,control,0.0,0,0.0,0
23759,control,0.0,0,0.0,0
23760,treatment,0.0,1,29.77,0
23761,control,0.0,0,0.0,0
23762,control,172.78,0,0.0,0
23763,treatment,0.0,0,0.0,0
23764,control,597.86,0,0.0,0
23765,treatment,149.29,1,45.42,0
23766,control,0.0,0,0.0,0
23767,control,0.0,0,0.0,0
23768,control,29.5,1,39.56,0
23769,treatment,0.0,0,0.0,0
23770,control,373.84,1,123.68,0
23771,treatment,26.84,0,0.0,0
23772,treatment,74.12,0,0.0,0
23773,treatment,53.24,0,0.0,0
23774,control,0.0,0,0.0,0
23775,control,88.33,1,38.65,0
23776,treatment,41.89,0,0.0,0
23777,control,0.0,1,51.37,0
23778,treatment,0.0,0,0.0,0
23779,control,61.22,0,0.0,0
23780,control,37.6,0,0.0,0
23781,control,401.59,0,0.0,0
23782,control,0.0,0,0.0,0
23783,treatment,0.0,0,0.0,0
23784,treatment,0.0,0,0.0,0
23785,treatment,0.0,0,0.0,0
23786,treatment,141.0,1,109.52,0
23787,control,106.81,1,71.61,0
23788,treatment,234.19,0,0.0,0
23789,control,0.0,0,0.0,0
23790,control,92.9,1,57.39,0
23791,treatment,84.42,0,0.0,0
23792,treatment,246.09,0,0.0,0
23793,control,91.83,0,0.0,0
23794,control,0.0,0,0.0,0
23795,treatment,39.28,0,0.0,0
23796,treatment,40.53,0,0.0,0
23797,control,0.0,0,0.0,0
23798,treatment,34.16,0,0.0,0
23799,treatment,0.0,0,0.0,0
23800,control,0.0,0,0.0,0
23801,treatment,24.64,0,0.0,0
23802,control,59.93,0,0.0,0
23803,control,99.5,0,0.0,0
23804,treatment,69.53,0,0.0,0
23805,treatment,55.63,0,0.0,0
23806,treatment,0.0,0,0.0,0
23807,treatment,0.0,0,0.0,0
23808,treatment,91.88,0,0.0,0
23809,control,49.53,0,0.0,0
23810,control,222.25,0,0.0,0
23811,treatment,70.73,0,0.0,0
23812,treatment,0.0,1,46.7,0
23813,treatment,198.85,0,0.0,0
23814,control,0.0,1,111.1,0
23815,control,239.12,1,169.88,0
23816,control,0.0,0,0.0,0
23817,control,56.05,0,0.0,0
23818,control,34.63,0,0.0,0
23819,treatment,0.0,0,0.0,0
23820,treatment,58.91,0,0.0,0
23821,control,0.0,0,0.0,0
23822,treatment,0.0,1,34.6,0
23823,treatment,0.0,0,0.0,0
23824,control,0.0,0,0.0,0
23825,control,0.0,0,0.0,0
23826,treatment,32.69,0,0.0,0
23827,control,0.0,0,0.0,0
23828,control,0.0,0,0.0,0
23829,control,0.0,0,0.0,0
23830,treatment,82.15,0,0.0,0
23831,treatment,81.64,0,0.0,0
23832,control,0.0,0,0.0,0
23833,control,0.0,0,0.0,0
23834,treatment,30.34,0,0.0,0
23835,treatment,0.0,0,0.0,0
23836,treatment,202.45,0,0.0,0
23837,treatment,0.0,0,0.0,0
23838,treatment,260.34,1,53.28,0
23839,treatment,116.06,0,0.0,0
23840,control,55.54,1,59.89,0
23841,control,0.0,0,0.0,0
23842,control,305.26,0,0.0,0
23843,control,101.38,1,138.86,0
23844,treatment,41.28,0,0.0,0
23845,treatment,108.48,0,0.0,0
23846,treatment,0.0,0,0.0,0
23847,control,33.63,0,0.0,0
23848,control,0.0,0,0.0,0
23849,treatment,28.38,0,0.0,0
23850,control,38.23,0,0.0,0
23851,control,339.43,0,0.0,0
23852,control,0.0,0,0.0,0
23853,treatment,0.0,0,0.0,0
23854,treatment,0.0,0,0.0,0
23855,treatment,65.61,0,0.0,0
23856,treatment,58.42,0,0.0,0
23857,treatment,0.0,0,0.0,0
23858,control,0.0,0,0.0,0
23859,treatment,0.0,0,0.0,0
23860,control,35.76,0,0.0,0
23861,control,0.0,0,0.0,0
23862,treatment,148.6,0,0.0,0
23863,control,0.0,1,66.03,0
23864,treatment,35.16,0,0.0,0
23865,treatment,0.0,0,0.0,0
23866,control,72.87,0,0.0,0
23867,control,18.97,0,0.0,0
23868,treatment,112.27,0,0.0,0
23869,treatment,133.88,0,0.0,0
23870,treatment,49.6,1,38.13,1
23871,control,0.0,0,0.0,0
23872,treatment,66.47,0,0.0,0
23873,treatment,0.0,0,0.0,0
23874,treatment,0.0,0,0.0,0
23875,control,140.67,0,0.0,0
23876,treatment,0.0,0,0.0,0
23877,control,188.38,1,67.48,0
23878,control,246.57,1,58.51,0
23879,control,277.96,0,0.0,0
23880,treatment,49.74,0,0.0,0
23881,control,429.56,0,0.0,0
23882,control,164.22,0,0.0,0
23883,treatment,0.0,0,0.0,0
23884,treatment,44.07,0,0.0,0
23885,control,337.88,1,35.7,0
23886,treatment,239.2,0,0.0,0
23887,control,0.0,0,0.0,0
23888,treatment,82.91,0,0.0,0
23889,treatment,67.11,0,0.0,0
23890,control,0.0,0,0.0,0
23891,treatment,0.0,0,0.0,0
23892,control,49.22,1,44.14,0
23893,treatment,71.51,0,0.0,0
23894,treatment,118.58,0,0.0,0
23895,treatment,0.0,0,0.0,0
23896,treatment,0.0,0,0.0,0
23897,control,0.0,0,0.0,0
23898,control,93.5,0,0.0,0
23899,control,0.0,0,0.0,0
23900,control,0.0,0,0.0,0
23901,treatment,0.0,0,0.0,0
23902,control,0.0,0,0.0,0
23903,control,53.69,0,0.0,0
23904,treatment,0.0,0,0.0,0
23905,control,90.32,0,0.0,0
23906,control,0.0,0,0.0,0
23907,control,45.12,1,41.24,0
23908,control,126.7,0,0.0,0
23909,treatment,44.88,0,0.0,0
23910,treatment,0.0,0,0.0,0
23911,control,39.38,0,0.0,0
23912,control,0.0,0,0.0,0
23913,control,0.0,0,0.0,0
23914,control,0.0,0,0.0,0
23915,treatment,60.68,0,0.0,0
23916,treatment,0.0,0,0.0,0
23917,control,0.0,0,0.0,0
23918,treatment,34.74,0,0.0,0
23919,control,0.0,0,0.0,0
23920,treatment,0.0,0,0.0,0
23921,control,0.0,1,169.17,0
23922,control,0.0,0,0.0,0
23923,treatment,38.95,0,0.0,0
23924,treatment,0.0,0,0.0,0
23925,treatment,0.0,0,0.0,0
23926,control,0.0,0,0.0,0
23927,control,0.0,1,63.08,0
23928,treatment,0.0,0,0.0,0
23929,treatment,73.39,0,0.0,0
23930,control,0.0,0,0.0,0
23931,treatment,0.0,0,0.0,0
23932,treatment,37.72,0,0.0,0
23933,treatment,0.0,0,0.0,0
23934,treatment,27.47,0,0.0,0
23935,treatment,0.0,0,0.0,0
23936,control,54.42,0,0.0,0
23937,control,0.0,0,0.0,0
23938,treatment,38.66,0,0.0,0
23939,control,0.0,0,0.0,0
23940,control,301.0,1,65.2,0
23941,treatment,781.76,1,75.02,0
23942,control,0.0,0,0.0,0
23943,treatment,138.36,0,0.0,0
23944,treatment,0.0,0,0.0,0
23945,control,101.97,0,0.0,0
23946,control,0.0,0,0.0,0
23947,control,43.09,0,0.0,0
23948,control,0.0,0,0.0,0
23949,treatment,0.0,0,0.0,0
23950,treatment,0.0,0,0.0,0
23951,control,50.17,0,0.0,0
23952,control,296.8,0,0.0,0
23953,control,0.0,0,0.0,0
23954,treatment,0.0,0,0.0,0
23955,control,158.6,0,0.0,0
23956,control,0.0,0,0.0,0
23957,control,0.0,0,0.0,0
23958,treatment,175.34,1,42.31,0
23959,control,1131.11,1,53.13,0
23960,treatment,37.07,0,0.0,0
23961,treatment,166.28,1,58.8,0
23962,treatment,0.0,1,30.78,0
23963,control,30.4,0,0.0,0
23964,control,0.0,1,136.24,0
23965,treatment,0.0,0,0.0,0
23966,control,627.29,0,0.0,0
23967,treatment,0.0,0,0.0,0
23968,treatment,139.41,0,0.0,0
23969,control,50.91,0,0.0,0
23970,control,0.0,0,0.0,0
23971,control,0.0,0,0.0,0
23972,treatment,701.33,1,52.93,0
23973,treatment,90.32,0,0.0,0
23974,treatment,0.0,0,0.0,0
23975,control,97.31,0,0.0,0
23976,control,0.0,0,0.0,0
23977,control,517.51,0,0.0,0
23978,treatment,0.0,1,27.05,0
23979,control,89.08,0,0.0,0
23980,treatment,62.13,0,0.0,0
23981,treatment,397.09,1,21.7,0
23982,treatment,253.87,0,0.0,0
23983,control,32.98,0,0.0,0
23984,treatment,511.43,1,38.96,0
23985,control,27.57,0,0.0,0
23986,control,0.0,0,0.0,0
23987,treatment,0.0,0,0.0,0
23988,control,103.47,0,0.0,0
23989,treatment,77.34,1,34.3,0
23990,control,0.0,0,0.0,0
23991,control,0.0,0,0.0,0
23992,treatment,0.0,0,0.0,0
23993,treatment,0.0,0,0.0,0
23994,treatment,82.65,0,0.0,0
23995,treatment,25.92,0,0.0,0
23996,treatment,0.0,0,0.0,0
23997,control,0.0,0,0.0,0
23998,treatment,169.41,0,0.0,0
23999,treatment,0.0,0,0.0,0
24000,treatment,89.22,0,0.0,0
24001,treatment,0.0,0,0.0,0
24002,control,0.0,0,0.0,0
24003,control,0.0,0,0.0,0
24004,control,0.0,0,0.0,0
24005,treatment,0.0,0,0.0,0
24006,treatment,27.51,0,0.0,0
24007,treatment,0.0,0,0.0,0
24008,treatment,0.0,0,0.0,0
24009,control,0.0,0,0.0,0
24010,treatment,0.0,0,0.0,0
24011,control,0.0,0,0.0,0
24012,treatment,0.0,0,0.0,0
24013,control,0.0,0,0.0,0
24014,treatment,0.0,0,0.0,0
24015,treatment,0.0,0,0.0,0
24016,treatment,0.0,0,0.0,0
24017,treatment,105.33,0,0.0,0
24018,treatment,206.67,0,0.0,0
24019,control,395.37,0,0.0,0
24020,treatment,154.1,1,45.16,0
24021,treatment,0.0,0,0.0,0
24022,control,217.17,1,61.39,0
24023,control,47.84,0,0.0,0
24024,treatment,214.78,0,0.0,0
24025,treatment,0.0,1,71.04,0
24026,treatment,0.0,0,0.0,0
24027,treatment,1333.38,1,243.0,0
24028,control,19.73,0,0.0,0
24029,treatment,504.04,1,93.6,0
24030,treatment,0.0,0,0.0,0
24031,control,0.0,0,0.0,0
24032,treatment,0.0,1,31.35,0
24033,treatment,0.0,0,0.0,0
24034,control,59.4,0,0.0,0
24035,control,36.11,0,0.0,0
24036,control,40.12,0,0.0,0
24037,treatment,110.49,0,0.0,0
24038,treatment,0.0,1,63.38,0
24039,treatment,0.0,0,0.0,0
24040,control,0.0,0,0.0,0
24041,control,39.26,0,0.0,0
24042,control,0.0,0,0.0,0
24043,control,658.33,0,0.0,0
24044,treatment,0.0,1,87.31,0
24045,treatment,0.0,0,0.0,0
24046,treatment,65.01,1,28.48,0
24047,control,37.79,0,0.0,0
24048,treatment,0.0,0,0.0,0
24049,treatment,238.56,0,0.0,0
24050,control,0.0,0,0.0,0
24051,treatment,97.7,1,44.65,0
24052,control,330.53,0,0.0,0
24053,control,0.0,0,0.0,0
24054,control,3346.17,1,243.09,0
24055,control,0.0,0,0.0,0
24056,treatment,0.0,0,0.0,0
24057,treatment,0.0,0,0.0,0
24058,treatment,36.34,0,0.0,0
24059,treatment,0.0,0,0.0,0
24060,treatment,0.0,0,0.0,0
24061,treatment,0.0,0,0.0,0
24062,control,85.21,0,0.0,0
24063,treatment,200.39,0,0.0,0
24064,treatment,0.0,0,0.0,0
24065,treatment,0.0,1,26.63,1
24066,control,240.4,1,139.32,0
24067,treatment,35.58,0,0.0,0
24068,treatment,0.0,0,0.0,0
24069,control,142.18,0,0.0,0
24070,treatment,113.58,0,0.0,0
24071,control,0.0,0,0.0,0
24072,control,0.0,0,0.0,0
24073,control,0.0,0,0.0,0
24074,treatment,63.84,0,0.0,0
24075,treatment,0.0,0,0.0,0
24076,control,0.0,0,0.0,0
24077,treatment,163.33,0,0.0,0
24078,treatment,0.0,0,0.0,0
24079,control,47.76,0,0.0,0
24080,control,0.0,0,0.0,0
24081,control,0.0,0,0.0,0
24082,control,73.39,0,0.0,0
24083,treatment,0.0,0,0.0,0
24084,treatment,0.0,0,0.0,0
24085,control,58.46,0,0.0,0
24086,treatment,40.79,0,0.0,0
24087,treatment,255.0,0,0.0,0
24088,treatment,269.27,0,0.0,0
24089,control,194.56,0,0.0,0
24090,control,88.39,1,94.18,0
24091,treatment,172.04,1,61.08,0
24092,treatment,56.56,0,0.0,0
24093,treatment,0.0,0,0.0,0
24094,control,104.44,1,72.14,0
24095,treatment,207.37,0,0.0,0
24096,treatment,0.0,0,0.0,0
24097,control,37.41,0,0.0,0
24098,control,116.88,0,0.0,0
24099,control,23.61,0,0.0,0
24100,control,0.0,0,0.0,0
24101,control,0.0,0,0.0,0
24102,control,0.0,0,0.0,0
24103,control,148.03,0,0.0,0
24104,control,0.0,0,0.0,0
24105,control,0.0,0,0.0,0
24106,treatment,0.0,0,0.0,0
24107,control,25.75,0,0.0,0
24108,control,0.0,1,53.79,0
24109,treatment,0.0,0,0.0,0
24110,treatment,121.83,0,0.0,0
24111,control,0.0,0,0.0,0
24112,control,131.53,0,0.0,0
24113,control,0.0,0,0.0,0
24114,control,0.0,0,0.0,0
24115,treatment,0.0,0,0.0,0
24116,control,0.0,0,0.0,0
24117,control,0.0,0,0.0,0
24118,control,0.0,0,0.0,0
24119,treatment,76.97,0,0.0,0
24120,treatment,27.36,0,0.0,0
24121,treatment,60.02,0,0.0,0
24122,control,0.0,0,0.0,0
24123,control,0.0,0,0.0,0
24124,treatment,0.0,0,0.0,0
24125,treatment,0.0,0,0.0,0
24126,control,26.61,1,60.54,0
24127,control,88.07,0,0.0,0
24128,control,0.0,0,0.0,0
24129,control,0.0,0,0.0,0
24130,treatment,0.0,0,0.0,0
24131,treatment,0.0,0,0.0,0
24132,control,0.0,1,36.25,0
24133,treatment,73.4,0,0.0,0
24134,control,293.53,1,62.17,0
24135,control,0.0,0,0.0,0
24136,control,0.0,0,0.0,0
24137,control,0.0,0,0.0,0
24138,treatment,428.09,1,107.2,0
24139,control,0.0,0,0.0,0
24140,control,128.72,1,115.27,0
24141,control,0.0,0,0.0,0
24142,treatment,0.0,0,0.0,0
24143,treatment,0.0,0,0.0,0
24144,control,0.0,0,0.0,0
24145,treatment,211.94,1,60.88,0
24146,treatment,49.85,0,0.0,0
24147,treatment,34.24,0,0.0,0
24148,treatment,0.0,0,0.0,0
24149,control,0.0,0,0.0,0
24150,control,164.95,0,0.0,0
24151,control,0.0,0,0.0,0
24152,control,0.0,0,0.0,0
24153,control,60.21,1,82.38,0
24154,treatment,31.5,0,0.0,0
24155,treatment,0.0,0,0.0,0
24156,treatment,80.6,0,0.0,0
24157,treatment,298.56,0,0.0,0
24158,control,92.39,0,0.0,0
24159,control,0.0,0,0.0,0
24160,control,1024.04,0,0.0,0
24161,control,0.0,0,0.0,0
24162,treatment,0.0,0,0.0,0
24163,treatment,0.0,0,0.0,0
24164,control,45.76,0,0.0,0
24165,treatment,0.0,0,0.0,0
24166,control,0.0,0,0.0,0
24167,treatment,41.83,0,0.0,0
24168,treatment,57.49,0,0.0,0
24169,control,0.0,0,0.0,0
24170,treatment,0.0,0,0.0,0
24171,control,25.15,0,0.0,0
24172,control,248.23,1,131.75,0
24173,treatment,0.0,0,0.0,0
24174,treatment,0.0,0,0.0,0
24175,control,70.16,0,0.0,0
24176,control,0.0,0,0.0,0
24177,treatment,0.0,0,0.0,0
24178,treatment,0.0,0,0.0,0
24179,control,47.17,0,0.0,0
24180,control,0.0,0,0.0,0
24181,control,0.0,0,0.0,0
24182,control,0.0,0,0.0,0
24183,treatment,115.64,0,0.0,0
24184,control,0.0,0,0.0,0
24185,treatment,70.89,1,51.85,0
24186,control,0.0,0,0.0,0
24187,control,103.47,0,0.0,0
24188,control,0.0,0,0.0,0
24189,treatment,0.0,0,0.0,0
24190,treatment,52.88,0,0.0,0
24191,treatment,0.0,0,0.0,0
24192,treatment,54.01,0,0.0,0
24193,treatment,312.36,0,0.0,0
24194,control,0.0,0,0.0,0
24195,control,0.0,0,0.0,0
24196,control,0.0,0,0.0,0
24197,treatment,47.85,0,0.0,0
24198,control,51.62,0,0.0,0
24199,treatment,166.55,0,0.0,0
24200,control,51.42,0,0.0,0
24201,control,0.0,0,0.0,0
24202,control,1401.95,1,80.16,0
24203,treatment,279.76,0,0.0,0
24204,treatment,78.01,0,0.0,0
24205,treatment,0.0,0,0.0,0
24206,treatment,180.07,0,0.0,0
24207,control,0.0,0,0.0,0
24208,control,0.0,0,0.0,0
24209,treatment,0.0,0,0.0,0
24210,treatment,0.0,0,0.0,0
24211,control,0.0,0,0.0,0
24212,control,24.03,0,0.0,0
24213,treatment,0.0,0,0.0,0
24214,control,231.11,1,59.89,0
24215,control,63.87,0,0.0,0
24216,treatment,149.98,0,0.0,0
24217,treatment,0.0,0,0.0,0
24218,treatment,83.29,0,0.0,0
24219,treatment,0.0,0,0.0,0
24220,treatment,0.0,0,0.0,0
24221,treatment,185.24,0,0.0,0
24222,treatment,0.0,0,0.0,0
24223,treatment,0.0,0,0.0,0
24224,treatment,42.02,0,0.0,0
24225,control,111.03,0,0.0,0
24226,control,0.0,0,0.0,0
24227,treatment,197.8,0,0.0,0
24228,treatment,0.0,0,0.0,0
24229,control,0.0,0,0.0,0
24230,control,198.77,1,89.66,0
24231,control,86.92,0,0.0,0
24232,control,0.0,0,0.0,0
24233,control,0.0,0,0.0,0
24234,control,244.54,1,51.93,0
24235,control,171.11,0,0.0,0
24236,control,0.0,0,0.0,0
24237,control,0.0,0,0.0,0
24238,treatment,18.79,0,0.0,0
24239,control,0.0,0,0.0,0
24240,control,30.72,0,0.0,0
24241,treatment,200.6,0,0.0,0
24242,control,0.0,0,0.0,0
24243,treatment,49.58,0,0.0,0
24244,treatment,222.81,0,0.0,0
24245,treatment,50.71,0,0.0,0
24246,control,0.0,0,0.0,0
24247,treatment,0.0,0,0.0,0
24248,treatment,137.86,1,86.68,0
24249,control,0.0,0,0.0,0
24250,control,0.0,0,0.0,0
24251,treatment,0.0,0,0.0,0
24252,control,0.0,0,0.0,0
24253,control,23.82,0,0.0,0
24254,treatment,0.0,0,0.0,0
24255,treatment,0.0,0,0.0,0
24256,treatment,200.02,0,0.0,0
24257,treatment,0.0,0,0.0,0
24258,treatment,0.0,1,13.32,1
24259,treatment,220.5,0,0.0,0
24260,treatment,60.26,0,0.0,0
24261,treatment,0.0,0,0.0,0
24262,treatment,0.0,0,0.0,0
24263,control,0.0,0,0.0,0
24264,treatment,100.87,1,75.61,0
24265,treatment,0.0,0,0.0,0
24266,control,325.53,1,69.46,0
24267,control,99.27,0,0.0,0
24268,treatment,0.0,0,0.0,0
24269,control,834.87,1,64.06,0
24270,control,204.3,0,0.0,0
24271,control,0.0,0,0.0,0
24272,control,0.0,0,0.0,0
24273,control,37.2,0,0.0,0
24274,treatment,905.66,0,0.0,0
24275,treatment,0.0,0,0.0,0
24276,treatment,0.0,0,0.0,0
24277,treatment,0.0,0,0.0,0
24278,control,48.14,0,0.0,0
24279,control,444.94,0,0.0,0
24280,treatment,0.0,0,0.0,0
24281,control,0.0,0,0.0,0
24282,control,0.0,0,0.0,0
24283,control,102.37,0,0.0,0
24284,treatment,162.75,1,44.01,0
24285,treatment,109.59,0,0.0,0
24286,treatment,0.0,1,109.38,0
24287,control,0.0,0,0.0,0
24288,treatment,0.0,0,0.0,0
24289,treatment,0.0,0,0.0,0
24290,treatment,54.5,1,200.76,0
24291,treatment,30.03,1,135.33,0
24292,treatment,198.2,0,0.0,0
24293,control,0.0,0,0.0,0
24294,control,0.0,0,0.0,0
24295,treatment,0.0,0,0.0,0
24296,treatment,0.0,0,0.0,0
24297,treatment,0.0,0,0.0,0
24298,treatment,0.0,0,0.0,0
24299,treatment,0.0,0,0.0,0
24300,treatment,180.61,0,0.0,0
24301,control,98.58,0,0.0,0
24302,treatment,0.0,0,0.0,0
24303,treatment,0.0,0,0.0,0
24304,control,0.0,0,0.0,0
24305,treatment,85.1,0,0.0,0
24306,treatment,451.94,0,0.0,0
24307,control,68.91,0,0.0,0
24308,treatment,0.0,0,0.0,0
24309,treatment,0.0,0,0.0,0
24310,treatment,148.86,0,0.0,0
24311,control,0.0,0,0.0,0
24312,control,0.0,0,0.0,0
24313,treatment,46.5,0,0.0,0
24314,control,0.0,0,0.0,0
24315,control,0.0,0,0.0,0
24316,control,0.0,0,0.0,0
24317,treatment,117.48,0,0.0,0
24318,control,54.05,0,0.0,0
24319,control,0.0,1,60.2,0
24320,treatment,0.0,0,0.0,0
24321,control,0.0,0,0.0,0
24322,control,40.06,0,0.0,0
24323,control,59.82,1,51.52,0
24324,treatment,116.98,0,0.0,0
24325,treatment,0.0,0,0.0,0
24326,control,0.0,0,0.0,0
24327,treatment,216.8,0,0.0,0
24328,treatment,0.0,0,0.0,0
24329,treatment,73.92,0,0.0,0
24330,treatment,0.0,0,0.0,0
24331,treatment,77.3,0,0.0,0
24332,control,180.26,0,0.0,0
24333,control,25.14,0,0.0,0
24334,treatment,0.0,0,0.0,0
24335,treatment,0.0,0,0.0,0
24336,control,0.0,0,0.0,0
24337,treatment,0.0,0,0.0,0
24338,treatment,0.0,0,0.0,0
24339,control,0.0,0,0.0,0
24340,control,0.0,0,0.0,0
24341,treatment,0.0,0,0.0,0
24342,treatment,319.11,1,47.36,0
24343,control,0.0,0,0.0,0
24344,control,234.81,0,0.0,0
24345,control,0.0,0,0.0,0
24346,control,119.25,0,0.0,0
24347,treatment,278.03,0,0.0,0
24348,control,22.22,0,0.0,0
24349,control,140.44,1,103.89,0
24350,control,64.1,0,0.0,0
24351,control,49.55,0,0.0,0
24352,treatment,0.0,0,0.0,0
24353,treatment,60.99,0,0.0,0
24354,control,0.0,0,0.0,0
24355,control,0.0,0,0.0,0
24356,control,0.0,0,0.0,0
24357,treatment,96.89,0,0.0,0
24358,control,0.0,0,0.0,0
24359,treatment,0.0,0,0.0,0
24360,treatment,0.0,0,0.0,0
24361,control,0.0,0,0.0,0
24362,control,104.3,0,0.0,0
24363,control,0.0,0,0.0,0
24364,control,154.63,1,61.71,0
24365,treatment,145.96,1,45.57,0
24366,control,177.51,0,0.0,0
24367,treatment,33.03,0,0.0,0
24368,control,298.16,1,48.64,0
24369,treatment,38.7,0,0.0,0
24370,treatment,35.61,0,0.0,0
24371,treatment,0.0,0,0.0,0
24372,treatment,51.34,1,86.17,0
24373,treatment,0.0,0,0.0,0
24374,control,0.0,0,0.0,0
24375,treatment,0.0,0,0.0,0
24376,control,84.85,0,0.0,0
24377,treatment,169.0,0,0.0,0
24378,treatment,36.35,0,0.0,0
24379,control,0.0,0,0.0,0
24380,control,0.0,0,0.0,0
24381,treatment,0.0,0,0.0,0
24382,control,0.0,0,0.0,0
24383,control,0.0,0,0.0,0
24384,treatment,49.69,0,0.0,0
24385,treatment,188.07,1,128.32,0
24386,treatment,0.0,0,0.0,0
24387,control,0.0,0,0.0,0
24388,control,0.0,0,0.0,0
24389,control,0.0,0,0.0,0
24390,treatment,97.64,0,0.0,0
24391,treatment,0.0,0,0.0,0
24392,control,1161.37,1,104.42,1
24393,control,0.0,0,0.0,0
24394,control,56.15,0,0.0,0
24395,control,0.0,0,0.0,0
24396,treatment,116.24,1,47.36,0
24397,control,35.18,0,0.0,0
24398,control,90.66,0,0.0,0
24399,control,53.46,0,0.0,0
24400,control,188.1,1,114.79,0
24401,control,0.0,0,0.0,0
24402,control,92.4,0,0.0,0
24403,control,0.0,0,0.0,0
24404,treatment,70.74,1,58.92,0
24405,control,0.0,0,0.0,0
24406,control,0.0,0,0.0,0
24407,control,0.0,0,0.0,0
24408,treatment,0.0,0,0.0,0
24409,treatment,52.1,0,0.0,0
24410,treatment,44.88,0,0.0,0
24411,treatment,0.0,0,0.0,0
24412,control,0.0,0,0.0,0
24413,control,139.36,0,0.0,0
24414,treatment,0.0,0,0.0,0
24415,treatment,62.01,1,61.28,0
24416,treatment,0.0,0,0.0,0
24417,control,176.66,0,0.0,0
24418,treatment,92.74,0,0.0,0
24419,control,69.43,0,0.0,0
24420,control,0.0,0,0.0,0
24421,treatment,26.85,0,0.0,0
24422,control,0.0,0,0.0,0
24423,control,88.42,0,0.0,0
24424,treatment,122.43,0,0.0,0
24425,treatment,82.82,0,0.0,0
24426,treatment,71.46,1,74.56,0
24427,treatment,0.0,0,0.0,0
24428,treatment,0.0,0,0.0,0
24429,control,74.64,0,0.0,0
24430,control,228.02,0,0.0,0
24431,control,74.47,0,0.0,0
24432,treatment,0.0,0,0.0,0
24433,control,0.0,0,0.0,0
24434,treatment,48.88,0,0.0,0
24435,control,0.0,0,0.0,0
24436,control,32.37,0,0.0,0
24437,control,174.05,0,0.0,0
24438,control,0.0,0,0.0,0
24439,control,229.18,1,24.44,0
24440,treatment,1107.78,1,80.39,0
24441,treatment,0.0,0,0.0,0
24442,treatment,0.0,0,0.0,0
24443,treatment,161.51,1,42.85,0
24444,treatment,0.0,0,0.0,0
24445,treatment,0.0,0,0.0,0
24446,control,0.0,0,0.0,0
24447,treatment,0.0,0,0.0,0
24448,control,0.0,0,0.0,0
24449,treatment,0.0,0,0.0,0
24450,control,0.0,0,0.0,0
24451,control,0.0,0,0.0,0
24452,treatment,0.0,1,91.6,1
24453,treatment,82.77,0,0.0,0
24454,treatment,0.0,0,0.0,0
24455,control,57.64,0,0.0,0
24456,control,22.79,0,0.0,0
24457,treatment,38.76,0,0.0,0
24458,treatment,0.0,0,0.0,0
24459,treatment,54.27,0,0.0,0
24460,control,0.0,0,0.0,0
24461,treatment,93.81,0,0.0,0
24462,treatment,0.0,0,0.0,0
24463,control,0.0,0,0.0,0
24464,treatment,36.85,0,0.0,0
24465,treatment,0.0,0,0.0,0
24466,treatment,105.21,0,0.0,0
24467,treatment,0.0,0,0.0,0
24468,treatment,0.0,0,0.0,0
24469,control,151.32,0,0.0,0
24470,control,0.0,0,0.0,0
24471,treatment,122.63,0,0.0,0
24472,control,0.0,0,0.0,0
24473,treatment,0.0,1,48.73,0
24474,treatment,55.27,0,0.0,0
24475,treatment,45.14,0,0.0,0
24476,control,214.21,0,0.0,0
24477,treatment,0.0,0,0.0,0
24478,control,174.52,0,0.0,0
24479,treatment,50.69,0,0.0,0
24480,control,161.92,0,0.0,0
24481,control,0.0,0,0.0,0
24482,control,0.0,0,0.0,0
24483,treatment,0.0,0,0.0,0
24484,control,47.4,0,0.0,0
24485,control,45.25,0,0.0,0
24486,treatment,49.08,1,55.64,0
24487,control,0.0,0,0.0,0
24488,treatment,115.74,1,51.45,0
24489,treatment,0.0,0,0.0,0
24490,treatment,0.0,0,0.0,0
24491,control,0.0,0,0.0,0
24492,control,0.0,0,0.0,0
24493,control,299.16,0,0.0,0
24494,treatment,0.0,0,0.0,0
24495,treatment,0.0,0,0.0,0
24496,control,112.37,0,0.0,0
24497,treatment,32.46,1,56.02,0
24498,treatment,0.0,0,0.0,0
24499,treatment,0.0,0,0.0,0
24500,control,0.0,0,0.0,0
24501,control,0.0,0,0.0,0
24502,treatment,0.0,0,0.0,0
24503,control,80.38,0,0.0,0
24504,treatment,180.93,0,0.0,0
24505,treatment,0.0,0,0.0,0
24506,treatment,0.0,0,0.0,0
24507,treatment,0.0,0,0.0,0
24508,control,54.42,0,0.0,0
24509,treatment,0.0,0,0.0,0
24510,control,0.0,1,82.66,0
24511,treatment,0.0,0,0.0,0
24512,control,0.0,0,0.0,0
24513,treatment,0.0,0,0.0,0
24514,treatment,178.44,0,0.0,0
24515,control,44.09,0,0.0,0
24516,control,0.0,0,0.0,0
24517,control,143.67,0,0.0,0
24518,control,0.0,0,0.0,0
24519,control,0.0,0,0.0,0
24520,control,48.17,0,0.0,0
24521,treatment,0.0,0,0.0,0
24522,control,88.34,0,0.0,0
24523,control,77.5,0,0.0,0
24524,control,111.92,1,34.96,0
24525,control,134.96,0,0.0,0
24526,control,0.0,0,0.0,0
24527,treatment,0.0,0,0.0,0
24528,control,0.0,0,0.0,0
24529,treatment,25.62,0,0.0,0
24530,control,33.11,1,33.95,0
24531,treatment,104.56,0,0.0,0
24532,control,69.85,1,45.81,0
24533,control,0.0,0,0.0,0
24534,treatment,0.0,0,0.0,0
24535,control,0.0,0,0.0,0
24536,treatment,0.0,0,0.0,0
24537,treatment,0.0,0,0.0,0
24538,treatment,0.0,0,0.0,0
24539,treatment,57.53,0,0.0,0
24540,treatment,0.0,0,0.0,0
24541,control,55.23,0,0.0,0
24542,treatment,353.26,0,0.0,0
24543,control,57.71,0,0.0,0
24544,treatment,63.96,0,0.0,0
24545,control,0.0,0,0.0,0
24546,control,0.0,0,0.0,0
24547,treatment,0.0,0,0.0,0
24548,control,0.0,0,0.0,0
24549,control,99.8,0,0.0,0
24550,treatment,0.0,0,0.0,0
24551,control,0.0,0,0.0,0
24552,treatment,0.0,0,0.0,0
24553,treatment,107.85,0,0.0,0
24554,treatment,133.5,0,0.0,0
24555,control,62.98,0,0.0,0
24556,control,170.03,0,0.0,0
24557,treatment,0.0,1,32.34,0
24558,treatment,170.65,1,160.86,0
24559,control,81.1,0,0.0,0
24560,treatment,0.0,0,0.0,0
24561,control,0.0,0,0.0,0
24562,treatment,291.45,0,0.0,0
24563,control,0.0,0,0.0,0
24564,treatment,58.01,0,0.0,0
24565,control,272.4,0,0.0,0
24566,treatment,247.94,1,91.43,0
24567,control,533.59,0,0.0,0
24568,control,117.91,0,0.0,0
24569,control,0.0,0,0.0,0
24570,control,175.06,0,0.0,0
24571,treatment,0.0,0,0.0,0
24572,treatment,181.01,0,0.0,0
24573,treatment,40.11,0,0.0,0
24574,control,110.89,0,0.0,0
24575,control,0.0,0,0.0,0
24576,treatment,0.0,0,0.0,0
24577,treatment,0.0,0,0.0,0
24578,treatment,49.38,0,0.0,0
24579,control,105.08,0,0.0,0
24580,treatment,69.77,0,0.0,0
24581,treatment,0.0,0,0.0,0
24582,control,0.0,0,0.0,0
24583,treatment,0.0,0,0.0,0
24584,control,0.0,1,71.95,0
24585,treatment,0.0,0,0.0,0
24586,control,212.93,0,0.0,0
24587,treatment,0.0,0,0.0,0
24588,treatment,0.0,0,0.0,0
24589,control,101.07,1,49.16,0
24590,control,83.5,1,22.43,0
24591,control,0.0,0,0.0,0
24592,treatment,0.0,0,0.0,0
24593,treatment,0.0,0,0.0,0
24594,treatment,37.78,0,0.0,0
24595,control,81.67,1,34.35,0
24596,control,0.0,0,0.0,0
24597,control,109.56,0,0.0,0
24598,control,343.11,1,117.43,0
24599,control,0.0,0,0.0,0
24600,treatment,51.15,1,29.2,0
24601,control,75.9,0,0.0,0
24602,control,0.0,0,0.0,0
24603,treatment,23.48,0,0.0,0
24604,control,0.0,0,0.0,0
24605,treatment,24.4,0,0.0,0
24606,control,0.0,0,0.0,0
24607,treatment,68.15,0,0.0,0
24608,control,0.0,0,0.0,0
24609,control,0.0,0,0.0,0
24610,control,0.0,0,0.0,0
24611,control,0.0,0,0.0,0
24612,control,267.2,1,56.44,0
24613,control,26.21,0,0.0,0
24614,treatment,0.0,0,0.0,0
24615,control,0.0,0,0.0,0
24616,treatment,79.6,0,0.0,0
24617,treatment,174.1,0,0.0,0
24618,control,0.0,0,0.0,0
24619,control,0.0,0,0.0,0
24620,control,32.02,0,0.0,0
24621,treatment,34.46,0,0.0,0
24622,treatment,0.0,0,0.0,0
24623,treatment,35.12,0,0.0,0
24624,treatment,0.0,0,0.0,0
24625,control,0.0,0,0.0,0
24626,treatment,156.37,0,0.0,0
24627,treatment,0.0,0,0.0,0
24628,treatment,0.0,0,0.0,0
24629,control,492.3,0,0.0,0
24630,treatment,0.0,0,0.0,0
24631,treatment,26.83,0,0.0,0
24632,control,0.0,0,0.0,0
24633,control,0.0,1,73.23,0
24634,control,97.35,0,0.0,0
24635,treatment,30.1,0,0.0,0
24636,control,37.98,0,0.0,0
24637,treatment,36.3,0,0.0,0
24638,control,0.0,0,0.0,0
24639,control,0.0,0,0.0,0
24640,treatment,94.31,0,0.0,0
24641,control,0.0,0,0.0,0
24642,control,319.37,0,0.0,0
24643,control,0.0,0,0.0,0
24644,control,231.77,1,125.53,0
24645,treatment,178.67,1,130.01,0
24646,control,0.0,0,0.0,0
24647,treatment,108.59,1,23.97,0
24648,treatment,0.0,0,0.0,0
24649,control,43.9,0,0.0,0
24650,treatment,27.17,0,0.0,0
24651,control,49.8,1,28.01,0
24652,control,0.0,0,0.0,0
24653,control,88.85,0,0.0,0
24654,treatment,118.59,0,0.0,0
24655,treatment,0.0,0,0.0,0
24656,control,85.13,0,0.0,0
24657,control,0.0,0,0.0,0
24658,treatment,0.0,0,0.0,0
24659,control,0.0,0,0.0,0
24660,treatment,0.0,0,0.0,0
24661,treatment,81.57,1,43.74,0
24662,control,0.0,0,0.0,0
24663,treatment,0.0,0,0.0,0
24664,control,207.18,0,0.0,0
24665,control,79.81,0,0.0,0
24666,control,47.68,0,0.0,0
24667,control,0.0,0,0.0,0
24668,control,0.0,0,0.0,0
24669,control,51.19,0,0.0,0
24670,treatment,0.0,0,0.0,0
24671,control,0.0,0,0.0,0
24672,treatment,0.0,0,0.0,0
24673,control,110.65,0,0.0,0
24674,treatment,0.0,0,0.0,0
24675,control,0.0,0,0.0,0
24676,treatment,0.0,0,0.0,0
24677,control,0.0,0,0.0,0
24678,control,113.79,1,37.98,0
24679,treatment,120.44,0,0.0,0
24680,treatment,161.74,0,0.0,0
24681,control,0.0,1,107.8,0
24682,treatment,0.0,1,51.9,0
24683,treatment,0.0,0,0.0,0
24684,control,0.0,0,0.0,0
24685,control,37.5,0,0.0,0
24686,treatment,161.5,0,0.0,0
24687,control,134.14,0,0.0,0
24688,control,0.0,0,0.0,0
24689,treatment,347.84,0,0.0,0
24690,treatment,37.47,0,0.0,0
24691,treatment,163.14,1,46.56,0
24692,treatment,118.0,0,0.0,0
24693,treatment,45.55,0,0.0,0
24694,treatment,0.0,0,0.0,0
24695,treatment,143.71,0,0.0,0
24696,treatment,230.39,0,0.0,0
24697,treatment,0.0,0,0.0,0
24698,treatment,0.0,0,0.0,0
24699,control,808.91,0,0.0,0
24700,treatment,0.0,0,0.0,0
24701,treatment,93.73,0,0.0,0
24702,control,0.0,0,0.0,0
24703,treatment,0.0,0,0.0,0
24704,control,183.78,0,0.0,0
24705,control,0.0,0,0.0,0
24706,control,0.0,0,0.0,0
24707,treatment,69.51,0,0.0,0
24708,control,42.49,0,0.0,0
24709,treatment,53.32,0,0.0,0
24710,control,0.0,0,0.0,0
24711,treatment,36.35,0,0.0,0
24712,control,34.55,1,19.79,0
24713,treatment,0.0,0,0.0,0
24714,treatment,0.0,1,33.91,0
24715,treatment,283.01,0,0.0,0
24716,control,41.79,0,0.0,0
24717,treatment,125.67,0,0.0,0
24718,control,0.0,0,0.0,0
24719,treatment,36.03,1,30.79,0
24720,treatment,145.99,0,0.0,0
24721,treatment,0.0,0,0.0,0
24722,control,0.0,0,0.0,0
24723,control,0.0,0,0.0,0
24724,treatment,36.45,0,0.0,0
24725,treatment,0.0,1,54.27,0
24726,treatment,0.0,0,0.0,0
24727,control,0.0,0,0.0,0
24728,treatment,0.0,0,0.0,0
24729,treatment,0.0,0,0.0,0
24730,treatment,229.17,0,0.0,0
24731,control,0.0,0,0.0,0
24732,control,0.0,0,0.0,0
24733,treatment,0.0,1,60.01,0
24734,treatment,0.0,0,0.0,0
24735,treatment,0.0,0,0.0,0
24736,control,172.66,1,95.36,0
24737,control,91.14,0,0.0,0
24738,control,0.0,0,0.0,0
24739,treatment,0.0,0,0.0,0
24740,control,40.09,0,0.0,0
24741,control,47.98,0,0.0,0
24742,control,49.78,0,0.0,0
24743,treatment,0.0,0,0.0,0
24744,control,0.0,0,0.0,0
24745,treatment,132.78,0,0.0,0
24746,control,263.62,0,0.0,0
24747,treatment,298.53,0,0.0,0
24748,treatment,411.24,0,0.0,0
24749,control,0.0,0,0.0,0
24750,control,48.8,1,40.57,0
24751,control,65.16,0,0.0,0
24752,control,0.0,0,0.0,0
24753,treatment,0.0,0,0.0,0
24754,treatment,55.29,0,0.0,0
24755,treatment,168.26,0,0.0,0
24756,control,61.43,0,0.0,0
24757,treatment,0.0,0,0.0,0
24758,treatment,36.0,0,0.0,0
24759,control,82.01,0,0.0,0
24760,treatment,36.38,1,38.3,0
24761,treatment,54.87,0,0.0,0
24762,control,0.0,0,0.0,0
24763,control,48.07,0,0.0,0
24764,treatment,117.29,0,0.0,0
24765,treatment,0.0,0,0.0,0
24766,treatment,0.0,0,0.0,0
24767,treatment,56.96,1,42.52,0
24768,treatment,0.0,0,0.0,0
24769,treatment,0.0,0,0.0,0
24770,control,0.0,0,0.0,0
24771,control,0.0,0,0.0,0
24772,treatment,0.0,0,0.0,0
24773,control,30.15,0,0.0,0
24774,treatment,36.94,0,0.0,0
24775,control,0.0,0,0.0,0
24776,control,0.0,0,0.0,0
24777,control,57.49,0,0.0,0
24778,treatment,0.0,0,0.0,0
24779,control,0.0,0,0.0,0
24780,control,142.02,1,26.71,0
24781,treatment,0.0,0,0.0,0
24782,control,0.0,0,0.0,0
24783,control,0.0,0,0.0,0
24784,treatment,0.0,0,0.0,0
24785,treatment,69.02,0,0.0,0
24786,treatment,0.0,1,33.4,1
24787,treatment,61.67,1,52.44,0
24788,treatment,26.66,1,54.55,0
24789,treatment,0.0,0,0.0,0
24790,treatment,0.0,0,0.0,0
24791,control,57.12,0,0.0,0
24792,treatment,42.38,0,0.0,0
24793,control,0.0,0,0.0,0
24794,treatment,0.0,0,0.0,0
24795,control,872.19,0,0.0,0
24796,treatment,45.87,0,0.0,0
24797,treatment,0.0,0,0.0,0
24798,treatment,399.33,0,0.0,0
24799,treatment,176.47,0,0.0,0
24800,treatment,0.0,0,0.0,0
24801,control,48.82,0,0.0,0
24802,treatment,0.0,0,0.0,0
24803,treatment,0.0,0,0.0,0
24804,control,0.0,0,0.0,0
24805,treatment,0.0,0,0.0,0
24806,treatment,0.0,0,0.0,0
24807,treatment,129.45,0,0.0,0
24808,control,0.0,0,0.0,0
24809,control,167.38,0,0.0,0
24810,treatment,0.0,0,0.0,0
24811,control,38.02,0,0.0,0
24812,control,44.58,0,0.0,0
24813,treatment,0.0,0,0.0,0
24814,control,0.0,0,0.0,0
24815,treatment,380.38,0,0.0,0
24816,control,0.0,1,37.57,0
24817,treatment,0.0,0,0.0,0
24818,control,0.0,0,0.0,0
24819,control,0.0,0,0.0,0
24820,treatment,76.11,0,0.0,0
24821,control,0.0,0,0.0,0
24822,control,0.0,0,0.0,0
24823,treatment,0.0,0,0.0,0
24824,treatment,0.0,0,0.0,0
24825,treatment,0.0,0,0.0,0
24826,control,0.0,0,0.0,0
24827,control,0.0,0,0.0,0
24828,treatment,0.0,0,0.0,0
24829,control,56.25,1,71.22,0
24830,control,0.0,0,0.0,0
24831,control,466.61,1,88.56,0
24832,treatment,288.74,0,0.0,0
24833,treatment,0.0,0,0.0,0
24834,control,0.0,0,0.0,0
24835,control,0.0,0,0.0,0
24836,treatment,0.0,0,0.0,0
24837,control,163.9,0,0.0,0
24838,treatment,0.0,0,0.0,0
24839,treatment,125.28,1,101.27,0
24840,treatment,0.0,0,0.0,0
24841,control,0.0,0,0.0,0
24842,treatment,0.0,0,0.0,0
24843,control,0.0,0,0.0,0
24844,treatment,0.0,0,0.0,0
24845,control,0.0,0,0.0,0
24846,treatment,42.2,0,0.0,0
24847,control,112.24,0,0.0,0
24848,control,0.0,0,0.0,0
24849,control,101.51,0,0.0,0
24850,control,121.7,0,0.0,0
24851,control,87.78,0,0.0,0
24852,control,0.0,0,0.0,0
24853,treatment,0.0,0,0.0,0
24854,treatment,0.0,0,0.0,0
24855,control,0.0,0,0.0,0
24856,control,47.4,0,0.0,0
24857,control,0.0,0,0.0,0
24858,control,0.0,1,80.35,0
24859,treatment,0.0,0,0.0,0
24860,treatment,0.0,0,0.0,0
24861,control,38.9,1,41.28,0
24862,control,120.13,0,0.0,0
24863,control,17.81,1,19.89,0
24864,treatment,0.0,0,0.0,0
24865,treatment,0.0,0,0.0,0
24866,control,0.0,0,0.0,0
24867,control,0.0,0,0.0,0
24868,control,0.0,0,0.0,0
24869,control,119.46,0,0.0,0
24870,control,0.0,0,0.0,0
24871,treatment,175.27,0,0.0,0
24872,treatment,0.0,0,0.0,0
24873,treatment,33.51,0,0.0,0
24874,treatment,0.0,0,0.0,0
24875,control,0.0,0,0.0,0
24876,control,31.93,0,0.0,0
24877,control,0.0,0,0.0,0
24878,treatment,94.26,0,0.0,0
24879,treatment,0.0,0,0.0,0
24880,control,0.0,0,0.0,0
24881,control,297.54,0,0.0,0
24882,treatment,0.0,0,0.0,0
24883,control,0.0,0,0.0,0
24884,treatment,0.0,0,0.0,0
24885,treatment,0.0,0,0.0,0
24886,control,0.0,0,0.0,0
24887,control,72.75,1,42.64,0
24888,control,0.0,0,0.0,0
24889,control,0.0,0,0.0,0
24890,treatment,38.2,0,0.0,0
24891,treatment,43.36,0,0.0,0
24892,control,33.55,0,0.0,0
24893,control,91.69,1,68.09,0
24894,treatment,223.74,0,0.0,0
24895,treatment,113.31,0,0.0,0
24896,treatment,55.19,0,0.0,0
24897,treatment,0.0,0,0.0,0
24898,treatment,0.0,0,0.0,0
24899,control,51.65,0,0.0,0
24900,control,0.0,0,0.0,0
24901,control,0.0,0,0.0,0
24902,control,0.0,0,0.0,0
24903,treatment,0.0,0,0.0,0
24904,treatment,0.0,0,0.0,0
24905,treatment,0.0,0,0.0,0
24906,treatment,70.89,0,0.0,0
24907,control,0.0,0,0.0,0
24908,treatment,0.0,0,0.0,0
24909,treatment,42.88,0,0.0,0
24910,treatment,229.13,1,98.86,0
24911,control,86.95,0,0.0,0
24912,control,629.32,0,0.0,0
24913,treatment,0.0,0,0.0,0
24914,treatment,51.21,0,0.0,0
24915,control,152.0,1,29.08,0
24916,treatment,0.0,0,0.0,0
24917,control,32.81,1,49.59,0
24918,treatment,0.0,0,0.0,0
24919,control,0.0,0,0.0,0
24920,treatment,18.88,0,0.0,0
24921,control,85.09,0,0.0,0
24922,treatment,0.0,0,0.0,0
24923,treatment,54.82,0,0.0,0
24924,treatment,0.0,0,0.0,0
24925,treatment,50.62,0,0.0,0
24926,treatment,0.0,0,0.0,0
24927,treatment,0.0,0,0.0,0
24928,control,0.0,0,0.0,0
24929,control,0.0,0,0.0,0
24930,treatment,0.0,0,0.0,0
24931,treatment,404.08,0,0.0,0
24932,treatment,49.11,0,0.0,0
24933,treatment,63.25,0,0.0,0
24934,control,0.0,0,0.0,0
24935,control,139.93,0,0.0,0
24936,treatment,0.0,0,0.0,0
24937,control,53.62,1,88.61,0
24938,control,177.88,0,0.0,0
24939,control,37.21,0,0.0,0
24940,treatment,37.11,0,0.0,0
24941,treatment,69.84,0,0.0,0
24942,treatment,192.88,1,45.73,0
24943,treatment,0.0,0,0.0,0
24944,control,755.85,0,0.0,0
24945,control,0.0,0,0.0,0
24946,control,312.12,0,0.0,0
24947,control,0.0,0,0.0,0
24948,control,0.0,0,0.0,0
24949,control,0.0,0,0.0,0
24950,control,0.0,0,0.0,0
24951,treatment,0.0,0,0.0,0
24952,treatment,0.0,0,0.0,0
24953,control,0.0,0,0.0,0
24954,control,58.91,0,0.0,0
24955,control,317.99,1,118.89,0
24956,control,0.0,0,0.0,0
24957,control,122.15,1,14.83,0
24958,control,0.0,0,0.0,0
24959,control,0.0,0,0.0,0
24960,treatment,0.0,0,0.0,0
24961,control,31.49,0,0.0,0
24962,control,0.0,0,0.0,0
24963,control,0.0,0,0.0,0
24964,treatment,0.0,1,45.68,1
24965,control,0.0,0,0.0,0
24966,control,171.59,1,72.97,0
24967,treatment,74.27,0,0.0,0
24968,control,52.62,1,97.19,0
24969,control,21.73,0,0.0,0
24970,treatment,0.0,0,0.0,0
24971,control,0.0,0,0.0,0
24972,control,0.0,0,0.0,0
24973,control,47.43,0,0.0,0
24974,treatment,0.0,0,0.0,0
24975,control,0.0,0,0.0,0
24976,control,0.0,0,0.0,0
24977,treatment,217.27,0,0.0,0
24978,control,70.81,0,0.0,0
24979,treatment,0.0,0,0.0,0
24980,treatment,54.07,0,0.0,0
24981,control,0.0,1,48.86,1
24982,control,0.0,0,0.0,0
24983,treatment,0.0,0,0.0,0
24984,treatment,133.45,1,67.98,0
24985,treatment,102.11,0,0.0,0
24986,control,0.0,0,0.0,0
24987,treatment,0.0,0,0.0,0
24988,treatment,0.0,0,0.0,0
24989,treatment,0.0,0,0.0,0
24990,control,68.58,1,42.04,0
24991,control,0.0,1,26.78,0
24992,treatment,0.0,0,0.0,0
24993,control,0.0,0,0.0,0
24994,treatment,78.64,0,0.0,0
24995,control,0.0,0,0.0,0
24996,control,529.63,1,41.34,0
24997,control,46.51,0,0.0,0
24998,treatment,0.0,0,0.0,0
24999,control,0.0,0,0.0,0
25000,treatment,0.0,0,0.0,0
25001,treatment,0.0,0,0.0,0
25002,control,180.36,0,0.0,0
25003,control,0.0,0,0.0,0
25004,control,0.0,0,0.0,0
25005,control,0.0,0,0.0,0
25006,control,0.0,0,0.0,0
25007,control,58.42,0,0.0,0
25008,control,0.0,0,0.0,0
25009,treatment,206.61,0,0.0,0
25010,control,115.57,0,0.0,0
25011,treatment,0.0,0,0.0,0
25012,control,0.0,0,0.0,0
25013,treatment,35.62,0,0.0,0
25014,control,199.31,0,0.0,0
25015,control,0.0,0,0.0,0
25016,control,179.24,0,0.0,0
25017,control,0.0,0,0.0,0
25018,treatment,0.0,0,0.0,0
25019,control,0.0,0,0.0,0
25020,control,82.21,1,22.69,0
25021,treatment,64.51,0,0.0,0
25022,control,0.0,0,0.0,0
25023,control,0.0,0,0.0,0
25024,control,0.0,0,0.0,0
25025,control,0.0,0,0.0,0
25026,control,0.0,0,0.0,0
25027,control,0.0,0,0.0,0
25028,treatment,0.0,0,0.0,0
25029,treatment,0.0,0,0.0,0
25030,control,0.0,0,0.0,0
25031,treatment,0.0,0,0.0,0
25032,control,0.0,0,0.0,0
25033,control,47.53,0,0.0,0
25034,control,0.0,0,0.0,0
25035,treatment,0.0,1,42.26,0
25036,control,73.3,0,0.0,0
25037,control,0.0,0,0.0,0
25038,treatment,0.0,0,0.0,0
25039,control,0.0,0,0.0,0
25040,treatment,0.0,0,0.0,0
25041,control,64.0,0,0.0,0
25042,control,0.0,0,0.0,0
25043,control,21.28,0,0.0,0
25044,treatment,0.0,0,0.0,0
25045,control,0.0,0,0.0,0
25046,control,0.0,0,0.0,0
25047,treatment,0.0,0,0.0,0
25048,treatment,0.0,0,0.0,0
25049,control,52.08,0,0.0,0
25050,treatment,0.0,0,0.0,0
25051,treatment,26.25,0,0.0,0
25052,treatment,219.93,0,0.0,0
25053,control,0.0,0,0.0,0
25054,treatment,32.19,1,62.36,0
25055,control,29.8,0,0.0,0
25056,control,0.0,0,0.0,0
25057,treatment,29.21,0,0.0,0
25058,control,97.3,0,0.0,0
25059,control,71.49,1,48.25,0
25060,treatment,0.0,0,0.0,0
25061,treatment,47.52,1,82.45,0
25062,treatment,0.0,0,0.0,0
25063,treatment,0.0,0,0.0,0
25064,control,0.0,0,0.0,0
25065,control,0.0,0,0.0,0
25066,treatment,0.0,0,0.0,0
25067,treatment,0.0,0,0.0,0
25068,treatment,0.0,0,0.0,0
25069,control,0.0,0,0.0,0
25070,control,34.5,0,0.0,0
25071,treatment,0.0,0,0.0,0
25072,control,0.0,0,0.0,0
25073,control,0.0,0,0.0,0
25074,control,0.0,0,0.0,0
25075,treatment,65.99,1,65.79,0
25076,control,0.0,0,0.0,0
25077,control,0.0,0,0.0,0
25078,control,0.0,0,0.0,0
25079,treatment,77.4,0,0.0,0
25080,treatment,0.0,0,0.0,0
25081,control,0.0,0,0.0,0
25082,control,0.0,0,0.0,0
25083,control,64.92,0,0.0,0
25084,treatment,0.0,0,0.0,0
25085,control,34.49,1,13.47,0
25086,treatment,108.63,0,0.0,0
25087,control,0.0,0,0.0,0
25088,control,58.33,0,0.0,0
25089,treatment,0.0,0,0.0,0
25090,treatment,0.0,0,0.0,0
25091,treatment,213.99,0,0.0,0
25092,treatment,53.78,0,0.0,0
25093,control,35.73,0,0.0,0
25094,control,0.0,0,0.0,0
25095,control,0.0,0,0.0,0
25096,control,50.02,1,87.47,1
25097,control,156.3,1,64.99,0
25098,treatment,90.61,0,0.0,0
25099,treatment,0.0,0,0.0,0
25100,control,56.37,0,0.0,0
25101,control,101.3,1,118.76,0
25102,control,0.0,0,0.0,0
25103,treatment,0.0,0,0.0,0
25104,control,87.8,0,0.0,0
25105,control,0.0,0,0.0,0
25106,treatment,36.31,0,0.0,0
25107,treatment,0.0,0,0.0,0
25108,control,0.0,0,0.0,0
25109,treatment,0.0,0,0.0,0
25110,control,34.77,0,0.0,0
25111,treatment,299.65,0,0.0,0
25112,treatment,0.0,0,0.0,0
25113,control,0.0,0,0.0,0
25114,treatment,0.0,0,0.0,0
25115,control,0.0,0,0.0,0
25116,control,340.33,0,0.0,0
25117,control,0.0,0,0.0,0
25118,treatment,0.0,0,0.0,0
25119,treatment,44.46,0,0.0,0
25120,control,40.05,0,0.0,0
25121,control,0.0,0,0.0,0
25122,control,0.0,0,0.0,0
25123,treatment,0.0,0,0.0,0
25124,treatment,0.0,0,0.0,0
25125,control,50.5,1,34.35,0
25126,treatment,99.12,0,0.0,0
25127,control,0.0,1,24.2,0
25128,treatment,118.5,1,71.03,0
25129,control,0.0,0,0.0,0
25130,treatment,0.0,0,0.0,0
25131,control,0.0,0,0.0,0
25132,treatment,0.0,0,0.0,0
25133,control,0.0,0,0.0,0
25134,treatment,0.0,0,0.0,0
25135,control,0.0,0,0.0,0
25136,control,0.0,0,0.0,0
25137,control,0.0,0,0.0,0
25138,control,0.0,0,0.0,0
25139,control,0.0,0,0.0,0
25140,treatment,44.67,0,0.0,0
25141,control,55.28,0,0.0,0
25142,control,132.58,1,62.55,0
25143,treatment,0.0,0,0.0,0
25144,treatment,0.0,0,0.0,0
25145,control,0.0,0,0.0,0
25146,treatment,0.0,0,0.0,0
25147,control,314.68,0,0.0,0
25148,control,0.0,0,0.0,0
25149,treatment,82.41,1,56.47,0
25150,control,0.0,0,0.0,0
25151,control,47.14,1,22.64,0
25152,control,0.0,0,0.0,0
25153,control,0.0,0,0.0,0
25154,control,0.0,0,0.0,0
25155,treatment,34.01,0,0.0,0
25156,control,219.0,0,0.0,0
25157,control,0.0,0,0.0,0
25158,treatment,0.0,0,0.0,0
25159,control,48.8,0,0.0,0
25160,treatment,0.0,0,0.0,0
25161,control,123.05,0,0.0,0
25162,treatment,0.0,0,0.0,0
25163,treatment,38.13,0,0.0,0
25164,treatment,406.16,1,87.02,0
25165,control,25.89,0,0.0,0
25166,treatment,30.22,1,46.26,1
25167,control,77.3,1,39.19,0
25168,control,0.0,0,0.0,0
25169,treatment,0.0,0,0.0,0
25170,treatment,56.68,0,0.0,0
25171,control,0.0,0,0.0,0
25172,control,29.42,0,0.0,0
25173,control,98.16,0,0.0,0
25174,treatment,0.0,0,0.0,0
25175,treatment,0.0,0,0.0,0
25176,treatment,69.36,0,0.0,0
25177,control,105.56,0,0.0,0
25178,control,68.43,0,0.0,0
25179,control,0.0,0,0.0,0
25180,treatment,0.0,0,0.0,0
25181,control,127.05,0,0.0,0
25182,treatment,0.0,1,43.12,0
25183,treatment,36.18,0,0.0,0
25184,treatment,0.0,0,0.0,0
25185,control,0.0,0,0.0,0
25186,treatment,0.0,0,0.0,0
25187,treatment,86.96,0,0.0,0
25188,control,0.0,0,0.0,0
25189,treatment,0.0,0,0.0,0
25190,treatment,0.0,0,0.0,0
25191,control,0.0,0,0.0,0
25192,control,125.48,0,0.0,0
25193,treatment,226.61,0,0.0,0
25194,control,48.47,0,0.0,0
25195,control,0.0,0,0.0,0
25196,treatment,39.88,0,0.0,0
25197,control,0.0,0,0.0,0
25198,treatment,173.06,1,48.75,0
25199,control,0.0,0,0.0,0
25200,treatment,110.16,0,0.0,0
25201,control,71.96,0,0.0,0
25202,treatment,173.22,1,44.21,0
25203,control,0.0,1,144.72,0
25204,treatment,58.04,0,0.0,0
25205,control,144.0,0,0.0,0
25206,control,98.73,0,0.0,0
25207,control,179.17,0,0.0,0
25208,control,266.07,1,144.22,0
25209,control,0.0,0,0.0,0
25210,control,0.0,0,0.0,0
25211,treatment,56.72,0,0.0,0
25212,treatment,0.0,0,0.0,0
25213,treatment,0.0,0,0.0,0
25214,control,0.0,0,0.0,0
25215,control,59.67,0,0.0,0
25216,treatment,75.16,0,0.0,0
25217,treatment,35.06,0,0.0,0
25218,treatment,159.75,1,29.53,0
25219,control,65.54,0,0.0,0
25220,treatment,39.39,0,0.0,0
25221,control,0.0,0,0.0,0
25222,control,0.0,0,0.0,0
25223,treatment,0.0,0,0.0,0
25224,treatment,66.36,0,0.0,0
25225,treatment,0.0,0,0.0,0
25226,treatment,57.6,0,0.0,0
25227,control,87.56,0,0.0,0
25228,treatment,70.98,0,0.0,0
25229,treatment,0.0,0,0.0,0
25230,control,211.25,0,0.0,0
25231,treatment,0.0,0,0.0,0
25232,control,0.0,0,0.0,0
25233,treatment,0.0,0,0.0,0
25234,control,102.16,0,0.0,0
25235,treatment,59.57,0,0.0,0
25236,treatment,158.69,0,0.0,0
25237,control,0.0,0,0.0,0
25238,treatment,0.0,0,0.0,0
25239,treatment,0.0,0,0.0,0
25240,treatment,95.44,1,35.7,0
25241,control,142.47,1,48.77,0
25242,control,63.45,0,0.0,0
25243,treatment,0.0,0,0.0,0
25244,treatment,269.96,0,0.0,0
25245,control,104.57,0,0.0,0
25246,control,0.0,0,0.0,0
25247,treatment,72.49,0,0.0,0
25248,control,0.0,0,0.0,0
25249,treatment,453.56,1,78.49,0
25250,treatment,0.0,0,0.0,0
25251,treatment,37.86,0,0.0,0
25252,control,149.99,0,0.0,0
25253,control,129.96,0,0.0,0
25254,treatment,0.0,0,0.0,0
25255,treatment,70.22,0,0.0,0
25256,control,0.0,0,0.0,0
25257,control,143.91,0,0.0,0
25258,treatment,0.0,1,58.67,0
25259,control,0.0,0,0.0,0
25260,control,24.04,0,0.0,0
25261,treatment,37.48,0,0.0,0
25262,treatment,0.0,0,0.0,0
25263,treatment,0.0,0,0.0,0
25264,control,46.14,0,0.0,0
25265,control,59.01,1,57.92,0
25266,treatment,51.0,0,0.0,0
25267,treatment,110.62,0,0.0,0
25268,control,0.0,0,0.0,0
25269,control,44.09,0,0.0,0
25270,control,72.65,0,0.0,0
25271,treatment,72.98,0,0.0,0
25272,treatment,255.85,1,68.61,0
25273,treatment,0.0,0,0.0,0
25274,control,0.0,0,0.0,0
25275,treatment,0.0,0,0.0,0
25276,treatment,0.0,0,0.0,0
25277,treatment,110.95,0,0.0,0
25278,control,124.54,0,0.0,0
25279,control,44.48,0,0.0,0
25280,control,0.0,0,0.0,0
25281,control,0.0,0,0.0,0
25282,treatment,0.0,0,0.0,0
25283,treatment,98.33,0,0.0,0
25284,treatment,0.0,0,0.0,0
25285,control,36.96,0,0.0,0
25286,treatment,0.0,0,0.0,0
25287,treatment,36.26,0,0.0,0
25288,treatment,0.0,0,0.0,0
25289,control,47.33,0,0.0,0
25290,control,0.0,0,0.0,0
25291,control,0.0,0,0.0,0
25292,treatment,0.0,0,0.0,0
25293,treatment,0.0,0,0.0,0
25294,treatment,144.17,0,0.0,0
25295,treatment,0.0,0,0.0,0
25296,treatment,230.51,0,0.0,0
25297,treatment,34.56,0,0.0,0
25298,treatment,0.0,0,0.0,0
25299,control,227.25,0,0.0,0
25300,control,274.36,0,0.0,0
25301,treatment,127.18,1,72.98,0
25302,treatment,210.84,0,0.0,0
25303,treatment,0.0,0,0.0,0
25304,treatment,0.0,0,0.0,0
25305,treatment,62.34,0,0.0,0
25306,control,47.15,0,0.0,0
25307,control,437.55,0,0.0,0
25308,treatment,135.11,1,21.24,0
25309,treatment,0.0,0,0.0,0
25310,control,0.0,0,0.0,0
25311,control,47.14,0,0.0,0
25312,treatment,92.71,0,0.0,0
25313,control,0.0,0,0.0,0
25314,control,0.0,0,0.0,0
25315,treatment,620.42,0,0.0,0
25316,treatment,0.0,0,0.0,0
25317,treatment,62.98,0,0.0,0
25318,treatment,97.2,1,58.2,0
25319,treatment,0.0,0,0.0,0
25320,treatment,0.0,0,0.0,0
25321,control,0.0,0,0.0,0
25322,control,0.0,0,0.0,0
25323,control,443.68,0,0.0,0
25324,control,46.47,0,0.0,0
25325,treatment,65.13,0,0.0,0
25326,control,0.0,0,0.0,0
25327,control,0.0,0,0.0,0
25328,control,89.35,0,0.0,0
25329,treatment,149.91,0,0.0,0
25330,treatment,0.0,1,19.94,0
25331,control,30.81,0,0.0,0
25332,control,0.0,0,0.0,0
25333,treatment,0.0,0,0.0,0
25334,control,0.0,0,0.0,0
25335,control,0.0,0,0.0,0
25336,treatment,0.0,0,0.0,0
25337,treatment,0.0,0,0.0,0
25338,treatment,56.05,0,0.0,0
25339,control,57.46,0,0.0,0
25340,treatment,134.29,0,0.0,0
25341,treatment,0.0,0,0.0,0
25342,control,0.0,0,0.0,0
25343,control,147.07,0,0.0,0
25344,treatment,19.68,0,0.0,0
25345,control,131.56,0,0.0,0
25346,treatment,279.74,1,22.42,0
25347,treatment,0.0,0,0.0,0
25348,control,121.29,0,0.0,0
25349,treatment,0.0,0,0.0,0
25350,treatment,153.88,1,42.27,0
25351,treatment,64.68,0,0.0,0
25352,treatment,38.19,0,0.0,0
25353,control,69.27,0,0.0,0
25354,treatment,0.0,0,0.0,0
25355,control,244.87,0,0.0,0
25356,control,0.0,0,0.0,0
25357,control,123.4,0,0.0,0
25358,control,327.15,1,82.22,0
25359,treatment,0.0,0,0.0,0
25360,treatment,0.0,0,0.0,0
25361,control,40.57,0,0.0,0
25362,control,0.0,0,0.0,0
25363,treatment,82.22,0,0.0,0
25364,treatment,0.0,0,0.0,0
25365,control,149.25,0,0.0,0
25366,control,0.0,0,0.0,0
25367,control,32.02,0,0.0,0
25368,treatment,891.38,1,53.86,0
25369,treatment,43.13,0,0.0,0
25370,treatment,125.79,1,162.03,0
25371,treatment,0.0,0,0.0,0
25372,treatment,0.0,0,0.0,0
25373,control,0.0,0,0.0,0
25374,control,0.0,0,0.0,0
25375,treatment,0.0,0,0.0,0
25376,treatment,0.0,0,0.0,0
25377,treatment,24.35,0,0.0,0
25378,control,0.0,0,0.0,0
25379,control,0.0,0,0.0,0
25380,treatment,0.0,0,0.0,0
25381,treatment,0.0,0,0.0,0
25382,treatment,36.81,0,0.0,0
25383,control,0.0,0,0.0,0
25384,treatment,185.32,0,0.0,0
25385,control,0.0,0,0.0,0
25386,control,108.48,0,0.0,0
25387,treatment,23.17,0,0.0,0
25388,treatment,0.0,0,0.0,0
25389,control,0.0,1,38.34,0
25390,treatment,0.0,0,0.0,0
25391,control,0.0,1,22.13,0
25392,control,34.06,1,38.67,0
25393,control,28.39,0,0.0,0
25394,control,322.62,0,0.0,0
25395,treatment,0.0,0,0.0,0
25396,control,0.0,0,0.0,0
25397,control,0.0,1,91.67,0
25398,treatment,37.44,0,0.0,0
25399,control,0.0,0,0.0,0
25400,treatment,0.0,0,0.0,0
25401,treatment,19.24,0,0.0,0
25402,control,0.0,0,0.0,0
25403,treatment,57.43,0,0.0,0
25404,treatment,0.0,0,0.0,0
25405,treatment,146.59,1,66.79,0
25406,treatment,53.79,0,0.0,0
25407,control,0.0,0,0.0,0
25408,treatment,0.0,1,127.15,0
25409,control,37.6,0,0.0,0
25410,treatment,0.0,0,0.0,0
25411,treatment,227.09,0,0.0,0
25412,control,31.61,0,0.0,0
25413,treatment,51.94,0,0.0,0
25414,control,0.0,0,0.0,0
25415,control,32.17,0,0.0,0
25416,treatment,0.0,0,0.0,0
25417,control,0.0,0,0.0,0
25418,treatment,0.0,0,0.0,0
25419,control,238.74,0,0.0,0
25420,control,0.0,0,0.0,0
25421,treatment,76.3,0,0.0,0
25422,treatment,98.32,0,0.0,0
25423,treatment,0.0,0,0.0,0
25424,control,113.8,0,0.0,0
25425,treatment,0.0,0,0.0,0
25426,treatment,0.0,0,0.0,0
25427,control,0.0,0,0.0,0
25428,treatment,38.14,0,0.0,0
25429,treatment,114.34,1,109.15,0
25430,treatment,268.28,1,133.86,0
25431,control,37.99,0,0.0,0
25432,treatment,63.94,0,0.0,0
25433,treatment,27.3,0,0.0,0
25434,treatment,63.92,0,0.0,0
25435,control,0.0,1,35.58,0
25436,treatment,28.41,0,0.0,0
25437,control,121.56,0,0.0,0
25438,control,213.01,0,0.0,0
25439,control,0.0,0,0.0,0
25440,control,0.0,0,0.0,0
25441,treatment,37.58,0,0.0,0
25442,control,0.0,0,0.0,0
25443,control,0.0,0,0.0,0
25444,control,0.0,0,0.0,0
25445,treatment,0.0,0,0.0,0
25446,treatment,118.35,0,0.0,0
25447,treatment,0.0,0,0.0,0
25448,treatment,0.0,0,0.0,0
25449,treatment,0.0,0,0.0,0
25450,treatment,141.56,1,58.63,0
25451,control,0.0,0,0.0,0
25452,treatment,26.48,0,0.0,0
25453,treatment,0.0,0,0.0,0
25454,control,260.78,0,0.0,0
25455,control,0.0,0,0.0,0
25456,treatment,0.0,0,0.0,0
25457,treatment,0.0,0,0.0,0
25458,control,55.56,0,0.0,0
25459,control,0.0,0,0.0,0
25460,treatment,0.0,0,0.0,0
25461,treatment,75.26,1,352.04,0
25462,control,0.0,0,0.0,0
25463,control,0.0,0,0.0,0
25464,control,0.0,0,0.0,0
25465,treatment,42.47,0,0.0,0
25466,control,195.63,0,0.0,0
25467,treatment,46.55,0,0.0,0
25468,treatment,0.0,0,0.0,0
25469,treatment,0.0,0,0.0,0
25470,control,126.96,0,0.0,0
25471,control,0.0,0,0.0,0
25472,treatment,35.98,0,0.0,0
25473,treatment,28.63,0,0.0,0
25474,control,0.0,0,0.0,0
25475,treatment,384.95,0,0.0,0
25476,control,50.73,0,0.0,0
25477,control,0.0,0,0.0,0
25478,treatment,107.2,0,0.0,0
25479,control,0.0,0,0.0,0
25480,treatment,147.3,0,0.0,0
25481,control,60.78,0,0.0,0
25482,treatment,0.0,0,0.0,0
25483,control,52.45,0,0.0,0
25484,control,0.0,0,0.0,0
25485,control,134.84,0,0.0,0
25486,control,0.0,0,0.0,0
25487,control,0.0,0,0.0,0
25488,control,0.0,0,0.0,0
25489,treatment,0.0,0,0.0,0
25490,treatment,34.71,0,0.0,0
25491,treatment,0.0,0,0.0,0
25492,control,41.54,0,0.0,0
25493,treatment,0.0,0,0.0,0
25494,control,0.0,0,0.0,0
25495,control,0.0,0,0.0,0
25496,treatment,90.55,0,0.0,0
25497,control,816.95,0,0.0,0
25498,control,0.0,0,0.0,0
25499,treatment,0.0,0,0.0,0
25500,treatment,86.19,0,0.0,0
25501,control,143.2,1,50.84,0
25502,treatment,340.99,0,0.0,0
25503,treatment,0.0,0,0.0,0
25504,control,0.0,0,0.0,0
25505,treatment,52.79,0,0.0,0
25506,treatment,0.0,0,0.0,0
25507,control,0.0,0,0.0,0
25508,control,0.0,0,0.0,0
25509,treatment,0.0,0,0.0,0
25510,treatment,0.0,0,0.0,0
25511,treatment,0.0,0,0.0,0
25512,treatment,38.73,0,0.0,0
25513,treatment,21.61,0,0.0,0
25514,control,482.59,0,0.0,0
25515,treatment,156.48,0,0.0,0
25516,treatment,60.85,0,0.0,0
25517,treatment,0.0,0,0.0,0
25518,treatment,138.63,0,0.0,0
25519,control,0.0,0,0.0,0
25520,control,235.63,0,0.0,0
25521,treatment,181.08,0,0.0,0
25522,treatment,168.48,1,70.62,0
25523,control,0.0,1,76.77,0
25524,control,0.0,0,0.0,0
25525,treatment,40.79,1,78.96,0
25526,treatment,0.0,0,0.0,0
25527,treatment,79.39,0,0.0,0
25528,control,64.21,1,75.17,0
25529,treatment,55.64,0,0.0,0
25530,control,0.0,1,29.06,0
25531,treatment,0.0,0,0.0,0
25532,treatment,0.0,0,0.0,0
25533,control,78.43,0,0.0,0
25534,control,0.0,0,0.0,0
25535,treatment,0.0,0,0.0,0
25536,treatment,0.0,0,0.0,0
25537,treatment,43.57,1,82.6,0
25538,control,186.36,0,0.0,0
25539,control,0.0,0,0.0,0
25540,treatment,509.48,1,64.96,0
25541,control,0.0,0,0.0,0
25542,treatment,0.0,0,0.0,0
25543,control,46.02,0,0.0,0
25544,treatment,246.33,1,269.67,0
25545,treatment,0.0,0,0.0,0
25546,treatment,0.0,0,0.0,0
25547,treatment,0.0,0,0.0,0
25548,treatment,0.0,0,0.0,0
25549,control,250.71,0,0.0,0
25550,treatment,35.54,1,101.44,0
25551,control,78.87,1,60.72,0
25552,treatment,0.0,0,0.0,0
25553,treatment,68.94,0,0.0,0
25554,control,0.0,0,0.0,0
25555,control,0.0,0,0.0,0
25556,treatment,58.86,1,89.25,0
25557,treatment,88.04,0,0.0,0
25558,control,110.3,0,0.0,0
25559,control,26.47,0,0.0,0
25560,control,0.0,1,59.72,0
25561,treatment,0.0,0,0.0,0
25562,control,0.0,0,0.0,0
25563,control,77.41,0,0.0,0
25564,control,50.46,0,0.0,0
25565,treatment,0.0,0,0.0,0
25566,treatment,240.19,1,32.57,0
25567,control,116.42,0,0.0,0
25568,treatment,0.0,0,0.0,0
25569,treatment,0.0,0,0.0,0
25570,control,186.95,0,0.0,0
25571,control,377.21,0,0.0,0
25572,control,83.07,0,0.0,0
25573,treatment,0.0,0,0.0,0
25574,control,0.0,0,0.0,0
25575,control,0.0,0,0.0,0
25576,control,0.0,0,0.0,0
25577,treatment,77.23,0,0.0,0
25578,treatment,213.05,0,0.0,0
25579,treatment,175.8,0,0.0,0
25580,treatment,50.12,0,0.0,0
25581,treatment,0.0,0,0.0,0
25582,treatment,0.0,0,0.0,0
25583,treatment,0.0,0,0.0,0
25584,control,62.93,0,0.0,0
25585,control,0.0,0,0.0,0
25586,control,108.79,1,40.32,0
25587,treatment,64.8,0,0.0,0
25588,control,0.0,0,0.0,0
25589,control,303.75,1,69.02,0
25590,treatment,0.0,1,70.61,0
25591,treatment,38.53,0,0.0,0
25592,treatment,316.64,0,0.0,0
25593,treatment,395.7,1,98.28,0
25594,treatment,0.0,0,0.0,0
25595,control,0.0,0,0.0,0
25596,control,35.12,0,0.0,0
25597,control,0.0,0,0.0,0
25598,treatment,32.05,0,0.0,0
25599,treatment,0.0,0,0.0,0
25600,control,0.0,0,0.0,0
25601,control,142.28,1,110.85,0
25602,control,79.95,0,0.0,0
25603,control,218.73,0,0.0,0
25604,treatment,0.0,0,0.0,0
25605,treatment,0.0,0,0.0,0
25606,treatment,0.0,0,0.0,0
25607,control,235.5,0,0.0,0
25608,treatment,0.0,0,0.0,0
25609,control,0.0,0,0.0,0
25610,control,0.0,0,0.0,0
25611,control,0.0,0,0.0,0
25612,treatment,35.71,0,0.0,0
25613,treatment,84.69,0,0.0,0
25614,control,0.0,0,0.0,0
25615,control,0.0,0,0.0,0
25616,treatment,0.0,0,0.0,0
25617,treatment,0.0,0,0.0,0
25618,control,77.14,0,0.0,0
25619,control,122.21,0,0.0,0
25620,treatment,119.27,1,110.49,0
25621,control,0.0,0,0.0,0
25622,control,157.58,0,0.0,0
25623,control,0.0,0,0.0,0
25624,treatment,0.0,0,0.0,0
25625,control,0.0,1,61.16,1
25626,treatment,0.0,0,0.0,0
25627,control,0.0,0,0.0,0
25628,treatment,73.28,0,0.0,0
25629,treatment,80.67,0,0.0,0
25630,control,328.44,0,0.0,0
25631,treatment,0.0,0,0.0,0
25632,control,0.0,0,0.0,0
25633,control,77.3,0,0.0,0
25634,treatment,0.0,1,18.44,0
25635,treatment,0.0,0,0.0,0
25636,treatment,0.0,0,0.0,0
25637,treatment,0.0,0,0.0,0
25638,control,69.05,0,0.0,0
25639,treatment,0.0,0,0.0,0
25640,control,171.92,1,45.79,0
25641,control,0.0,0,0.0,0
25642,treatment,0.0,0,0.0,0
25643,treatment,0.0,0,0.0,0
25644,treatment,69.49,1,37.82,0
25645,control,0.0,0,0.0,0
25646,control,87.02,0,0.0,0
25647,treatment,0.0,0,0.0,0
25648,control,0.0,0,0.0,0
25649,control,0.0,0,0.0,0
25650,treatment,59.71,0,0.0,0
25651,treatment,148.93,0,0.0,0
25652,treatment,0.0,1,35.33,0
25653,control,217.39,0,0.0,0
25654,control,0.0,0,0.0,0
25655,control,169.15,0,0.0,0
25656,control,0.0,0,0.0,0
25657,treatment,75.46,0,0.0,0
25658,control,0.0,0,0.0,0
25659,control,0.0,0,0.0,0
25660,treatment,92.94,0,0.0,0
25661,treatment,84.89,0,0.0,0
25662,treatment,0.0,0,0.0,0
25663,control,19.56,0,0.0,0
25664,treatment,0.0,0,0.0,0
25665,treatment,0.0,0,0.0,0
25666,treatment,430.31,1,71.95,0
25667,treatment,0.0,0,0.0,0
25668,treatment,79.49,0,0.0,0
25669,control,0.0,0,0.0,0
25670,control,0.0,0,0.0,0
25671,treatment,0.0,1,35.42,0
25672,treatment,0.0,0,0.0,0
25673,control,83.5,1,88.2,0
25674,treatment,23.74,1,126.14,0
25675,treatment,0.0,0,0.0,0
25676,control,27.86,0,0.0,0
25677,control,154.43,0,0.0,0
25678,treatment,0.0,0,0.0,0
25679,control,46.37,1,116.05,0
25680,control,42.25,0,0.0,0
25681,treatment,0.0,1,39.71,0
25682,treatment,0.0,0,0.0,0
25683,treatment,55.19,0,0.0,0
25684,treatment,114.91,0,0.0,0
25685,control,0.0,0,0.0,0
25686,treatment,93.37,0,0.0,0
25687,treatment,0.0,0,0.0,0
25688,control,127.8,0,0.0,0
25689,control,50.36,0,0.0,0
25690,control,273.78,0,0.0,0
25691,treatment,591.57,1,96.21,0
25692,treatment,55.99,0,0.0,0
25693,control,132.12,0,0.0,0
25694,control,0.0,0,0.0,0
25695,treatment,70.96,0,0.0,0
25696,control,0.0,0,0.0,0
25697,control,100.11,0,0.0,0
25698,treatment,0.0,0,0.0,0
25699,control,52.36,0,0.0,0
25700,treatment,0.0,0,0.0,0
25701,treatment,37.39,0,0.0,0
25702,treatment,0.0,0,0.0,0
25703,treatment,0.0,0,0.0,0
25704,treatment,0.0,0,0.0,0
25705,treatment,0.0,0,0.0,0
25706,treatment,96.1,0,0.0,0
25707,control,74.37,0,0.0,0
25708,control,153.58,0,0.0,0
25709,treatment,0.0,1,22.01,0
25710,control,59.78,1,174.9,0
25711,control,59.67,0,0.0,0
25712,control,30.04,0,0.0,0
25713,treatment,0.0,1,75.13,0
25714,treatment,48.05,0,0.0,0
25715,treatment,0.0,0,0.0,0
25716,treatment,0.0,0,0.0,0
25717,control,0.0,0,0.0,0
25718,control,110.53,0,0.0,0
25719,control,0.0,0,0.0,0
25720,treatment,0.0,1,59.56,0
25721,control,0.0,0,0.0,0
25722,control,72.45,1,52.58,0
25723,treatment,29.63,0,0.0,0
25724,control,156.69,0,0.0,0
25725,control,0.0,0,0.0,0
25726,treatment,110.6,0,0.0,0
25727,control,0.0,1,151.32,0
25728,treatment,97.67,0,0.0,0
25729,control,0.0,0,0.0,0
25730,control,0.0,0,0.0,0
25731,treatment,385.4,1,101.58,0
25732,treatment,84.12,0,0.0,0
25733,control,38.09,0,0.0,0
25734,control,0.0,0,0.0,0
25735,control,0.0,0,0.0,0
25736,control,0.0,0,0.0,0
25737,treatment,0.0,0,0.0,0
25738,control,26.79,0,0.0,0
25739,control,36.37,0,0.0,0
25740,control,0.0,0,0.0,0
25741,treatment,207.7,1,42.64,0
25742,treatment,0.0,0,0.0,0
25743,control,61.6,0,0.0,0
25744,control,0.0,0,0.0,0
25745,control,90.21,0,0.0,0
25746,control,52.15,0,0.0,0
25747,control,0.0,0,0.0,0
25748,treatment,82.65,0,0.0,0
25749,control,0.0,0,0.0,0
25750,control,0.0,0,0.0,0
25751,treatment,0.0,0,0.0,0
25752,treatment,0.0,0,0.0,0
25753,control,0.0,0,0.0,0
25754,treatment,0.0,0,0.0,0
25755,treatment,0.0,0,0.0,0
25756,treatment,77.79,0,0.0,0
25757,treatment,26.73,0,0.0,0
25758,treatment,0.0,0,0.0,0
25759,treatment,0.0,0,0.0,0
25760,control,69.82,0,0.0,0
25761,treatment,0.0,0,0.0,0
25762,control,0.0,0,0.0,0
25763,treatment,43.19,0,0.0,0
25764,control,65.4,0,0.0,0
25765,treatment,0.0,0,0.0,0
25766,treatment,0.0,0,0.0,0
25767,control,36.33,0,0.0,0
25768,control,88.25,0,0.0,0
25769,control,46.64,0,0.0,0
25770,control,0.0,0,0.0,0
25771,treatment,114.3,0,0.0,0
25772,treatment,64.67,0,0.0,0
25773,control,0.0,0,0.0,0
25774,control,0.0,0,0.0,0
25775,control,64.67,0,0.0,0
25776,control,0.0,0,0.0,0
25777,control,80.88,0,0.0,0
25778,treatment,50.64,0,0.0,0
25779,treatment,0.0,1,48.58,0
25780,treatment,71.04,0,0.0,0
25781,treatment,0.0,1,79.49,0
25782,control,0.0,0,0.0,0
25783,treatment,0.0,0,0.0,0
25784,control,0.0,0,0.0,0
25785,treatment,0.0,0,0.0,0
25786,control,47.7,0,0.0,0
25787,treatment,0.0,0,0.0,0
25788,treatment,110.66,1,130.46,0
25789,treatment,0.0,1,91.81,0
25790,treatment,100.8,0,0.0,0
25791,control,0.0,0,0.0,0
25792,treatment,46.26,1,16.15,0
25793,control,0.0,0,0.0,0
25794,treatment,0.0,0,0.0,0
25795,control,42.5,1,98.46,0
25796,treatment,0.0,0,0.0,0
25797,control,37.34,0,0.0,0
25798,control,35.83,0,0.0,0
25799,control,0.0,0,0.0,0
25800,control,86.2,0,0.0,0
25801,treatment,48.21,0,0.0,0
25802,treatment,0.0,0,0.0,0
25803,treatment,0.0,0,0.0,0
25804,control,110.34,0,0.0,0
25805,control,0.0,0,0.0,0
25806,treatment,0.0,0,0.0,0
25807,control,0.0,0,0.0,0
25808,treatment,0.0,0,0.0,0
25809,control,0.0,1,70.77,0
25810,treatment,0.0,0,0.0,0
25811,treatment,220.55,0,0.0,0
25812,treatment,0.0,0,0.0,0
25813,control,0.0,0,0.0,0
25814,treatment,0.0,0,0.0,0
25815,control,333.52,0,0.0,0
25816,control,89.84,1,54.62,0
25817,control,277.1,0,0.0,0
25818,treatment,157.04,0,0.0,0
25819,control,0.0,0,0.0,0
25820,control,0.0,0,0.0,0
25821,treatment,0.0,0,0.0,0
25822,treatment,0.0,0,0.0,0
25823,control,46.52,0,0.0,0
25824,control,0.0,0,0.0,0
25825,treatment,0.0,0,0.0,0
25826,control,0.0,0,0.0,0
25827,control,0.0,0,0.0,0
25828,treatment,100.01,0,0.0,0
25829,treatment,176.2,0,0.0,0
25830,treatment,110.17,0,0.0,0
25831,control,107.15,0,0.0,0
25832,treatment,82.86,1,52.7,0
25833,treatment,0.0,0,0.0,0
25834,control,0.0,0,0.0,0
25835,treatment,46.47,0,0.0,0
25836,control,0.0,0,0.0,0
25837,control,0.0,0,0.0,0
25838,treatment,168.52,0,0.0,0
25839,treatment,81.61,1,35.5,0
25840,treatment,60.23,0,0.0,0
25841,treatment,0.0,0,0.0,0
25842,control,0.0,0,0.0,0
25843,control,46.8,0,0.0,0
25844,control,272.66,1,31.37,0
25845,treatment,0.0,0,0.0,0
25846,treatment,49.81,0,0.0,0
25847,control,0.0,0,0.0,0
25848,treatment,0.0,0,0.0,0
25849,treatment,36.13,0,0.0,0
25850,control,33.39,0,0.0,0
25851,treatment,0.0,0,0.0,0
25852,control,322.37,1,66.89,0
25853,control,0.0,0,0.0,0
25854,treatment,0.0,0,0.0,0
25855,treatment,0.0,0,0.0,0
25856,control,0.0,0,0.0,0
25857,treatment,234.27,1,102.09,0
25858,treatment,81.78,0,0.0,0
25859,treatment,133.58,1,71.25,1
25860,control,0.0,0,0.0,0
25861,control,0.0,0,0.0,0
25862,treatment,77.94,0,0.0,0
25863,control,117.53,1,49.71,0
25864,treatment,0.0,0,0.0,0
25865,treatment,0.0,0,0.0,0
25866,treatment,35.16,1,39.52,0
25867,control,0.0,0,0.0,0
25868,control,0.0,0,0.0,0
25869,control,27.03,0,0.0,0
25870,control,0.0,0,0.0,0
25871,control,0.0,0,0.0,0
25872,treatment,0.0,0,0.0,0
25873,control,42.63,0,0.0,0
25874,control,0.0,0,0.0,0
25875,treatment,0.0,0,0.0,0
25876,control,267.98,0,0.0,0
25877,control,31.0,0,0.0,0
25878,control,0.0,0,0.0,0
25879,treatment,0.0,0,0.0,0
25880,control,281.41,1,31.78,0
25881,treatment,119.7,0,0.0,0
25882,treatment,27.85,0,0.0,0
25883,control,0.0,0,0.0,0
25884,treatment,1067.04,0,0.0,0
25885,treatment,0.0,0,0.0,0
25886,treatment,0.0,0,0.0,0
25887,treatment,152.86,1,43.75,0
25888,treatment,103.03,0,0.0,0
25889,treatment,168.86,0,0.0,0
25890,treatment,54.54,0,0.0,0
25891,treatment,0.0,0,0.0,0
25892,control,29.15,0,0.0,0
25893,treatment,0.0,0,0.0,0
25894,control,92.2,1,61.72,0
25895,treatment,0.0,0,0.0,0
25896,control,0.0,0,0.0,0
25897,control,0.0,0,0.0,0
25898,control,57.94,0,0.0,0
25899,control,89.64,1,79.88,0
25900,treatment,0.0,0,0.0,0
25901,control,0.0,1,59.74,0
25902,treatment,51.3,0,0.0,0
25903,control,56.2,0,0.0,0
25904,control,109.44,0,0.0,0
25905,treatment,40.36,0,0.0,0
25906,control,0.0,0,0.0,0
25907,treatment,0.0,0,0.0,0
25908,control,0.0,0,0.0,0
25909,treatment,87.94,0,0.0,0
25910,control,0.0,0,0.0,0
25911,treatment,0.0,1,36.27,0
25912,treatment,57.71,0,0.0,0
25913,treatment,44.74,0,0.0,0
25914,control,0.0,0,0.0,0
25915,control,1417.46,1,47.39,0
25916,treatment,51.61,0,0.0,0
25917,treatment,278.3,0,0.0,0
25918,control,26.23,0,0.0,0
25919,treatment,0.0,0,0.0,0
25920,control,446.92,0,0.0,0
25921,treatment,294.12,1,43.54,0
25922,control,156.13,0,0.0,0
25923,treatment,0.0,0,0.0,0
25924,control,0.0,0,0.0,0
25925,control,75.7,0,0.0,0
25926,control,0.0,0,0.0,0
25927,treatment,280.97,1,109.15,0
25928,treatment,0.0,0,0.0,0
25929,treatment,405.14,0,0.0,0
25930,control,83.92,0,0.0,0
25931,treatment,625.49,0,0.0,0
25932,control,0.0,0,0.0,0
25933,control,153.42,1,47.7,1
25934,treatment,107.23,1,102.71,0
25935,treatment,0.0,0,0.0,0
25936,control,0.0,0,0.0,0
25937,control,0.0,0,0.0,0
25938,control,0.0,0,0.0,0
25939,control,166.31,1,32.7,0
25940,treatment,23.15,0,0.0,0
25941,treatment,0.0,0,0.0,0
25942,treatment,0.0,1,19.81,0
25943,control,0.0,0,0.0,0
25944,control,27.4,0,0.0,0
25945,treatment,0.0,0,0.0,0
25946,control,0.0,0,0.0,0
25947,treatment,0.0,0,0.0,0
25948,treatment,223.18,1,55.73,0
25949,control,0.0,0,0.0,0
25950,control,378.02,1,168.67,0
25951,treatment,155.18,0,0.0,0
25952,control,125.9,0,0.0,0
25953,treatment,27.44,0,0.0,0
25954,treatment,0.0,0,0.0,0
25955,control,58.53,0,0.0,0
25956,control,0.0,0,0.0,0
25957,treatment,196.6,0,0.0,0
25958,treatment,43.97,0,0.0,0
25959,control,0.0,0,0.0,0
25960,control,0.0,0,0.0,0
25961,treatment,0.0,0,0.0,0
25962,treatment,0.0,0,0.0,0
25963,treatment,0.0,0,0.0,0
25964,treatment,0.0,0,0.0,0
25965,control,336.61,0,0.0,0
25966,treatment,0.0,0,0.0,0
25967,treatment,0.0,0,0.0,0
25968,control,0.0,0,0.0,0
25969,control,34.98,0,0.0,0
25970,treatment,84.17,0,0.0,0
25971,treatment,0.0,0,0.0,0
25972,treatment,0.0,0,0.0,0
25973,control,44.65,0,0.0,0
25974,control,0.0,0,0.0,0
25975,treatment,0.0,0,0.0,0
25976,control,313.92,0,0.0,0
25977,treatment,294.73,0,0.0,0
25978,treatment,0.0,0,0.0,0
25979,control,0.0,0,0.0,0
25980,treatment,0.0,0,0.0,0
25981,control,61.68,0,0.0,0
25982,treatment,123.96,1,134.01,0
25983,treatment,38.57,0,0.0,0
25984,control,0.0,0,0.0,0
25985,control,0.0,0,0.0,0
25986,control,49.35,0,0.0,0
25987,treatment,0.0,0,0.0,0
25988,treatment,0.0,0,0.0,0
25989,treatment,0.0,1,83.13,0
25990,control,414.07,1,66.87,0
25991,treatment,0.0,0,0.0,0
25992,treatment,0.0,0,0.0,0
25993,treatment,0.0,0,0.0,0
25994,control,0.0,0,0.0,0
25995,treatment,0.0,0,0.0,0
25996,control,147.71,0,0.0,0
25997,control,15.9,0,0.0,0
25998,treatment,0.0,0,0.0,0
25999,treatment,0.0,0,0.0,0
26000,control,0.0,0,0.0,0
26001,treatment,0.0,0,0.0,0
26002,treatment,0.0,0,0.0,0
26003,treatment,46.31,0,0.0,0
26004,control,0.0,0,0.0,0
26005,treatment,0.0,0,0.0,0
26006,treatment,31.71,0,0.0,0
26007,control,0.0,0,0.0,0
26008,treatment,0.0,0,0.0,0
26009,treatment,55.05,1,51.22,0
26010,treatment,195.5,1,74.99,0
26011,treatment,21.39,0,0.0,0
26012,treatment,0.0,0,0.0,0
26013,treatment,27.77,1,79.97,0
26014,control,115.79,0,0.0,0
26015,treatment,0.0,0,0.0,0
26016,treatment,38.93,0,0.0,0
26017,treatment,0.0,0,0.0,0
26018,control,0.0,0,0.0,0
26019,treatment,0.0,0,0.0,0
26020,treatment,54.41,0,0.0,0
26021,treatment,37.08,0,0.0,0
26022,treatment,55.6,0,0.0,0
26023,control,0.0,0,0.0,0
26024,control,0.0,0,0.0,0
26025,control,40.44,0,0.0,0
26026,treatment,0.0,0,0.0,0
26027,control,36.73,0,0.0,0
26028,control,0.0,0,0.0,0
26029,control,87.33,0,0.0,0
26030,control,0.0,0,0.0,0
26031,treatment,0.0,0,0.0,0
26032,control,0.0,0,0.0,0
26033,treatment,167.42,0,0.0,0
26034,treatment,0.0,1,72.53,0
26035,treatment,80.91,0,0.0,0
26036,control,0.0,0,0.0,0
26037,control,0.0,0,0.0,0
26038,treatment,32.42,1,44.61,1
26039,treatment,19.38,0,0.0,0
26040,control,49.63,0,0.0,0
26041,control,147.44,0,0.0,0
26042,treatment,51.73,0,0.0,0
26043,treatment,0.0,0,0.0,0
26044,treatment,65.47,0,0.0,0
26045,control,0.0,0,0.0,0
26046,treatment,0.0,0,0.0,0
26047,control,0.0,0,0.0,0
26048,treatment,209.13,0,0.0,0
26049,control,0.0,0,0.0,0
26050,control,53.14,0,0.0,0
26051,control,0.0,0,0.0,0
26052,control,55.35,0,0.0,0
26053,control,58.89,0,0.0,0
26054,treatment,0.0,0,0.0,0
26055,control,43.65,0,0.0,0
26056,control,0.0,0,0.0,0
26057,control,201.24,0,0.0,0
26058,treatment,70.47,0,0.0,0
26059,treatment,0.0,0,0.0,0
26060,control,46.17,0,0.0,0
26061,treatment,0.0,0,0.0,0
26062,control,0.0,1,78.3,1
26063,treatment,249.19,0,0.0,0
26064,control,0.0,0,0.0,0
26065,control,790.3,1,178.73,0
26066,control,181.31,0,0.0,0
26067,treatment,0.0,0,0.0,0
26068,treatment,0.0,0,0.0,0
26069,treatment,626.5,1,76.52,0
26070,control,386.8,0,0.0,0
26071,control,28.28,0,0.0,0
26072,control,38.49,0,0.0,0
26073,control,0.0,0,0.0,0
26074,control,0.0,0,0.0,0
26075,treatment,0.0,0,0.0,0
26076,treatment,111.31,0,0.0,0
26077,control,111.62,0,0.0,0
26078,treatment,65.98,0,0.0,0
26079,control,0.0,0,0.0,0
26080,treatment,0.0,0,0.0,0
26081,control,140.41,1,53.03,0
26082,treatment,60.68,1,69.28,0
26083,control,41.15,0,0.0,0
26084,treatment,102.89,1,42.02,0
26085,control,0.0,0,0.0,0
26086,control,0.0,0,0.0,0
26087,control,523.26,1,79.09,0
26088,treatment,41.06,0,0.0,0
26089,control,35.15,0,0.0,0
26090,treatment,0.0,0,0.0,0
26091,control,148.69,0,0.0,0
26092,control,74.39,0,0.0,0
26093,control,0.0,0,0.0,0
26094,treatment,0.0,0,0.0,0
26095,treatment,0.0,0,0.0,0
26096,control,39.21,0,0.0,0
26097,control,0.0,0,0.0,0
26098,control,0.0,0,0.0,0
26099,control,0.0,0,0.0,0
26100,control,28.25,0,0.0,0
26101,treatment,0.0,0,0.0,0
26102,control,0.0,1,36.04,0
26103,control,232.95,0,0.0,0
26104,treatment,52.53,1,47.24,0
26105,treatment,85.3,1,23.93,0
26106,control,0.0,0,0.0,0
26107,treatment,0.0,0,0.0,0
26108,treatment,696.95,0,0.0,0
26109,treatment,68.4,0,0.0,0
26110,treatment,0.0,1,39.85,0
26111,treatment,0.0,0,0.0,0
26112,treatment,67.29,0,0.0,0
26113,treatment,0.0,0,0.0,0
26114,control,0.0,0,0.0,0
26115,control,0.0,0,0.0,0
26116,control,130.41,0,0.0,0
26117,treatment,61.53,1,57.66,1
26118,control,45.75,0,0.0,0
26119,control,39.18,0,0.0,0
26120,control,0.0,0,0.0,0
26121,treatment,0.0,0,0.0,0
26122,control,103.94,0,0.0,0
26123,treatment,0.0,0,0.0,0
26124,control,0.0,0,0.0,0
26125,treatment,0.0,0,0.0,0
26126,control,32.93,0,0.0,0
26127,control,0.0,0,0.0,0
26128,treatment,83.25,0,0.0,0
26129,treatment,0.0,0,0.0,0
26130,control,51.93,0,0.0,0
26131,control,133.77,1,81.51,0
26132,control,0.0,0,0.0,0
26133,control,0.0,0,0.0,0
26134,treatment,0.0,0,0.0,0
26135,treatment,0.0,0,0.0,0
26136,treatment,102.85,0,0.0,0
26137,control,0.0,0,0.0,0
26138,control,0.0,0,0.0,0
26139,treatment,57.66,0,0.0,0
26140,control,0.0,0,0.0,0
26141,control,175.84,0,0.0,0
26142,treatment,0.0,0,0.0,0
26143,control,50.55,1,95.8,0
26144,treatment,50.38,1,135.17,0
26145,control,120.53,0,0.0,0
26146,control,0.0,0,0.0,0
26147,control,0.0,0,0.0,0
26148,control,0.0,0,0.0,0
26149,treatment,26.32,0,0.0,0
26150,treatment,0.0,0,0.0,0
26151,control,0.0,0,0.0,0
26152,treatment,0.0,0,0.0,0
26153,control,0.0,0,0.0,0
26154,control,0.0,0,0.0,0
26155,treatment,71.96,0,0.0,0
26156,control,0.0,0,0.0,0
26157,control,0.0,0,0.0,0
26158,control,0.0,0,0.0,0
26159,treatment,0.0,0,0.0,0
26160,control,0.0,0,0.0,0
26161,control,63.97,0,0.0,0
26162,treatment,67.9,0,0.0,0
26163,treatment,0.0,0,0.0,0
26164,treatment,204.76,1,67.73,0
26165,control,0.0,0,0.0,0
26166,treatment,0.0,0,0.0,0
26167,control,0.0,0,0.0,0
26168,treatment,0.0,0,0.0,0
26169,treatment,113.73,0,0.0,0
26170,treatment,22.8,0,0.0,0
26171,control,56.45,0,0.0,0
26172,treatment,69.64,1,65.66,0
26173,control,50.62,0,0.0,0
26174,treatment,41.74,0,0.0,0
26175,control,731.23,0,0.0,0
26176,treatment,0.0,0,0.0,0
26177,treatment,0.0,0,0.0,0
26178,treatment,108.35,1,75.74,0
26179,treatment,105.6,0,0.0,0
26180,control,0.0,0,0.0,0
26181,treatment,59.37,0,0.0,0
26182,control,40.53,0,0.0,0
26183,treatment,0.0,0,0.0,0
26184,control,239.89,0,0.0,0
26185,control,0.0,0,0.0,0
26186,control,46.75,0,0.0,0
26187,treatment,138.3,0,0.0,0
26188,treatment,57.09,0,0.0,0
26189,treatment,0.0,0,0.0,0
26190,control,42.83,0,0.0,0
26191,treatment,0.0,0,0.0,0
26192,control,0.0,0,0.0,0
26193,treatment,41.74,0,0.0,0
26194,treatment,0.0,0,0.0,0
26195,control,85.16,0,0.0,0
26196,control,146.98,0,0.0,0
26197,treatment,0.0,0,0.0,0
26198,control,0.0,0,0.0,0
26199,control,91.79,0,0.0,0
26200,control,0.0,1,50.97,0
26201,treatment,75.04,0,0.0,0
26202,control,77.38,1,49.62,0
26203,treatment,0.0,0,0.0,0
26204,treatment,0.0,0,0.0,0
26205,treatment,19.88,0,0.0,0
26206,treatment,61.03,0,0.0,0
26207,treatment,0.0,0,0.0,0
26208,control,56.86,0,0.0,0
26209,control,0.0,0,0.0,0
26210,treatment,0.0,0,0.0,0
26211,treatment,0.0,0,0.0,0
26212,treatment,124.67,0,0.0,0
26213,control,67.14,0,0.0,0
26214,treatment,0.0,0,0.0,0
26215,control,52.17,1,79.76,0
26216,control,45.54,0,0.0,0
26217,treatment,0.0,0,0.0,0
26218,control,0.0,0,0.0,0
26219,control,0.0,0,0.0,0
26220,control,0.0,0,0.0,0
26221,control,716.44,1,51.81,0
26222,control,33.5,0,0.0,0
26223,treatment,133.6,0,0.0,0
26224,control,243.48,0,0.0,0
26225,control,0.0,0,0.0,0
26226,treatment,250.05,0,0.0,0
26227,treatment,0.0,0,0.0,0
26228,control,452.8,1,73.92,0
26229,treatment,0.0,0,0.0,0
26230,treatment,69.35,0,0.0,0
26231,treatment,122.7,0,0.0,0
26232,control,0.0,0,0.0,0
26233,control,0.0,0,0.0,0
26234,control,0.0,0,0.0,0
26235,control,57.69,0,0.0,0
26236,control,0.0,1,139.16,0
26237,control,0.0,0,0.0,0
26238,control,156.37,0,0.0,0
26239,control,59.4,0,0.0,0
26240,control,0.0,0,0.0,0
26241,treatment,0.0,0,0.0,0
26242,control,0.0,0,0.0,0
26243,treatment,0.0,0,0.0,0
26244,treatment,53.01,0,0.0,0
26245,control,0.0,0,0.0,0
26246,treatment,72.18,0,0.0,0
26247,control,0.0,1,111.74,0
26248,treatment,0.0,0,0.0,0
26249,control,37.88,0,0.0,0
26250,control,0.0,0,0.0,0
26251,control,55.08,0,0.0,0
26252,treatment,0.0,0,0.0,0
26253,treatment,376.22,0,0.0,0
26254,control,207.1,0,0.0,0
26255,treatment,0.0,0,0.0,0
26256,control,41.89,0,0.0,0
26257,control,49.76,0,0.0,0
26258,treatment,146.92,0,0.0,0
26259,treatment,35.41,0,0.0,0
26260,control,0.0,0,0.0,0
26261,treatment,22.19,0,0.0,0
26262,control,0.0,0,0.0,0
26263,treatment,53.8,0,0.0,0
26264,treatment,214.07,0,0.0,0
26265,control,0.0,0,0.0,0
26266,control,0.0,0,0.0,0
26267,treatment,323.96,0,0.0,0
26268,control,0.0,0,0.0,0
26269,treatment,0.0,0,0.0,0
26270,control,101.33,1,100.26,0
26271,control,120.86,0,0.0,0
26272,treatment,29.23,0,0.0,0
26273,treatment,68.68,0,0.0,0
26274,control,55.68,0,0.0,0
26275,control,215.76,1,50.98,0
26276,treatment,188.5,0,0.0,0
26277,control,61.65,0,0.0,0
26278,control,0.0,0,0.0,0
26279,treatment,99.74,0,0.0,0
26280,treatment,0.0,0,0.0,0
26281,treatment,206.12,0,0.0,0
26282,control,47.92,0,0.0,0
26283,treatment,0.0,0,0.0,0
26284,control,128.96,0,0.0,0
26285,control,112.4,0,0.0,0
26286,treatment,0.0,0,0.0,0
26287,control,91.95,0,0.0,0
26288,control,90.55,0,0.0,0
26289,control,0.0,0,0.0,0
26290,control,34.18,0,0.0,0
26291,treatment,86.59,0,0.0,0
26292,control,74.9,0,0.0,0
26293,control,0.0,0,0.0,0
26294,treatment,0.0,0,0.0,0
26295,treatment,0.0,0,0.0,0
26296,treatment,155.24,0,0.0,0
26297,treatment,0.0,0,0.0,0
26298,control,0.0,0,0.0,0
26299,control,0.0,0,0.0,0
26300,control,0.0,0,0.0,0
26301,control,404.54,1,103.93,0
26302,control,124.12,0,0.0,0
26303,control,0.0,0,0.0,0
26304,treatment,0.0,0,0.0,0
26305,treatment,267.25,0,0.0,0
26306,treatment,70.34,0,0.0,0
26307,control,0.0,0,0.0,0
26308,control,0.0,0,0.0,0
26309,control,0.0,0,0.0,0
26310,control,532.82,0,0.0,0
26311,treatment,29.3,0,0.0,0
26312,control,180.88,1,55.06,0
26313,control,51.41,0,0.0,0
26314,control,41.47,0,0.0,0
26315,treatment,0.0,0,0.0,0
26316,control,237.8,0,0.0,0
26317,treatment,52.14,0,0.0,0
26318,control,0.0,0,0.0,0
26319,control,0.0,0,0.0,0
26320,control,0.0,0,0.0,0
26321,control,0.0,0,0.0,0
26322,treatment,0.0,0,0.0,0
26323,treatment,257.02,1,144.37,0
26324,control,181.88,0,0.0,0
26325,treatment,0.0,0,0.0,0
26326,treatment,0.0,0,0.0,0
26327,control,0.0,0,0.0,0
26328,control,61.43,0,0.0,0
26329,treatment,0.0,0,0.0,0
26330,control,0.0,0,0.0,0
26331,treatment,0.0,0,0.0,0
26332,treatment,0.0,0,0.0,0
26333,control,0.0,0,0.0,0
26334,treatment,0.0,0,0.0,0
26335,control,0.0,0,0.0,0
26336,treatment,0.0,1,49.01,0
26337,control,0.0,1,57.93,0
26338,control,34.01,0,0.0,0
26339,control,0.0,0,0.0,0
26340,control,0.0,0,0.0,0
26341,control,174.25,0,0.0,0
26342,treatment,30.02,0,0.0,0
26343,control,192.38,0,0.0,0
26344,control,0.0,0,0.0,0
26345,control,63.35,0,0.0,0
26346,treatment,0.0,0,0.0,0
26347,treatment,0.0,0,0.0,0
26348,control,44.01,0,0.0,0
26349,treatment,284.06,1,243.33,0
26350,control,0.0,1,30.96,0
26351,control,56.44,0,0.0,0
26352,treatment,0.0,0,0.0,0
26353,control,39.41,0,0.0,0
26354,treatment,40.81,0,0.0,0
26355,control,0.0,0,0.0,0
26356,treatment,37.24,0,0.0,0
26357,control,0.0,0,0.0,0
26358,treatment,48.8,0,0.0,0
26359,treatment,184.23,0,0.0,0
26360,treatment,0.0,0,0.0,0
26361,treatment,54.83,0,0.0,0
26362,treatment,0.0,0,0.0,0
26363,treatment,0.0,0,0.0,0
26364,control,0.0,0,0.0,0
26365,treatment,0.0,0,0.0,0
26366,control,0.0,0,0.0,0
26367,control,0.0,0,0.0,0
26368,control,57.06,0,0.0,0
26369,treatment,0.0,0,0.0,0
26370,treatment,0.0,0,0.0,0
26371,treatment,43.34,1,23.57,0
26372,control,43.17,0,0.0,0
26373,control,0.0,0,0.0,0
26374,control,0.0,0,0.0,0
26375,treatment,0.0,0,0.0,0
26376,control,40.17,1,43.58,0
26377,control,0.0,0,0.0,0
26378,treatment,0.0,0,0.0,0
26379,control,0.0,0,0.0,0
26380,control,28.99,0,0.0,0
26381,control,0.0,0,0.0,0
26382,treatment,49.05,0,0.0,0
26383,control,0.0,0,0.0,0
26384,control,85.01,0,0.0,0
26385,control,0.0,0,0.0,0
26386,control,0.0,0,0.0,0
26387,control,33.42,0,0.0,0
26388,control,43.37,0,0.0,0
26389,treatment,165.96,0,0.0,0
26390,treatment,39.41,0,0.0,0
26391,control,85.97,0,0.0,0
26392,treatment,0.0,0,0.0,0
26393,treatment,40.45,0,0.0,0
26394,treatment,29.27,0,0.0,0
26395,control,109.45,0,0.0,0
26396,treatment,91.53,0,0.0,0
26397,control,0.0,1,102.64,0
26398,control,0.0,0,0.0,0
26399,treatment,0.0,0,0.0,0
26400,treatment,0.0,0,0.0,0
26401,control,0.0,0,0.0,0
26402,control,0.0,0,0.0,0
26403,treatment,0.0,0,0.0,0
26404,control,22.82,0,0.0,0
26405,control,0.0,0,0.0,0
26406,treatment,57.87,0,0.0,0
26407,treatment,165.25,0,0.0,0
26408,treatment,0.0,0,0.0,0
26409,treatment,0.0,0,0.0,0
26410,control,0.0,0,0.0,0
26411,control,66.32,1,49.06,0
26412,control,78.37,0,0.0,0
26413,control,0.0,0,0.0,0
26414,treatment,0.0,0,0.0,0
26415,control,0.0,0,0.0,0
26416,treatment,0.0,0,0.0,0
26417,treatment,87.96,0,0.0,0
26418,control,0.0,0,0.0,0
26419,control,176.94,0,0.0,0
26420,treatment,33.41,0,0.0,0
26421,treatment,258.49,0,0.0,0
26422,control,47.07,0,0.0,0
26423,treatment,166.02,0,0.0,0
26424,control,0.0,0,0.0,0
26425,treatment,54.23,0,0.0,0
26426,treatment,0.0,0,0.0,0
26427,control,0.0,0,0.0,0
26428,treatment,475.25,0,0.0,0
26429,control,55.78,0,0.0,0
26430,treatment,0.0,0,0.0,0
26431,control,192.95,0,0.0,0
26432,treatment,271.85,0,0.0,0
26433,treatment,0.0,0,0.0,0
26434,control,512.19,1,144.66,0
26435,treatment,203.94,0,0.0,0
26436,treatment,148.19,0,0.0,0
26437,treatment,0.0,0,0.0,0
26438,control,0.0,0,0.0,0
26439,treatment,0.0,0,0.0,0
26440,treatment,40.26,0,0.0,0
26441,control,47.03,0,0.0,0
26442,treatment,0.0,0,0.0,0
26443,control,323.9,1,77.05,0
26444,treatment,26.5,0,0.0,0
26445,control,0.0,0,0.0,0
26446,control,0.0,0,0.0,0
26447,control,61.79,0,0.0,0
26448,control,0.0,0,0.0,0
26449,control,83.91,0,0.0,0
26450,treatment,33.68,0,0.0,0
26451,control,0.0,0,0.0,0
26452,control,0.0,0,0.0,0
26453,treatment,68.43,0,0.0,0
26454,control,528.41,1,61.06,0
26455,treatment,274.56,0,0.0,0
26456,control,107.21,1,129.63,0
26457,control,0.0,0,0.0,0
26458,control,0.0,1,62.08,0
26459,treatment,127.16,0,0.0,0
26460,treatment,513.18,0,0.0,0
26461,treatment,45.27,0,0.0,0
26462,control,46.56,0,0.0,0
26463,treatment,0.0,0,0.0,0
26464,treatment,98.71,0,0.0,0
26465,treatment,0.0,0,0.0,0
26466,treatment,0.0,0,0.0,0
26467,control,34.65,0,0.0,0
26468,control,238.98,0,0.0,0
26469,treatment,113.15,0,0.0,0
26470,treatment,0.0,0,0.0,0
26471,treatment,141.68,0,0.0,0
26472,control,33.24,0,0.0,0
26473,treatment,0.0,1,97.73,0
26474,treatment,0.0,0,0.0,0
26475,treatment,0.0,0,0.0,0
26476,control,0.0,1,49.58,0
26477,control,0.0,0,0.0,0
26478,control,0.0,0,0.0,0
26479,control,49.08,1,55.69,0
26480,control,35.09,0,0.0,0
26481,treatment,173.24,0,0.0,0
26482,control,234.11,0,0.0,0
26483,treatment,58.03,0,0.0,0
26484,treatment,0.0,0,0.0,0
26485,control,0.0,0,0.0,0
26486,treatment,92.3,0,0.0,0
26487,treatment,117.79,0,0.0,0
26488,control,0.0,0,0.0,0
26489,treatment,73.87,1,109.88,0
26490,control,0.0,0,0.0,0
26491,treatment,0.0,0,0.0,0
26492,treatment,89.09,0,0.0,0
26493,control,0.0,0,0.0,0
26494,treatment,0.0,0,0.0,0
26495,treatment,129.81,1,75.25,0
26496,control,223.49,0,0.0,0
26497,control,0.0,0,0.0,0
26498,treatment,83.23,0,0.0,0
26499,treatment,0.0,0,0.0,0
26500,treatment,42.87,0,0.0,0
26501,treatment,76.39,0,0.0,0
26502,control,47.32,0,0.0,0
26503,control,0.0,1,22.28,0
26504,treatment,0.0,0,0.0,0
26505,control,0.0,0,0.0,0
26506,treatment,0.0,0,0.0,0
26507,control,0.0,0,0.0,0
26508,treatment,0.0,0,0.0,0
26509,control,39.87,0,0.0,0
26510,treatment,90.77,0,0.0,0
26511,treatment,55.98,0,0.0,0
26512,control,0.0,0,0.0,0
26513,control,32.91,0,0.0,0
26514,treatment,0.0,0,0.0,0
26515,control,84.18,0,0.0,0
26516,control,29.82,0,0.0,0
26517,treatment,0.0,0,0.0,0
26518,control,0.0,0,0.0,0
26519,control,320.16,0,0.0,0
26520,treatment,0.0,0,0.0,0
26521,treatment,26.91,0,0.0,0
26522,control,49.87,0,0.0,0
26523,treatment,0.0,0,0.0,0
26524,treatment,57.99,0,0.0,0
26525,treatment,0.0,0,0.0,0
26526,treatment,0.0,0,0.0,0
26527,control,94.72,0,0.0,0
26528,treatment,0.0,0,0.0,0
26529,control,124.6,0,0.0,0
26530,treatment,175.22,1,31.03,0
26531,control,0.0,0,0.0,0
26532,treatment,0.0,0,0.0,0
26533,treatment,0.0,0,0.0,0
26534,control,25.73,0,0.0,0
26535,treatment,0.0,0,0.0,0
26536,treatment,139.5,1,109.8,0
26537,treatment,34.22,0,0.0,0
26538,treatment,242.16,0,0.0,0
26539,control,0.0,0,0.0,0
26540,control,39.72,1,47.22,0
26541,treatment,39.11,0,0.0,0
26542,control,0.0,0,0.0,0
26543,control,0.0,0,0.0,0
26544,treatment,61.49,0,0.0,0
26545,treatment,0.0,0,0.0,0
26546,control,187.12,0,0.0,0
26547,control,0.0,0,0.0,0
26548,control,0.0,0,0.0,0
26549,treatment,106.02,0,0.0,0
26550,treatment,0.0,0,0.0,0
26551,treatment,18.57,1,101.84,0
26552,control,0.0,0,0.0,0
26553,treatment,0.0,0,0.0,0
26554,control,0.0,0,0.0,0
26555,treatment,0.0,0,0.0,0
26556,control,47.75,0,0.0,0
26557,control,0.0,0,0.0,0
26558,control,110.34,0,0.0,0
26559,treatment,0.0,0,0.0,0
26560,treatment,0.0,0,0.0,0
26561,treatment,0.0,0,0.0,0
26562,treatment,54.01,1,54.44,0
26563,treatment,265.85,0,0.0,0
26564,control,60.27,0,0.0,0
26565,treatment,34.6,0,0.0,0
26566,treatment,129.76,0,0.0,0
26567,control,0.0,0,0.0,0
26568,treatment,0.0,0,0.0,0
26569,treatment,122.78,1,46.83,0
26570,control,0.0,0,0.0,0
26571,control,60.19,0,0.0,0
26572,treatment,51.51,0,0.0,0
26573,control,52.85,0,0.0,0
26574,control,0.0,0,0.0,0
26575,control,143.85,0,0.0,0
26576,control,179.44,1,98.5,0
26577,treatment,0.0,0,0.0,0
26578,treatment,56.63,0,0.0,0
26579,treatment,42.33,0,0.0,0
26580,control,0.0,0,0.0,0
26581,control,0.0,1,43.94,0
26582,control,0.0,0,0.0,0
26583,control,0.0,0,0.0,0
26584,treatment,0.0,0,0.0,0
26585,treatment,335.22,0,0.0,0
26586,control,0.0,1,33.24,0
26587,treatment,60.25,0,0.0,0
26588,control,75.36,0,0.0,0
26589,control,0.0,0,0.0,0
26590,control,27.81,0,0.0,0
26591,control,85.04,0,0.0,0
26592,control,0.0,0,0.0,0
26593,control,0.0,0,0.0,0
26594,control,0.0,0,0.0,0
26595,treatment,0.0,1,34.48,0
26596,treatment,0.0,0,0.0,0
26597,treatment,43.55,0,0.0,0
26598,treatment,0.0,1,44.95,0
26599,control,0.0,0,0.0,0
26600,control,0.0,0,0.0,0
26601,treatment,0.0,0,0.0,0
26602,treatment,0.0,0,0.0,0
26603,treatment,0.0,0,0.0,0
26604,control,0.0,0,0.0,0
26605,control,0.0,0,0.0,0
26606,control,0.0,0,0.0,0
26607,control,77.43,0,0.0,0
26608,control,0.0,0,0.0,0
26609,treatment,0.0,0,0.0,0
26610,treatment,0.0,0,0.0,0
26611,control,0.0,0,0.0,0
26612,control,293.73,0,0.0,0
26613,treatment,0.0,0,0.0,0
26614,control,40.97,0,0.0,0
26615,control,0.0,0,0.0,0
26616,treatment,149.26,1,19.35,0
26617,control,52.15,1,93.57,0
26618,control,27.16,0,0.0,0
26619,control,64.18,1,20.7,0
26620,control,0.0,0,0.0,0
26621,treatment,0.0,0,0.0,0
26622,control,0.0,0,0.0,0
26623,treatment,0.0,1,64.7,0
26624,control,0.0,0,0.0,0
26625,control,0.0,0,0.0,0
26626,control,0.0,0,0.0,0
26627,control,0.0,0,0.0,0
26628,control,0.0,1,36.46,0
26629,control,0.0,0,0.0,0
26630,treatment,0.0,0,0.0,0
26631,control,31.77,0,0.0,0
26632,treatment,221.33,1,37.63,0
26633,treatment,134.86,1,52.36,0
26634,control,52.64,0,0.0,0
26635,control,40.4,0,0.0,0
26636,treatment,50.12,0,0.0,0
26637,control,0.0,0,0.0,0
26638,treatment,573.77,0,0.0,0
26639,control,114.34,0,0.0,0
26640,treatment,100.84,0,0.0,0
26641,treatment,0.0,0,0.0,0
26642,treatment,61.7,0,0.0,0
26643,treatment,0.0,0,0.0,0
26644,treatment,0.0,0,0.0,0
26645,treatment,110.46,0,0.0,0
26646,control,57.8,0,0.0,0
26647,control,124.33,0,0.0,0
26648,control,0.0,0,0.0,0
26649,treatment,0.0,0,0.0,0
26650,control,101.43,0,0.0,0
26651,control,0.0,0,0.0,0
26652,treatment,0.0,0,0.0,0
26653,control,0.0,0,0.0,0
26654,treatment,0.0,0,0.0,0
26655,treatment,0.0,0,0.0,0
26656,treatment,0.0,0,0.0,0
26657,treatment,0.0,0,0.0,0
26658,treatment,36.88,1,36.67,1
26659,control,204.11,1,29.55,0
26660,control,221.84,0,0.0,0
26661,control,192.21,0,0.0,0
26662,control,0.0,0,0.0,0
26663,control,48.59,1,46.98,0
26664,control,0.0,0,0.0,0
26665,control,64.14,0,0.0,0
26666,treatment,54.3,0,0.0,0
26667,control,41.09,0,0.0,0
26668,control,0.0,0,0.0,0
26669,treatment,0.0,0,0.0,0
26670,control,0.0,0,0.0,0
26671,control,450.29,0,0.0,0
26672,control,43.93,0,0.0,0
26673,control,160.15,1,110.93,0
26674,control,0.0,0,0.0,0
26675,control,60.84,0,0.0,0
26676,control,72.07,0,0.0,0
26677,treatment,0.0,0,0.0,0
26678,control,54.47,0,0.0,0
26679,treatment,0.0,0,0.0,0
26680,treatment,0.0,0,0.0,0
26681,control,77.32,0,0.0,0
26682,control,0.0,0,0.0,0
26683,treatment,0.0,0,0.0,0
26684,treatment,66.52,0,0.0,0
26685,control,0.0,0,0.0,0
26686,control,56.73,0,0.0,0
26687,control,0.0,0,0.0,0
26688,control,0.0,0,0.0,0
26689,treatment,113.35,0,0.0,0
26690,treatment,69.27,0,0.0,0
26691,treatment,179.15,0,0.0,0
26692,treatment,141.49,0,0.0,0
26693,treatment,0.0,0,0.0,0
26694,treatment,0.0,0,0.0,0
26695,treatment,69.2,1,28.43,0
26696,treatment,26.76,0,0.0,0
26697,treatment,0.0,0,0.0,0
26698,treatment,0.0,0,0.0,0
26699,treatment,80.34,0,0.0,0
26700,treatment,109.56,1,91.3,0
26701,treatment,47.98,0,0.0,0
26702,treatment,0.0,0,0.0,0
26703,control,110.02,0,0.0,0
26704,control,413.77,1,145.93,0
26705,treatment,47.35,0,0.0,0
26706,control,0.0,0,0.0,0
26707,treatment,0.0,0,0.0,0
26708,control,245.93,1,55.9,0
26709,control,0.0,0,0.0,0
26710,treatment,41.42,1,20.4,0
26711,control,0.0,0,0.0,0
26712,control,0.0,0,0.0,0
26713,control,136.25,1,106.96,0
26714,treatment,169.27,0,0.0,0
26715,treatment,14.55,1,100.0,0
26716,treatment,26.59,0,0.0,0
26717,control,0.0,0,0.0,0
26718,treatment,39.89,0,0.0,0
26719,control,96.18,0,0.0,0
26720,treatment,55.03,1,24.33,0
26721,treatment,0.0,0,0.0,0
26722,control,0.0,0,0.0,0
26723,treatment,0.0,0,0.0,0
26724,control,0.0,0,0.0,0
26725,treatment,57.1,1,135.5,0
26726,treatment,0.0,0,0.0,0
26727,control,0.0,0,0.0,0
26728,control,0.0,0,0.0,0
26729,control,0.0,1,22.99,0
26730,treatment,0.0,0,0.0,0
26731,treatment,48.78,0,0.0,0
26732,treatment,0.0,0,0.0,0
26733,control,91.45,1,41.05,0
26734,treatment,108.17,0,0.0,0
26735,treatment,45.8,0,0.0,0
26736,control,68.72,0,0.0,0
26737,control,46.89,0,0.0,0
26738,treatment,59.94,0,0.0,0
26739,control,512.04,0,0.0,0
26740,control,0.0,0,0.0,0
26741,treatment,72.92,0,0.0,0
26742,control,0.0,0,0.0,0
26743,control,0.0,0,0.0,0
26744,treatment,109.1,1,49.88,0
26745,control,0.0,0,0.0,0
26746,treatment,65.97,0,0.0,0
26747,treatment,26.64,0,0.0,0
26748,control,132.85,0,0.0,0
26749,treatment,143.58,0,0.0,0
26750,control,26.5,0,0.0,0
26751,control,0.0,0,0.0,0
26752,control,109.7,0,0.0,0
26753,control,72.83,0,0.0,0
26754,treatment,0.0,0,0.0,0
26755,treatment,0.0,0,0.0,0
26756,control,247.57,1,137.82,0
26757,treatment,22.57,1,48.13,0
26758,control,102.07,0,0.0,0
26759,control,0.0,0,0.0,0
26760,control,0.0,0,0.0,0
26761,control,204.97,1,26.5,0
26762,control,0.0,0,0.0,0
26763,control,25.81,0,0.0,0
26764,treatment,0.0,0,0.0,0
26765,treatment,0.0,0,0.0,0
26766,control,0.0,0,0.0,0
26767,control,536.49,1,70.35,1
26768,treatment,0.0,1,30.45,0
26769,treatment,140.22,0,0.0,0
26770,control,0.0,0,0.0,0
26771,treatment,0.0,0,0.0,0
26772,treatment,30.04,0,0.0,0
26773,treatment,327.69,0,0.0,0
26774,control,0.0,0,0.0,0
26775,control,0.0,1,114.94,0
26776,control,0.0,0,0.0,0
26777,control,54.02,0,0.0,0
26778,control,0.0,1,41.85,0
26779,treatment,111.54,1,125.42,0
26780,control,0.0,0,0.0,0
26781,treatment,386.6,0,0.0,0
26782,control,0.0,1,61.84,0
26783,control,43.63,0,0.0,0
26784,treatment,0.0,0,0.0,0
26785,control,0.0,0,0.0,0
26786,control,0.0,0,0.0,0
26787,treatment,0.0,0,0.0,0
26788,control,0.0,1,33.66,0
26789,control,79.21,0,0.0,0
26790,control,121.59,0,0.0,0
26791,control,0.0,0,0.0,0
26792,treatment,0.0,0,0.0,0
26793,treatment,0.0,0,0.0,0
26794,control,340.85,0,0.0,0
26795,treatment,0.0,0,0.0,0
26796,control,86.51,1,69.77,0
26797,treatment,45.82,0,0.0,0
26798,treatment,63.28,1,30.13,0
26799,control,0.0,0,0.0,0
26800,treatment,88.82,0,0.0,0
26801,treatment,0.0,0,0.0,0
26802,control,0.0,0,0.0,0
26803,control,0.0,0,0.0,0
26804,treatment,0.0,0,0.0,0
26805,control,0.0,0,0.0,0
26806,control,0.0,0,0.0,0
26807,control,0.0,0,0.0,0
26808,treatment,52.28,0,0.0,0
26809,control,68.39,0,0.0,0
26810,control,0.0,0,0.0,0
26811,control,114.68,1,125.59,0
26812,treatment,0.0,0,0.0,0
26813,treatment,0.0,0,0.0,0
26814,treatment,73.51,0,0.0,0
26815,control,54.51,0,0.0,0
26816,treatment,0.0,0,0.0,0
26817,treatment,41.19,0,0.0,0
26818,treatment,100.33,0,0.0,0
26819,control,44.15,0,0.0,0
26820,control,37.31,0,0.0,0
26821,control,76.33,0,0.0,0
26822,control,52.06,0,0.0,0
26823,treatment,0.0,0,0.0,0
26824,treatment,110.93,0,0.0,0
26825,control,0.0,0,0.0,0
26826,control,0.0,0,0.0,0
26827,treatment,59.28,0,0.0,0
26828,control,0.0,0,0.0,0
26829,control,61.65,0,0.0,0
26830,control,0.0,0,0.0,0
26831,treatment,0.0,0,0.0,0
26832,treatment,0.0,0,0.0,0
26833,treatment,112.46,0,0.0,0
26834,control,0.0,0,0.0,0
26835,control,47.37,0,0.0,0
26836,treatment,0.0,0,0.0,0
26837,treatment,0.0,0,0.0,0
26838,control,0.0,0,0.0,0
26839,control,54.69,1,60.93,0
26840,control,0.0,0,0.0,0
26841,control,0.0,0,0.0,0
26842,treatment,41.44,0,0.0,0
26843,treatment,316.73,1,83.79,0
26844,treatment,0.0,0,0.0,0
26845,treatment,50.33,0,0.0,0
26846,treatment,0.0,0,0.0,0
26847,treatment,32.09,0,0.0,0
26848,control,0.0,0,0.0,0
26849,control,0.0,0,0.0,0
26850,treatment,507.8,1,98.49,0
26851,treatment,113.63,0,0.0,0
26852,treatment,36.21,0,0.0,0
26853,treatment,0.0,0,0.0,0
26854,treatment,180.37,0,0.0,0
26855,treatment,0.0,0,0.0,0
26856,control,0.0,0,0.0,0
26857,control,35.39,0,0.0,0
26858,control,0.0,0,0.0,0
26859,control,244.56,0,0.0,0
26860,treatment,0.0,0,0.0,0
26861,treatment,0.0,0,0.0,0
26862,control,55.94,0,0.0,0
26863,treatment,50.89,0,0.0,0
26864,treatment,0.0,0,0.0,0
26865,treatment,79.17,0,0.0,0
26866,control,32.96,0,0.0,0
26867,treatment,60.87,0,0.0,0
26868,control,94.25,0,0.0,0
26869,control,48.42,0,0.0,0
26870,treatment,0.0,0,0.0,0
26871,control,89.4,0,0.0,0
26872,treatment,0.0,0,0.0,0
26873,treatment,0.0,0,0.0,0
26874,control,110.97,0,0.0,0
26875,control,0.0,0,0.0,0
26876,control,105.71,0,0.0,0
26877,control,0.0,0,0.0,0
26878,treatment,0.0,0,0.0,0
26879,treatment,42.44,0,0.0,0
26880,control,90.94,0,0.0,0
26881,control,0.0,0,0.0,0
26882,control,474.66,1,101.5,0
26883,control,0.0,1,36.51,0
26884,treatment,45.13,0,0.0,0
26885,control,0.0,0,0.0,0
26886,treatment,0.0,0,0.0,0
26887,treatment,0.0,0,0.0,0
26888,treatment,0.0,0,0.0,0
26889,treatment,290.47,0,0.0,0
26890,treatment,0.0,0,0.0,0
26891,treatment,0.0,0,0.0,0
26892,control,45.57,0,0.0,0
26893,control,0.0,0,0.0,0
26894,control,243.95,0,0.0,0
26895,treatment,96.04,1,118.48,0
26896,control,355.64,0,0.0,0
26897,control,0.0,0,0.0,0
26898,treatment,44.48,0,0.0,0
26899,treatment,30.57,0,0.0,0
26900,control,115.16,0,0.0,0
26901,control,94.49,0,0.0,0
26902,control,53.59,0,0.0,0
26903,control,0.0,0,0.0,0
26904,treatment,0.0,1,44.93,0
26905,treatment,345.45,1,95.53,0
26906,control,241.98,0,0.0,0
26907,treatment,62.78,0,0.0,0
26908,control,0.0,0,0.0,0
26909,treatment,56.48,0,0.0,0
26910,control,21.39,0,0.0,0
26911,treatment,0.0,0,0.0,0
26912,treatment,19.71,1,19.36,0
26913,control,98.28,0,0.0,0
26914,control,61.44,0,0.0,0
26915,control,0.0,0,0.0,0
26916,control,138.95,1,73.59,0
26917,control,0.0,0,0.0,0
26918,treatment,118.43,0,0.0,0
26919,treatment,138.01,0,0.0,0
26920,treatment,0.0,0,0.0,0
26921,treatment,0.0,0,0.0,0
26922,treatment,0.0,0,0.0,0
26923,treatment,132.21,0,0.0,0
26924,treatment,0.0,0,0.0,0
26925,treatment,0.0,0,0.0,0
26926,treatment,0.0,0,0.0,0
26927,control,29.81,0,0.0,0
26928,treatment,0.0,0,0.0,0
26929,control,0.0,0,0.0,0
26930,control,0.0,0,0.0,0
26931,control,47.84,0,0.0,0
26932,treatment,0.0,0,0.0,0
26933,treatment,59.8,0,0.0,0
26934,control,0.0,0,0.0,0
26935,control,0.0,0,0.0,0
26936,control,0.0,0,0.0,0
26937,treatment,0.0,0,0.0,0
26938,treatment,0.0,0,0.0,0
26939,treatment,110.22,0,0.0,0
26940,control,109.81,0,0.0,0
26941,control,88.56,0,0.0,0
26942,control,55.47,0,0.0,0
26943,treatment,158.53,0,0.0,0
26944,control,66.02,0,0.0,0
26945,control,0.0,0,0.0,0
26946,treatment,0.0,0,0.0,0
26947,treatment,0.0,0,0.0,0
26948,treatment,0.0,0,0.0,0
26949,treatment,0.0,1,26.11,0
26950,treatment,0.0,0,0.0,0
26951,treatment,0.0,0,0.0,0
26952,treatment,0.0,0,0.0,0
26953,control,335.12,0,0.0,0
26954,treatment,0.0,0,0.0,0
26955,treatment,83.96,0,0.0,0
26956,control,0.0,0,0.0,0
26957,control,75.21,1,51.85,0
26958,control,0.0,0,0.0,0
26959,treatment,105.56,0,0.0,0
26960,treatment,181.47,0,0.0,0
26961,control,0.0,0,0.0,0
26962,control,0.0,1,62.26,1
26963,treatment,234.61,0,0.0,0
26964,treatment,0.0,0,0.0,0
26965,control,0.0,0,0.0,0
26966,treatment,0.0,0,0.0,0
26967,treatment,30.64,0,0.0,0
26968,control,0.0,0,0.0,0
26969,treatment,57.71,0,0.0,0
26970,treatment,0.0,0,0.0,0
26971,control,79.59,0,0.0,0
26972,control,0.0,0,0.0,0
26973,treatment,268.31,0,0.0,0
26974,control,0.0,0,0.0,0
26975,treatment,0.0,0,0.0,0
26976,treatment,0.0,0,0.0,0
26977,treatment,0.0,0,0.0,0
26978,control,0.0,0,0.0,0
26979,treatment,65.32,0,0.0,0
26980,treatment,25.27,0,0.0,0
26981,control,0.0,0,0.0,0
26982,treatment,41.57,0,0.0,0
26983,control,46.84,0,0.0,0
26984,control,0.0,0,0.0,0
26985,treatment,0.0,0,0.0,0
26986,control,29.23,0,0.0,0
26987,control,0.0,0,0.0,0
26988,treatment,117.01,0,0.0,0
26989,treatment,55.18,0,0.0,0
26990,control,0.0,0,0.0,0
26991,control,42.86,0,0.0,0
26992,control,126.56,0,0.0,0
26993,control,0.0,0,0.0,0
26994,treatment,38.99,0,0.0,0
26995,treatment,360.08,1,70.31,0
26996,control,0.0,0,0.0,0
26997,treatment,144.83,1,70.02,0
26998,treatment,89.5,0,0.0,0
26999,treatment,57.14,1,43.37,0
27000,control,0.0,1,78.22,0
27001,treatment,72.93,0,0.0,0
27002,control,0.0,0,0.0,0
27003,treatment,0.0,0,0.0,0
27004,treatment,0.0,0,0.0,0
27005,control,0.0,0,0.0,0
27006,treatment,0.0,0,0.0,0
27007,control,30.57,0,0.0,0
27008,control,31.03,0,0.0,0
27009,treatment,0.0,0,0.0,0
27010,treatment,29.6,0,0.0,0
27011,treatment,0.0,0,0.0,0
27012,control,107.27,0,0.0,0
27013,control,0.0,0,0.0,0
27014,treatment,0.0,0,0.0,0
27015,control,122.61,0,0.0,0
27016,control,0.0,0,0.0,0
27017,treatment,0.0,0,0.0,0
27018,treatment,100.47,1,45.24,0
27019,control,42.11,0,0.0,0
27020,treatment,192.33,1,26.03,0
27021,control,0.0,0,0.0,0
27022,control,0.0,0,0.0,0
27023,treatment,93.03,0,0.0,0
27024,treatment,41.44,0,0.0,0
27025,control,158.26,1,129.19,0
27026,treatment,0.0,0,0.0,0
27027,control,52.62,0,0.0,0
27028,control,46.67,1,45.73,1
27029,treatment,0.0,0,0.0,0
27030,treatment,0.0,0,0.0,0
27031,control,0.0,0,0.0,0
27032,treatment,28.6,1,105.4,0
27033,treatment,53.6,0,0.0,0
27034,treatment,61.09,0,0.0,0
27035,treatment,62.27,0,0.0,0
27036,treatment,74.74,0,0.0,0
27037,control,0.0,0,0.0,0
27038,control,0.0,0,0.0,0
27039,control,64.47,1,46.58,0
27040,control,0.0,0,0.0,0
27041,treatment,70.79,0,0.0,0
27042,treatment,0.0,0,0.0,0
27043,treatment,367.47,0,0.0,0
27044,control,0.0,0,0.0,0
27045,treatment,0.0,0,0.0,0
27046,control,0.0,0,0.0,0
27047,control,220.88,0,0.0,0
27048,control,295.37,0,0.0,0
27049,treatment,92.53,0,0.0,0
27050,control,0.0,0,0.0,0
27051,control,49.73,0,0.0,0
27052,treatment,75.0,1,51.73,0
27053,control,0.0,0,0.0,0
27054,control,0.0,0,0.0,0
27055,control,72.55,0,0.0,0
27056,treatment,0.0,0,0.0,0
27057,treatment,0.0,0,0.0,0
27058,control,47.8,0,0.0,0
27059,control,96.13,1,59.67,0
27060,treatment,104.14,0,0.0,0
27061,treatment,0.0,0,0.0,0
27062,control,74.98,0,0.0,0
27063,control,0.0,0,0.0,0
27064,treatment,0.0,0,0.0,0
27065,control,0.0,0,0.0,0
27066,treatment,0.0,0,0.0,0
27067,treatment,39.89,0,0.0,0
27068,control,34.96,0,0.0,0
27069,control,41.22,1,91.84,1
27070,control,26.62,0,0.0,0
27071,treatment,0.0,1,42.44,0
27072,treatment,84.19,0,0.0,0
27073,treatment,214.65,0,0.0,0
27074,treatment,0.0,0,0.0,0
27075,control,0.0,0,0.0,0
27076,treatment,43.27,0,0.0,0
27077,control,137.18,0,0.0,0
27078,control,0.0,0,0.0,0
27079,control,0.0,0,0.0,0
27080,treatment,177.01,0,0.0,0
27081,control,101.55,1,35.37,0
27082,control,113.62,1,57.24,0
27083,treatment,77.25,0,0.0,0
27084,treatment,100.25,0,0.0,0
27085,treatment,0.0,0,0.0,0
27086,treatment,0.0,0,0.0,0
27087,treatment,0.0,0,0.0,0
27088,control,0.0,0,0.0,0
27089,treatment,0.0,0,0.0,0
27090,treatment,0.0,0,0.0,0
27091,treatment,0.0,0,0.0,0
27092,control,68.5,0,0.0,0
27093,treatment,0.0,0,0.0,0
27094,treatment,0.0,0,0.0,0
27095,control,0.0,0,0.0,0
27096,control,524.43,1,171.46,0
27097,treatment,0.0,0,0.0,0
27098,treatment,0.0,0,0.0,0
27099,treatment,61.58,0,0.0,0
27100,treatment,0.0,0,0.0,0
27101,treatment,20.59,0,0.0,0
27102,treatment,0.0,0,0.0,0
27103,treatment,0.0,0,0.0,0
27104,control,74.98,1,96.71,0
27105,control,0.0,0,0.0,0
27106,treatment,52.93,0,0.0,0
27107,treatment,0.0,0,0.0,0
27108,treatment,83.11,0,0.0,0
27109,treatment,0.0,0,0.0,0
27110,treatment,0.0,0,0.0,0
27111,control,70.94,0,0.0,0
27112,treatment,0.0,1,104.23,0
27113,control,0.0,0,0.0,0
27114,control,0.0,0,0.0,0
27115,control,0.0,0,0.0,0
27116,control,0.0,0,0.0,0
27117,control,23.19,0,0.0,0
27118,treatment,0.0,0,0.0,0
27119,treatment,0.0,0,0.0,0
27120,control,686.32,1,131.64,0
27121,control,0.0,0,0.0,0
27122,treatment,72.19,0,0.0,0
27123,control,0.0,0,0.0,0
27124,control,86.86,1,94.91,0
27125,treatment,0.0,1,27.39,0
27126,control,68.29,0,0.0,0
27127,treatment,0.0,0,0.0,0
27128,control,0.0,0,0.0,0
27129,treatment,0.0,0,0.0,0
27130,control,0.0,0,0.0,0
27131,control,152.48,0,0.0,0
27132,control,0.0,0,0.0,0
27133,control,149.02,0,0.0,0
27134,control,0.0,0,0.0,0
27135,treatment,0.0,0,0.0,0
27136,control,173.49,0,0.0,0
27137,control,0.0,0,0.0,0
27138,control,148.94,1,41.68,0
27139,control,153.14,0,0.0,0
27140,control,40.63,1,52.26,0
27141,treatment,0.0,0,0.0,0
27142,control,0.0,0,0.0,0
27143,treatment,0.0,0,0.0,0
27144,control,78.12,0,0.0,0
27145,treatment,272.85,0,0.0,0
27146,treatment,42.61,0,0.0,0
27147,treatment,16.29,0,0.0,0
27148,control,0.0,0,0.0,0
27149,control,0.0,0,0.0,0
27150,control,59.27,0,0.0,0
27151,control,0.0,0,0.0,0
27152,control,137.94,0,0.0,0
27153,treatment,0.0,0,0.0,0
27154,treatment,0.0,0,0.0,0
27155,treatment,61.98,0,0.0,0
27156,treatment,60.17,0,0.0,0
27157,control,72.4,0,0.0,0
27158,control,0.0,0,0.0,0
27159,treatment,0.0,0,0.0,0
27160,treatment,44.18,1,54.24,0
27161,treatment,0.0,1,40.19,0
27162,control,76.29,1,30.19,0
27163,control,0.0,0,0.0,0
27164,treatment,0.0,0,0.0,0
27165,treatment,0.0,1,51.59,0
27166,control,0.0,0,0.0,0
27167,control,145.48,0,0.0,0
27168,control,703.74,1,58.48,1
27169,treatment,54.53,0,0.0,0
27170,control,0.0,0,0.0,0
27171,control,127.04,0,0.0,0
27172,treatment,0.0,0,0.0,0
27173,control,200.55,0,0.0,0
27174,treatment,0.0,0,0.0,0
27175,control,0.0,0,0.0,0
27176,treatment,52.86,0,0.0,0
27177,control,0.0,0,0.0,0
27178,treatment,0.0,0,0.0,0
27179,control,0.0,0,0.0,0
27180,treatment,112.83,0,0.0,0
27181,control,0.0,0,0.0,0
27182,control,46.73,0,0.0,0
27183,control,60.9,0,0.0,0
27184,treatment,0.0,0,0.0,0
27185,treatment,0.0,0,0.0,0
27186,treatment,191.97,0,0.0,0
27187,control,30.88,0,0.0,0
27188,control,0.0,0,0.0,0
27189,control,0.0,0,0.0,0
27190,treatment,0.0,0,0.0,0
27191,treatment,56.67,0,0.0,0
27192,control,0.0,0,0.0,0
27193,treatment,80.29,1,35.21,0
27194,treatment,0.0,0,0.0,0
27195,treatment,0.0,1,90.54,0
27196,control,26.83,0,0.0,0
27197,control,0.0,0,0.0,0
27198,control,32.52,0,0.0,0
27199,control,104.9,1,74.69,0
27200,treatment,0.0,0,0.0,0
27201,treatment,0.0,0,0.0,0
27202,control,62.85,1,67.15,0
27203,treatment,71.43,0,0.0,0
27204,control,0.0,0,0.0,0
27205,treatment,0.0,0,0.0,0
27206,treatment,0.0,0,0.0,0
27207,control,37.27,0,0.0,0
27208,treatment,40.37,0,0.0,0
27209,treatment,100.1,0,0.0,0
27210,treatment,0.0,0,0.0,0
27211,control,0.0,0,0.0,0
27212,control,0.0,0,0.0,0
27213,treatment,0.0,0,0.0,0
27214,control,0.0,0,0.0,0
27215,control,0.0,0,0.0,0
27216,treatment,54.7,0,0.0,0
27217,treatment,0.0,0,0.0,0
27218,treatment,47.98,0,0.0,0
27219,treatment,110.18,0,0.0,0
27220,control,0.0,1,27.38,0
27221,treatment,106.56,0,0.0,0
27222,treatment,164.73,0,0.0,0
27223,treatment,0.0,0,0.0,0
27224,control,0.0,0,0.0,0
27225,control,25.8,0,0.0,0
27226,treatment,0.0,0,0.0,0
27227,control,0.0,0,0.0,0
27228,treatment,146.21,0,0.0,0
27229,treatment,570.51,1,121.91,0
27230,control,0.0,0,0.0,0
27231,control,0.0,0,0.0,0
27232,control,0.0,0,0.0,0
27233,control,0.0,0,0.0,0
27234,treatment,137.0,1,41.88,0
27235,treatment,258.38,0,0.0,0
27236,treatment,0.0,0,0.0,0
27237,treatment,0.0,0,0.0,0
27238,treatment,0.0,0,0.0,0
27239,control,295.18,0,0.0,0
27240,treatment,130.28,1,35.27,0
27241,control,39.51,0,0.0,0
27242,treatment,0.0,0,0.0,0
27243,treatment,48.03,0,0.0,0
27244,control,0.0,0,0.0,0
27245,control,0.0,1,29.27,0
27246,treatment,66.75,0,0.0,0
27247,control,0.0,1,53.47,0
27248,treatment,30.97,0,0.0,0
27249,treatment,50.47,0,0.0,0
27250,treatment,0.0,0,0.0,0
27251,control,71.46,1,33.62,0
27252,treatment,28.77,0,0.0,0
27253,treatment,55.25,0,0.0,0
27254,control,0.0,0,0.0,0
27255,treatment,76.43,0,0.0,0
27256,control,337.4,0,0.0,0
27257,treatment,0.0,0,0.0,0
27258,control,0.0,0,0.0,0
27259,treatment,201.37,0,0.0,0
27260,control,151.17,1,62.05,0
27261,treatment,0.0,0,0.0,0
27262,treatment,0.0,0,0.0,0
27263,treatment,478.09,0,0.0,0
27264,treatment,101.32,1,155.56,0
27265,treatment,0.0,0,0.0,0
27266,control,0.0,0,0.0,0
27267,control,102.78,0,0.0,0
27268,treatment,0.0,0,0.0,0
27269,treatment,0.0,0,0.0,0
27270,treatment,181.92,0,0.0,0
27271,treatment,0.0,0,0.0,0
27272,treatment,0.0,0,0.0,0
27273,treatment,0.0,0,0.0,0
27274,control,0.0,0,0.0,0
27275,control,459.01,0,0.0,0
27276,treatment,96.23,0,0.0,0
27277,control,0.0,0,0.0,0
27278,treatment,45.88,0,0.0,0
27279,treatment,36.87,0,0.0,0
27280,treatment,0.0,0,0.0,0
27281,control,0.0,0,0.0,0
27282,control,0.0,0,0.0,0
27283,treatment,34.22,0,0.0,0
27284,control,0.0,0,0.0,0
27285,control,237.06,0,0.0,0
27286,treatment,0.0,0,0.0,0
27287,control,59.8,0,0.0,0
27288,treatment,505.91,1,150.63,0
27289,treatment,0.0,1,40.01,0
27290,control,0.0,0,0.0,0
27291,control,50.13,0,0.0,0
27292,control,41.99,0,0.0,0
27293,treatment,0.0,0,0.0,0
27294,treatment,328.71,1,31.83,0
27295,treatment,0.0,0,0.0,0
27296,treatment,0.0,0,0.0,0
27297,treatment,1294.46,1,128.47,0
27298,treatment,0.0,0,0.0,0
27299,control,151.81,0,0.0,0
27300,control,0.0,0,0.0,0
27301,treatment,134.25,0,0.0,0
27302,control,0.0,0,0.0,0
27303,control,0.0,0,0.0,0
27304,treatment,88.17,1,64.24,0
27305,control,69.05,0,0.0,0
27306,treatment,0.0,0,0.0,0
27307,control,156.99,0,0.0,0
27308,control,0.0,0,0.0,0
27309,treatment,466.38,1,111.62,0
27310,control,0.0,0,0.0,0
27311,control,276.53,0,0.0,0
27312,treatment,0.0,0,0.0,0
27313,treatment,0.0,0,0.0,0
27314,control,0.0,0,0.0,0
27315,control,0.0,0,0.0,0
27316,control,0.0,0,0.0,0
27317,treatment,0.0,0,0.0,0
27318,control,0.0,0,0.0,0
27319,control,183.73,1,77.55,0
27320,treatment,49.29,0,0.0,0
27321,control,148.63,0,0.0,0
27322,control,133.49,0,0.0,0
27323,control,0.0,0,0.0,0
27324,control,46.04,0,0.0,0
27325,control,53.5,0,0.0,0
27326,control,0.0,0,0.0,0
27327,treatment,0.0,0,0.0,0
27328,control,84.55,0,0.0,0
27329,control,0.0,0,0.0,0
27330,treatment,103.67,0,0.0,0
27331,control,0.0,0,0.0,0
27332,control,136.97,0,0.0,0
27333,treatment,67.22,0,0.0,0
27334,treatment,94.94,0,0.0,0
27335,control,0.0,0,0.0,0
27336,control,0.0,0,0.0,0
27337,treatment,474.43,1,137.53,0
27338,treatment,547.34,1,102.44,0
27339,treatment,0.0,0,0.0,0
27340,control,214.8,0,0.0,0
27341,control,65.49,0,0.0,0
27342,treatment,91.19,0,0.0,0
27343,treatment,0.0,0,0.0,0
27344,treatment,418.82,1,94.63,0
27345,treatment,79.05,1,81.48,0
27346,treatment,0.0,0,0.0,0
27347,treatment,0.0,0,0.0,0
27348,treatment,0.0,0,0.0,0
27349,control,71.66,1,78.03,0
27350,control,0.0,1,93.26,0
27351,treatment,0.0,1,27.0,0
27352,treatment,60.67,0,0.0,0
27353,treatment,22.16,1,24.14,0
27354,control,46.9,0,0.0,0
27355,treatment,61.48,1,49.97,0
27356,treatment,47.66,0,0.0,0
27357,treatment,0.0,1,76.87,0
27358,treatment,0.0,0,0.0,0
27359,control,184.55,0,0.0,0
27360,treatment,124.77,0,0.0,0
27361,treatment,0.0,0,0.0,0
27362,control,0.0,0,0.0,0
27363,control,43.78,0,0.0,0
27364,treatment,44.38,0,0.0,0
27365,treatment,57.22,0,0.0,0
27366,treatment,0.0,0,0.0,0
27367,treatment,0.0,0,0.0,0
27368,treatment,129.76,1,121.55,0
27369,control,44.03,1,101.3,0
27370,treatment,0.0,0,0.0,0
27371,control,101.58,0,0.0,0
27372,control,0.0,0,0.0,0
27373,treatment,0.0,0,0.0,0
27374,control,0.0,0,0.0,0
27375,treatment,106.92,0,0.0,0
27376,treatment,0.0,0,0.0,0
27377,control,0.0,0,0.0,0
27378,treatment,0.0,0,0.0,0
27379,control,157.39,0,0.0,0
27380,control,0.0,0,0.0,0
27381,treatment,0.0,0,0.0,0
27382,control,0.0,0,0.0,0
27383,control,105.35,1,60.98,1
27384,treatment,0.0,0,0.0,0
27385,treatment,0.0,0,0.0,0
27386,control,0.0,0,0.0,0
27387,control,100.56,1,35.44,0
27388,treatment,32.22,0,0.0,0
27389,control,46.89,0,0.0,0
27390,treatment,47.52,0,0.0,0
27391,treatment,0.0,1,27.89,0
27392,control,21.89,0,0.0,0
27393,treatment,0.0,0,0.0,0
27394,control,48.42,0,0.0,0
27395,control,78.24,1,53.55,0
27396,control,75.83,0,0.0,0
27397,treatment,0.0,0,0.0,0
27398,treatment,0.0,0,0.0,0
27399,control,0.0,1,66.72,0
27400,control,46.9,0,0.0,0
27401,control,68.52,0,0.0,0
27402,control,0.0,0,0.0,0
27403,control,0.0,1,30.93,0
27404,treatment,41.9,0,0.0,0
27405,control,0.0,0,0.0,0
27406,control,0.0,0,0.0,0
27407,treatment,0.0,0,0.0,0
27408,treatment,0.0,0,0.0,0
27409,control,0.0,0,0.0,0
27410,treatment,35.46,0,0.0,0
27411,control,0.0,0,0.0,0
27412,control,39.23,0,0.0,0
27413,treatment,0.0,0,0.0,0
27414,treatment,294.72,0,0.0,0
27415,treatment,0.0,0,0.0,0
27416,control,0.0,0,0.0,0
27417,treatment,38.93,0,0.0,0
27418,control,0.0,0,0.0,0
27419,control,70.67,0,0.0,0
27420,treatment,50.67,0,0.0,0
27421,treatment,0.0,0,0.0,0
27422,treatment,84.73,0,0.0,0
27423,control,0.0,0,0.0,0
27424,control,100.86,0,0.0,0
27425,control,0.0,0,0.0,0
27426,control,26.83,0,0.0,0
27427,control,98.09,0,0.0,0
27428,treatment,0.0,1,142.63,0
27429,control,82.73,0,0.0,0
27430,control,0.0,0,0.0,0
27431,control,0.0,0,0.0,0
27432,control,0.0,0,0.0,0
27433,treatment,78.79,0,0.0,0
27434,control,0.0,1,134.06,0
27435,treatment,80.68,0,0.0,0
27436,treatment,0.0,0,0.0,0
27437,treatment,249.72,0,0.0,0
27438,treatment,0.0,0,0.0,0
27439,control,195.59,0,0.0,0
27440,treatment,55.95,1,27.68,0
27441,treatment,0.0,0,0.0,0
27442,treatment,75.77,1,68.1,0
27443,control,122.5,0,0.0,0
27444,treatment,309.39,0,0.0,0
27445,control,0.0,0,0.0,0
27446,control,178.0,0,0.0,0
27447,treatment,91.55,0,0.0,0
27448,control,0.0,0,0.0,0
27449,treatment,0.0,0,0.0,0
27450,control,0.0,0,0.0,0
27451,control,148.6,1,52.82,0
27452,control,0.0,0,0.0,0
27453,control,0.0,0,0.0,0
27454,control,0.0,0,0.0,0
27455,treatment,0.0,0,0.0,0
27456,treatment,121.88,0,0.0,0
27457,treatment,40.03,0,0.0,0
27458,treatment,0.0,0,0.0,0
27459,treatment,0.0,0,0.0,0
27460,treatment,0.0,0,0.0,0
27461,control,64.47,0,0.0,0
27462,treatment,59.6,1,80.47,0
27463,control,17.03,0,0.0,0
27464,control,0.0,0,0.0,0
27465,treatment,39.13,0,0.0,0
27466,control,36.82,0,0.0,0
27467,control,64.59,0,0.0,0
27468,control,0.0,0,0.0,0
27469,treatment,0.0,0,0.0,0
27470,control,25.56,0,0.0,0
27471,treatment,118.96,0,0.0,0
27472,control,57.75,0,0.0,0
27473,control,153.13,0,0.0,0
27474,treatment,0.0,0,0.0,0
27475,control,35.89,0,0.0,0
27476,treatment,0.0,1,30.95,0
27477,control,46.4,0,0.0,0
27478,control,0.0,1,72.54,0
27479,control,0.0,1,66.16,0
27480,treatment,0.0,1,69.41,0
27481,treatment,67.41,1,140.33,0
27482,control,165.17,1,73.78,0
27483,control,0.0,0,0.0,0
27484,control,159.76,1,53.15,0
27485,control,382.01,1,119.08,1
27486,control,48.48,0,0.0,0
27487,treatment,227.96,0,0.0,0
27488,treatment,77.52,0,0.0,0
27489,control,0.0,0,0.0,0
27490,treatment,0.0,0,0.0,0
27491,control,0.0,1,66.89,0
27492,control,33.97,0,0.0,0
27493,control,0.0,0,0.0,0
27494,control,0.0,0,0.0,0
27495,treatment,0.0,0,0.0,0
27496,control,146.78,0,0.0,0
27497,treatment,79.63,0,0.0,0
27498,control,0.0,0,0.0,0
27499,control,0.0,0,0.0,0
27500,treatment,38.6,0,0.0,0
27501,control,0.0,0,0.0,0
27502,control,0.0,0,0.0,0
27503,control,31.94,0,0.0,0
27504,control,195.36,0,0.0,0
27505,treatment,107.87,0,0.0,0
27506,treatment,174.66,0,0.0,0
27507,control,0.0,0,0.0,0
27508,control,71.81,0,0.0,0
27509,treatment,39.06,0,0.0,0
27510,control,0.0,0,0.0,0
27511,treatment,0.0,0,0.0,0
27512,treatment,0.0,0,0.0,0
27513,control,213.69,0,0.0,0
27514,control,90.73,0,0.0,0
27515,treatment,0.0,0,0.0,0
27516,control,58.3,0,0.0,0
27517,control,0.0,0,0.0,0
27518,treatment,0.0,0,0.0,0
27519,control,0.0,0,0.0,0
27520,treatment,299.46,0,0.0,0
27521,treatment,81.61,0,0.0,0
27522,control,238.63,0,0.0,0
27523,control,0.0,1,48.54,0
27524,control,158.46,0,0.0,0
27525,treatment,78.61,0,0.0,0
27526,control,0.0,0,0.0,0
27527,control,83.13,0,0.0,0
27528,control,0.0,0,0.0,0
27529,control,55.3,0,0.0,0
27530,treatment,0.0,0,0.0,0
27531,treatment,26.77,1,63.11,0
27532,control,0.0,0,0.0,0
27533,treatment,127.48,0,0.0,0
27534,treatment,0.0,0,0.0,0
27535,control,933.4,0,0.0,0
27536,control,34.58,0,0.0,0
27537,treatment,35.86,0,0.0,0
27538,control,258.01,1,104.37,0
27539,treatment,0.0,0,0.0,0
27540,treatment,444.44,1,57.4,0
27541,treatment,0.0,0,0.0,0
27542,control,115.61,0,0.0,0
27543,treatment,0.0,0,0.0,0
27544,control,0.0,0,0.0,0
27545,control,171.79,1,63.87,0
27546,control,0.0,0,0.0,0
27547,treatment,284.68,0,0.0,0
27548,treatment,49.51,0,0.0,0
27549,treatment,0.0,0,0.0,0
27550,treatment,0.0,1,54.8,0
27551,treatment,49.61,0,0.0,0
27552,treatment,0.0,0,0.0,0
27553,treatment,106.24,0,0.0,0
27554,control,0.0,0,0.0,0
27555,treatment,0.0,0,0.0,0
27556,control,70.01,0,0.0,0
27557,treatment,0.0,0,0.0,0
27558,treatment,267.05,0,0.0,0
27559,treatment,0.0,0,0.0,0
27560,control,47.86,0,0.0,0
27561,treatment,281.93,0,0.0,0
27562,control,526.76,0,0.0,0
27563,treatment,0.0,0,0.0,0
27564,control,0.0,0,0.0,0
27565,control,0.0,0,0.0,0
27566,control,35.42,0,0.0,0
27567,treatment,0.0,0,0.0,0
27568,control,45.18,0,0.0,0
27569,treatment,0.0,0,0.0,0
27570,control,0.0,0,0.0,0
27571,control,0.0,0,0.0,0
27572,control,0.0,0,0.0,0
27573,control,25.63,1,32.29,0
27574,control,0.0,0,0.0,0
27575,treatment,576.08,1,67.06,0
27576,treatment,0.0,0,0.0,0
27577,treatment,0.0,0,0.0,0
27578,control,200.73,0,0.0,0
27579,treatment,0.0,0,0.0,0
27580,treatment,0.0,0,0.0,0
27581,treatment,0.0,0,0.0,0
27582,control,240.79,1,146.78,0
27583,control,0.0,0,0.0,0
27584,treatment,78.95,0,0.0,0
27585,treatment,0.0,0,0.0,0
27586,control,0.0,0,0.0,0
27587,control,0.0,0,0.0,0
27588,control,0.0,0,0.0,0
27589,treatment,35.3,0,0.0,0
27590,treatment,0.0,0,0.0,0
27591,control,91.54,0,0.0,0
27592,control,0.0,0,0.0,0
27593,control,261.97,0,0.0,0
27594,control,47.16,0,0.0,0
27595,control,0.0,0,0.0,0
27596,control,0.0,0,0.0,0
27597,treatment,0.0,0,0.0,0
27598,control,63.49,0,0.0,0
27599,control,0.0,0,0.0,0
27600,control,0.0,0,0.0,0
27601,control,0.0,0,0.0,0
27602,control,32.56,0,0.0,0
27603,treatment,0.0,0,0.0,0
27604,treatment,0.0,1,49.04,1
27605,control,45.98,0,0.0,0
27606,treatment,0.0,0,0.0,0
27607,treatment,68.56,0,0.0,0
27608,treatment,0.0,0,0.0,0
27609,control,54.78,0,0.0,0
27610,treatment,41.42,0,0.0,0
27611,control,0.0,0,0.0,0
27612,control,40.3,0,0.0,0
27613,treatment,0.0,0,0.0,0
27614,treatment,0.0,0,0.0,0
27615,control,0.0,0,0.0,0
27616,treatment,0.0,0,0.0,0
27617,treatment,0.0,0,0.0,0
27618,treatment,348.03,1,61.21,1
27619,treatment,0.0,0,0.0,0
27620,control,0.0,0,0.0,0
27621,treatment,0.0,0,0.0,0
27622,treatment,312.94,1,85.8,0
27623,treatment,0.0,0,0.0,0
27624,control,58.48,0,0.0,0
27625,control,241.21,0,0.0,0
27626,control,40.03,0,0.0,0
27627,control,0.0,0,0.0,0
27628,treatment,0.0,0,0.0,0
27629,control,40.94,0,0.0,0
27630,treatment,0.0,0,0.0,0
27631,treatment,98.2,0,0.0,0
27632,control,0.0,0,0.0,0
27633,treatment,354.89,0,0.0,0
27634,treatment,28.66,0,0.0,0
27635,control,36.5,0,0.0,0
27636,treatment,0.0,0,0.0,0
27637,treatment,232.51,0,0.0,0
27638,treatment,38.68,0,0.0,0
27639,treatment,30.75,0,0.0,0
27640,treatment,0.0,0,0.0,0
27641,treatment,76.61,1,51.87,1
27642,control,104.08,0,0.0,0
27643,control,0.0,0,0.0,0
27644,control,0.0,0,0.0,0
27645,treatment,71.77,0,0.0,0
27646,control,0.0,0,0.0,0
27647,control,62.92,0,0.0,0
27648,control,88.58,0,0.0,0
27649,treatment,46.35,0,0.0,0
27650,control,0.0,1,29.75,0
27651,treatment,0.0,0,0.0,0
27652,control,115.6,0,0.0,0
27653,control,26.91,0,0.0,0
27654,treatment,53.93,0,0.0,0
27655,control,0.0,0,0.0,0
27656,treatment,77.07,0,0.0,0
27657,treatment,37.19,0,0.0,0
27658,treatment,0.0,0,0.0,0
27659,treatment,0.0,0,0.0,0
27660,treatment,107.67,0,0.0,0
27661,control,40.52,0,0.0,0
27662,control,0.0,0,0.0,0
27663,treatment,0.0,0,0.0,0
27664,treatment,0.0,0,0.0,0
27665,treatment,0.0,1,66.24,0
27666,control,58.36,0,0.0,0
27667,control,0.0,0,0.0,0
27668,control,34.27,0,0.0,0
27669,control,69.59,0,0.0,0
27670,treatment,0.0,0,0.0,0
27671,control,0.0,0,0.0,0
27672,treatment,0.0,0,0.0,0
27673,treatment,0.0,0,0.0,0
27674,treatment,0.0,0,0.0,0
27675,control,0.0,0,0.0,0
27676,control,0.0,0,0.0,0
27677,control,52.88,0,0.0,0
27678,treatment,65.5,0,0.0,0
27679,control,51.57,0,0.0,0
27680,control,0.0,0,0.0,0
27681,control,0.0,0,0.0,0
27682,treatment,40.77,0,0.0,0
27683,control,60.75,0,0.0,0
27684,treatment,0.0,0,0.0,0
27685,treatment,142.84,0,0.0,0
27686,treatment,0.0,0,0.0,0
27687,treatment,0.0,0,0.0,0
27688,treatment,128.37,0,0.0,0
27689,control,0.0,0,0.0,0
27690,treatment,67.47,0,0.0,0
27691,control,152.67,0,0.0,0
27692,treatment,0.0,0,0.0,0
27693,control,0.0,0,0.0,0
27694,control,75.47,0,0.0,0
27695,control,83.72,0,0.0,0
27696,control,34.87,0,0.0,0
27697,treatment,0.0,1,88.86,0
27698,treatment,0.0,0,0.0,0
27699,control,0.0,0,0.0,0
27700,treatment,0.0,0,0.0,0
27701,treatment,0.0,0,0.0,0
27702,control,0.0,0,0.0,0
27703,treatment,36.1,0,0.0,0
27704,treatment,0.0,0,0.0,0
27705,control,37.89,0,0.0,0
27706,control,0.0,0,0.0,0
27707,control,0.0,0,0.0,0
27708,control,34.6,0,0.0,0
27709,control,0.0,0,0.0,0
27710,treatment,0.0,0,0.0,0
27711,treatment,0.0,0,0.0,0
27712,treatment,58.95,1,75.84,0
27713,treatment,0.0,0,0.0,0
27714,treatment,0.0,0,0.0,0
27715,treatment,0.0,0,0.0,0
27716,control,84.92,1,59.92,0
27717,control,42.11,0,0.0,0
27718,treatment,0.0,0,0.0,0
27719,treatment,0.0,0,0.0,0
27720,treatment,42.43,0,0.0,0
27721,treatment,0.0,0,0.0,0
27722,control,0.0,0,0.0,0
27723,control,0.0,0,0.0,0
27724,control,0.0,0,0.0,0
27725,treatment,0.0,0,0.0,0
27726,treatment,77.89,0,0.0,0
27727,control,0.0,0,0.0,0
27728,treatment,200.33,0,0.0,0
27729,control,43.48,0,0.0,0
27730,control,90.53,0,0.0,0
27731,control,0.0,0,0.0,0
27732,treatment,257.14,0,0.0,0
27733,treatment,0.0,0,0.0,0
27734,control,0.0,0,0.0,0
27735,treatment,0.0,0,0.0,0
27736,treatment,0.0,0,0.0,0
27737,treatment,86.84,0,0.0,0
27738,treatment,162.05,0,0.0,0
27739,control,0.0,0,0.0,0
27740,control,50.15,0,0.0,0
27741,treatment,68.48,0,0.0,0
27742,treatment,101.58,0,0.0,0
27743,treatment,0.0,0,0.0,0
27744,control,0.0,0,0.0,0
27745,treatment,0.0,0,0.0,0
27746,treatment,184.25,0,0.0,0
27747,treatment,0.0,0,0.0,0
27748,control,0.0,0,0.0,0
27749,control,77.83,0,0.0,0
27750,treatment,63.08,0,0.0,0
27751,control,0.0,0,0.0,0
27752,treatment,0.0,1,33.32,0
27753,treatment,49.17,0,0.0,0
27754,treatment,53.5,0,0.0,0
27755,treatment,0.0,0,0.0,0
27756,control,290.56,0,0.0,0
27757,treatment,0.0,0,0.0,0
27758,treatment,61.81,0,0.0,0
27759,treatment,0.0,0,0.0,0
27760,control,109.27,0,0.0,0
27761,control,0.0,0,0.0,0
27762,control,0.0,0,0.0,0
27763,treatment,0.0,0,0.0,0
27764,treatment,154.55,0,0.0,0
27765,treatment,84.98,0,0.0,0
27766,treatment,0.0,0,0.0,0
27767,treatment,235.47,1,55.18,0
27768,control,0.0,0,0.0,0
27769,control,154.61,0,0.0,0
27770,control,176.87,1,62.93,0
27771,control,115.77,0,0.0,0
27772,treatment,55.25,0,0.0,0
27773,control,43.16,0,0.0,0
27774,control,0.0,0,0.0,0
27775,treatment,648.66,1,24.69,0
27776,control,34.28,0,0.0,0
27777,control,70.22,0,0.0,0
27778,treatment,0.0,0,0.0,0
27779,treatment,159.29,0,0.0,0
27780,treatment,70.89,0,0.0,0
27781,treatment,422.97,0,0.0,0
27782,treatment,409.43,1,117.56,0
27783,control,19.74,0,0.0,0
27784,control,30.93,0,0.0,0
27785,control,45.9,0,0.0,0
27786,treatment,92.92,0,0.0,0
27787,control,0.0,1,93.03,0
27788,treatment,316.18,0,0.0,0
27789,treatment,84.83,1,64.58,0
27790,control,51.95,0,0.0,0
27791,treatment,0.0,0,0.0,0
27792,control,0.0,0,0.0,0
27793,treatment,319.28,0,0.0,0
27794,treatment,0.0,0,0.0,0
27795,treatment,168.94,0,0.0,0
27796,treatment,0.0,0,0.0,0
27797,treatment,0.0,1,70.9,0
27798,treatment,41.81,0,0.0,0
27799,treatment,0.0,0,0.0,0
27800,treatment,0.0,0,0.0,0
27801,control,36.01,0,0.0,0
27802,treatment,62.01,0,0.0,0
27803,control,89.18,0,0.0,0
27804,treatment,198.73,0,0.0,0
27805,treatment,85.49,0,0.0,0
27806,control,122.39,0,0.0,0
27807,treatment,0.0,1,27.08,0
27808,control,0.0,0,0.0,0
27809,control,44.52,0,0.0,0
27810,control,25.31,0,0.0,0
27811,treatment,0.0,0,0.0,0
27812,treatment,56.07,1,66.17,0
27813,control,56.74,0,0.0,0
27814,treatment,93.62,0,0.0,0
27815,treatment,81.85,0,0.0,0
27816,control,249.4,0,0.0,0
27817,control,118.66,0,0.0,0
27818,control,88.84,0,0.0,0
27819,control,0.0,0,0.0,0
27820,control,103.0,0,0.0,0
27821,control,29.95,0,0.0,0
27822,control,0.0,0,0.0,0
27823,control,66.45,0,0.0,0
27824,treatment,0.0,0,0.0,0
27825,treatment,41.84,0,0.0,0
27826,treatment,0.0,0,0.0,0
27827,control,139.75,0,0.0,0
27828,treatment,69.49,0,0.0,0
27829,control,0.0,0,0.0,0
27830,control,113.31,0,0.0,0
27831,control,0.0,0,0.0,0
27832,control,30.46,0,0.0,0
27833,control,26.29,0,0.0,0
27834,control,28.14,0,0.0,0
27835,control,0.0,0,0.0,0
27836,treatment,68.68,0,0.0,0
27837,treatment,0.0,1,88.33,0
27838,control,0.0,0,0.0,0
27839,treatment,0.0,0,0.0,0
27840,control,0.0,0,0.0,0
27841,control,0.0,0,0.0,0
27842,treatment,123.93,0,0.0,0
27843,control,181.71,1,62.77,0
27844,treatment,43.62,1,73.53,0
27845,control,0.0,0,0.0,0
27846,treatment,0.0,0,0.0,0
27847,treatment,22.24,0,0.0,0
27848,control,199.18,0,0.0,0
27849,treatment,0.0,0,0.0,0
27850,control,274.71,1,79.43,0
27851,treatment,26.51,0,0.0,0
27852,treatment,0.0,1,78.82,0
27853,treatment,65.58,0,0.0,0
27854,treatment,0.0,0,0.0,0
27855,control,79.35,0,0.0,0
27856,treatment,181.22,0,0.0,0
27857,treatment,0.0,1,46.04,0
27858,treatment,0.0,0,0.0,0
27859,control,146.24,0,0.0,0
27860,treatment,109.16,0,0.0,0
27861,control,0.0,0,0.0,0
27862,control,0.0,0,0.0,0
27863,treatment,75.58,0,0.0,0
27864,treatment,0.0,0,0.0,0
27865,control,0.0,0,0.0,0
27866,control,0.0,0,0.0,0
27867,treatment,0.0,0,0.0,0
27868,treatment,23.01,0,0.0,0
27869,control,0.0,0,0.0,0
27870,control,0.0,0,0.0,0
27871,treatment,50.89,0,0.0,0
27872,treatment,71.35,0,0.0,0
27873,treatment,0.0,0,0.0,0
27874,treatment,22.65,0,0.0,0
27875,treatment,0.0,0,0.0,0
27876,treatment,0.0,1,71.07,0
27877,treatment,0.0,0,0.0,0
27878,control,154.96,0,0.0,0
27879,treatment,36.25,0,0.0,0
27880,treatment,66.0,0,0.0,0
27881,control,0.0,0,0.0,0
27882,control,62.68,0,0.0,0
27883,treatment,0.0,0,0.0,0
27884,control,0.0,0,0.0,0
27885,control,0.0,0,0.0,0
27886,treatment,61.39,0,0.0,0
27887,control,0.0,0,0.0,0
27888,treatment,0.0,0,0.0,0
27889,control,54.69,0,0.0,0
27890,control,0.0,0,0.0,0
27891,control,0.0,0,0.0,0
27892,treatment,203.22,1,33.6,0
27893,treatment,79.34,0,0.0,0
27894,treatment,161.45,1,72.45,0
27895,treatment,16.68,0,0.0,0
27896,control,45.75,0,0.0,0
27897,control,553.57,1,108.62,0
27898,control,80.3,1,48.17,0
27899,control,0.0,0,0.0,0
27900,control,226.51,1,126.51,0
27901,treatment,0.0,1,40.79,0
27902,control,0.0,0,0.0,0
27903,treatment,0.0,0,0.0,0
27904,treatment,68.05,1,73.62,0
27905,control,0.0,0,0.0,0
27906,control,319.3,1,87.84,0
27907,treatment,0.0,0,0.0,0
27908,treatment,148.2,0,0.0,0
27909,control,248.97,0,0.0,0
27910,control,46.95,0,0.0,0
27911,control,0.0,0,0.0,0
27912,treatment,0.0,1,95.27,0
27913,control,154.16,1,22.19,0
27914,treatment,215.12,0,0.0,0
27915,control,115.46,0,0.0,0
27916,control,0.0,0,0.0,0
27917,control,41.75,0,0.0,0
27918,treatment,0.0,0,0.0,0
27919,control,0.0,1,46.06,0
27920,treatment,243.26,0,0.0,0
27921,treatment,18.54,1,13.57,0
27922,treatment,58.06,0,0.0,0
27923,control,0.0,0,0.0,0
27924,control,0.0,0,0.0,0
27925,treatment,0.0,0,0.0,0
27926,treatment,26.23,0,0.0,0
27927,control,0.0,0,0.0,0
27928,treatment,0.0,0,0.0,0
27929,control,132.99,1,54.67,0
27930,treatment,0.0,0,0.0,0
27931,control,37.43,0,0.0,0
27932,treatment,91.38,1,38.38,0
27933,control,62.65,0,0.0,0
27934,treatment,0.0,0,0.0,0
27935,treatment,0.0,0,0.0,0
27936,treatment,0.0,0,0.0,0
27937,control,85.45,1,104.75,0
27938,control,0.0,0,0.0,0
27939,control,29.57,1,86.98,0
27940,treatment,351.37,0,0.0,0
27941,treatment,0.0,0,0.0,0
27942,control,77.54,0,0.0,0
27943,treatment,0.0,0,0.0,0
27944,treatment,0.0,0,0.0,0
27945,treatment,0.0,0,0.0,0
27946,control,33.45,0,0.0,0
27947,treatment,0.0,1,55.97,0
27948,treatment,0.0,0,0.0,0
27949,treatment,41.09,0,0.0,0
27950,treatment,0.0,0,0.0,0
27951,treatment,0.0,0,0.0,0
27952,treatment,377.64,0,0.0,0
27953,treatment,164.93,0,0.0,0
27954,control,0.0,0,0.0,0
27955,control,0.0,0,0.0,0
27956,control,49.13,0,0.0,0
27957,control,107.5,0,0.0,0
27958,control,0.0,0,0.0,0
27959,control,0.0,0,0.0,0
27960,treatment,0.0,0,0.0,0
27961,treatment,61.56,0,0.0,0
27962,control,0.0,0,0.0,0
27963,control,80.16,1,37.2,0
27964,treatment,64.14,0,0.0,0
27965,treatment,82.9,0,0.0,0
27966,treatment,0.0,0,0.0,0
27967,treatment,89.07,1,62.85,0
27968,treatment,54.56,0,0.0,0
27969,treatment,0.0,0,0.0,0
27970,control,0.0,0,0.0,0
27971,treatment,0.0,0,0.0,0
27972,treatment,0.0,0,0.0,0
27973,control,58.65,0,0.0,0
27974,control,0.0,0,0.0,0
27975,control,37.88,0,0.0,0
27976,treatment,50.17,0,0.0,0
27977,control,0.0,0,0.0,0
27978,control,0.0,0,0.0,0
27979,treatment,0.0,0,0.0,0
27980,control,267.7,1,95.46,0
27981,treatment,0.0,0,0.0,0
27982,control,0.0,0,0.0,0
27983,control,0.0,0,0.0,0
27984,treatment,63.26,0,0.0,0
27985,control,0.0,0,0.0,0
27986,treatment,0.0,0,0.0,0
27987,control,0.0,0,0.0,0
27988,treatment,32.16,0,0.0,0
27989,control,0.0,0,0.0,0
27990,control,58.65,0,0.0,0
27991,control,52.21,0,0.0,0
27992,treatment,0.0,1,59.92,0
27993,treatment,0.0,0,0.0,0
27994,treatment,77.59,0,0.0,0
27995,treatment,0.0,0,0.0,0
27996,treatment,0.0,0,0.0,0
27997,treatment,97.27,0,0.0,0
27998,control,79.97,0,0.0,0
27999,control,0.0,0,0.0,0
28000,treatment,24.77,0,0.0,0
28001,treatment,44.54,0,0.0,0
28002,control,0.0,0,0.0,0
28003,control,190.92,0,0.0,0
28004,control,0.0,0,0.0,0
28005,control,204.28,1,129.62,0
28006,control,0.0,0,0.0,0
28007,control,0.0,0,0.0,0
28008,control,51.02,0,0.0,0
28009,treatment,47.8,0,0.0,0
28010,treatment,0.0,0,0.0,0
28011,treatment,0.0,0,0.0,0
28012,control,0.0,0,0.0,0
28013,treatment,0.0,0,0.0,0
28014,control,140.16,0,0.0,0
28015,treatment,311.56,0,0.0,0
28016,control,163.04,0,0.0,0
28017,treatment,264.35,1,72.17,0
28018,treatment,0.0,1,41.23,0
28019,control,109.57,1,17.34,0
28020,control,0.0,0,0.0,0
28021,treatment,276.85,0,0.0,0
28022,treatment,74.62,0,0.0,0
28023,control,0.0,0,0.0,0
28024,control,0.0,0,0.0,0
28025,treatment,0.0,0,0.0,0
28026,treatment,0.0,0,0.0,0
28027,treatment,0.0,0,0.0,0
28028,control,0.0,0,0.0,0
28029,treatment,0.0,0,0.0,0
28030,control,0.0,0,0.0,0
28031,treatment,0.0,0,0.0,0
28032,control,16.65,0,0.0,0
28033,treatment,40.9,0,0.0,0
28034,treatment,0.0,1,74.76,0
28035,control,0.0,0,0.0,0
28036,control,105.16,1,199.62,0
28037,treatment,0.0,0,0.0,0
28038,control,17.29,0,0.0,0
28039,treatment,26.26,0,0.0,0
28040,treatment,0.0,0,0.0,0
28041,treatment,28.12,0,0.0,0
28042,control,24.3,0,0.0,0
28043,treatment,74.73,0,0.0,0
28044,treatment,239.45,1,128.84,0
28045,control,199.36,1,147.16,0
28046,treatment,34.98,0,0.0,0
28047,treatment,0.0,0,0.0,0
28048,treatment,32.22,0,0.0,0
28049,control,0.0,0,0.0,0
28050,control,0.0,0,0.0,0
28051,control,44.76,0,0.0,0
28052,control,0.0,0,0.0,0
28053,control,277.93,1,74.16,0
28054,treatment,68.36,0,0.0,0
28055,control,0.0,0,0.0,0
28056,treatment,36.47,0,0.0,0
28057,control,0.0,0,0.0,0
28058,treatment,0.0,0,0.0,0
28059,control,88.99,1,53.79,0
28060,treatment,0.0,0,0.0,0
28061,treatment,64.9,0,0.0,0
28062,treatment,39.68,0,0.0,0
28063,control,0.0,0,0.0,0
28064,control,0.0,0,0.0,0
28065,control,218.7,1,76.76,0
28066,control,0.0,0,0.0,0
28067,treatment,0.0,0,0.0,0
28068,treatment,0.0,0,0.0,0
28069,treatment,0.0,0,0.0,0
28070,control,0.0,0,0.0,0
28071,treatment,114.03,0,0.0,0
28072,treatment,0.0,0,0.0,0
28073,control,167.83,0,0.0,0
28074,control,0.0,0,0.0,0
28075,treatment,0.0,0,0.0,0
28076,control,0.0,0,0.0,0
28077,control,32.23,0,0.0,0
28078,treatment,0.0,0,0.0,0
28079,control,0.0,0,0.0,0
28080,control,0.0,0,0.0,0
28081,control,0.0,0,0.0,0
28082,treatment,0.0,0,0.0,0
28083,treatment,38.93,0,0.0,0
28084,control,0.0,1,91.23,0
28085,treatment,146.64,1,33.78,0
28086,treatment,0.0,0,0.0,0
28087,treatment,0.0,0,0.0,0
28088,control,0.0,0,0.0,0
28089,treatment,0.0,1,51.64,0
28090,control,0.0,0,0.0,0
28091,treatment,0.0,0,0.0,0
28092,control,0.0,0,0.0,0
28093,treatment,0.0,0,0.0,0
28094,treatment,0.0,0,0.0,0
28095,control,0.0,0,0.0,0
28096,treatment,113.38,1,36.82,0
28097,control,95.49,1,173.11,0
28098,treatment,246.12,0,0.0,0
28099,treatment,0.0,1,38.98,0
28100,treatment,0.0,0,0.0,0
28101,treatment,194.88,0,0.0,0
28102,control,0.0,0,0.0,0
28103,control,0.0,0,0.0,0
28104,treatment,0.0,0,0.0,0
28105,control,57.36,0,0.0,0
28106,control,0.0,0,0.0,0
28107,control,0.0,0,0.0,0
28108,control,0.0,0,0.0,0
28109,treatment,0.0,0,0.0,0
28110,control,30.05,0,0.0,0
28111,treatment,0.0,0,0.0,0
28112,treatment,19.23,0,0.0,0
28113,control,0.0,0,0.0,0
28114,treatment,107.05,0,0.0,0
28115,treatment,0.0,0,0.0,0
28116,treatment,46.16,0,0.0,0
28117,control,0.0,0,0.0,0
28118,treatment,59.19,0,0.0,0
28119,control,17.84,0,0.0,0
28120,treatment,0.0,0,0.0,0
28121,treatment,82.59,0,0.0,0
28122,control,0.0,0,0.0,0
28123,control,0.0,0,0.0,0
28124,treatment,0.0,0,0.0,0
28125,control,73.51,0,0.0,0
28126,control,57.2,0,0.0,0
28127,control,30.24,0,0.0,0
28128,treatment,336.49,0,0.0,0
28129,treatment,123.09,0,0.0,0
28130,control,0.0,0,0.0,0
28131,control,0.0,0,0.0,0
28132,control,0.0,0,0.0,0
28133,control,0.0,0,0.0,0
28134,treatment,0.0,0,0.0,0
28135,control,0.0,0,0.0,0
28136,control,52.47,0,0.0,0
28137,control,0.0,0,0.0,0
28138,control,90.62,1,88.41,1
28139,control,77.3,0,0.0,0
28140,treatment,0.0,0,0.0,0
28141,treatment,87.24,0,0.0,0
28142,control,33.35,0,0.0,0
28143,treatment,102.92,0,0.0,0
28144,control,0.0,0,0.0,0
28145,treatment,0.0,0,0.0,0
28146,treatment,529.23,1,66.0,0
28147,treatment,296.31,0,0.0,0
28148,control,52.09,0,0.0,0
28149,control,85.05,0,0.0,0
28150,control,0.0,0,0.0,0
28151,control,126.64,0,0.0,0
28152,control,0.0,0,0.0,0
28153,treatment,0.0,0,0.0,0
28154,treatment,0.0,0,0.0,0
28155,control,105.34,0,0.0,0
28156,treatment,0.0,1,49.67,0
28157,control,0.0,0,0.0,0
28158,treatment,64.5,0,0.0,0
28159,treatment,0.0,0,0.0,0
28160,control,0.0,0,0.0,0
28161,control,213.9,0,0.0,0
28162,control,0.0,0,0.0,0
28163,treatment,0.0,1,42.99,0
28164,control,77.88,0,0.0,0
28165,treatment,0.0,0,0.0,0
28166,treatment,75.16,0,0.0,0
28167,control,0.0,0,0.0,0
28168,treatment,0.0,0,0.0,0
28169,treatment,0.0,1,86.39,1
28170,control,0.0,0,0.0,0
28171,control,153.89,0,0.0,0
28172,treatment,61.07,0,0.0,0
28173,control,0.0,0,0.0,0
28174,control,0.0,0,0.0,0
28175,treatment,0.0,0,0.0,0
28176,control,136.89,1,15.28,0
28177,treatment,0.0,0,0.0,0
28178,treatment,204.81,0,0.0,0
28179,control,75.06,0,0.0,0
28180,control,41.42,0,0.0,0
28181,treatment,0.0,0,0.0,0
28182,control,80.8,1,160.3,0
28183,treatment,0.0,0,0.0,0
28184,treatment,53.88,1,64.71,0
28185,control,0.0,0,0.0,0
28186,treatment,29.95,0,0.0,0
28187,control,40.01,0,0.0,0
28188,control,0.0,0,0.0,0
28189,treatment,0.0,0,0.0,0
28190,treatment,0.0,0,0.0,0
28191,control,66.86,0,0.0,0
28192,control,75.46,0,0.0,0
28193,control,44.95,1,98.11,0
28194,treatment,0.0,0,0.0,0
28195,control,327.62,0,0.0,0
28196,control,0.0,0,0.0,0
28197,treatment,0.0,0,0.0,0
28198,treatment,308.35,0,0.0,0
28199,treatment,0.0,0,0.0,0
28200,control,379.71,0,0.0,0
28201,control,0.0,0,0.0,0
28202,treatment,179.42,1,128.77,1
28203,control,31.96,0,0.0,0
28204,treatment,29.02,0,0.0,0
28205,control,61.42,0,0.0,0
28206,treatment,206.69,0,0.0,0
28207,treatment,0.0,0,0.0,0
28208,treatment,138.72,1,61.88,0
28209,control,0.0,0,0.0,0
28210,control,61.71,0,0.0,0
28211,treatment,0.0,0,0.0,0
28212,treatment,0.0,0,0.0,0
28213,treatment,286.99,0,0.0,0
28214,control,0.0,0,0.0,0
28215,control,56.55,0,0.0,0
28216,treatment,0.0,0,0.0,0
28217,control,62.2,0,0.0,0
28218,treatment,171.62,0,0.0,0
28219,treatment,0.0,0,0.0,0
28220,treatment,0.0,0,0.0,0
28221,treatment,0.0,0,0.0,0
28222,treatment,0.0,0,0.0,0
28223,treatment,100.68,0,0.0,0
28224,treatment,134.43,0,0.0,0
28225,control,260.74,0,0.0,0
28226,treatment,44.73,0,0.0,0
28227,treatment,56.96,0,0.0,0
28228,control,0.0,0,0.0,0
28229,control,39.62,0,0.0,0
28230,treatment,0.0,0,0.0,0
28231,treatment,42.31,1,53.03,0
28232,control,30.43,0,0.0,0
28233,treatment,0.0,0,0.0,0
28234,control,0.0,1,31.88,0
28235,control,0.0,1,74.35,0
28236,control,126.29,0,0.0,0
28237,treatment,0.0,0,0.0,0
28238,control,157.58,0,0.0,0
28239,treatment,75.44,0,0.0,0
28240,control,19.79,0,0.0,0
28241,control,26.81,0,0.0,0
28242,treatment,0.0,0,0.0,0
28243,control,0.0,0,0.0,0
28244,control,0.0,0,0.0,0
28245,treatment,0.0,0,0.0,0
28246,treatment,174.7,0,0.0,0
28247,control,260.94,0,0.0,0
28248,treatment,0.0,0,0.0,0
28249,control,29.2,0,0.0,0
28250,treatment,56.49,0,0.0,0
28251,control,0.0,0,0.0,0
28252,treatment,0.0,0,0.0,0
28253,treatment,45.99,0,0.0,0
28254,control,0.0,0,0.0,0
28255,treatment,0.0,0,0.0,0
28256,treatment,0.0,0,0.0,0
28257,treatment,0.0,0,0.0,0
28258,treatment,153.37,1,110.51,0
28259,control,48.25,0,0.0,0
28260,treatment,48.92,0,0.0,0
28261,treatment,74.23,0,0.0,0
28262,treatment,535.84,0,0.0,0
28263,treatment,66.37,0,0.0,0
28264,control,0.0,0,0.0,0
28265,control,80.52,0,0.0,0
28266,control,0.0,0,0.0,0
28267,treatment,54.46,0,0.0,0
28268,control,157.31,1,31.13,0
28269,control,76.5,1,52.43,1
28270,treatment,0.0,0,0.0,0
28271,control,104.04,0,0.0,0
28272,control,0.0,0,0.0,0
28273,control,0.0,0,0.0,0
28274,treatment,106.82,1,86.72,0
28275,control,0.0,0,0.0,0
28276,control,136.31,0,0.0,0
28277,treatment,52.89,1,63.4,1
28278,treatment,39.5,0,0.0,0
28279,control,45.9,0,0.0,0
28280,treatment,0.0,0,0.0,0
28281,treatment,53.72,0,0.0,0
28282,control,0.0,0,0.0,0
28283,treatment,98.97,0,0.0,0
28284,control,0.0,0,0.0,0
28285,treatment,36.08,0,0.0,0
28286,control,0.0,0,0.0,0
28287,control,0.0,0,0.0,0
28288,control,75.49,0,0.0,0
28289,control,66.73,0,0.0,0
28290,treatment,0.0,0,0.0,0
28291,control,0.0,0,0.0,0
28292,control,0.0,0,0.0,0
28293,control,78.49,1,30.38,0
28294,treatment,243.23,0,0.0,0
28295,treatment,0.0,0,0.0,0
28296,treatment,53.73,0,0.0,0
28297,treatment,0.0,0,0.0,0
28298,control,18.42,0,0.0,0
28299,treatment,31.63,0,0.0,0
28300,control,0.0,0,0.0,0
28301,treatment,37.36,0,0.0,0
28302,treatment,89.74,1,75.35,0
28303,control,33.98,0,0.0,0
28304,treatment,0.0,0,0.0,0
28305,treatment,44.77,0,0.0,0
28306,treatment,0.0,0,0.0,0
28307,control,121.56,0,0.0,0
28308,control,107.8,0,0.0,0
28309,treatment,0.0,0,0.0,0
28310,treatment,70.09,0,0.0,0
28311,control,0.0,0,0.0,0
28312,control,0.0,0,0.0,0
28313,treatment,0.0,1,32.36,0
28314,treatment,91.48,1,77.12,0
28315,control,27.34,0,0.0,0
28316,control,77.23,0,0.0,0
28317,treatment,360.15,0,0.0,0
28318,treatment,73.03,1,43.14,0
28319,treatment,156.77,1,125.85,0
28320,control,0.0,0,0.0,0
28321,treatment,0.0,0,0.0,0
28322,treatment,51.61,0,0.0,0
28323,control,99.26,0,0.0,0
28324,control,0.0,0,0.0,0
28325,control,86.01,1,96.28,0
28326,control,557.29,1,60.03,0
28327,control,0.0,0,0.0,0
28328,treatment,36.8,0,0.0,0
28329,control,0.0,0,0.0,0
28330,control,61.24,0,0.0,0
28331,control,0.0,0,0.0,0
28332,treatment,0.0,0,0.0,0
28333,treatment,0.0,0,0.0,0
28334,treatment,0.0,0,0.0,0
28335,control,0.0,0,0.0,0
28336,treatment,0.0,0,0.0,0
28337,treatment,149.42,0,0.0,0
28338,control,86.63,0,0.0,0
28339,control,0.0,0,0.0,0
28340,treatment,184.43,1,86.87,0
28341,control,0.0,0,0.0,0
28342,treatment,0.0,0,0.0,0
28343,control,0.0,0,0.0,0
28344,control,0.0,0,0.0,0
28345,treatment,112.31,1,101.14,0
28346,treatment,38.89,0,0.0,0
28347,control,357.66,1,43.56,0
28348,treatment,85.64,0,0.0,0
28349,control,0.0,0,0.0,0
28350,control,59.21,0,0.0,0
28351,treatment,104.37,0,0.0,0
28352,treatment,0.0,0,0.0,0
28353,treatment,53.21,0,0.0,0
28354,treatment,0.0,0,0.0,0
28355,treatment,0.0,0,0.0,0
28356,treatment,160.25,0,0.0,0
28357,treatment,0.0,0,0.0,0
28358,treatment,0.0,0,0.0,0
28359,treatment,49.75,0,0.0,0
28360,control,0.0,0,0.0,0
28361,control,31.81,0,0.0,0
28362,treatment,0.0,0,0.0,0
28363,control,0.0,0,0.0,0
28364,control,179.62,1,62.08,0
28365,control,27.74,0,0.0,0
28366,treatment,0.0,0,0.0,0
28367,treatment,0.0,0,0.0,0
28368,treatment,80.2,0,0.0,0
28369,treatment,0.0,0,0.0,0
28370,treatment,0.0,0,0.0,0
28371,treatment,128.79,0,0.0,0
28372,control,0.0,0,0.0,0
28373,control,181.82,0,0.0,0
28374,control,40.12,0,0.0,0
28375,control,89.16,0,0.0,0
28376,control,0.0,0,0.0,0
28377,control,0.0,0,0.0,0
28378,control,0.0,0,0.0,0
28379,control,0.0,0,0.0,0
28380,control,180.95,0,0.0,0
28381,treatment,25.36,0,0.0,0
28382,control,65.7,0,0.0,0
28383,control,40.88,0,0.0,0
28384,control,26.32,1,46.28,0
28385,control,0.0,0,0.0,0
28386,treatment,0.0,0,0.0,0
28387,treatment,50.3,0,0.0,0
28388,treatment,0.0,0,0.0,0
28389,treatment,0.0,0,0.0,0
28390,control,432.36,0,0.0,0
28391,treatment,149.76,0,0.0,0
28392,treatment,52.05,0,0.0,0
28393,treatment,0.0,0,0.0,0
28394,control,95.17,0,0.0,0
28395,treatment,31.0,0,0.0,0
28396,control,0.0,0,0.0,0
28397,control,0.0,0,0.0,0
28398,control,87.34,0,0.0,0
28399,control,65.47,0,0.0,0
28400,control,0.0,0,0.0,0
28401,treatment,0.0,0,0.0,0
28402,treatment,0.0,0,0.0,0
28403,treatment,0.0,0,0.0,0
28404,treatment,0.0,1,132.37,0
28405,control,0.0,0,0.0,0
28406,treatment,0.0,0,0.0,0
28407,treatment,685.31,1,58.11,0
28408,control,0.0,0,0.0,0
28409,control,98.39,0,0.0,0
28410,control,67.7,0,0.0,0
28411,control,40.89,1,29.38,0
28412,treatment,0.0,0,0.0,0
28413,treatment,76.11,0,0.0,0
28414,treatment,110.46,1,50.59,0
28415,treatment,41.48,0,0.0,0
28416,control,97.64,0,0.0,0
28417,control,24.98,0,0.0,0
28418,treatment,108.93,0,0.0,0
28419,treatment,0.0,1,62.61,1
28420,control,0.0,0,0.0,0
28421,treatment,41.3,0,0.0,0
28422,control,319.35,0,0.0,0
28423,treatment,0.0,0,0.0,0
28424,control,0.0,0,0.0,0
28425,control,153.78,1,32.26,0
28426,control,0.0,0,0.0,0
28427,control,232.18,0,0.0,0
28428,control,0.0,0,0.0,0
28429,treatment,0.0,0,0.0,0
28430,control,129.25,0,0.0,0
28431,treatment,0.0,0,0.0,0
28432,treatment,0.0,0,0.0,0
28433,control,0.0,0,0.0,0
28434,control,89.32,0,0.0,0
28435,control,65.89,0,0.0,0
28436,treatment,320.47,0,0.0,0
28437,control,147.07,0,0.0,0
28438,control,0.0,0,0.0,0
28439,control,52.47,0,0.0,0
28440,control,0.0,0,0.0,0
28441,treatment,0.0,1,29.7,0
28442,treatment,40.04,0,0.0,0
28443,control,101.71,1,106.9,0
28444,control,0.0,0,0.0,0
28445,treatment,0.0,0,0.0,0
28446,treatment,0.0,1,39.18,0
28447,treatment,42.65,0,0.0,0
28448,control,102.53,0,0.0,0
28449,control,0.0,0,0.0,0
28450,treatment,53.74,0,0.0,0
28451,control,0.0,0,0.0,0
28452,treatment,72.65,0,0.0,0
28453,control,361.04,1,176.11,0
28454,control,183.52,1,121.97,0
28455,treatment,0.0,1,56.59,0
28456,control,0.0,0,0.0,0
28457,control,0.0,0,0.0,0
28458,control,55.38,0,0.0,0
28459,treatment,133.34,0,0.0,0
28460,control,0.0,0,0.0,0
28461,control,0.0,0,0.0,0
28462,control,240.21,0,0.0,0
28463,control,59.68,0,0.0,0
28464,treatment,0.0,0,0.0,0
28465,control,0.0,0,0.0,0
28466,control,60.56,0,0.0,0
28467,treatment,0.0,0,0.0,0
28468,treatment,0.0,0,0.0,0
28469,control,0.0,0,0.0,0
28470,control,440.9,1,66.26,0
28471,treatment,0.0,0,0.0,0
28472,control,0.0,0,0.0,0
28473,control,0.0,0,0.0,0
28474,treatment,282.2,0,0.0,0
28475,control,0.0,0,0.0,0
28476,treatment,56.74,0,0.0,0
28477,treatment,82.66,1,161.11,0
28478,control,35.77,0,0.0,0
28479,control,125.82,0,0.0,0
28480,treatment,36.32,0,0.0,0
28481,treatment,0.0,0,0.0,0
28482,control,0.0,0,0.0,0
28483,control,102.23,0,0.0,0
28484,control,20.99,0,0.0,0
28485,control,165.88,0,0.0,0
28486,control,0.0,0,0.0,0
28487,control,0.0,0,0.0,0
28488,control,150.16,0,0.0,0
28489,treatment,63.91,0,0.0,0
28490,control,0.0,0,0.0,0
28491,treatment,0.0,0,0.0,0
28492,treatment,65.72,0,0.0,0
28493,control,0.0,1,52.88,0
28494,control,0.0,0,0.0,0
28495,treatment,117.3,0,0.0,0
28496,treatment,0.0,0,0.0,0
28497,control,0.0,0,0.0,0
28498,control,0.0,0,0.0,0
28499,treatment,143.62,0,0.0,0
28500,treatment,35.04,0,0.0,0
28501,treatment,93.04,1,50.69,0
28502,treatment,25.1,0,0.0,0
28503,control,49.12,0,0.0,0
28504,treatment,0.0,0,0.0,0
28505,control,0.0,0,0.0,0
28506,treatment,121.23,1,21.42,0
28507,control,0.0,0,0.0,0
28508,treatment,0.0,0,0.0,0
28509,treatment,79.31,1,54.6,0
28510,treatment,61.33,0,0.0,0
28511,control,0.0,0,0.0,0
28512,control,99.86,0,0.0,0
28513,control,26.68,0,0.0,0
28514,control,0.0,0,0.0,0
28515,treatment,290.35,0,0.0,0
28516,control,0.0,0,0.0,0
28517,control,63.78,1,33.11,0
28518,control,0.0,0,0.0,0
28519,control,130.16,0,0.0,0
28520,control,76.77,0,0.0,0
28521,control,0.0,1,46.9,0
28522,control,0.0,0,0.0,0
28523,treatment,77.8,1,54.6,0
28524,control,0.0,0,0.0,0
28525,control,0.0,0,0.0,0
28526,treatment,141.91,1,38.77,0
28527,control,57.51,0,0.0,0
28528,control,372.68,0,0.0,0
28529,treatment,0.0,0,0.0,0
28530,control,0.0,0,0.0,0
28531,control,0.0,0,0.0,0
28532,control,0.0,0,0.0,0
28533,treatment,0.0,1,28.4,0
28534,control,0.0,0,0.0,0
28535,control,92.14,0,0.0,0
28536,treatment,0.0,0,0.0,0
28537,control,60.75,0,0.0,0
28538,treatment,153.14,1,52.81,0
28539,treatment,35.27,0,0.0,0
28540,control,0.0,0,0.0,0
28541,treatment,0.0,0,0.0,0
28542,treatment,35.46,0,0.0,0
28543,control,46.17,0,0.0,0
28544,treatment,0.0,0,0.0,0
28545,control,47.61,0,0.0,0
28546,treatment,93.91,0,0.0,0
28547,treatment,0.0,0,0.0,0
28548,control,175.43,0,0.0,0
28549,control,72.69,0,0.0,0
28550,control,0.0,0,0.0,0
28551,control,0.0,0,0.0,0
28552,treatment,0.0,0,0.0,0
28553,control,0.0,0,0.0,0
28554,control,0.0,0,0.0,0
28555,control,57.12,0,0.0,0
28556,treatment,0.0,0,0.0,0
28557,treatment,256.21,0,0.0,0
28558,control,120.03,1,110.21,0
28559,treatment,26.03,0,0.0,0
28560,control,283.77,0,0.0,0
28561,control,283.52,1,36.06,0
28562,treatment,125.64,0,0.0,0
28563,control,0.0,0,0.0,0
28564,control,243.93,1,59.01,0
28565,control,125.75,0,0.0,0
28566,treatment,0.0,0,0.0,0
28567,treatment,21.94,0,0.0,0
28568,treatment,0.0,0,0.0,0
28569,treatment,257.98,0,0.0,0
28570,control,0.0,0,0.0,0
28571,control,0.0,0,0.0,0
28572,control,118.87,0,0.0,0
28573,treatment,196.4,0,0.0,0
28574,treatment,0.0,0,0.0,0
28575,treatment,48.87,1,26.89,0
28576,treatment,0.0,0,0.0,0
28577,control,201.41,0,0.0,0
28578,control,86.89,0,0.0,0
28579,control,56.54,0,0.0,0
28580,control,275.49,1,40.69,0
28581,treatment,141.85,0,0.0,0
28582,treatment,82.06,1,72.13,0
28583,control,0.0,0,0.0,0
28584,treatment,0.0,0,0.0,0
28585,treatment,0.0,0,0.0,0
28586,treatment,48.99,0,0.0,0
28587,control,34.23,0,0.0,0
28588,control,72.84,0,0.0,0
28589,treatment,45.63,0,0.0,0
28590,treatment,138.47,0,0.0,0
28591,treatment,116.13,0,0.0,0
28592,control,0.0,1,49.3,0
28593,treatment,0.0,0,0.0,0
28594,control,0.0,0,0.0,0
28595,control,0.0,1,31.2,0
28596,control,0.0,0,0.0,0
28597,treatment,0.0,0,0.0,0
28598,treatment,0.0,0,0.0,0
28599,treatment,35.79,0,0.0,0
28600,treatment,25.23,0,0.0,0
28601,control,226.53,0,0.0,0
28602,treatment,419.72,1,79.7,0
28603,control,46.31,0,0.0,0
28604,control,0.0,0,0.0,0
28605,treatment,76.76,0,0.0,0
28606,treatment,0.0,0,0.0,0
28607,control,57.6,0,0.0,0
28608,control,80.45,0,0.0,0
28609,control,0.0,0,0.0,0
28610,treatment,21.38,1,32.8,0
28611,control,0.0,0,0.0,0
28612,control,75.89,0,0.0,0
28613,control,96.4,1,110.61,0
28614,control,0.0,0,0.0,0
28615,control,0.0,1,34.82,0
28616,control,0.0,1,46.0,0
28617,treatment,0.0,1,44.67,0
28618,control,0.0,0,0.0,0
28619,treatment,0.0,0,0.0,0
28620,control,0.0,0,0.0,0
28621,control,0.0,0,0.0,0
28622,treatment,19.94,0,0.0,0
28623,control,51.81,0,0.0,0
28624,treatment,0.0,0,0.0,0
28625,treatment,43.52,0,0.0,0
28626,treatment,144.06,1,59.54,0
28627,control,59.97,0,0.0,0
28628,control,0.0,0,0.0,0
28629,control,0.0,0,0.0,0
28630,control,39.24,0,0.0,0
28631,treatment,31.52,0,0.0,0
28632,treatment,0.0,0,0.0,0
28633,control,96.55,1,117.06,0
28634,control,0.0,0,0.0,0
28635,control,0.0,0,0.0,0
28636,treatment,0.0,0,0.0,0
28637,control,0.0,0,0.0,0
28638,control,45.82,0,0.0,0
28639,control,44.38,0,0.0,0
28640,treatment,0.0,0,0.0,0
28641,control,0.0,0,0.0,0
28642,control,0.0,0,0.0,0
28643,treatment,29.47,0,0.0,0
28644,control,0.0,0,0.0,0
28645,control,358.92,1,69.9,0
28646,treatment,0.0,0,0.0,0
28647,control,26.98,0,0.0,0
28648,control,34.9,0,0.0,0
28649,treatment,0.0,0,0.0,0
28650,control,0.0,0,0.0,0
28651,treatment,145.8,1,66.31,0
28652,treatment,193.88,0,0.0,0
28653,control,73.37,0,0.0,0
28654,control,0.0,0,0.0,0
28655,treatment,37.53,0,0.0,0
28656,control,73.07,0,0.0,0
28657,control,0.0,0,0.0,0
28658,control,105.71,0,0.0,0
28659,control,42.04,0,0.0,0
28660,control,0.0,0,0.0,0
28661,control,50.9,0,0.0,0
28662,control,0.0,0,0.0,0
28663,control,59.85,0,0.0,0
28664,control,0.0,0,0.0,0
28665,control,0.0,0,0.0,0
28666,control,0.0,0,0.0,0
28667,control,0.0,0,0.0,0
28668,treatment,0.0,0,0.0,0
28669,control,68.12,0,0.0,0
28670,treatment,0.0,0,0.0,0
28671,control,32.33,0,0.0,0
28672,control,82.09,1,59.13,0
28673,control,0.0,0,0.0,0
28674,treatment,108.83,1,45.3,0
28675,treatment,0.0,0,0.0,0
28676,control,60.81,0,0.0,0
28677,control,13.38,0,0.0,0
28678,treatment,0.0,0,0.0,0
28679,treatment,0.0,0,0.0,0
28680,control,73.43,0,0.0,0
28681,control,0.0,0,0.0,0
28682,treatment,0.0,0,0.0,0
28683,treatment,64.15,0,0.0,0
28684,control,129.23,0,0.0,0
28685,control,0.0,0,0.0,0
28686,control,48.52,0,0.0,0
28687,treatment,0.0,0,0.0,0
28688,treatment,0.0,0,0.0,0
28689,treatment,0.0,0,0.0,0
28690,control,445.18,1,37.72,0
28691,treatment,0.0,0,0.0,0
28692,control,0.0,0,0.0,0
28693,control,0.0,0,0.0,0
28694,control,30.42,0,0.0,0
28695,control,0.0,0,0.0,0
28696,control,30.63,0,0.0,0
28697,control,0.0,0,0.0,0
28698,treatment,66.01,0,0.0,0
28699,treatment,182.28,0,0.0,0
28700,treatment,0.0,0,0.0,0
28701,control,0.0,0,0.0,0
28702,treatment,78.7,0,0.0,0
28703,treatment,250.04,1,77.18,0
28704,treatment,50.69,0,0.0,0
28705,treatment,0.0,1,29.51,0
28706,control,0.0,1,89.84,0
28707,control,0.0,0,0.0,0
28708,control,274.61,1,74.7,0
28709,control,0.0,0,0.0,0
28710,control,42.81,0,0.0,0
28711,control,62.27,1,70.92,0
28712,control,55.14,0,0.0,0
28713,treatment,0.0,0,0.0,0
28714,treatment,106.3,0,0.0,0
28715,control,0.0,0,0.0,0
28716,treatment,309.39,0,0.0,0
28717,control,0.0,0,0.0,0
28718,treatment,0.0,0,0.0,0
28719,treatment,0.0,0,0.0,0
28720,treatment,26.58,0,0.0,0
28721,treatment,57.12,1,39.14,0
28722,control,131.92,1,36.87,0
28723,control,0.0,0,0.0,0
28724,treatment,0.0,0,0.0,0
28725,treatment,53.7,1,70.82,0
28726,treatment,77.21,0,0.0,0
28727,control,0.0,0,0.0,0
28728,treatment,122.67,0,0.0,0
28729,control,0.0,0,0.0,0
28730,control,0.0,0,0.0,0
28731,control,41.38,1,41.29,0
28732,control,0.0,0,0.0,0
28733,control,103.49,0,0.0,0
28734,control,83.96,0,0.0,0
28735,control,22.44,0,0.0,0
28736,treatment,0.0,0,0.0,0
28737,treatment,227.65,0,0.0,0
28738,treatment,252.87,0,0.0,0
28739,treatment,0.0,0,0.0,0
28740,control,263.91,0,0.0,0
28741,treatment,26.29,0,0.0,0
28742,control,0.0,0,0.0,0
28743,control,147.92,0,0.0,0
28744,control,112.75,0,0.0,0
28745,control,0.0,1,45.38,0
28746,treatment,51.13,0,0.0,0
28747,treatment,0.0,0,0.0,0
28748,control,0.0,1,69.16,0
28749,treatment,0.0,0,0.0,0
28750,control,0.0,0,0.0,0
28751,control,0.0,0,0.0,0
28752,control,0.0,0,0.0,0
28753,treatment,61.5,1,31.54,0
28754,control,0.0,0,0.0,0
28755,control,0.0,0,0.0,0
28756,treatment,57.67,0,0.0,0
28757,control,483.38,0,0.0,0
28758,control,0.0,0,0.0,0
28759,control,0.0,0,0.0,0
28760,control,40.61,0,0.0,0
28761,treatment,0.0,0,0.0,0
28762,control,0.0,0,0.0,0
28763,treatment,0.0,0,0.0,0
28764,control,0.0,0,0.0,0
28765,treatment,0.0,0,0.0,0
28766,treatment,0.0,0,0.0,0
28767,treatment,0.0,0,0.0,0
28768,control,35.64,0,0.0,0
28769,control,54.98,0,0.0,0
28770,control,0.0,0,0.0,0
28771,control,548.28,1,113.58,0
28772,control,0.0,0,0.0,0
28773,treatment,41.08,0,0.0,0
28774,control,220.32,0,0.0,0
28775,control,0.0,0,0.0,0
28776,control,79.99,0,0.0,0
28777,control,16.79,0,0.0,0
28778,control,47.44,0,0.0,0
28779,control,0.0,0,0.0,0
28780,control,90.1,0,0.0,0
28781,control,0.0,0,0.0,0
28782,treatment,655.43,1,76.25,0
28783,treatment,0.0,0,0.0,0
28784,treatment,78.42,0,0.0,0
28785,treatment,76.42,0,0.0,0
28786,treatment,203.34,1,75.95,0
28787,control,0.0,1,50.78,0
28788,treatment,0.0,0,0.0,0
28789,control,0.0,0,0.0,0
28790,control,46.98,0,0.0,0
28791,treatment,0.0,0,0.0,0
28792,treatment,224.18,0,0.0,0
28793,control,157.04,0,0.0,0
28794,control,27.75,0,0.0,0
28795,control,0.0,0,0.0,0
28796,control,0.0,0,0.0,0
28797,control,89.89,0,0.0,0
28798,treatment,134.39,0,0.0,0
28799,control,184.56,0,0.0,0
28800,treatment,0.0,0,0.0,0
28801,treatment,33.74,0,0.0,0
28802,treatment,154.71,1,63.36,0
28803,control,234.28,0,0.0,0
28804,control,0.0,0,0.0,0
28805,treatment,661.94,1,85.12,0
28806,control,147.79,0,0.0,0
28807,control,0.0,0,0.0,0
28808,treatment,107.57,0,0.0,0
28809,treatment,0.0,1,50.45,0
28810,control,83.15,1,102.12,0
28811,treatment,81.01,1,45.54,0
28812,treatment,113.93,0,0.0,0
28813,control,0.0,0,0.0,0
28814,control,0.0,0,0.0,0
28815,control,0.0,0,0.0,0
28816,treatment,0.0,0,0.0,0
28817,control,49.18,0,0.0,0
28818,control,47.55,0,0.0,0
28819,control,52.53,0,0.0,0
28820,treatment,25.61,0,0.0,0
28821,control,162.24,0,0.0,0
28822,treatment,0.0,0,0.0,0
28823,treatment,107.59,0,0.0,0
28824,treatment,59.02,0,0.0,0
28825,treatment,0.0,0,0.0,0
28826,treatment,0.0,0,0.0,0
28827,treatment,33.28,0,0.0,0
28828,treatment,0.0,0,0.0,0
28829,control,0.0,0,0.0,0
28830,treatment,282.15,1,42.65,0
28831,control,0.0,0,0.0,0
28832,treatment,62.31,0,0.0,0
28833,control,0.0,0,0.0,0
28834,control,99.02,0,0.0,0
28835,control,0.0,0,0.0,0
28836,treatment,280.21,1,39.42,0
28837,treatment,43.26,0,0.0,0
28838,treatment,0.0,0,0.0,0
28839,treatment,32.22,0,0.0,0
28840,control,156.59,0,0.0,0
28841,control,68.81,0,0.0,0
28842,control,0.0,0,0.0,0
28843,control,0.0,0,0.0,0
28844,treatment,62.16,0,0.0,0
28845,control,0.0,0,0.0,0
28846,control,0.0,0,0.0,0
28847,control,36.48,0,0.0,0
28848,control,160.76,0,0.0,0
28849,control,149.63,0,0.0,0
28850,control,0.0,0,0.0,0
28851,treatment,63.38,0,0.0,0
28852,control,0.0,0,0.0,0
28853,treatment,71.1,0,0.0,0
28854,treatment,0.0,0,0.0,0
28855,control,49.37,0,0.0,0
28856,control,33.13,0,0.0,0
28857,treatment,0.0,0,0.0,0
28858,control,0.0,0,0.0,0
28859,treatment,0.0,0,0.0,0
28860,control,0.0,0,0.0,0
28861,control,0.0,0,0.0,0
28862,control,58.92,0,0.0,0
28863,control,32.61,1,45.7,0
28864,control,0.0,0,0.0,0
28865,control,0.0,0,0.0,0
28866,treatment,67.89,1,11.69,0
28867,treatment,44.54,0,0.0,0
28868,control,0.0,0,0.0,0
28869,control,0.0,0,0.0,0
28870,treatment,61.66,0,0.0,0
28871,treatment,505.37,0,0.0,0
28872,control,0.0,0,0.0,0
28873,control,96.2,0,0.0,0
28874,treatment,0.0,0,0.0,0
28875,treatment,77.22,0,0.0,0
28876,treatment,0.0,0,0.0,0
28877,control,211.54,0,0.0,0
28878,treatment,49.54,0,0.0,0
28879,treatment,159.0,0,0.0,0
28880,control,0.0,0,0.0,0
28881,treatment,59.28,0,0.0,0
28882,control,0.0,0,0.0,0
28883,treatment,74.44,1,147.09,0
28884,treatment,91.64,0,0.0,0
28885,control,0.0,0,0.0,0
28886,treatment,0.0,0,0.0,0
28887,control,54.52,0,0.0,0
28888,control,0.0,0,0.0,0
28889,control,0.0,0,0.0,0
28890,treatment,0.0,0,0.0,0
28891,control,0.0,0,0.0,0
28892,control,26.9,0,0.0,0
28893,control,183.32,1,83.27,0
28894,treatment,0.0,0,0.0,0
28895,treatment,51.24,0,0.0,0
28896,control,0.0,0,0.0,0
28897,control,38.65,0,0.0,0
28898,treatment,0.0,1,69.93,0
28899,treatment,0.0,0,0.0,0
28900,control,0.0,0,0.0,0
28901,treatment,64.89,0,0.0,0
28902,control,42.52,0,0.0,0
28903,treatment,37.28,0,0.0,0
28904,treatment,54.18,1,73.62,0
28905,control,0.0,0,0.0,0
28906,treatment,0.0,0,0.0,0
28907,control,0.0,1,33.21,0
28908,treatment,0.0,0,0.0,0
28909,treatment,0.0,0,0.0,0
28910,treatment,0.0,0,0.0,0
28911,control,66.25,0,0.0,0
28912,treatment,0.0,0,0.0,0
28913,treatment,0.0,0,0.0,0
28914,control,53.34,0,0.0,0
28915,control,47.54,0,0.0,0
28916,control,131.57,0,0.0,0
28917,control,492.38,0,0.0,0
28918,treatment,557.14,1,37.28,0
28919,control,291.35,1,47.97,0
28920,control,0.0,0,0.0,0
28921,control,31.85,0,0.0,0
28922,treatment,0.0,0,0.0,0
28923,control,0.0,1,68.33,0
28924,control,439.37,0,0.0,0
28925,treatment,113.42,0,0.0,0
28926,control,0.0,1,60.59,0
28927,treatment,0.0,0,0.0,0
28928,control,0.0,0,0.0,0
28929,treatment,74.13,0,0.0,0
28930,control,269.51,0,0.0,0
28931,control,0.0,0,0.0,0
28932,control,0.0,0,0.0,0
28933,treatment,0.0,0,0.0,0
28934,control,296.97,0,0.0,0
28935,control,48.27,1,35.24,0
28936,control,149.24,0,0.0,0
28937,control,0.0,0,0.0,0
28938,treatment,71.62,0,0.0,0
28939,control,0.0,0,0.0,0
28940,treatment,220.82,1,33.1,0
28941,control,0.0,0,0.0,0
28942,treatment,369.86,0,0.0,0
28943,control,0.0,0,0.0,0
28944,treatment,0.0,0,0.0,0
28945,treatment,0.0,0,0.0,0
28946,treatment,50.65,0,0.0,0
28947,treatment,79.88,0,0.0,0
28948,treatment,130.54,1,136.79,0
28949,control,0.0,0,0.0,0
28950,treatment,147.14,0,0.0,0
28951,control,228.18,0,0.0,0
28952,control,91.88,0,0.0,0
28953,control,0.0,0,0.0,0
28954,treatment,0.0,0,0.0,0
28955,treatment,35.84,0,0.0,0
28956,treatment,0.0,0,0.0,0
28957,treatment,0.0,0,0.0,0
28958,control,29.12,0,0.0,0
28959,control,38.5,0,0.0,0
28960,control,40.24,0,0.0,0
28961,treatment,0.0,0,0.0,0
28962,control,0.0,0,0.0,0
28963,treatment,0.0,0,0.0,0
28964,control,0.0,0,0.0,0
28965,control,78.9,0,0.0,0
28966,treatment,54.55,0,0.0,0
28967,treatment,0.0,0,0.0,0
28968,treatment,234.65,0,0.0,0
28969,treatment,28.17,0,0.0,0
28970,control,0.0,1,54.0,0
28971,treatment,718.53,0,0.0,0
28972,treatment,0.0,0,0.0,0
28973,treatment,57.84,0,0.0,0
28974,treatment,84.82,1,30.71,0
28975,control,72.41,0,0.0,0
28976,control,43.75,0,0.0,0
28977,control,94.19,0,0.0,0
28978,treatment,0.0,0,0.0,0
28979,control,0.0,0,0.0,0
28980,control,0.0,0,0.0,0
28981,control,0.0,0,0.0,0
28982,treatment,22.58,0,0.0,0
28983,control,60.8,0,0.0,0
28984,control,27.37,0,0.0,0
28985,treatment,52.15,0,0.0,0
28986,treatment,0.0,0,0.0,0
28987,treatment,51.46,0,0.0,0
28988,treatment,0.0,0,0.0,0
28989,treatment,0.0,0,0.0,0
28990,treatment,151.93,1,45.36,0
28991,control,97.6,0,0.0,0
28992,control,51.13,0,0.0,0
28993,control,0.0,0,0.0,0
28994,treatment,0.0,0,0.0,0
28995,control,0.0,0,0.0,0
28996,control,0.0,0,0.0,0
28997,control,105.47,0,0.0,0
28998,control,0.0,0,0.0,0
28999,treatment,0.0,0,0.0,0
29000,control,139.53,0,0.0,0
29001,control,34.28,0,0.0,0
29002,control,57.15,0,0.0,0
29003,control,0.0,0,0.0,0
29004,treatment,47.33,0,0.0,0
29005,treatment,28.2,0,0.0,0
29006,treatment,0.0,0,0.0,0
29007,treatment,0.0,0,0.0,0
29008,control,0.0,0,0.0,0
29009,treatment,0.0,0,0.0,0
29010,control,0.0,0,0.0,0
29011,control,0.0,0,0.0,0
29012,control,0.0,0,0.0,0
29013,treatment,0.0,0,0.0,0
29014,control,242.21,0,0.0,0
29015,control,0.0,0,0.0,0
29016,control,0.0,0,0.0,0
29017,control,0.0,0,0.0,0
29018,treatment,0.0,0,0.0,0
29019,control,44.23,0,0.0,0
29020,control,130.36,1,155.86,0
29021,control,196.92,1,104.66,0
29022,control,0.0,0,0.0,0
29023,treatment,0.0,0,0.0,0
29024,control,0.0,0,0.0,0
29025,control,0.0,1,83.26,0
29026,treatment,0.0,0,0.0,0
29027,control,79.62,0,0.0,0
29028,treatment,80.72,0,0.0,0
29029,treatment,0.0,1,18.6,0
29030,treatment,50.25,0,0.0,0
29031,treatment,125.49,0,0.0,0
29032,control,192.38,0,0.0,0
29033,treatment,0.0,0,0.0,0
29034,control,0.0,0,0.0,0
29035,treatment,0.0,0,0.0,0
29036,control,71.84,0,0.0,0
29037,control,47.13,0,0.0,0
29038,treatment,0.0,0,0.0,0
29039,control,45.26,0,0.0,0
29040,treatment,32.14,0,0.0,0
29041,control,52.93,0,0.0,0
29042,treatment,0.0,0,0.0,0
29043,treatment,0.0,0,0.0,0
29044,control,0.0,0,0.0,0
29045,control,0.0,0,0.0,0
29046,control,0.0,0,0.0,0
29047,treatment,71.74,0,0.0,0
29048,control,0.0,0,0.0,0
29049,treatment,287.3,1,188.82,0
29050,treatment,55.09,0,0.0,0
29051,treatment,0.0,0,0.0,0
29052,control,396.83,0,0.0,0
29053,control,0.0,0,0.0,0
29054,treatment,0.0,0,0.0,0
29055,control,56.45,0,0.0,0
29056,control,71.5,0,0.0,0
29057,treatment,115.06,1,57.68,0
29058,control,0.0,0,0.0,0
29059,treatment,32.04,0,0.0,0
29060,treatment,0.0,0,0.0,0
29061,treatment,0.0,0,0.0,0
29062,control,0.0,0,0.0,0
29063,treatment,0.0,0,0.0,0
29064,treatment,0.0,0,0.0,0
29065,control,0.0,0,0.0,0
29066,treatment,31.77,1,35.1,0
29067,treatment,0.0,0,0.0,0
29068,control,0.0,0,0.0,0
29069,control,0.0,0,0.0,0
29070,control,0.0,0,0.0,0
29071,control,100.46,0,0.0,0
29072,treatment,0.0,0,0.0,0
29073,control,0.0,0,0.0,0
29074,control,0.0,0,0.0,0
29075,control,66.2,0,0.0,0
29076,control,190.55,0,0.0,0
29077,treatment,0.0,0,0.0,0
29078,control,0.0,0,0.0,0
29079,treatment,0.0,0,0.0,0
29080,treatment,37.7,0,0.0,0
29081,control,55.06,0,0.0,0
29082,control,0.0,0,0.0,0
29083,control,0.0,0,0.0,0
29084,control,0.0,0,0.0,0
29085,control,65.54,1,143.72,0
29086,control,0.0,1,45.68,0
29087,control,55.6,0,0.0,0
29088,control,0.0,0,0.0,0
29089,treatment,0.0,0,0.0,0
29090,treatment,0.0,0,0.0,0
29091,control,0.0,0,0.0,0
29092,treatment,122.37,0,0.0,0
29093,treatment,0.0,0,0.0,0
29094,treatment,0.0,1,68.28,0
29095,control,39.07,0,0.0,0
29096,control,203.47,0,0.0,0
29097,treatment,140.32,0,0.0,0
29098,control,0.0,1,13.92,0
29099,control,0.0,1,12.09,0
29100,control,0.0,0,0.0,0
29101,treatment,58.9,0,0.0,0
29102,treatment,123.77,1,55.15,0
29103,treatment,32.93,0,0.0,0
29104,control,0.0,0,0.0,0
29105,control,90.75,1,29.13,0
29106,treatment,0.0,0,0.0,0
29107,treatment,0.0,0,0.0,0
29108,control,0.0,0,0.0,0
29109,control,69.47,0,0.0,0
29110,control,155.93,0,0.0,0
29111,treatment,0.0,0,0.0,0
29112,control,0.0,0,0.0,0
29113,control,0.0,0,0.0,0
29114,control,0.0,0,0.0,0
29115,treatment,131.94,0,0.0,0
29116,control,80.62,0,0.0,0
29117,treatment,35.43,0,0.0,0
29118,control,0.0,0,0.0,0
29119,treatment,32.99,0,0.0,0
29120,control,0.0,0,0.0,0
29121,treatment,0.0,0,0.0,0
29122,control,0.0,0,0.0,0
29123,treatment,63.83,0,0.0,0
29124,control,107.42,0,0.0,0
29125,treatment,0.0,0,0.0,0
29126,treatment,0.0,0,0.0,0
29127,control,79.68,0,0.0,0
29128,control,0.0,1,50.26,0
29129,control,49.69,0,0.0,0
29130,control,149.2,0,0.0,0
29131,treatment,0.0,0,0.0,0
29132,treatment,73.31,0,0.0,0
29133,treatment,41.98,0,0.0,0
29134,control,58.9,0,0.0,0
29135,control,0.0,0,0.0,0
29136,control,14.0,0,0.0,0
29137,control,53.95,0,0.0,0
29138,control,0.0,0,0.0,0
29139,treatment,0.0,0,0.0,0
29140,treatment,0.0,0,0.0,0
29141,control,15.69,0,0.0,0
29142,treatment,621.06,1,52.62,0
29143,treatment,79.13,0,0.0,0
29144,treatment,23.33,0,0.0,0
29145,treatment,153.46,0,0.0,0
29146,control,64.29,0,0.0,0
29147,control,0.0,0,0.0,0
29148,treatment,0.0,0,0.0,0
29149,treatment,0.0,0,0.0,0
29150,control,68.88,1,65.1,0
29151,treatment,0.0,0,0.0,0
29152,control,0.0,0,0.0,0
29153,control,0.0,0,0.0,0
29154,treatment,0.0,0,0.0,0
29155,treatment,24.49,0,0.0,0
29156,treatment,0.0,0,0.0,0
29157,control,0.0,0,0.0,0
29158,control,317.1,0,0.0,0
29159,control,551.96,1,58.14,0
29160,treatment,0.0,0,0.0,0
29161,treatment,0.0,0,0.0,0
29162,treatment,124.64,0,0.0,0
29163,treatment,358.03,0,0.0,0
29164,treatment,84.09,0,0.0,0
29165,control,0.0,0,0.0,0
29166,control,103.54,0,0.0,0
29167,control,0.0,1,183.34,0
29168,control,58.67,0,0.0,0
29169,control,0.0,0,0.0,0
29170,control,79.78,0,0.0,0
29171,control,0.0,1,71.63,0
29172,treatment,30.42,0,0.0,0
29173,treatment,0.0,0,0.0,0
29174,treatment,122.84,0,0.0,0
29175,control,164.15,0,0.0,0
29176,treatment,0.0,0,0.0,0
29177,control,0.0,0,0.0,0
29178,control,44.92,0,0.0,0
29179,treatment,0.0,0,0.0,0
29180,control,0.0,0,0.0,0
29181,control,0.0,0,0.0,0
29182,treatment,0.0,0,0.0,0
29183,treatment,91.04,1,39.74,0
29184,control,0.0,0,0.0,0
29185,control,68.6,0,0.0,0
29186,control,62.93,0,0.0,0
29187,control,0.0,0,0.0,0
29188,control,0.0,0,0.0,0
29189,control,52.62,0,0.0,0
29190,control,43.62,0,0.0,0
29191,control,467.2,1,85.63,0
29192,control,0.0,0,0.0,0
29193,treatment,50.83,0,0.0,0
29194,control,58.56,0,0.0,0
29195,control,29.65,0,0.0,0
29196,control,113.25,0,0.0,0
29197,treatment,0.0,0,0.0,0
29198,treatment,0.0,0,0.0,0
29199,treatment,84.22,0,0.0,0
29200,treatment,46.46,0,0.0,0
29201,control,259.42,1,32.98,0
29202,control,281.97,0,0.0,0
29203,control,109.03,0,0.0,0
29204,treatment,0.0,0,0.0,0
29205,treatment,0.0,0,0.0,0
29206,treatment,0.0,0,0.0,0
29207,treatment,33.08,0,0.0,0
29208,control,0.0,0,0.0,0
29209,control,176.73,0,0.0,0
29210,treatment,231.96,0,0.0,0
29211,control,0.0,0,0.0,0
29212,control,0.0,0,0.0,0
29213,treatment,0.0,0,0.0,0
29214,control,47.23,0,0.0,0
29215,treatment,0.0,0,0.0,0
29216,treatment,0.0,0,0.0,0
29217,control,675.58,0,0.0,0
29218,treatment,85.1,1,81.11,0
29219,control,0.0,0,0.0,0
29220,treatment,0.0,0,0.0,0
29221,control,130.63,0,0.0,0
29222,treatment,51.4,0,0.0,0
29223,control,0.0,0,0.0,0
29224,control,0.0,1,94.12,0
29225,treatment,51.41,1,55.74,0
29226,treatment,0.0,0,0.0,0
29227,treatment,0.0,0,0.0,0
29228,control,93.51,0,0.0,0
29229,treatment,0.0,0,0.0,0
29230,control,47.14,0,0.0,0
29231,control,0.0,1,20.5,0
29232,control,0.0,0,0.0,0
29233,treatment,0.0,0,0.0,0
29234,treatment,0.0,0,0.0,0
29235,treatment,0.0,0,0.0,0
29236,control,0.0,0,0.0,0
29237,control,21.85,0,0.0,0
29238,control,0.0,0,0.0,0
29239,control,329.65,0,0.0,0
29240,treatment,66.27,0,0.0,0
29241,treatment,64.26,0,0.0,0
29242,control,0.0,1,33.51,0
29243,control,139.05,1,53.88,1
29244,control,0.0,1,24.73,0
29245,control,79.48,0,0.0,0
29246,treatment,0.0,1,69.09,0
29247,treatment,0.0,0,0.0,0
29248,treatment,0.0,0,0.0,0
29249,control,77.24,0,0.0,0
29250,treatment,0.0,0,0.0,0
29251,control,0.0,0,0.0,0
29252,treatment,0.0,1,53.37,0
29253,control,0.0,0,0.0,0
29254,control,0.0,0,0.0,0
29255,control,0.0,0,0.0,0
29256,control,30.82,0,0.0,0
29257,treatment,77.35,0,0.0,0
29258,treatment,0.0,0,0.0,0
29259,control,0.0,0,0.0,0
29260,control,80.56,0,0.0,0
29261,treatment,0.0,0,0.0,0
29262,treatment,178.22,0,0.0,0
29263,control,53.46,0,0.0,0
29264,control,84.48,0,0.0,0
29265,treatment,29.13,0,0.0,0
29266,control,0.0,0,0.0,0
29267,treatment,0.0,0,0.0,0
29268,treatment,0.0,0,0.0,0
29269,treatment,22.98,1,91.52,0
29270,treatment,115.15,0,0.0,0
29271,control,70.63,0,0.0,0
29272,treatment,0.0,0,0.0,0
29273,treatment,0.0,0,0.0,0
29274,treatment,63.35,0,0.0,0
29275,control,72.1,1,57.58,0
29276,treatment,0.0,0,0.0,0
29277,treatment,0.0,1,72.28,0
29278,treatment,0.0,0,0.0,0
29279,control,44.88,0,0.0,0
29280,treatment,0.0,0,0.0,0
29281,control,88.23,0,0.0,0
29282,control,70.17,0,0.0,0
29283,control,69.76,0,0.0,0
29284,control,70.4,0,0.0,0
29285,treatment,0.0,0,0.0,0
29286,control,85.32,0,0.0,0
29287,control,57.2,0,0.0,0
29288,control,77.38,0,0.0,0
29289,control,64.23,0,0.0,0
29290,treatment,74.81,0,0.0,0
29291,treatment,0.0,0,0.0,0
29292,control,0.0,0,0.0,0
29293,treatment,1521.43,1,114.04,0
29294,treatment,396.65,0,0.0,0
29295,control,0.0,0,0.0,0
29296,treatment,0.0,0,0.0,0
29297,treatment,209.37,0,0.0,0
29298,treatment,0.0,0,0.0,0
29299,control,0.0,0,0.0,0
29300,control,0.0,0,0.0,0
29301,control,0.0,0,0.0,0
29302,treatment,56.45,0,0.0,0
29303,treatment,0.0,0,0.0,0
29304,treatment,113.14,0,0.0,0
29305,control,141.37,0,0.0,0
29306,treatment,0.0,0,0.0,0
29307,treatment,435.7,0,0.0,0
29308,control,0.0,0,0.0,0
29309,control,226.11,1,185.97,0
29310,control,46.14,0,0.0,0
29311,treatment,0.0,0,0.0,0
29312,treatment,218.95,0,0.0,0
29313,control,861.02,1,51.41,0
29314,control,0.0,0,0.0,0
29315,control,56.76,1,43.79,0
29316,treatment,0.0,0,0.0,0
29317,treatment,257.9,1,58.42,0
29318,treatment,0.0,0,0.0,0
29319,control,0.0,0,0.0,0
29320,treatment,107.3,1,44.7,0
29321,treatment,281.55,0,0.0,0
29322,treatment,170.79,0,0.0,0
29323,control,0.0,0,0.0,0
29324,control,231.79,0,0.0,0
29325,control,264.08,1,69.33,0
29326,treatment,0.0,0,0.0,0
29327,control,40.19,0,0.0,0
29328,control,55.11,0,0.0,0
29329,treatment,0.0,0,0.0,0
29330,control,58.07,0,0.0,0
29331,control,0.0,0,0.0,0
29332,treatment,0.0,0,0.0,0
29333,treatment,0.0,0,0.0,0
29334,treatment,29.91,0,0.0,0
29335,treatment,46.61,0,0.0,0
29336,control,85.79,0,0.0,0
29337,control,308.26,1,93.61,0
29338,control,63.9,0,0.0,0
29339,treatment,0.0,0,0.0,0
29340,control,0.0,0,0.0,0
29341,control,109.67,0,0.0,0
29342,control,33.74,0,0.0,0
29343,treatment,0.0,0,0.0,0
29344,control,0.0,0,0.0,0
29345,control,0.0,0,0.0,0
29346,control,0.0,0,0.0,0
29347,control,0.0,0,0.0,0
29348,treatment,57.88,0,0.0,0
29349,treatment,0.0,0,0.0,0
29350,treatment,73.13,0,0.0,0
29351,control,37.33,0,0.0,0
29352,control,343.4,0,0.0,0
29353,treatment,0.0,0,0.0,0
29354,treatment,0.0,0,0.0,0
29355,control,236.91,0,0.0,0
29356,treatment,0.0,0,0.0,0
29357,treatment,201.36,0,0.0,0
29358,treatment,0.0,0,0.0,0
29359,treatment,35.51,0,0.0,0
29360,control,16.86,0,0.0,0
29361,treatment,0.0,0,0.0,0
29362,treatment,250.84,1,88.56,0
29363,control,0.0,0,0.0,0
29364,control,69.77,0,0.0,0
29365,control,0.0,0,0.0,0
29366,treatment,0.0,0,0.0,0
29367,control,0.0,0,0.0,0
29368,treatment,37.52,0,0.0,0
29369,treatment,41.38,0,0.0,0
29370,control,0.0,0,0.0,0
29371,treatment,41.65,0,0.0,0
29372,control,0.0,0,0.0,0
29373,treatment,535.56,0,0.0,0
29374,treatment,28.55,0,0.0,0
29375,treatment,405.84,0,0.0,0
29376,treatment,0.0,0,0.0,0
29377,treatment,0.0,0,0.0,0
29378,control,39.37,0,0.0,0
29379,treatment,131.18,0,0.0,0
29380,treatment,0.0,0,0.0,0
29381,control,93.13,0,0.0,0
29382,treatment,0.0,0,0.0,0
29383,treatment,0.0,0,0.0,0
29384,control,30.08,1,74.14,1
29385,treatment,0.0,0,0.0,0
29386,treatment,0.0,0,0.0,0
29387,treatment,0.0,0,0.0,0
29388,treatment,0.0,0,0.0,0
29389,treatment,0.0,0,0.0,0
29390,control,0.0,0,0.0,0
29391,treatment,0.0,0,0.0,0
29392,treatment,19.78,0,0.0,0
29393,control,0.0,0,0.0,0
29394,treatment,267.78,0,0.0,0
29395,control,0.0,0,0.0,0
29396,control,0.0,0,0.0,0
29397,treatment,0.0,0,0.0,0
29398,control,0.0,0,0.0,0
29399,treatment,0.0,0,0.0,0
29400,treatment,0.0,0,0.0,0
29401,treatment,0.0,0,0.0,0
29402,treatment,0.0,0,0.0,0
29403,treatment,39.26,0,0.0,0
29404,treatment,0.0,0,0.0,0
29405,control,46.66,0,0.0,0
29406,control,36.72,0,0.0,0
29407,treatment,0.0,0,0.0,0
29408,control,0.0,0,0.0,0
29409,control,0.0,0,0.0,0
29410,control,75.68,0,0.0,0
29411,control,47.62,0,0.0,0
29412,control,0.0,0,0.0,0
29413,control,50.95,0,0.0,0
29414,treatment,0.0,0,0.0,0
29415,control,53.84,1,32.2,0
29416,treatment,0.0,0,0.0,0
29417,treatment,0.0,0,0.0,0
29418,control,0.0,0,0.0,0
29419,treatment,69.42,0,0.0,0
29420,treatment,111.85,1,93.49,0
29421,control,0.0,0,0.0,0
29422,control,41.77,0,0.0,0
29423,control,398.7,0,0.0,0
29424,control,0.0,0,0.0,0
29425,control,0.0,0,0.0,0
29426,treatment,33.47,0,0.0,0
29427,control,0.0,0,0.0,0
29428,treatment,0.0,0,0.0,0
29429,control,0.0,1,27.08,0
29430,treatment,55.48,1,78.85,0
29431,control,0.0,0,0.0,0
29432,treatment,0.0,0,0.0,0
29433,control,0.0,0,0.0,0
29434,control,117.06,0,0.0,0
29435,treatment,0.0,0,0.0,0
29436,control,0.0,0,0.0,0
29437,control,0.0,0,0.0,0
29438,control,0.0,0,0.0,0
29439,control,0.0,0,0.0,0
29440,control,0.0,0,0.0,0
29441,control,0.0,0,0.0,0
29442,control,0.0,0,0.0,0
29443,control,0.0,0,0.0,0
29444,control,0.0,1,155.54,0
29445,control,0.0,0,0.0,0
29446,treatment,498.4,1,49.19,0
29447,control,52.82,0,0.0,0
29448,control,120.98,0,0.0,0
29449,control,0.0,0,0.0,0
29450,control,0.0,0,0.0,0
29451,control,81.23,0,0.0,0
29452,treatment,0.0,0,0.0,0
29453,treatment,0.0,0,0.0,0
29454,control,0.0,0,0.0,0
29455,control,288.8,0,0.0,0
29456,control,0.0,0,0.0,0
29457,treatment,111.71,0,0.0,0
29458,control,119.38,0,0.0,0
29459,treatment,32.45,0,0.0,0
29460,control,0.0,0,0.0,0
29461,treatment,252.81,1,89.21,0
29462,treatment,141.92,1,79.47,0
29463,treatment,0.0,0,0.0,0
29464,control,0.0,0,0.0,0
29465,control,93.86,0,0.0,0
29466,treatment,113.87,0,0.0,0
29467,treatment,59.72,0,0.0,0
29468,treatment,0.0,0,0.0,0
29469,control,0.0,0,0.0,0
29470,control,79.31,0,0.0,0
29471,control,0.0,1,123.62,0
29472,treatment,58.55,1,157.21,0
29473,treatment,0.0,0,0.0,0
29474,control,34.06,0,0.0,0
29475,treatment,0.0,0,0.0,0
29476,treatment,0.0,0,0.0,0
29477,treatment,0.0,1,160.77,0
29478,control,55.35,0,0.0,0
29479,treatment,42.8,0,0.0,0
29480,treatment,0.0,0,0.0,0
29481,treatment,0.0,0,0.0,0
29482,treatment,0.0,0,0.0,0
29483,treatment,0.0,0,0.0,0
29484,control,37.22,0,0.0,0
29485,treatment,86.34,0,0.0,0
29486,control,0.0,0,0.0,0
29487,control,0.0,0,0.0,0
29488,treatment,0.0,0,0.0,0
29489,control,212.93,0,0.0,0
29490,control,0.0,0,0.0,0
29491,control,0.0,0,0.0,0
29492,treatment,77.9,0,0.0,0
29493,control,35.02,0,0.0,0
29494,treatment,0.0,0,0.0,0
29495,treatment,135.4,0,0.0,0
29496,treatment,67.81,0,0.0,0
29497,treatment,0.0,0,0.0,0
29498,control,55.9,0,0.0,0
29499,control,42.96,0,0.0,0
29500,control,90.64,0,0.0,0
29501,treatment,0.0,0,0.0,0
29502,treatment,0.0,0,0.0,0
29503,control,111.92,0,0.0,0
29504,treatment,39.33,0,0.0,0
29505,control,186.88,1,61.45,0
29506,control,0.0,0,0.0,0
29507,control,0.0,0,0.0,0
29508,treatment,58.82,0,0.0,0
29509,treatment,0.0,0,0.0,0
29510,treatment,0.0,0,0.0,0
29511,control,0.0,1,40.25,0
29512,control,32.99,1,61.37,0
29513,treatment,0.0,0,0.0,0
29514,control,0.0,1,91.13,0
29515,treatment,0.0,0,0.0,0
29516,control,61.97,0,0.0,0
29517,control,224.26,1,110.27,0
29518,control,0.0,0,0.0,0
29519,treatment,0.0,0,0.0,0
29520,treatment,106.76,0,0.0,0
29521,treatment,0.0,0,0.0,0
29522,treatment,59.2,0,0.0,0
29523,treatment,244.48,1,51.51,0
29524,treatment,0.0,0,0.0,0
29525,treatment,122.7,0,0.0,0
29526,control,29.88,0,0.0,0
29527,control,76.1,0,0.0,0
29528,treatment,176.21,1,132.5,0
29529,treatment,0.0,0,0.0,0
29530,control,49.6,0,0.0,0
29531,control,0.0,0,0.0,0
29532,control,0.0,0,0.0,0
29533,treatment,0.0,0,0.0,0
29534,control,0.0,0,0.0,0
29535,control,0.0,0,0.0,0
29536,treatment,0.0,0,0.0,0
29537,control,363.76,1,80.62,0
29538,control,310.81,1,138.53,0
29539,treatment,27.96,1,35.37,0
29540,control,0.0,0,0.0,0
29541,control,231.51,1,36.6,0
29542,treatment,43.12,0,0.0,0
29543,control,55.23,0,0.0,0
29544,treatment,48.74,0,0.0,0
29545,treatment,0.0,0,0.0,0
29546,control,145.5,0,0.0,0
29547,treatment,0.0,0,0.0,0
29548,treatment,206.98,1,84.39,0
29549,control,480.06,1,52.9,0
29550,treatment,24.58,0,0.0,0
29551,control,0.0,0,0.0,0
29552,treatment,0.0,0,0.0,0
29553,treatment,128.96,0,0.0,0
29554,control,41.5,0,0.0,0
29555,control,143.19,0,0.0,0
29556,control,114.96,0,0.0,0
29557,control,0.0,0,0.0,0
29558,control,0.0,0,0.0,0
29559,treatment,180.92,0,0.0,0
29560,control,57.69,0,0.0,0
29561,treatment,0.0,0,0.0,0
29562,control,0.0,0,0.0,0
29563,control,397.02,0,0.0,0
29564,control,869.73,1,90.4,0
29565,control,0.0,0,0.0,0
29566,treatment,43.71,0,0.0,0
29567,treatment,63.48,0,0.0,0
29568,control,101.44,1,55.0,1
29569,treatment,0.0,0,0.0,0
29570,control,0.0,0,0.0,0
29571,treatment,58.56,1,67.65,0
29572,treatment,0.0,0,0.0,0
29573,treatment,0.0,0,0.0,0
29574,control,0.0,0,0.0,0
29575,treatment,130.06,0,0.0,0
29576,control,0.0,0,0.0,0
29577,control,49.66,0,0.0,0
29578,treatment,39.51,1,47.58,0
29579,control,122.25,0,0.0,0
29580,treatment,524.87,1,45.89,0
29581,treatment,47.17,1,78.67,0
29582,control,0.0,0,0.0,0
29583,control,207.64,0,0.0,0
29584,treatment,68.32,0,0.0,0
29585,treatment,49.67,0,0.0,0
29586,treatment,113.1,0,0.0,0
29587,treatment,780.42,0,0.0,0
29588,control,0.0,0,0.0,0
29589,treatment,0.0,0,0.0,0
29590,control,99.78,1,96.46,0
29591,control,0.0,0,0.0,0
29592,treatment,0.0,0,0.0,0
29593,control,0.0,0,0.0,0
29594,treatment,30.65,0,0.0,0
29595,control,0.0,0,0.0,0
29596,control,86.24,0,0.0,0
29597,treatment,342.09,0,0.0,0
29598,control,0.0,0,0.0,0
29599,treatment,0.0,0,0.0,0
29600,treatment,0.0,0,0.0,0
29601,control,0.0,0,0.0,0
29602,control,1334.81,0,0.0,0
29603,control,0.0,0,0.0,0
29604,control,0.0,0,0.0,0
29605,control,90.48,0,0.0,0
29606,control,268.79,1,77.02,0
29607,treatment,0.0,0,0.0,0
29608,control,464.08,0,0.0,0
29609,treatment,78.18,0,0.0,0
29610,control,0.0,0,0.0,0
29611,treatment,140.88,1,67.5,0
29612,treatment,0.0,0,0.0,0
29613,treatment,0.0,1,89.51,0
29614,treatment,0.0,0,0.0,0
29615,control,0.0,0,0.0,0
29616,control,0.0,0,0.0,0
29617,treatment,0.0,0,0.0,0
29618,treatment,0.0,0,0.0,0
29619,treatment,46.5,0,0.0,0
29620,treatment,88.36,0,0.0,0
29621,treatment,0.0,0,0.0,0
29622,treatment,0.0,0,0.0,0
29623,treatment,0.0,0,0.0,0
29624,treatment,0.0,0,0.0,0
29625,treatment,160.93,1,28.03,0
29626,treatment,0.0,0,0.0,0
29627,treatment,25.78,0,0.0,0
29628,treatment,0.0,0,0.0,0
29629,treatment,0.0,0,0.0,0
29630,control,115.57,0,0.0,0
29631,treatment,0.0,0,0.0,0
29632,treatment,37.8,0,0.0,0
29633,control,82.69,0,0.0,0
29634,treatment,146.92,0,0.0,0
29635,treatment,0.0,0,0.0,0
29636,control,0.0,0,0.0,0
29637,control,0.0,0,0.0,0
29638,control,832.52,0,0.0,0
29639,control,190.61,0,0.0,0
29640,control,0.0,0,0.0,0
29641,treatment,526.46,0,0.0,0
29642,treatment,0.0,0,0.0,0
29643,control,569.87,1,199.64,0
29644,control,0.0,0,0.0,0
29645,control,138.96,0,0.0,0
29646,treatment,26.57,0,0.0,0
29647,control,0.0,0,0.0,0
29648,control,0.0,1,43.52,0
29649,treatment,121.5,1,114.84,0
29650,control,0.0,0,0.0,0
29651,control,38.26,0,0.0,0
29652,treatment,0.0,0,0.0,0
29653,treatment,38.59,0,0.0,0
29654,control,0.0,0,0.0,0
29655,treatment,0.0,0,0.0,0
29656,treatment,39.53,0,0.0,0
29657,control,78.92,0,0.0,0
29658,treatment,0.0,0,0.0,0
29659,treatment,438.61,1,102.66,0
29660,treatment,48.11,1,55.69,0
29661,treatment,0.0,0,0.0,0
29662,control,65.5,0,0.0,0
29663,treatment,0.0,0,0.0,0
29664,control,75.26,0,0.0,0
29665,control,0.0,0,0.0,0
29666,treatment,0.0,1,108.13,0
29667,control,136.22,0,0.0,0
29668,control,0.0,0,0.0,0
29669,treatment,183.67,0,0.0,0
29670,treatment,0.0,0,0.0,0
29671,treatment,233.86,1,97.9,0
29672,control,0.0,1,100.83,0
29673,control,82.27,0,0.0,0
29674,control,0.0,0,0.0,0
29675,treatment,0.0,0,0.0,0
29676,control,57.21,1,106.92,0
29677,treatment,24.03,0,0.0,0
29678,control,0.0,0,0.0,0
29679,treatment,0.0,0,0.0,0
29680,treatment,27.05,0,0.0,0
29681,control,0.0,0,0.0,0
29682,treatment,0.0,0,0.0,0
29683,treatment,0.0,0,0.0,0
29684,treatment,0.0,0,0.0,0
29685,control,0.0,0,0.0,0
29686,treatment,0.0,0,0.0,0
29687,control,0.0,0,0.0,0
29688,treatment,0.0,0,0.0,0
29689,treatment,61.33,0,0.0,0
29690,treatment,94.54,0,0.0,0
29691,treatment,0.0,0,0.0,0
29692,control,0.0,0,0.0,0
29693,control,91.65,0,0.0,0
29694,control,67.58,0,0.0,0
29695,control,53.57,0,0.0,0
29696,treatment,198.78,0,0.0,0
29697,treatment,39.1,0,0.0,0
29698,control,218.57,1,65.05,0
29699,treatment,130.26,0,0.0,0
29700,control,0.0,0,0.0,0
29701,treatment,0.0,0,0.0,0
29702,control,56.87,0,0.0,0
29703,treatment,0.0,0,0.0,0
29704,control,0.0,0,0.0,0
29705,control,69.49,0,0.0,0
29706,treatment,39.57,0,0.0,0
29707,treatment,0.0,0,0.0,0
29708,control,0.0,0,0.0,0
29709,treatment,25.48,0,0.0,0
29710,control,199.28,1,63.51,0
29711,control,34.24,0,0.0,0
29712,control,0.0,0,0.0,0
29713,treatment,0.0,0,0.0,0
29714,control,0.0,0,0.0,0
29715,treatment,0.0,0,0.0,0
29716,control,0.0,0,0.0,0
29717,treatment,296.67,0,0.0,0
29718,treatment,0.0,0,0.0,0
29719,control,0.0,0,0.0,0
29720,control,61.96,0,0.0,0
29721,control,0.0,0,0.0,0
29722,treatment,156.78,1,30.85,0
29723,treatment,0.0,0,0.0,0
29724,treatment,284.6,1,73.7,0
29725,control,0.0,1,69.17,0
29726,control,0.0,0,0.0,0
29727,control,104.21,1,32.11,0
29728,treatment,110.91,1,117.37,0
29729,control,0.0,0,0.0,0
29730,control,0.0,1,86.87,0
29731,control,0.0,0,0.0,0
29732,control,89.02,0,0.0,0
29733,treatment,241.71,0,0.0,0
29734,control,0.0,0,0.0,0
29735,treatment,0.0,0,0.0,0
29736,control,144.53,0,0.0,0
29737,treatment,35.04,0,0.0,0
29738,control,65.69,0,0.0,0
29739,treatment,0.0,0,0.0,0
29740,control,0.0,0,0.0,0
29741,control,0.0,0,0.0,0
29742,control,218.86,0,0.0,0
29743,treatment,0.0,0,0.0,0
29744,control,0.0,0,0.0,0
29745,treatment,853.67,1,53.77,0
29746,control,0.0,0,0.0,0
29747,control,35.15,0,0.0,0
29748,control,43.54,1,43.67,0
29749,control,0.0,0,0.0,0
29750,treatment,20.94,0,0.0,0
29751,treatment,116.49,0,0.0,0
29752,treatment,41.14,0,0.0,0
29753,control,73.57,1,47.04,1
29754,treatment,98.61,0,0.0,0
29755,control,117.39,1,133.45,0
29756,treatment,68.87,0,0.0,0
29757,treatment,0.0,0,0.0,0
29758,treatment,25.57,0,0.0,0
29759,control,0.0,0,0.0,0
29760,control,0.0,0,0.0,0
29761,treatment,79.57,0,0.0,0
29762,treatment,201.63,0,0.0,0
29763,treatment,138.2,0,0.0,0
29764,control,119.2,0,0.0,0
29765,treatment,0.0,1,65.87,0
29766,treatment,37.28,0,0.0,0
29767,control,0.0,0,0.0,0
29768,control,0.0,0,0.0,0
29769,control,0.0,1,57.59,1
29770,control,235.82,0,0.0,0
29771,control,0.0,0,0.0,0
29772,control,73.58,0,0.0,0
29773,treatment,63.97,0,0.0,0
29774,treatment,0.0,0,0.0,0
29775,control,0.0,0,0.0,0
29776,treatment,0.0,0,0.0,0
29777,control,0.0,0,0.0,0
29778,treatment,110.89,1,63.42,0
29779,control,0.0,0,0.0,0
29780,control,0.0,0,0.0,0
29781,control,0.0,0,0.0,0
29782,treatment,82.07,1,84.32,0
29783,treatment,52.17,0,0.0,0
29784,treatment,326.51,0,0.0,0
29785,treatment,129.65,0,0.0,0
29786,treatment,0.0,0,0.0,0
29787,control,99.13,0,0.0,0
29788,treatment,330.33,0,0.0,0
29789,treatment,0.0,0,0.0,0
29790,control,0.0,0,0.0,0
29791,control,58.62,0,0.0,0
29792,treatment,0.0,0,0.0,0
29793,control,81.9,1,87.16,0
29794,treatment,0.0,0,0.0,0
29795,control,0.0,0,0.0,0
29796,control,89.46,0,0.0,0
29797,treatment,0.0,0,0.0,0
29798,treatment,170.45,0,0.0,0
29799,treatment,0.0,0,0.0,0
29800,treatment,109.12,1,46.91,0
29801,treatment,0.0,0,0.0,0
29802,treatment,0.0,0,0.0,0
29803,treatment,0.0,1,26.75,0
29804,treatment,149.56,0,0.0,0
29805,control,42.64,0,0.0,0
29806,control,63.13,0,0.0,0
29807,treatment,55.61,0,0.0,0
29808,treatment,0.0,0,0.0,0
29809,treatment,0.0,0,0.0,0
29810,treatment,0.0,0,0.0,0
29811,control,33.78,0,0.0,0
29812,treatment,0.0,0,0.0,0
29813,treatment,160.36,0,0.0,0
29814,control,27.17,0,0.0,0
29815,treatment,0.0,0,0.0,0
29816,control,56.5,1,62.48,0
29817,control,0.0,0,0.0,0
29818,treatment,207.58,0,0.0,0
29819,treatment,35.25,0,0.0,0
29820,control,0.0,0,0.0,0
29821,treatment,0.0,0,0.0,0
29822,treatment,31.9,0,0.0,0
29823,control,0.0,0,0.0,0
29824,control,0.0,0,0.0,0
29825,control,72.2,1,58.8,0
29826,treatment,0.0,1,37.97,0
29827,control,0.0,1,48.66,0
29828,treatment,0.0,0,0.0,0
29829,treatment,111.7,1,83.43,0
29830,treatment,140.51,0,0.0,0
29831,control,51.38,0,0.0,0
29832,control,0.0,0,0.0,0
29833,control,0.0,0,0.0,0
29834,treatment,32.5,0,0.0,0
29835,treatment,115.98,0,0.0,0
29836,control,42.84,0,0.0,0
29837,treatment,47.31,0,0.0,0
29838,treatment,25.05,0,0.0,0
29839,control,0.0,0,0.0,0
29840,control,27.6,0,0.0,0
29841,treatment,0.0,0,0.0,0
29842,control,0.0,0,0.0,0
29843,treatment,61.97,0,0.0,0
29844,treatment,0.0,0,0.0,0
29845,control,0.0,0,0.0,0
29846,treatment,160.34,0,0.0,0
29847,control,83.57,0,0.0,0
29848,control,35.66,0,0.0,0
29849,treatment,0.0,0,0.0,0
29850,control,44.59,0,0.0,0
29851,control,179.03,0,0.0,0
29852,treatment,423.76,1,44.29,0
29853,treatment,85.64,0,0.0,0
29854,treatment,0.0,0,0.0,0
29855,control,84.33,0,0.0,0
29856,control,0.0,0,0.0,0
29857,treatment,144.8,0,0.0,0
29858,control,0.0,0,0.0,0
29859,control,0.0,0,0.0,0
29860,control,53.05,1,32.83,0
29861,treatment,0.0,0,0.0,0
29862,control,0.0,0,0.0,0
29863,treatment,83.31,0,0.0,0
29864,treatment,0.0,0,0.0,0
29865,treatment,127.91,0,0.0,0
29866,control,0.0,0,0.0,0
29867,treatment,0.0,0,0.0,0
29868,control,50.96,0,0.0,0
29869,control,0.0,0,0.0,0
29870,control,0.0,0,0.0,0
29871,treatment,1939.12,1,208.58,0
29872,control,54.73,0,0.0,0
29873,treatment,0.0,0,0.0,0
29874,control,132.96,0,0.0,0
29875,control,26.79,0,0.0,0
29876,control,71.18,0,0.0,0
29877,treatment,129.86,0,0.0,0
29878,treatment,85.23,1,42.31,0
29879,control,138.02,0,0.0,0
29880,control,37.01,0,0.0,0
29881,control,0.0,0,0.0,0
29882,treatment,0.0,0,0.0,0
29883,control,0.0,0,0.0,0
29884,treatment,63.52,0,0.0,0
29885,treatment,0.0,0,0.0,0
29886,treatment,0.0,0,0.0,0
29887,treatment,0.0,0,0.0,0
29888,control,0.0,0,0.0,0
29889,control,125.35,0,0.0,0
29890,treatment,180.44,1,79.37,0
29891,treatment,166.45,0,0.0,0
29892,treatment,255.77,0,0.0,0
29893,treatment,32.75,0,0.0,0
29894,control,44.11,0,0.0,0
29895,control,145.98,1,100.45,0
29896,treatment,0.0,0,0.0,0
29897,treatment,58.65,0,0.0,0
29898,treatment,0.0,0,0.0,0
29899,treatment,67.57,0,0.0,0
29900,control,0.0,0,0.0,0
29901,control,0.0,0,0.0,0
29902,control,225.89,0,0.0,0
29903,control,37.99,0,0.0,0
29904,treatment,0.0,1,17.42,0
29905,control,0.0,0,0.0,0
29906,control,0.0,0,0.0,0
29907,treatment,0.0,1,26.11,0
29908,treatment,0.0,0,0.0,0
29909,treatment,29.66,0,0.0,0
29910,control,74.42,0,0.0,0
29911,control,0.0,0,0.0,0
29912,treatment,0.0,0,0.0,0
29913,treatment,0.0,0,0.0,0
29914,control,0.0,0,0.0,0
29915,control,0.0,0,0.0,0
29916,control,0.0,1,82.69,0
29917,control,0.0,0,0.0,0
29918,treatment,0.0,0,0.0,0
29919,treatment,42.83,0,0.0,0
29920,treatment,71.76,0,0.0,0
29921,treatment,67.41,0,0.0,0
29922,treatment,0.0,0,0.0,0
29923,control,69.22,1,120.47,0
29924,treatment,0.0,1,66.35,0
29925,treatment,0.0,0,0.0,0
29926,control,0.0,0,0.0,0
29927,treatment,149.63,1,40.08,0
29928,control,0.0,0,0.0,0
29929,control,53.76,0,0.0,0
29930,treatment,161.42,1,290.56,0
29931,treatment,72.66,0,0.0,0
29932,control,0.0,0,0.0,0
29933,treatment,126.4,1,94.45,0
29934,treatment,77.21,0,0.0,0
29935,treatment,94.9,0,0.0,0
29936,treatment,0.0,0,0.0,0
29937,control,82.55,0,0.0,0
29938,treatment,0.0,0,0.0,0
29939,control,47.17,0,0.0,0
29940,control,0.0,0,0.0,0
29941,control,0.0,1,62.59,0
29942,control,0.0,0,0.0,0
29943,treatment,0.0,0,0.0,0
29944,control,446.76,0,0.0,0
29945,treatment,0.0,0,0.0,0
29946,control,33.79,0,0.0,0
29947,treatment,36.24,0,0.0,0
29948,control,109.67,0,0.0,0
29949,control,0.0,0,0.0,0
29950,treatment,0.0,0,0.0,0
29951,treatment,44.71,0,0.0,0
29952,treatment,260.41,0,0.0,0
29953,control,0.0,0,0.0,0
29954,control,0.0,1,90.79,0
29955,control,389.77,1,108.98,0
29956,control,52.06,0,0.0,0
29957,control,85.94,1,66.58,0
29958,control,0.0,0,0.0,0
29959,treatment,939.85,0,0.0,0
29960,control,54.96,0,0.0,0
29961,control,251.33,0,0.0,0
29962,treatment,0.0,0,0.0,0
29963,control,0.0,0,0.0,0
29964,control,91.36,0,0.0,0
29965,control,0.0,0,0.0,0
29966,treatment,0.0,0,0.0,0
29967,control,423.01,1,54.8,0
29968,control,0.0,0,0.0,0
29969,treatment,0.0,0,0.0,0
29970,treatment,69.27,0,0.0,0
29971,treatment,137.35,0,0.0,0
29972,treatment,0.0,0,0.0,0
29973,control,48.5,0,0.0,0
29974,treatment,100.77,0,0.0,0
29975,control,52.18,0,0.0,0
29976,treatment,92.57,0,0.0,0
29977,treatment,0.0,0,0.0,0
29978,control,0.0,0,0.0,0
29979,control,0.0,0,0.0,0
29980,treatment,53.46,0,0.0,0
29981,control,0.0,0,0.0,0
29982,control,35.04,0,0.0,0
29983,treatment,0.0,0,0.0,0
29984,treatment,232.0,1,97.46,0
29985,control,0.0,0,0.0,0
29986,control,22.16,0,0.0,0
29987,treatment,0.0,0,0.0,0
29988,treatment,61.74,0,0.0,0
29989,control,90.77,0,0.0,0
29990,treatment,0.0,0,0.0,0
29991,treatment,0.0,0,0.0,0
29992,treatment,186.58,0,0.0,0
29993,control,0.0,0,0.0,0
29994,control,32.16,0,0.0,0
29995,treatment,0.0,0,0.0,0
29996,control,104.71,0,0.0,0
29997,control,26.49,0,0.0,0
29998,treatment,0.0,0,0.0,0
29999,treatment,0.0,0,0.0,0
30000,control,0.0,0,0.0,0
30001,treatment,96.7,0,0.0,0
30002,control,0.0,0,0.0,0
30003,control,55.02,0,0.0,0
30004,control,0.0,0,0.0,0
30005,treatment,0.0,0,0.0,0
30006,treatment,188.98,0,0.0,0
30007,treatment,55.05,0,0.0,0
30008,treatment,0.0,0,0.0,0
30009,control,0.0,0,0.0,0
30010,treatment,0.0,0,0.0,0
30011,control,72.43,0,0.0,0
30012,control,259.28,0,0.0,0
30013,control,273.81,1,62.51,0
30014,treatment,0.0,0,0.0,0
30015,treatment,27.71,0,0.0,0
30016,control,31.85,0,0.0,0
30017,control,0.0,0,0.0,0
30018,control,37.87,0,0.0,0
30019,control,0.0,0,0.0,0
30020,treatment,127.9,0,0.0,0
30021,control,0.0,0,0.0,0
30022,treatment,48.49,0,0.0,0
30023,treatment,57.21,1,90.95,0
30024,control,0.0,0,0.0,0
30025,control,247.18,0,0.0,0
30026,control,126.48,0,0.0,0
30027,treatment,0.0,0,0.0,0
30028,control,0.0,0,0.0,0
30029,control,52.47,1,28.65,0
30030,treatment,0.0,0,0.0,0
30031,control,0.0,0,0.0,0
30032,treatment,0.0,0,0.0,0
30033,control,0.0,1,33.69,0
30034,treatment,0.0,1,19.53,0
30035,treatment,48.86,0,0.0,0
30036,treatment,555.19,0,0.0,0
30037,treatment,0.0,0,0.0,0
30038,control,0.0,1,69.73,0
30039,treatment,35.25,0,0.0,0
30040,treatment,0.0,0,0.0,0
30041,treatment,97.79,0,0.0,0
30042,control,0.0,0,0.0,0
30043,control,0.0,0,0.0,0
30044,treatment,0.0,0,0.0,0
30045,treatment,0.0,0,0.0,0
30046,treatment,43.6,0,0.0,0
30047,control,0.0,0,0.0,0
30048,control,0.0,0,0.0,0
30049,control,0.0,0,0.0,0
30050,treatment,0.0,0,0.0,0
30051,control,0.0,0,0.0,0
30052,control,0.0,0,0.0,0
30053,treatment,31.02,0,0.0,0
30054,treatment,34.09,0,0.0,0
30055,control,0.0,0,0.0,0
30056,control,0.0,0,0.0,0
30057,treatment,159.03,0,0.0,0
30058,treatment,65.56,0,0.0,0
30059,treatment,142.75,0,0.0,0
30060,control,0.0,0,0.0,0
30061,treatment,144.42,1,129.92,0
30062,treatment,0.0,0,0.0,0
30063,control,0.0,0,0.0,0
30064,treatment,36.55,0,0.0,0
30065,treatment,0.0,0,0.0,0
30066,control,0.0,0,0.0,0
30067,treatment,51.67,0,0.0,0
30068,treatment,69.35,0,0.0,0
30069,treatment,0.0,0,0.0,0
30070,control,80.36,0,0.0,0
30071,control,0.0,0,0.0,0
30072,control,0.0,1,130.24,0
30073,control,37.97,0,0.0,0
30074,control,172.66,0,0.0,0
30075,treatment,0.0,0,0.0,0
30076,treatment,51.92,0,0.0,0
30077,control,65.12,0,0.0,0
30078,treatment,0.0,0,0.0,0
30079,control,154.09,0,0.0,0
30080,treatment,0.0,0,0.0,0
30081,control,0.0,0,0.0,0
30082,treatment,0.0,0,0.0,0
30083,control,0.0,0,0.0,0
30084,treatment,52.0,0,0.0,0
30085,treatment,1033.69,1,215.95,0
30086,control,0.0,0,0.0,0
30087,control,0.0,0,0.0,0
30088,control,33.66,0,0.0,0
30089,control,30.25,0,0.0,0
30090,control,0.0,0,0.0,0
30091,control,0.0,0,0.0,0
30092,treatment,151.1,0,0.0,0
30093,control,0.0,0,0.0,0
30094,control,0.0,0,0.0,0
30095,treatment,0.0,0,0.0,0
30096,treatment,98.87,0,0.0,0
30097,control,0.0,0,0.0,0
30098,treatment,0.0,1,65.77,0
30099,control,0.0,0,0.0,0
30100,control,26.26,0,0.0,0
30101,control,406.06,1,136.55,0
30102,control,97.08,0,0.0,0
30103,treatment,57.22,0,0.0,0
30104,control,0.0,0,0.0,0
30105,control,116.19,0,0.0,0
30106,control,0.0,0,0.0,0
30107,control,104.02,0,0.0,0
30108,control,0.0,0,0.0,0
30109,treatment,0.0,0,0.0,0
30110,treatment,36.36,0,0.0,0
30111,treatment,0.0,0,0.0,0
30112,control,0.0,0,0.0,0
30113,treatment,69.1,0,0.0,0
30114,treatment,0.0,0,0.0,0
30115,control,0.0,0,0.0,0
30116,control,239.13,1,75.51,0
30117,control,0.0,0,0.0,0
30118,control,0.0,0,0.0,0
30119,control,0.0,0,0.0,0
30120,control,0.0,0,0.0,0
30121,control,68.85,0,0.0,0
30122,control,0.0,0,0.0,0
30123,treatment,0.0,0,0.0,0
30124,control,0.0,1,63.71,0
30125,control,0.0,0,0.0,0
30126,treatment,75.28,0,0.0,0
30127,treatment,0.0,0,0.0,0
30128,control,0.0,0,0.0,0
30129,control,0.0,0,0.0,0
30130,control,122.45,1,49.97,0
30131,control,37.59,0,0.0,0
30132,treatment,0.0,1,90.7,0
30133,treatment,0.0,0,0.0,0
30134,treatment,0.0,0,0.0,0
30135,treatment,0.0,0,0.0,0
30136,treatment,145.65,0,0.0,0
30137,treatment,0.0,0,0.0,0
30138,treatment,0.0,0,0.0,0
30139,control,32.57,0,0.0,0
30140,control,195.47,0,0.0,0
30141,control,114.24,1,30.49,0
30142,treatment,38.43,0,0.0,0
30143,control,0.0,0,0.0,0
30144,control,200.3,0,0.0,0
30145,control,0.0,0,0.0,0
30146,control,55.95,0,0.0,0
30147,control,140.71,0,0.0,0
30148,treatment,68.15,0,0.0,0
30149,control,0.0,0,0.0,0
30150,treatment,101.22,1,157.12,0
30151,control,36.43,0,0.0,0
30152,control,0.0,0,0.0,0
30153,treatment,0.0,1,13.95,0
30154,treatment,40.97,0,0.0,0
30155,control,20.61,0,0.0,0
30156,treatment,50.43,0,0.0,0
30157,treatment,0.0,0,0.0,0
30158,treatment,83.9,0,0.0,0
30159,control,0.0,0,0.0,0
30160,treatment,80.93,0,0.0,0
30161,control,0.0,0,0.0,0
30162,treatment,0.0,0,0.0,0
30163,treatment,0.0,0,0.0,0
30164,control,0.0,0,0.0,0
30165,control,26.71,0,0.0,0
30166,control,262.65,1,85.3,0
30167,control,0.0,0,0.0,0
30168,treatment,0.0,0,0.0,0
30169,treatment,94.69,0,0.0,0
30170,treatment,58.41,1,43.79,0
30171,treatment,0.0,0,0.0,0
30172,control,286.33,0,0.0,0
30173,treatment,50.9,0,0.0,0
30174,treatment,0.0,0,0.0,0
30175,treatment,38.11,0,0.0,0
30176,treatment,0.0,0,0.0,0
30177,control,37.31,0,0.0,0
30178,control,0.0,0,0.0,0
30179,treatment,84.08,1,31.72,0
30180,control,42.35,1,28.62,0
30181,control,195.33,1,25.66,0
30182,treatment,0.0,0,0.0,0
30183,control,0.0,0,0.0,0
30184,treatment,104.55,0,0.0,0
30185,control,49.52,0,0.0,0
30186,control,62.33,0,0.0,0
30187,control,0.0,0,0.0,0
30188,control,0.0,0,0.0,0
30189,treatment,62.13,0,0.0,0
30190,treatment,42.17,0,0.0,0
30191,treatment,26.0,1,33.7,0
30192,control,0.0,0,0.0,0
30193,control,0.0,0,0.0,0
30194,treatment,233.67,0,0.0,0
30195,treatment,57.42,0,0.0,0
30196,treatment,0.0,0,0.0,0
30197,treatment,0.0,0,0.0,0
30198,control,0.0,0,0.0,0
30199,control,0.0,0,0.0,0
30200,treatment,99.62,0,0.0,0
30201,control,0.0,0,0.0,0
30202,control,0.0,0,0.0,0
30203,treatment,107.71,0,0.0,0
30204,treatment,731.63,1,120.77,0
30205,control,190.14,1,62.63,0
30206,control,0.0,0,0.0,0
30207,treatment,0.0,0,0.0,0
30208,control,91.37,0,0.0,0
30209,control,0.0,0,0.0,0
30210,control,74.11,0,0.0,0
30211,treatment,36.33,0,0.0,0
30212,treatment,129.6,0,0.0,0
30213,treatment,0.0,0,0.0,0
30214,treatment,0.0,0,0.0,0
30215,control,194.88,1,109.48,0
30216,treatment,0.0,0,0.0,0
30217,control,0.0,0,0.0,0
30218,treatment,171.59,0,0.0,0
30219,control,0.0,0,0.0,0
30220,control,60.36,1,35.41,0
30221,treatment,156.29,1,105.26,0
30222,control,0.0,0,0.0,0
30223,control,459.84,1,53.49,0
30224,control,0.0,0,0.0,0
30225,treatment,0.0,0,0.0,0
30226,control,0.0,0,0.0,0
30227,control,155.11,0,0.0,0
30228,treatment,0.0,0,0.0,0
30229,treatment,0.0,0,0.0,0
30230,treatment,195.0,1,49.77,0
30231,control,79.47,0,0.0,0
30232,control,0.0,0,0.0,0
30233,control,0.0,1,60.86,0
30234,control,0.0,0,0.0,0
30235,control,0.0,0,0.0,0
30236,treatment,156.84,0,0.0,0
30237,treatment,0.0,0,0.0,0
30238,treatment,0.0,0,0.0,0
30239,treatment,41.64,0,0.0,0
30240,treatment,0.0,0,0.0,0
30241,control,0.0,0,0.0,0
30242,control,0.0,0,0.0,0
30243,treatment,0.0,1,37.94,0
30244,treatment,0.0,0,0.0,0
30245,control,0.0,0,0.0,0
30246,treatment,155.35,0,0.0,0
30247,treatment,46.89,0,0.0,0
30248,control,45.78,0,0.0,0
30249,treatment,0.0,0,0.0,0
30250,control,0.0,0,0.0,0
30251,control,609.15,0,0.0,0
30252,treatment,0.0,0,0.0,0
30253,treatment,0.0,0,0.0,0
30254,control,33.94,0,0.0,0
30255,control,0.0,0,0.0,0
30256,control,24.59,0,0.0,0
30257,control,0.0,0,0.0,0
30258,treatment,0.0,0,0.0,0
30259,control,159.69,0,0.0,0
30260,treatment,57.49,0,0.0,0
30261,control,45.8,0,0.0,0
30262,control,0.0,0,0.0,0
30263,treatment,591.8,0,0.0,0
30264,treatment,39.01,0,0.0,0
30265,treatment,0.0,0,0.0,0
30266,treatment,92.62,0,0.0,0
30267,control,0.0,0,0.0,0
30268,control,0.0,0,0.0,0
30269,control,0.0,0,0.0,0
30270,control,0.0,0,0.0,0
30271,control,0.0,0,0.0,0
30272,control,0.0,0,0.0,0
30273,treatment,290.92,0,0.0,0
30274,control,0.0,0,0.0,0
30275,control,65.92,0,0.0,0
30276,treatment,110.97,0,0.0,0
30277,control,0.0,1,31.55,0
30278,treatment,0.0,0,0.0,0
30279,treatment,0.0,0,0.0,0
30280,control,0.0,0,0.0,0
30281,control,82.75,0,0.0,0
30282,treatment,0.0,0,0.0,0
30283,control,0.0,0,0.0,0
30284,control,0.0,0,0.0,0
30285,control,142.64,0,0.0,0
30286,treatment,0.0,0,0.0,0
30287,treatment,38.57,0,0.0,0
30288,control,256.71,0,0.0,0
30289,treatment,29.06,0,0.0,0
30290,treatment,211.84,1,76.31,0
30291,control,46.5,0,0.0,0
30292,control,33.15,0,0.0,0
30293,control,298.36,1,57.85,0
30294,control,0.0,0,0.0,0
30295,control,0.0,0,0.0,0
30296,control,0.0,0,0.0,0
30297,treatment,0.0,0,0.0,0
30298,control,55.84,0,0.0,0
30299,control,0.0,0,0.0,0
30300,control,54.69,0,0.0,0
30301,treatment,352.89,1,163.43,0
30302,control,0.0,0,0.0,0
30303,control,184.93,0,0.0,0
30304,control,0.0,1,35.93,0
30305,treatment,68.88,0,0.0,0
30306,control,0.0,0,0.0,0
30307,control,47.47,0,0.0,0
30308,treatment,0.0,0,0.0,0
30309,control,73.28,0,0.0,0
30310,control,94.01,1,111.62,0
30311,control,80.53,0,0.0,0
30312,control,414.12,0,0.0,0
30313,treatment,80.14,0,0.0,0
30314,treatment,0.0,0,0.0,0
30315,control,163.9,0,0.0,0
30316,treatment,107.54,0,0.0,0
30317,control,263.29,0,0.0,0
30318,control,226.13,1,87.99,0
30319,treatment,0.0,0,0.0,0
30320,treatment,30.23,0,0.0,0
30321,treatment,79.64,1,122.41,0
30322,treatment,26.67,0,0.0,0
30323,control,0.0,0,0.0,0
30324,control,0.0,0,0.0,0
30325,control,51.7,0,0.0,0
30326,control,0.0,0,0.0,0
30327,control,0.0,0,0.0,0
30328,control,94.47,0,0.0,0
30329,treatment,0.0,0,0.0,0
30330,treatment,0.0,0,0.0,0
30331,treatment,0.0,0,0.0,0
30332,treatment,57.22,0,0.0,0
30333,treatment,48.35,0,0.0,0
30334,treatment,45.57,1,26.94,0
30335,control,0.0,0,0.0,0
30336,control,175.34,0,0.0,0
30337,control,0.0,0,0.0,0
30338,treatment,36.69,0,0.0,0
30339,control,0.0,0,0.0,0
30340,control,0.0,0,0.0,0
30341,treatment,0.0,0,0.0,0
30342,control,30.64,0,0.0,0
30343,control,0.0,0,0.0,0
30344,control,0.0,0,0.0,0
30345,treatment,214.91,0,0.0,0
30346,control,167.89,0,0.0,0
30347,control,0.0,0,0.0,0
30348,treatment,215.6,0,0.0,0
30349,control,0.0,0,0.0,0
30350,control,96.18,0,0.0,0
30351,control,0.0,0,0.0,0
30352,treatment,0.0,0,0.0,0
30353,treatment,0.0,0,0.0,0
30354,control,35.16,0,0.0,0
30355,treatment,0.0,1,65.58,0
30356,treatment,0.0,0,0.0,0
30357,treatment,0.0,0,0.0,0
30358,control,1061.23,1,221.9,0
30359,control,0.0,0,0.0,0
30360,control,0.0,0,0.0,0
30361,control,0.0,0,0.0,0
30362,treatment,44.61,0,0.0,0
30363,control,43.17,1,56.57,0
30364,treatment,82.28,0,0.0,0
30365,treatment,443.39,0,0.0,0
30366,treatment,94.5,0,0.0,0
30367,treatment,42.89,0,0.0,0
30368,control,0.0,0,0.0,0
30369,control,0.0,0,0.0,0
30370,treatment,0.0,0,0.0,0
30371,control,0.0,0,0.0,0
30372,treatment,52.45,1,66.65,0
30373,treatment,359.69,0,0.0,0
30374,treatment,0.0,0,0.0,0
30375,treatment,228.64,0,0.0,0
30376,control,20.92,0,0.0,0
30377,treatment,44.08,0,0.0,0
30378,treatment,0.0,0,0.0,0
30379,treatment,0.0,0,0.0,0
30380,treatment,63.97,0,0.0,0
30381,control,139.48,1,40.44,0
30382,treatment,44.32,0,0.0,0
30383,treatment,67.19,0,0.0,0
30384,treatment,0.0,0,0.0,0
30385,treatment,0.0,0,0.0,0
30386,treatment,0.0,0,0.0,0
30387,treatment,65.68,0,0.0,0
30388,control,66.94,0,0.0,0
30389,treatment,0.0,1,148.59,0
30390,treatment,0.0,0,0.0,0
30391,control,192.24,1,86.13,0
30392,treatment,0.0,0,0.0,0
30393,treatment,0.0,0,0.0,0
30394,control,0.0,0,0.0,0
30395,control,0.0,0,0.0,0
30396,control,0.0,0,0.0,0
30397,control,0.0,0,0.0,0
30398,treatment,47.36,0,0.0,0
30399,treatment,0.0,0,0.0,0
30400,control,104.12,0,0.0,0
30401,treatment,147.69,1,141.6,0
30402,control,1165.22,1,80.2,0
30403,treatment,59.35,0,0.0,0
30404,control,58.94,0,0.0,0
30405,control,112.71,1,28.0,0
30406,control,0.0,0,0.0,0
30407,control,0.0,0,0.0,0
30408,treatment,84.54,0,0.0,0
30409,control,204.62,0,0.0,0
30410,treatment,196.4,0,0.0,0
30411,treatment,40.67,0,0.0,0
30412,control,46.79,0,0.0,0
30413,treatment,0.0,0,0.0,0
30414,treatment,0.0,0,0.0,0
30415,treatment,40.21,1,70.29,0
30416,treatment,0.0,0,0.0,0
30417,control,0.0,0,0.0,0
30418,control,28.85,0,0.0,0
30419,treatment,0.0,0,0.0,0
30420,control,0.0,0,0.0,0
30421,control,0.0,0,0.0,0
30422,treatment,496.01,0,0.0,0
30423,treatment,26.5,0,0.0,0
30424,control,0.0,0,0.0,0
30425,treatment,57.95,0,0.0,0
30426,control,37.41,0,0.0,0
30427,treatment,0.0,0,0.0,0
30428,control,50.75,1,61.71,0
30429,control,0.0,0,0.0,0
30430,control,0.0,0,0.0,0
30431,treatment,165.06,0,0.0,0
30432,control,0.0,0,0.0,0
30433,control,0.0,0,0.0,0
30434,treatment,0.0,0,0.0,0
30435,control,0.0,0,0.0,0
30436,treatment,148.3,1,55.79,0
30437,treatment,61.39,0,0.0,0
30438,treatment,34.18,0,0.0,0
30439,treatment,0.0,0,0.0,0
30440,control,0.0,0,0.0,0
30441,control,72.98,1,84.01,0
30442,treatment,76.79,0,0.0,0
30443,treatment,42.36,0,0.0,0
30444,control,0.0,0,0.0,0
30445,control,20.54,0,0.0,0
30446,treatment,56.92,0,0.0,0
30447,control,0.0,0,0.0,0
30448,treatment,0.0,0,0.0,0
30449,treatment,203.46,0,0.0,0
30450,control,0.0,0,0.0,0
30451,treatment,43.48,0,0.0,0
30452,control,261.79,0,0.0,0
30453,control,154.67,0,0.0,0
30454,treatment,0.0,0,0.0,0
30455,treatment,0.0,0,0.0,0
30456,control,0.0,0,0.0,0
30457,treatment,88.27,0,0.0,0
30458,treatment,62.87,1,61.14,0
30459,control,0.0,0,0.0,0
30460,control,67.8,0,0.0,0
30461,control,0.0,0,0.0,0
30462,control,0.0,0,0.0,0
30463,control,0.0,0,0.0,0
30464,control,0.0,0,0.0,0
30465,control,40.91,0,0.0,0
30466,treatment,150.39,0,0.0,0
30467,control,0.0,0,0.0,0
30468,control,0.0,1,83.47,0
30469,treatment,93.12,1,37.72,0
30470,treatment,57.5,1,14.15,0
30471,control,351.35,0,0.0,0
30472,control,0.0,0,0.0,0
30473,treatment,40.41,0,0.0,0
30474,treatment,0.0,0,0.0,0
30475,control,0.0,0,0.0,0
30476,treatment,32.02,0,0.0,0
30477,treatment,144.89,0,0.0,0
30478,control,0.0,0,0.0,0
30479,control,73.19,0,0.0,0
30480,treatment,154.24,0,0.0,0
30481,treatment,51.36,0,0.0,0
30482,treatment,0.0,0,0.0,0
30483,control,69.55,1,66.53,0
30484,treatment,353.4,0,0.0,0
30485,control,42.81,0,0.0,0
30486,treatment,162.61,0,0.0,0
30487,treatment,66.32,0,0.0,0
30488,treatment,0.0,0,0.0,0
30489,control,223.4,0,0.0,0
30490,treatment,0.0,0,0.0,0
30491,treatment,148.98,0,0.0,0
30492,control,0.0,0,0.0,0
30493,control,0.0,0,0.0,0
30494,treatment,0.0,0,0.0,0
30495,treatment,49.88,0,0.0,0
30496,treatment,0.0,0,0.0,0
30497,control,0.0,0,0.0,0
30498,control,66.0,0,0.0,0
30499,control,62.17,0,0.0,0
30500,control,55.24,0,0.0,0
30501,treatment,0.0,0,0.0,0
30502,treatment,0.0,0,0.0,0
30503,treatment,0.0,0,0.0,0
30504,treatment,117.73,0,0.0,0
30505,treatment,76.11,0,0.0,0
30506,control,0.0,0,0.0,0
30507,treatment,50.98,0,0.0,0
30508,treatment,0.0,0,0.0,0
30509,treatment,203.82,0,0.0,0
30510,control,0.0,0,0.0,0
30511,treatment,0.0,0,0.0,0
30512,treatment,62.72,0,0.0,0
30513,control,47.98,0,0.0,0
30514,treatment,0.0,0,0.0,0
30515,treatment,40.57,0,0.0,0
30516,treatment,0.0,0,0.0,0
30517,treatment,0.0,0,0.0,0
30518,treatment,46.6,0,0.0,0
30519,treatment,0.0,0,0.0,0
30520,treatment,0.0,0,0.0,0
30521,treatment,196.9,0,0.0,0
30522,treatment,0.0,0,0.0,0
30523,treatment,0.0,0,0.0,0
30524,control,0.0,0,0.0,0
30525,treatment,0.0,0,0.0,0
30526,treatment,0.0,0,0.0,0
30527,control,0.0,0,0.0,0
30528,control,0.0,0,0.0,0
30529,control,84.3,0,0.0,0
30530,treatment,82.11,0,0.0,0
30531,treatment,168.58,0,0.0,0
30532,control,41.68,0,0.0,0
30533,control,70.59,0,0.0,0
30534,treatment,185.96,0,0.0,0
30535,treatment,45.71,0,0.0,0
30536,treatment,90.08,0,0.0,0
30537,control,136.06,0,0.0,0
30538,control,0.0,0,0.0,0
30539,treatment,0.0,1,180.04,0
30540,treatment,0.0,0,0.0,0
30541,control,141.99,0,0.0,0
30542,treatment,0.0,0,0.0,0
30543,control,383.96,0,0.0,0
30544,treatment,123.99,0,0.0,0
30545,control,0.0,0,0.0,0
30546,treatment,0.0,0,0.0,0
30547,treatment,0.0,0,0.0,0
30548,treatment,0.0,0,0.0,0
30549,control,55.79,0,0.0,0
30550,treatment,0.0,0,0.0,0
30551,treatment,0.0,0,0.0,0
30552,treatment,0.0,0,0.0,0
30553,treatment,0.0,0,0.0,0
30554,treatment,0.0,1,33.02,0
30555,control,0.0,0,0.0,0
30556,control,60.64,1,48.71,0
30557,control,102.59,0,0.0,0
30558,treatment,45.97,0,0.0,0
30559,control,61.58,1,31.18,0
30560,control,0.0,0,0.0,0
30561,control,0.0,0,0.0,0
30562,control,0.0,0,0.0,0
30563,control,0.0,0,0.0,0
30564,treatment,45.73,0,0.0,0
30565,control,0.0,0,0.0,0
30566,control,56.21,0,0.0,0
30567,treatment,0.0,1,28.37,0
30568,treatment,40.11,0,0.0,0
30569,treatment,384.96,0,0.0,0
30570,treatment,0.0,0,0.0,0
30571,control,0.0,0,0.0,0
30572,treatment,0.0,0,0.0,0
30573,treatment,0.0,1,64.96,0
30574,control,58.14,0,0.0,0
30575,treatment,0.0,0,0.0,0
30576,control,0.0,0,0.0,0
30577,control,0.0,0,0.0,0
30578,treatment,52.63,0,0.0,0
30579,treatment,205.65,0,0.0,0
30580,treatment,36.68,0,0.0,0
30581,treatment,0.0,0,0.0,0
30582,treatment,82.34,0,0.0,0
30583,control,0.0,0,0.0,0
30584,control,343.71,1,71.05,0
30585,treatment,0.0,0,0.0,0
30586,treatment,0.0,0,0.0,0
30587,treatment,0.0,0,0.0,0
30588,treatment,0.0,0,0.0,0
30589,control,0.0,0,0.0,0
30590,control,0.0,0,0.0,0
30591,control,0.0,0,0.0,0
30592,control,0.0,0,0.0,0
30593,control,0.0,0,0.0,0
30594,treatment,0.0,0,0.0,0
30595,treatment,0.0,0,0.0,0
30596,control,0.0,0,0.0,0
30597,treatment,191.08,0,0.0,0
30598,treatment,126.42,0,0.0,0
30599,control,160.9,0,0.0,0
30600,control,0.0,0,0.0,0
30601,treatment,75.5,0,0.0,0
30602,control,186.89,0,0.0,0
30603,control,53.33,0,0.0,0
30604,control,0.0,0,0.0,0
30605,treatment,186.31,0,0.0,0
30606,control,0.0,0,0.0,0
30607,control,0.0,0,0.0,0
30608,control,90.66,0,0.0,0
30609,control,43.86,0,0.0,0
30610,control,69.2,0,0.0,0
30611,control,78.85,1,78.38,0
30612,treatment,0.0,1,53.03,0
30613,control,0.0,0,0.0,0
30614,treatment,0.0,0,0.0,0
30615,control,0.0,0,0.0,0
30616,treatment,19.37,0,0.0,0
30617,treatment,595.42,0,0.0,0
30618,control,0.0,0,0.0,0
30619,control,165.76,1,114.93,0
30620,control,63.18,0,0.0,0
30621,treatment,101.94,0,0.0,0
30622,control,0.0,0,0.0,0
30623,control,0.0,0,0.0,0
30624,treatment,0.0,0,0.0,0
30625,control,0.0,0,0.0,0
30626,control,0.0,0,0.0,0
30627,treatment,0.0,0,0.0,0
30628,control,0.0,0,0.0,0
30629,treatment,42.17,0,0.0,0
30630,control,25.87,0,0.0,0
30631,treatment,40.01,0,0.0,0
30632,treatment,532.65,1,85.16,0
30633,treatment,158.9,0,0.0,0
30634,control,71.27,0,0.0,0
30635,control,117.15,0,0.0,0
30636,control,0.0,0,0.0,0
30637,control,138.59,0,0.0,0
30638,control,34.35,0,0.0,0
30639,control,77.91,0,0.0,0
30640,treatment,0.0,0,0.0,0
30641,treatment,0.0,1,43.45,0
30642,control,30.44,0,0.0,0
30643,treatment,0.0,0,0.0,0
30644,treatment,0.0,0,0.0,0
30645,control,0.0,0,0.0,0
30646,control,0.0,0,0.0,0
30647,treatment,21.87,0,0.0,0
30648,treatment,0.0,0,0.0,0
30649,treatment,71.3,0,0.0,0
30650,treatment,23.78,1,30.8,0
30651,treatment,0.0,0,0.0,0
30652,treatment,0.0,0,0.0,0
30653,control,0.0,1,64.46,1
30654,control,298.62,0,0.0,0
30655,treatment,452.71,1,107.06,0
30656,control,0.0,0,0.0,0
30657,treatment,67.08,0,0.0,0
30658,control,831.58,1,82.26,0
30659,control,40.45,0,0.0,0
30660,control,60.67,0,0.0,0
30661,control,0.0,0,0.0,0
30662,treatment,0.0,1,60.32,1
30663,control,0.0,1,95.48,0
30664,treatment,0.0,0,0.0,0
30665,control,51.13,0,0.0,0
30666,treatment,29.85,0,0.0,0
30667,treatment,0.0,0,0.0,0
30668,treatment,176.16,0,0.0,0
30669,control,43.65,0,0.0,0
30670,control,176.6,0,0.0,0
30671,control,62.65,0,0.0,0
30672,treatment,0.0,0,0.0,0
30673,control,0.0,0,0.0,0
30674,control,0.0,0,0.0,0
30675,control,0.0,0,0.0,0
30676,control,0.0,0,0.0,0
30677,treatment,100.64,0,0.0,0
30678,control,0.0,0,0.0,0
30679,control,46.54,0,0.0,0
30680,treatment,0.0,0,0.0,0
30681,control,0.0,0,0.0,0
30682,treatment,0.0,0,0.0,0
30683,control,0.0,0,0.0,0
30684,control,57.82,0,0.0,0
30685,treatment,45.42,0,0.0,0
30686,treatment,0.0,0,0.0,0
30687,control,0.0,0,0.0,0
30688,treatment,82.09,0,0.0,0
30689,control,0.0,0,0.0,0
30690,treatment,0.0,1,38.94,0
30691,treatment,596.03,1,93.2,0
30692,control,104.77,0,0.0,0
30693,control,61.65,0,0.0,0
30694,treatment,0.0,0,0.0,0
30695,control,0.0,0,0.0,0
30696,control,59.62,0,0.0,0
30697,treatment,291.17,0,0.0,0
30698,control,537.85,0,0.0,0
30699,control,0.0,0,0.0,0
30700,control,570.36,1,96.27,0
30701,treatment,103.42,1,22.68,0
30702,treatment,56.66,0,0.0,0
30703,control,0.0,0,0.0,0
30704,control,0.0,0,0.0,0
30705,control,0.0,0,0.0,0
30706,control,0.0,0,0.0,0
30707,control,0.0,0,0.0,0
30708,control,0.0,0,0.0,0
30709,treatment,0.0,0,0.0,0
30710,treatment,41.49,0,0.0,0
30711,control,203.68,0,0.0,0
30712,control,41.43,0,0.0,0
30713,control,173.4,1,53.55,0
30714,treatment,0.0,0,0.0,0
30715,control,0.0,0,0.0,0
30716,treatment,143.75,0,0.0,0
30717,control,0.0,0,0.0,0
30718,control,0.0,0,0.0,0
30719,control,0.0,0,0.0,0
30720,control,130.26,0,0.0,0
30721,treatment,91.05,0,0.0,0
30722,treatment,0.0,0,0.0,0
30723,treatment,0.0,1,22.89,0
30724,treatment,108.48,0,0.0,0
30725,treatment,260.52,0,0.0,0
30726,treatment,151.61,0,0.0,0
30727,treatment,194.39,0,0.0,0
30728,treatment,0.0,0,0.0,0
30729,control,0.0,0,0.0,0
30730,control,53.87,0,0.0,0
30731,control,0.0,0,0.0,0
30732,control,0.0,0,0.0,0
30733,control,0.0,0,0.0,0
30734,control,99.25,0,0.0,0
30735,control,0.0,0,0.0,0
30736,control,47.86,0,0.0,0
30737,control,0.0,0,0.0,0
30738,control,194.88,0,0.0,0
30739,treatment,0.0,1,39.47,0
30740,control,43.95,0,0.0,0
30741,control,0.0,0,0.0,0
30742,control,0.0,0,0.0,0
30743,treatment,0.0,0,0.0,0
30744,treatment,0.0,0,0.0,0
30745,treatment,0.0,0,0.0,0
30746,control,0.0,0,0.0,0
30747,treatment,0.0,1,65.01,0
30748,treatment,145.0,0,0.0,0
30749,treatment,0.0,0,0.0,0
30750,control,124.58,0,0.0,0
30751,control,61.3,0,0.0,0
30752,treatment,0.0,0,0.0,0
30753,treatment,57.41,1,50.65,0
30754,treatment,94.31,1,124.4,0
30755,control,174.7,0,0.0,0
30756,treatment,97.0,0,0.0,0
30757,control,85.18,0,0.0,0
30758,treatment,102.65,1,62.76,0
30759,treatment,0.0,0,0.0,0
30760,control,46.89,1,35.11,0
30761,treatment,127.75,1,109.72,0
30762,treatment,164.93,0,0.0,0
30763,treatment,44.14,1,79.29,0
30764,treatment,48.99,0,0.0,0
30765,control,126.39,1,31.56,0
30766,treatment,54.78,1,87.31,0
30767,control,273.59,0,0.0,0
30768,treatment,448.74,0,0.0,0
30769,control,0.0,0,0.0,0
30770,control,119.87,0,0.0,0
30771,control,39.78,0,0.0,0
30772,control,0.0,1,29.13,0
30773,treatment,56.0,1,49.28,0
30774,treatment,0.0,0,0.0,0
30775,treatment,0.0,0,0.0,0
30776,control,40.19,0,0.0,0
30777,control,0.0,0,0.0,0
30778,control,0.0,0,0.0,0
30779,treatment,128.36,1,54.03,0
30780,treatment,0.0,0,0.0,0
30781,control,0.0,0,0.0,0
30782,treatment,35.62,0,0.0,0
30783,treatment,0.0,0,0.0,0
30784,treatment,0.0,0,0.0,0
30785,treatment,0.0,0,0.0,0
30786,treatment,167.7,0,0.0,0
30787,control,766.11,1,52.91,0
30788,control,118.9,0,0.0,0
30789,treatment,0.0,0,0.0,0
30790,treatment,44.72,0,0.0,0
30791,control,0.0,0,0.0,0
30792,control,0.0,0,0.0,0
30793,treatment,0.0,0,0.0,0
30794,control,65.86,0,0.0,0
30795,treatment,0.0,0,0.0,0
30796,control,0.0,0,0.0,0
30797,treatment,133.49,0,0.0,0
30798,treatment,0.0,0,0.0,0
30799,treatment,0.0,0,0.0,0
30800,control,73.63,0,0.0,0
30801,treatment,189.36,0,0.0,0
30802,control,0.0,0,0.0,0
30803,control,0.0,0,0.0,0
30804,control,85.32,0,0.0,0
30805,treatment,90.17,0,0.0,0
30806,treatment,57.61,0,0.0,0
30807,treatment,0.0,0,0.0,0
30808,treatment,306.62,0,0.0,0
30809,control,0.0,1,49.08,0
30810,treatment,0.0,0,0.0,0
30811,control,43.24,0,0.0,0
30812,treatment,43.51,0,0.0,0
30813,control,98.85,0,0.0,0
30814,control,29.33,0,0.0,0
30815,treatment,0.0,0,0.0,0
30816,control,0.0,0,0.0,0
30817,treatment,38.77,0,0.0,0
30818,control,180.81,0,0.0,0
30819,treatment,0.0,0,0.0,0
30820,treatment,0.0,0,0.0,0
30821,treatment,673.85,0,0.0,0
30822,control,0.0,0,0.0,0
30823,treatment,131.32,0,0.0,0
30824,treatment,37.94,0,0.0,0
30825,treatment,0.0,0,0.0,0
30826,treatment,0.0,0,0.0,0
30827,control,545.75,0,0.0,0
30828,treatment,0.0,0,0.0,0
30829,control,55.36,0,0.0,0
30830,treatment,0.0,0,0.0,0
30831,control,61.4,0,0.0,0
30832,control,0.0,0,0.0,0
30833,treatment,67.08,1,46.71,0
30834,treatment,169.41,0,0.0,0
30835,treatment,0.0,0,0.0,0
30836,treatment,215.49,0,0.0,0
30837,control,101.86,1,59.74,0
30838,treatment,31.6,1,60.11,0
30839,treatment,110.92,1,61.33,0
30840,control,0.0,0,0.0,0
30841,control,27.06,0,0.0,0
30842,treatment,72.47,0,0.0,0
30843,control,0.0,0,0.0,0
30844,control,21.71,0,0.0,0
30845,treatment,111.84,0,0.0,0
30846,treatment,0.0,0,0.0,0
30847,treatment,40.09,0,0.0,0
30848,treatment,0.0,0,0.0,0
30849,treatment,33.09,0,0.0,0
30850,control,646.63,1,112.93,0
30851,control,0.0,0,0.0,0
30852,treatment,0.0,0,0.0,0
30853,treatment,80.14,0,0.0,0
30854,control,64.89,0,0.0,0
30855,treatment,0.0,0,0.0,0
30856,control,0.0,0,0.0,0
30857,control,0.0,0,0.0,0
30858,control,0.0,0,0.0,0
30859,treatment,64.08,0,0.0,0
30860,control,0.0,0,0.0,0
30861,treatment,228.49,0,0.0,0
30862,control,108.37,0,0.0,0
30863,treatment,0.0,0,0.0,0
30864,control,74.1,0,0.0,0
30865,treatment,0.0,0,0.0,0
30866,treatment,0.0,0,0.0,0
30867,treatment,0.0,0,0.0,0
30868,treatment,0.0,0,0.0,0
30869,control,0.0,0,0.0,0
30870,treatment,44.68,0,0.0,0
30871,control,0.0,1,40.41,0
30872,control,83.36,0,0.0,0
30873,control,0.0,0,0.0,0
30874,treatment,0.0,0,0.0,0
30875,control,52.26,1,26.94,0
30876,control,0.0,0,0.0,0
30877,treatment,0.0,0,0.0,0
30878,treatment,134.85,0,0.0,0
30879,treatment,0.0,0,0.0,0
30880,treatment,19.4,0,0.0,0
30881,treatment,54.79,0,0.0,0
30882,control,0.0,0,0.0,0
30883,control,799.23,0,0.0,0
30884,control,42.22,0,0.0,0
30885,treatment,0.0,0,0.0,0
30886,control,0.0,0,0.0,0
30887,treatment,41.4,0,0.0,0
30888,treatment,0.0,1,121.24,0
30889,treatment,0.0,0,0.0,0
30890,treatment,0.0,0,0.0,0
30891,treatment,26.88,0,0.0,0
30892,treatment,309.17,0,0.0,0
30893,treatment,0.0,0,0.0,0
30894,treatment,0.0,0,0.0,0
30895,treatment,197.24,0,0.0,0
30896,treatment,61.06,0,0.0,0
30897,control,0.0,0,0.0,0
30898,control,126.68,0,0.0,0
30899,control,62.33,1,34.67,0
30900,control,31.41,0,0.0,0
30901,control,0.0,0,0.0,0
30902,treatment,71.7,0,0.0,0
30903,treatment,0.0,1,41.64,0
30904,control,0.0,0,0.0,0
30905,control,43.08,0,0.0,0
30906,control,0.0,0,0.0,0
30907,treatment,39.47,0,0.0,0
30908,control,38.68,0,0.0,0
30909,treatment,121.09,1,99.02,0
30910,treatment,29.36,0,0.0,0
30911,control,60.15,0,0.0,0
30912,treatment,57.16,0,0.0,0
30913,control,0.0,0,0.0,0
30914,treatment,33.29,0,0.0,0
30915,control,186.99,1,86.48,0
30916,treatment,82.79,1,36.39,0
30917,treatment,0.0,0,0.0,0
30918,treatment,162.5,1,255.64,0
30919,control,0.0,0,0.0,0
30920,treatment,61.28,0,0.0,0
30921,control,0.0,0,0.0,0
30922,control,0.0,0,0.0,0
30923,treatment,0.0,0,0.0,0
30924,treatment,0.0,0,0.0,0
30925,control,0.0,0,0.0,0
30926,treatment,62.29,0,0.0,0
30927,control,0.0,0,0.0,0
30928,treatment,0.0,0,0.0,0
30929,control,0.0,0,0.0,0
30930,control,71.71,0,0.0,0
30931,control,0.0,0,0.0,0
30932,treatment,0.0,0,0.0,0
30933,treatment,20.54,0,0.0,0
30934,control,47.59,0,0.0,0
30935,control,0.0,0,0.0,0
30936,control,87.32,0,0.0,0
30937,treatment,0.0,0,0.0,0
30938,control,66.06,0,0.0,0
30939,control,93.87,0,0.0,0
30940,control,0.0,0,0.0,0
30941,control,0.0,0,0.0,0
30942,control,0.0,0,0.0,0
30943,control,0.0,0,0.0,0
30944,control,0.0,0,0.0,0
30945,control,0.0,0,0.0,0
30946,control,492.38,1,116.91,0
30947,control,80.22,1,21.67,0
30948,control,0.0,0,0.0,0
30949,treatment,0.0,0,0.0,0
30950,control,114.04,0,0.0,0
30951,treatment,80.44,0,0.0,0
30952,control,0.0,0,0.0,0
30953,treatment,60.13,0,0.0,0
30954,control,83.83,0,0.0,0
30955,control,0.0,0,0.0,0
30956,control,78.91,0,0.0,0
30957,treatment,0.0,0,0.0,0
30958,control,49.67,0,0.0,0
30959,control,76.02,0,0.0,0
30960,control,485.49,1,64.7,0
30961,treatment,56.62,0,0.0,0
30962,control,0.0,0,0.0,0
30963,treatment,31.16,0,0.0,0
30964,control,0.0,0,0.0,0
30965,treatment,0.0,0,0.0,0
30966,treatment,0.0,0,0.0,0
30967,treatment,0.0,0,0.0,0
30968,treatment,42.06,0,0.0,0
30969,control,0.0,0,0.0,0
30970,treatment,0.0,0,0.0,0
30971,treatment,58.08,0,0.0,0
30972,control,124.37,0,0.0,0
30973,control,37.07,0,0.0,0
30974,control,0.0,0,0.0,0
30975,control,0.0,0,0.0,0
30976,treatment,75.75,1,104.92,0
30977,control,0.0,1,40.78,0
30978,treatment,119.56,0,0.0,0
30979,control,160.16,1,68.19,0
30980,control,0.0,0,0.0,0
30981,treatment,513.52,0,0.0,0
30982,treatment,38.71,0,0.0,0
30983,treatment,33.42,0,0.0,0
30984,treatment,0.0,0,0.0,0
30985,control,0.0,0,0.0,0
30986,treatment,0.0,0,0.0,0
30987,control,46.11,0,0.0,0
30988,treatment,0.0,0,0.0,0
30989,treatment,35.5,0,0.0,0
30990,control,606.6,1,116.02,0
30991,control,0.0,0,0.0,0
30992,treatment,0.0,0,0.0,0
30993,treatment,0.0,0,0.0,0
30994,control,25.82,0,0.0,0
30995,treatment,0.0,0,0.0,0
30996,treatment,115.05,0,0.0,0
30997,treatment,390.33,0,0.0,0
30998,treatment,0.0,0,0.0,0
30999,treatment,0.0,0,0.0,0
31000,control,44.98,0,0.0,0
31001,treatment,0.0,0,0.0,0
31002,control,136.62,1,62.07,0
31003,treatment,39.85,0,0.0,0
31004,control,0.0,0,0.0,0
31005,treatment,0.0,0,0.0,0
31006,treatment,437.73,0,0.0,0
31007,control,0.0,0,0.0,0
31008,control,0.0,0,0.0,0
31009,treatment,0.0,0,0.0,0
31010,control,105.69,0,0.0,0
31011,treatment,54.83,0,0.0,0
31012,treatment,0.0,0,0.0,0
31013,control,0.0,0,0.0,0
31014,control,0.0,0,0.0,0
31015,treatment,90.95,0,0.0,0
31016,treatment,53.12,0,0.0,0
31017,control,0.0,0,0.0,0
31018,control,39.04,0,0.0,0
31019,treatment,45.36,0,0.0,0
31020,control,0.0,0,0.0,0
31021,control,179.54,0,0.0,0
31022,control,0.0,0,0.0,0
31023,treatment,0.0,0,0.0,0
31024,treatment,395.84,0,0.0,0
31025,treatment,0.0,0,0.0,0
31026,treatment,32.46,0,0.0,0
31027,treatment,36.15,0,0.0,0
31028,control,66.04,0,0.0,0
31029,treatment,0.0,0,0.0,0
31030,treatment,94.8,0,0.0,0
31031,treatment,200.19,0,0.0,0
31032,treatment,50.25,0,0.0,0
31033,control,0.0,0,0.0,0
31034,treatment,68.31,1,189.7,0
31035,treatment,0.0,0,0.0,0
31036,control,40.3,0,0.0,0
31037,treatment,36.44,0,0.0,0
31038,control,0.0,0,0.0,0
31039,control,0.0,0,0.0,0
31040,control,0.0,0,0.0,0
31041,treatment,489.57,1,30.9,0
31042,control,170.58,0,0.0,0
31043,treatment,78.73,1,68.56,0
31044,treatment,0.0,0,0.0,0
31045,treatment,0.0,0,0.0,0
31046,treatment,0.0,0,0.0,0
31047,control,268.89,1,24.31,0
31048,treatment,0.0,0,0.0,0
31049,treatment,88.27,0,0.0,0
31050,control,25.18,0,0.0,0
31051,treatment,249.98,1,30.54,0
31052,treatment,369.42,0,0.0,0
31053,control,0.0,0,0.0,0
31054,treatment,0.0,0,0.0,0
31055,treatment,0.0,0,0.0,0
31056,control,181.0,1,40.36,0
31057,treatment,0.0,0,0.0,0
31058,control,0.0,0,0.0,0
31059,treatment,188.91,0,0.0,0
31060,treatment,519.27,0,0.0,0
31061,treatment,42.82,0,0.0,0
31062,treatment,0.0,0,0.0,0
31063,control,1158.18,1,116.68,0
31064,control,51.03,0,0.0,0
31065,treatment,191.77,0,0.0,0
31066,treatment,0.0,0,0.0,0
31067,control,112.52,0,0.0,0
31068,control,0.0,0,0.0,0
31069,control,84.18,0,0.0,0
31070,control,246.86,0,0.0,0
31071,control,0.0,0,0.0,0
31072,treatment,0.0,1,117.65,0
31073,treatment,0.0,0,0.0,0
31074,treatment,0.0,0,0.0,0
31075,control,100.21,0,0.0,0
31076,control,0.0,0,0.0,0
31077,treatment,27.09,0,0.0,0
31078,control,56.75,0,0.0,0
31079,treatment,32.74,0,0.0,0
31080,control,0.0,0,0.0,0
31081,treatment,0.0,0,0.0,0
31082,treatment,52.29,0,0.0,0
31083,control,1387.7,1,52.36,0
31084,control,71.73,0,0.0,0
31085,treatment,326.12,0,0.0,0
31086,treatment,47.62,0,0.0,0
31087,control,0.0,0,0.0,0
31088,treatment,0.0,0,0.0,0
31089,control,57.58,0,0.0,0
31090,treatment,82.0,0,0.0,0
31091,treatment,53.19,0,0.0,0
31092,control,53.88,0,0.0,0
31093,control,33.84,0,0.0,0
31094,control,0.0,0,0.0,0
31095,control,0.0,0,0.0,0
31096,treatment,0.0,0,0.0,0
31097,control,0.0,0,0.0,0
31098,control,0.0,0,0.0,0
31099,control,49.16,0,0.0,0
31100,treatment,264.26,0,0.0,0
31101,treatment,0.0,0,0.0,0
31102,treatment,0.0,0,0.0,0
31103,control,94.49,0,0.0,0
31104,control,42.96,1,79.67,0
31105,treatment,0.0,0,0.0,0
31106,treatment,0.0,0,0.0,0
31107,treatment,0.0,0,0.0,0
31108,control,82.68,0,0.0,0
31109,control,0.0,0,0.0,0
31110,control,0.0,0,0.0,0
31111,control,0.0,0,0.0,0
31112,treatment,36.92,0,0.0,0
31113,control,0.0,0,0.0,0
31114,control,0.0,0,0.0,0
31115,treatment,0.0,0,0.0,0
31116,control,0.0,0,0.0,0
31117,treatment,0.0,0,0.0,0
31118,treatment,49.62,0,0.0,0
31119,treatment,403.2,0,0.0,0
31120,control,134.73,0,0.0,0
31121,control,73.37,0,0.0,0
31122,control,0.0,0,0.0,0
31123,control,0.0,0,0.0,0
31124,treatment,269.07,0,0.0,0
31125,treatment,64.44,0,0.0,0
31126,treatment,0.0,0,0.0,0
31127,treatment,0.0,0,0.0,0
31128,treatment,23.76,0,0.0,0
31129,treatment,0.0,0,0.0,0
31130,control,0.0,0,0.0,0
31131,treatment,0.0,0,0.0,0
31132,control,0.0,0,0.0,0
31133,treatment,0.0,0,0.0,0
31134,treatment,199.73,0,0.0,0
31135,control,69.29,0,0.0,0
31136,control,0.0,0,0.0,0
31137,control,349.19,1,46.54,1
31138,control,0.0,0,0.0,0
31139,treatment,55.73,0,0.0,0
31140,control,50.26,0,0.0,0
31141,control,0.0,0,0.0,0
31142,treatment,0.0,0,0.0,0
31143,treatment,0.0,0,0.0,0
31144,treatment,88.77,0,0.0,0
31145,treatment,0.0,0,0.0,0
31146,control,0.0,0,0.0,0
31147,control,0.0,0,0.0,0
31148,treatment,0.0,0,0.0,0
31149,control,0.0,0,0.0,0
31150,control,50.12,0,0.0,0
31151,control,0.0,0,0.0,0
31152,treatment,82.54,0,0.0,0
31153,control,40.48,0,0.0,0
31154,treatment,0.0,0,0.0,0
31155,treatment,52.48,0,0.0,0
31156,control,0.0,0,0.0,0
31157,treatment,0.0,0,0.0,0
31158,control,0.0,0,0.0,0
31159,treatment,0.0,0,0.0,0
31160,control,0.0,0,0.0,0
31161,treatment,187.23,0,0.0,0
31162,control,0.0,0,0.0,0
31163,control,147.26,0,0.0,0
31164,control,0.0,0,0.0,0
31165,treatment,0.0,0,0.0,0
31166,control,0.0,0,0.0,0
31167,control,0.0,0,0.0,0
31168,control,61.17,0,0.0,0
31169,treatment,0.0,0,0.0,0
31170,treatment,0.0,0,0.0,0
31171,treatment,177.79,1,38.71,0
31172,treatment,54.99,0,0.0,0
31173,treatment,0.0,0,0.0,0
31174,treatment,0.0,0,0.0,0
31175,treatment,81.78,0,0.0,0
31176,control,39.04,0,0.0,0
31177,control,94.46,0,0.0,0
31178,treatment,0.0,0,0.0,0
31179,control,202.66,1,31.73,0
31180,treatment,115.17,0,0.0,0
31181,control,72.89,0,0.0,0
31182,control,32.3,1,21.39,0
31183,control,208.39,0,0.0,0
31184,control,0.0,0,0.0,0
31185,control,0.0,0,0.0,0
31186,treatment,0.0,0,0.0,0
31187,treatment,162.14,0,0.0,0
31188,treatment,0.0,0,0.0,0
31189,control,23.46,0,0.0,0
31190,treatment,0.0,0,0.0,0
31191,control,31.14,0,0.0,0
31192,control,78.09,0,0.0,0
31193,control,0.0,0,0.0,0
31194,treatment,0.0,0,0.0,0
31195,treatment,0.0,0,0.0,0
31196,treatment,72.39,0,0.0,0
31197,treatment,104.13,0,0.0,0
31198,control,0.0,0,0.0,0
31199,control,67.45,0,0.0,0
31200,control,0.0,0,0.0,0
31201,treatment,117.81,0,0.0,0
31202,control,0.0,0,0.0,0
31203,control,0.0,0,0.0,0
31204,control,0.0,0,0.0,0
31205,treatment,0.0,0,0.0,0
31206,control,0.0,0,0.0,0
31207,treatment,0.0,0,0.0,0
31208,control,234.39,0,0.0,0
31209,control,0.0,0,0.0,0
31210,treatment,361.2,0,0.0,0
31211,treatment,110.42,0,0.0,0
31212,treatment,0.0,0,0.0,0
31213,control,0.0,0,0.0,0
31214,treatment,43.82,0,0.0,0
31215,treatment,64.61,0,0.0,0
31216,control,0.0,0,0.0,0
31217,treatment,0.0,0,0.0,0
31218,control,0.0,0,0.0,0
31219,control,0.0,0,0.0,0
31220,control,265.67,0,0.0,0
31221,treatment,188.03,0,0.0,0
31222,control,33.97,0,0.0,0
31223,control,0.0,0,0.0,0
31224,treatment,0.0,0,0.0,0
31225,control,0.0,0,0.0,0
31226,treatment,0.0,0,0.0,0
31227,control,72.3,0,0.0,0
31228,treatment,0.0,0,0.0,0
31229,treatment,153.43,0,0.0,0
31230,treatment,120.29,0,0.0,0
31231,control,52.97,0,0.0,0
31232,control,0.0,0,0.0,0
31233,control,0.0,0,0.0,0
31234,control,0.0,0,0.0,0
31235,control,0.0,0,0.0,0
31236,control,70.22,0,0.0,0
31237,treatment,439.46,1,159.88,0
31238,control,0.0,0,0.0,0
31239,treatment,159.89,0,0.0,0
31240,treatment,1026.87,1,56.24,0
31241,treatment,0.0,0,0.0,0
31242,control,0.0,0,0.0,0
31243,control,0.0,0,0.0,0
31244,control,81.19,0,0.0,0
31245,control,0.0,0,0.0,0
31246,control,0.0,0,0.0,0
31247,treatment,0.0,0,0.0,0
31248,treatment,33.53,1,27.11,0
31249,treatment,0.0,1,31.2,1
31250,control,0.0,0,0.0,0
31251,treatment,59.38,0,0.0,0
31252,control,103.43,0,0.0,0
31253,treatment,124.07,0,0.0,0
31254,control,0.0,0,0.0,0
31255,treatment,285.02,1,64.92,0
31256,control,64.99,1,43.57,0
31257,control,0.0,0,0.0,0
31258,control,0.0,0,0.0,0
31259,treatment,257.11,0,0.0,0
31260,control,0.0,0,0.0,0
31261,control,187.56,0,0.0,0
31262,control,28.78,0,0.0,0
31263,treatment,67.23,0,0.0,0
31264,control,216.31,0,0.0,0
31265,treatment,0.0,1,155.82,0
31266,treatment,43.84,0,0.0,0
31267,treatment,581.16,0,0.0,0
31268,treatment,0.0,0,0.0,0
31269,treatment,1409.81,1,129.48,0
31270,treatment,0.0,0,0.0,0
31271,control,0.0,1,83.77,0
31272,treatment,33.41,0,0.0,0
31273,treatment,28.51,0,0.0,0
31274,treatment,0.0,0,0.0,0
31275,control,30.93,0,0.0,0
31276,treatment,0.0,0,0.0,0
31277,treatment,37.81,1,43.82,0
31278,treatment,0.0,0,0.0,0
31279,treatment,42.06,0,0.0,0
31280,control,0.0,0,0.0,0
31281,control,0.0,0,0.0,0
31282,treatment,0.0,0,0.0,0
31283,treatment,139.78,0,0.0,0
31284,control,0.0,0,0.0,0
31285,treatment,0.0,1,45.22,0
31286,control,0.0,0,0.0,0
31287,treatment,0.0,0,0.0,0
31288,treatment,493.79,1,45.05,0
31289,control,108.49,0,0.0,0
31290,treatment,0.0,0,0.0,0
31291,treatment,0.0,0,0.0,0
31292,treatment,44.79,0,0.0,0
31293,treatment,0.0,0,0.0,0
31294,treatment,79.42,0,0.0,0
31295,treatment,0.0,0,0.0,0
31296,treatment,144.23,0,0.0,0
31297,treatment,162.91,0,0.0,0
31298,treatment,52.58,0,0.0,0
31299,treatment,93.09,0,0.0,0
31300,treatment,0.0,0,0.0,0
31301,treatment,0.0,0,0.0,0
31302,control,0.0,0,0.0,0
31303,control,71.73,0,0.0,0
31304,treatment,62.33,0,0.0,0
31305,control,210.54,0,0.0,0
31306,control,71.27,1,41.69,1
31307,control,65.6,0,0.0,0
31308,treatment,178.68,0,0.0,0
31309,control,22.95,0,0.0,0
31310,treatment,0.0,0,0.0,0
31311,treatment,0.0,0,0.0,0
31312,treatment,23.19,0,0.0,0
31313,treatment,56.62,0,0.0,0
31314,treatment,95.78,0,0.0,0
31315,treatment,0.0,1,59.16,0
31316,treatment,0.0,0,0.0,0
31317,treatment,91.6,0,0.0,0
31318,control,0.0,0,0.0,0
31319,treatment,0.0,0,0.0,0
31320,treatment,0.0,0,0.0,0
31321,treatment,124.62,0,0.0,0
31322,treatment,55.02,0,0.0,0
31323,treatment,1481.55,0,0.0,0
31324,treatment,0.0,0,0.0,0
31325,treatment,0.0,0,0.0,0
31326,control,60.65,0,0.0,0
31327,control,0.0,0,0.0,0
31328,control,132.83,0,0.0,0
31329,control,0.0,0,0.0,0
31330,control,0.0,0,0.0,0
31331,treatment,0.0,0,0.0,0
31332,treatment,0.0,0,0.0,0
31333,control,51.48,0,0.0,0
31334,treatment,0.0,0,0.0,0
31335,treatment,0.0,0,0.0,0
31336,treatment,447.91,1,121.5,0
31337,treatment,108.8,0,0.0,0
31338,treatment,0.0,0,0.0,0
31339,treatment,0.0,0,0.0,0
31340,treatment,280.49,1,85.05,0
31341,treatment,0.0,0,0.0,0
31342,control,0.0,0,0.0,0
31343,treatment,57.99,0,0.0,0
31344,treatment,0.0,0,0.0,0
31345,treatment,68.66,1,69.7,0
31346,treatment,0.0,0,0.0,0
31347,treatment,0.0,1,76.01,0
31348,treatment,36.66,0,0.0,0
31349,treatment,0.0,0,0.0,0
31350,treatment,0.0,0,0.0,0
31351,treatment,0.0,0,0.0,0
31352,treatment,124.72,0,0.0,0
31353,control,52.91,0,0.0,0
31354,treatment,0.0,0,0.0,0
31355,control,0.0,0,0.0,0
31356,treatment,0.0,0,0.0,0
31357,control,0.0,0,0.0,0
31358,treatment,15.3,0,0.0,0
31359,control,138.09,0,0.0,0
31360,treatment,43.7,0,0.0,0
31361,control,0.0,0,0.0,0
31362,control,0.0,0,0.0,0
31363,control,0.0,0,0.0,0
31364,treatment,182.37,0,0.0,0
31365,control,0.0,0,0.0,0
31366,control,0.0,0,0.0,0
31367,control,183.83,0,0.0,0
31368,treatment,0.0,1,64.26,0
31369,control,0.0,0,0.0,0
31370,control,0.0,0,0.0,0
31371,treatment,372.7,1,68.3,0
31372,control,140.71,0,0.0,0
31373,treatment,0.0,0,0.0,0
31374,control,0.0,0,0.0,0
31375,treatment,131.58,0,0.0,0
31376,treatment,0.0,0,0.0,0
31377,treatment,0.0,0,0.0,0
31378,control,50.5,0,0.0,0
31379,control,0.0,0,0.0,0
31380,control,83.2,0,0.0,0
31381,treatment,0.0,1,42.22,0
31382,treatment,0.0,0,0.0,0
31383,control,0.0,0,0.0,0
31384,treatment,36.85,0,0.0,0
31385,control,0.0,0,0.0,0
31386,control,30.04,0,0.0,0
31387,control,20.8,0,0.0,0
31388,control,74.92,0,0.0,0
31389,control,0.0,0,0.0,0
31390,treatment,80.76,0,0.0,0
31391,treatment,0.0,0,0.0,0
31392,treatment,161.26,0,0.0,0
31393,control,0.0,0,0.0,0
31394,treatment,45.76,0,0.0,0
31395,control,0.0,0,0.0,0
31396,treatment,0.0,0,0.0,0
31397,control,74.81,0,0.0,0
31398,treatment,390.85,1,45.98,0
31399,treatment,42.97,0,0.0,0
31400,treatment,144.52,0,0.0,0
31401,treatment,78.88,0,0.0,0
31402,treatment,46.88,0,0.0,0
31403,control,209.91,1,62.31,0
31404,control,88.23,0,0.0,0
31405,control,32.31,0,0.0,0
31406,control,0.0,0,0.0,0
31407,treatment,0.0,0,0.0,0
31408,treatment,0.0,0,0.0,0
31409,treatment,394.51,1,45.47,0
31410,treatment,0.0,0,0.0,0
31411,treatment,0.0,0,0.0,0
31412,control,92.5,0,0.0,0
31413,treatment,234.44,0,0.0,0
31414,treatment,0.0,0,0.0,0
31415,control,69.9,0,0.0,0
31416,control,33.44,0,0.0,0
31417,control,0.0,0,0.0,0
31418,control,0.0,0,0.0,0
31419,treatment,0.0,1,14.65,0
31420,control,159.19,0,0.0,0
31421,treatment,0.0,0,0.0,0
31422,control,0.0,1,69.99,0
31423,treatment,0.0,0,0.0,0
31424,treatment,93.46,0,0.0,0
31425,treatment,0.0,0,0.0,0
31426,treatment,0.0,0,0.0,0
31427,control,31.98,0,0.0,0
31428,treatment,0.0,0,0.0,0
31429,control,0.0,0,0.0,0
31430,control,0.0,1,28.61,0
31431,treatment,60.66,0,0.0,0
31432,treatment,579.0,0,0.0,0
31433,treatment,53.77,0,0.0,0
31434,treatment,72.91,1,108.91,0
31435,control,0.0,0,0.0,0
31436,control,15.13,0,0.0,0
31437,control,36.4,0,0.0,0
31438,control,0.0,0,0.0,0
31439,treatment,0.0,0,0.0,0
31440,treatment,0.0,0,0.0,0
31441,control,0.0,0,0.0,0
31442,treatment,0.0,0,0.0,0
31443,treatment,0.0,0,0.0,0
31444,treatment,0.0,0,0.0,0
31445,treatment,133.01,0,0.0,0
31446,control,0.0,0,0.0,0
31447,treatment,0.0,0,0.0,0
31448,treatment,61.76,0,0.0,0
31449,treatment,0.0,0,0.0,0
31450,control,0.0,0,0.0,0
31451,treatment,153.91,0,0.0,0
31452,control,425.83,0,0.0,0
31453,treatment,0.0,0,0.0,0
31454,treatment,62.91,0,0.0,0
31455,control,0.0,0,0.0,0
31456,treatment,100.64,0,0.0,0
31457,control,208.09,1,51.62,0
31458,control,155.1,0,0.0,0
31459,treatment,519.77,1,260.77,0
31460,treatment,0.0,0,0.0,0
31461,control,48.01,0,0.0,0
31462,treatment,90.15,0,0.0,0
31463,treatment,105.73,0,0.0,0
31464,treatment,0.0,0,0.0,0
31465,treatment,0.0,0,0.0,0
31466,treatment,0.0,0,0.0,0
31467,treatment,61.88,0,0.0,0
31468,control,0.0,0,0.0,0
31469,control,0.0,0,0.0,0
31470,treatment,0.0,1,114.19,0
31471,control,106.33,1,46.25,0
31472,control,0.0,0,0.0,0
31473,control,16.9,0,0.0,0
31474,treatment,0.0,0,0.0,0
31475,treatment,123.12,0,0.0,0
31476,control,0.0,0,0.0,0
31477,treatment,64.65,0,0.0,0
31478,treatment,0.0,0,0.0,0
31479,control,43.43,1,183.4,0
31480,control,607.99,1,35.96,0
31481,treatment,0.0,0,0.0,0
31482,control,1605.13,1,89.15,0
31483,control,42.43,0,0.0,0
31484,treatment,60.94,0,0.0,0
31485,control,57.6,0,0.0,0
31486,treatment,0.0,0,0.0,0
31487,treatment,0.0,0,0.0,0
31488,treatment,33.99,0,0.0,0
31489,control,0.0,0,0.0,0
31490,treatment,0.0,0,0.0,0
31491,treatment,0.0,1,22.6,0
31492,control,53.88,1,49.89,0
31493,treatment,0.0,0,0.0,0
31494,treatment,190.25,0,0.0,0
31495,control,0.0,0,0.0,0
31496,treatment,30.12,1,45.52,0
31497,control,59.82,1,44.09,0
31498,control,0.0,0,0.0,0
31499,treatment,0.0,1,130.31,0
31500,treatment,640.16,0,0.0,0
31501,control,83.69,0,0.0,0
31502,treatment,175.21,0,0.0,0
31503,control,0.0,0,0.0,0
31504,treatment,0.0,0,0.0,0
31505,treatment,17.4,0,0.0,0
31506,treatment,0.0,0,0.0,0
31507,treatment,68.83,0,0.0,0
31508,treatment,50.02,0,0.0,0
31509,treatment,50.32,0,0.0,0
31510,control,0.0,0,0.0,0
31511,treatment,0.0,0,0.0,0
31512,treatment,465.05,1,80.52,0
31513,treatment,495.7,0,0.0,0
31514,control,37.68,0,0.0,0
31515,treatment,76.8,0,0.0,0
31516,treatment,0.0,0,0.0,0
31517,treatment,0.0,0,0.0,0
31518,control,51.48,0,0.0,0
31519,treatment,52.17,0,0.0,0
31520,treatment,84.24,0,0.0,0
31521,treatment,0.0,0,0.0,0
31522,control,0.0,0,0.0,0
31523,treatment,175.04,0,0.0,0
31524,control,31.0,0,0.0,0
31525,treatment,118.43,0,0.0,0
31526,treatment,42.67,0,0.0,0
31527,treatment,0.0,0,0.0,0
31528,control,0.0,0,0.0,0
31529,treatment,0.0,0,0.0,0
31530,control,199.25,0,0.0,0
31531,treatment,64.2,0,0.0,0
31532,control,0.0,0,0.0,0
31533,treatment,129.19,0,0.0,0
31534,treatment,75.87,0,0.0,0
31535,treatment,0.0,1,46.41,0
31536,control,0.0,0,0.0,0
31537,treatment,42.54,0,0.0,0
31538,treatment,156.02,0,0.0,0
31539,control,0.0,0,0.0,0
31540,control,70.47,0,0.0,0
31541,control,0.0,0,0.0,0
31542,control,97.45,0,0.0,0
31543,treatment,0.0,0,0.0,0
31544,treatment,0.0,0,0.0,0
31545,control,0.0,0,0.0,0
31546,treatment,64.61,0,0.0,0
31547,treatment,0.0,0,0.0,0
31548,control,0.0,0,0.0,0
31549,treatment,0.0,0,0.0,0
31550,control,0.0,0,0.0,0
31551,treatment,0.0,0,0.0,0
31552,control,173.89,0,0.0,0
31553,control,0.0,0,0.0,0
31554,treatment,0.0,0,0.0,0
31555,control,0.0,0,0.0,0
31556,treatment,180.64,1,77.16,0
31557,treatment,0.0,1,113.23,0
31558,treatment,0.0,0,0.0,0
31559,control,0.0,0,0.0,0
31560,treatment,57.62,0,0.0,0
31561,control,0.0,1,41.29,0
31562,treatment,127.22,0,0.0,0
31563,treatment,215.07,0,0.0,0
31564,control,0.0,0,0.0,0
31565,control,152.92,0,0.0,0
31566,treatment,0.0,1,68.65,0
31567,treatment,107.37,0,0.0,0
31568,treatment,86.38,0,0.0,0
31569,control,0.0,0,0.0,0
31570,control,320.0,0,0.0,0
31571,treatment,0.0,0,0.0,0
31572,treatment,0.0,0,0.0,0
31573,treatment,0.0,0,0.0,0
31574,control,87.36,0,0.0,0
31575,treatment,221.46,0,0.0,0
31576,treatment,0.0,0,0.0,0
31577,treatment,367.78,1,46.79,0
31578,treatment,40.17,0,0.0,0
31579,control,139.63,0,0.0,0
31580,treatment,0.0,0,0.0,0
31581,treatment,0.0,0,0.0,0
31582,control,66.2,0,0.0,0
31583,treatment,94.93,0,0.0,0
31584,treatment,0.0,0,0.0,0
31585,control,0.0,0,0.0,0
31586,control,0.0,0,0.0,0
31587,control,66.95,0,0.0,0
31588,control,39.98,0,0.0,0
31589,treatment,0.0,0,0.0,0
31590,control,0.0,0,0.0,0
31591,treatment,0.0,0,0.0,0
31592,treatment,107.53,0,0.0,0
31593,treatment,107.65,1,48.82,0
31594,treatment,117.93,1,97.14,0
31595,treatment,56.52,0,0.0,0
31596,control,52.77,0,0.0,0
31597,treatment,70.88,0,0.0,0
31598,treatment,28.77,0,0.0,0
31599,treatment,51.36,0,0.0,0
31600,control,44.49,0,0.0,0
31601,treatment,0.0,0,0.0,0
31602,treatment,36.98,0,0.0,0
31603,control,0.0,0,0.0,0
31604,control,28.38,0,0.0,0
31605,control,106.65,0,0.0,0
31606,treatment,323.88,0,0.0,0
31607,control,99.39,0,0.0,0
31608,control,0.0,0,0.0,0
31609,control,95.74,0,0.0,0
31610,control,0.0,0,0.0,0
31611,control,81.64,1,23.44,0
31612,control,49.4,0,0.0,0
31613,control,439.53,0,0.0,0
31614,treatment,53.22,0,0.0,0
31615,control,0.0,0,0.0,0
31616,treatment,90.06,0,0.0,0
31617,treatment,0.0,0,0.0,0
31618,control,0.0,0,0.0,0
31619,control,0.0,0,0.0,0
31620,control,0.0,0,0.0,0
31621,control,0.0,0,0.0,0
31622,control,32.95,0,0.0,0
31623,treatment,134.19,0,0.0,0
31624,treatment,0.0,0,0.0,0
31625,control,338.82,1,48.15,0
31626,control,568.74,1,94.53,0
31627,treatment,0.0,0,0.0,0
31628,treatment,960.95,0,0.0,0
31629,treatment,0.0,0,0.0,0
31630,control,0.0,0,0.0,0
31631,control,0.0,0,0.0,0
31632,treatment,0.0,0,0.0,0
31633,treatment,280.11,0,0.0,0
31634,treatment,0.0,0,0.0,0
31635,control,0.0,0,0.0,0
31636,control,0.0,0,0.0,0
31637,treatment,0.0,1,33.39,0
31638,control,56.74,0,0.0,0
31639,treatment,0.0,1,33.42,0
31640,treatment,136.65,0,0.0,0
31641,control,37.1,0,0.0,0
31642,control,120.76,1,82.98,0
31643,control,42.78,0,0.0,0
31644,treatment,0.0,0,0.0,0
31645,control,0.0,0,0.0,0
31646,control,74.5,0,0.0,0
31647,control,110.82,0,0.0,0
31648,treatment,97.28,0,0.0,0
31649,control,0.0,0,0.0,0
31650,control,0.0,0,0.0,0
31651,treatment,107.52,0,0.0,0
31652,control,108.32,0,0.0,0
31653,treatment,0.0,0,0.0,0
31654,control,0.0,0,0.0,0
31655,treatment,63.19,0,0.0,0
31656,treatment,0.0,0,0.0,0
31657,control,0.0,0,0.0,0
31658,treatment,0.0,0,0.0,0
31659,treatment,0.0,0,0.0,0
31660,treatment,51.76,0,0.0,0
31661,control,0.0,0,0.0,0
31662,treatment,0.0,0,0.0,0
31663,treatment,0.0,0,0.0,0
31664,control,0.0,0,0.0,0
31665,control,62.49,0,0.0,0
31666,control,135.15,0,0.0,0
31667,control,0.0,0,0.0,0
31668,treatment,19.7,1,21.0,0
31669,control,0.0,0,0.0,0
31670,control,56.92,0,0.0,0
31671,control,0.0,0,0.0,0
31672,control,0.0,0,0.0,0
31673,control,47.09,0,0.0,0
31674,control,0.0,0,0.0,0
31675,control,49.38,0,0.0,0
31676,control,0.0,0,0.0,0
31677,control,64.68,0,0.0,0
31678,treatment,1253.28,1,158.32,0
31679,treatment,0.0,0,0.0,0
31680,control,549.39,0,0.0,0
31681,treatment,0.0,0,0.0,0
31682,control,84.39,0,0.0,0
31683,treatment,645.98,1,102.14,0
31684,control,0.0,1,18.69,0
31685,treatment,0.0,0,0.0,0
31686,treatment,0.0,0,0.0,0
31687,treatment,0.0,0,0.0,0
31688,control,0.0,0,0.0,0
31689,control,0.0,0,0.0,0
31690,control,50.52,0,0.0,0
31691,treatment,84.36,0,0.0,0
31692,control,0.0,0,0.0,0
31693,treatment,0.0,0,0.0,0
31694,control,54.17,0,0.0,0
31695,treatment,58.12,0,0.0,0
31696,control,337.52,1,124.05,0
31697,treatment,0.0,0,0.0,0
31698,control,117.23,1,92.14,0
31699,control,0.0,0,0.0,0
31700,control,95.12,1,152.87,0
31701,control,0.0,0,0.0,0
31702,control,0.0,0,0.0,0
31703,control,37.91,0,0.0,0
31704,treatment,0.0,0,0.0,0
31705,treatment,43.15,0,0.0,0
31706,treatment,0.0,0,0.0,0
31707,control,0.0,0,0.0,0
31708,control,0.0,0,0.0,0
31709,control,310.71,0,0.0,0
31710,treatment,0.0,0,0.0,0
31711,treatment,0.0,0,0.0,0
31712,treatment,0.0,0,0.0,0
31713,treatment,0.0,0,0.0,0
31714,treatment,50.25,0,0.0,0
31715,treatment,57.32,0,0.0,0
31716,treatment,0.0,0,0.0,0
31717,treatment,0.0,0,0.0,0
31718,treatment,0.0,0,0.0,0
31719,treatment,57.48,0,0.0,0
31720,treatment,0.0,0,0.0,0
31721,control,49.85,0,0.0,0
31722,control,0.0,0,0.0,0
31723,treatment,0.0,0,0.0,0
31724,treatment,0.0,0,0.0,0
31725,control,0.0,0,0.0,0
31726,treatment,70.16,0,0.0,0
31727,control,61.98,0,0.0,0
31728,treatment,72.59,0,0.0,0
31729,treatment,0.0,0,0.0,0
31730,treatment,0.0,0,0.0,0
31731,control,0.0,1,37.18,0
31732,treatment,135.01,1,54.03,0
31733,treatment,77.7,0,0.0,0
31734,control,29.3,0,0.0,0
31735,treatment,0.0,0,0.0,0
31736,control,0.0,0,0.0,0
31737,control,0.0,0,0.0,0
31738,control,0.0,0,0.0,0
31739,treatment,0.0,0,0.0,0
31740,treatment,0.0,0,0.0,0
31741,treatment,0.0,0,0.0,0
31742,treatment,55.9,0,0.0,0
31743,control,220.33,0,0.0,0
31744,treatment,0.0,0,0.0,0
31745,treatment,554.34,0,0.0,0
31746,treatment,0.0,0,0.0,0
31747,control,86.32,0,0.0,0
31748,treatment,136.98,0,0.0,0
31749,treatment,0.0,0,0.0,0
31750,treatment,279.37,0,0.0,0
31751,treatment,718.81,1,106.06,0
31752,treatment,0.0,0,0.0,0
31753,control,30.87,0,0.0,0
31754,treatment,0.0,0,0.0,0
31755,treatment,0.0,0,0.0,0
31756,treatment,0.0,0,0.0,0
31757,treatment,266.3,0,0.0,0
31758,control,75.95,1,50.62,0
31759,treatment,0.0,0,0.0,0
31760,treatment,45.63,0,0.0,0
31761,treatment,335.8,0,0.0,0
31762,control,231.64,0,0.0,0
31763,treatment,0.0,0,0.0,0
31764,treatment,0.0,0,0.0,0
31765,control,0.0,1,71.58,0
31766,treatment,0.0,1,104.81,0
31767,treatment,111.14,0,0.0,0
31768,treatment,0.0,0,0.0,0
31769,control,0.0,0,0.0,0
31770,control,0.0,1,53.38,0
31771,treatment,418.99,0,0.0,0
31772,treatment,478.74,0,0.0,0
31773,treatment,142.06,0,0.0,0
31774,control,0.0,0,0.0,0
31775,treatment,30.87,0,0.0,0
31776,treatment,90.11,0,0.0,0
31777,control,0.0,0,0.0,0
31778,treatment,0.0,0,0.0,0
31779,treatment,111.01,0,0.0,0
31780,control,36.33,0,0.0,0
31781,control,0.0,0,0.0,0
31782,treatment,61.31,0,0.0,0
31783,control,0.0,0,0.0,0
31784,control,0.0,0,0.0,0
31785,control,0.0,0,0.0,0
31786,control,0.0,0,0.0,0
31787,control,68.1,0,0.0,0
31788,treatment,40.43,0,0.0,0
31789,control,0.0,0,0.0,0
31790,treatment,0.0,0,0.0,0
31791,control,101.37,0,0.0,0
31792,treatment,0.0,0,0.0,0
31793,treatment,67.1,0,0.0,0
31794,control,142.1,1,48.65,0
31795,control,0.0,0,0.0,0
31796,treatment,36.24,0,0.0,0
31797,treatment,298.67,0,0.0,0
31798,control,0.0,0,0.0,0
31799,control,0.0,0,0.0,0
31800,control,0.0,0,0.0,0
31801,control,0.0,0,0.0,0
31802,treatment,508.57,1,103.35,0
31803,treatment,69.66,0,0.0,0
31804,treatment,0.0,0,0.0,0
31805,control,833.21,0,0.0,0
31806,control,0.0,0,0.0,0
31807,treatment,0.0,0,0.0,0
31808,control,25.89,0,0.0,0
31809,control,46.9,0,0.0,0
31810,control,0.0,0,0.0,0
31811,control,0.0,0,0.0,0
31812,control,0.0,0,0.0,0
31813,control,0.0,0,0.0,0
31814,treatment,58.3,0,0.0,0
31815,control,264.96,0,0.0,0
31816,treatment,226.14,0,0.0,0
31817,control,0.0,0,0.0,0
31818,treatment,96.36,0,0.0,0
31819,control,0.0,0,0.0,0
31820,treatment,92.61,0,0.0,0
31821,control,230.52,0,0.0,0
31822,treatment,0.0,0,0.0,0
31823,control,296.5,0,0.0,0
31824,control,76.46,1,39.48,0
31825,treatment,0.0,0,0.0,0
31826,treatment,36.82,0,0.0,0
31827,control,54.83,0,0.0,0
31828,control,175.49,1,63.12,0
31829,control,46.67,0,0.0,0
31830,control,0.0,0,0.0,0
31831,control,25.32,0,0.0,0
31832,treatment,193.2,0,0.0,0
31833,treatment,88.9,0,0.0,0
31834,treatment,0.0,0,0.0,0
31835,control,0.0,0,0.0,0
31836,treatment,77.99,0,0.0,0
31837,control,0.0,0,0.0,0
31838,treatment,219.49,0,0.0,0
31839,control,219.03,1,66.28,0
31840,treatment,0.0,0,0.0,0
31841,control,0.0,0,0.0,0
31842,control,73.63,1,37.85,0
31843,control,29.44,0,0.0,0
31844,control,27.51,0,0.0,0
31845,treatment,0.0,0,0.0,0
31846,control,0.0,0,0.0,0
31847,treatment,0.0,0,0.0,0
31848,treatment,0.0,0,0.0,0
31849,control,0.0,0,0.0,0
31850,treatment,0.0,0,0.0,0
31851,control,105.18,0,0.0,0
31852,control,0.0,0,0.0,0
31853,treatment,41.24,0,0.0,0
31854,control,0.0,0,0.0,0
31855,treatment,100.06,1,29.61,0
31856,treatment,0.0,0,0.0,0
31857,control,0.0,0,0.0,0
31858,control,33.1,0,0.0,0
31859,control,68.97,0,0.0,0
31860,control,0.0,0,0.0,0
31861,treatment,37.54,1,85.6,0
31862,treatment,0.0,0,0.0,0
31863,treatment,81.51,0,0.0,0
31864,treatment,0.0,1,38.23,0
31865,treatment,0.0,0,0.0,0
31866,treatment,0.0,1,38.9,0
31867,control,319.96,1,63.69,0
31868,control,0.0,0,0.0,0
31869,control,35.36,0,0.0,0
31870,control,0.0,0,0.0,0
31871,treatment,0.0,0,0.0,0
31872,treatment,35.44,1,70.19,0
31873,control,0.0,0,0.0,0
31874,control,0.0,0,0.0,0
31875,treatment,58.07,0,0.0,0
31876,control,65.15,0,0.0,0
31877,treatment,0.0,0,0.0,0
31878,control,0.0,0,0.0,0
31879,treatment,42.29,0,0.0,0
31880,control,0.0,0,0.0,0
31881,control,0.0,0,0.0,0
31882,control,0.0,0,0.0,0
31883,control,0.0,0,0.0,0
31884,control,179.41,0,0.0,0
31885,treatment,0.0,0,0.0,0
31886,treatment,32.11,0,0.0,0
31887,control,0.0,0,0.0,0
31888,control,76.49,1,140.74,0
31889,treatment,24.47,0,0.0,0
31890,control,79.92,0,0.0,0
31891,treatment,52.32,0,0.0,0
31892,treatment,0.0,0,0.0,0
31893,treatment,412.91,0,0.0,0
31894,control,0.0,0,0.0,0
31895,control,0.0,0,0.0,0
31896,treatment,70.47,0,0.0,0
31897,treatment,56.54,0,0.0,0
31898,control,0.0,0,0.0,0
31899,control,0.0,0,0.0,0
31900,treatment,0.0,0,0.0,0
31901,treatment,0.0,0,0.0,0
31902,control,73.11,0,0.0,0
31903,control,148.39,0,0.0,0
31904,control,0.0,0,0.0,0
31905,treatment,126.04,0,0.0,0
31906,control,0.0,0,0.0,0
31907,treatment,37.63,0,0.0,0
31908,control,68.39,0,0.0,0
31909,treatment,46.67,0,0.0,0
31910,control,0.0,0,0.0,0
31911,treatment,51.26,0,0.0,0
31912,treatment,45.8,0,0.0,0
31913,treatment,72.15,0,0.0,0
31914,treatment,0.0,0,0.0,0
31915,treatment,31.69,0,0.0,0
31916,treatment,49.13,0,0.0,0
31917,control,0.0,0,0.0,0
31918,control,0.0,0,0.0,0
31919,treatment,183.13,0,0.0,0
31920,control,0.0,0,0.0,0
31921,control,27.13,0,0.0,0
31922,control,94.19,1,55.0,0
31923,treatment,25.96,0,0.0,0
31924,control,0.0,0,0.0,0
31925,treatment,60.06,0,0.0,0
31926,control,1417.31,1,100.5,0
31927,control,0.0,0,0.0,0
31928,control,200.68,0,0.0,0
31929,control,0.0,0,0.0,0
31930,treatment,0.0,0,0.0,0
31931,control,122.48,0,0.0,0
31932,control,321.09,0,0.0,0
31933,treatment,0.0,0,0.0,0
31934,treatment,1076.1,1,141.62,0
31935,treatment,0.0,0,0.0,0
31936,treatment,0.0,0,0.0,0
31937,treatment,0.0,1,25.73,0
31938,control,0.0,0,0.0,0
31939,treatment,253.21,0,0.0,0
31940,control,0.0,0,0.0,0
31941,control,0.0,0,0.0,0
31942,control,0.0,0,0.0,0
31943,control,186.85,0,0.0,0
31944,control,72.31,0,0.0,0
31945,control,0.0,0,0.0,0
31946,control,0.0,0,0.0,0
31947,control,0.0,0,0.0,0
31948,treatment,0.0,1,50.8,0
31949,treatment,0.0,0,0.0,0
31950,treatment,1658.78,1,32.65,0
31951,treatment,0.0,0,0.0,0
31952,treatment,62.51,0,0.0,0
31953,treatment,0.0,0,0.0,0
31954,treatment,0.0,0,0.0,0
31955,control,0.0,0,0.0,0
31956,treatment,132.56,0,0.0,0
31957,treatment,0.0,0,0.0,0
31958,treatment,0.0,0,0.0,0
31959,control,42.54,0,0.0,0
31960,control,66.87,0,0.0,0
31961,treatment,142.39,0,0.0,0
31962,control,33.17,0,0.0,0
31963,treatment,125.77,0,0.0,0
31964,control,0.0,1,39.92,0
31965,treatment,219.05,0,0.0,0
31966,control,37.51,0,0.0,0
31967,treatment,254.4,0,0.0,0
31968,treatment,0.0,0,0.0,0
31969,control,22.18,0,0.0,0
31970,treatment,97.38,0,0.0,0
31971,control,0.0,0,0.0,0
31972,control,32.35,0,0.0,0
31973,treatment,101.42,0,0.0,0
31974,control,205.05,0,0.0,0
31975,control,0.0,0,0.0,0
31976,control,200.11,0,0.0,0
31977,treatment,35.25,0,0.0,0
31978,treatment,0.0,1,25.57,0
31979,control,30.55,0,0.0,0
31980,treatment,0.0,1,69.33,0
31981,control,0.0,0,0.0,0
31982,treatment,0.0,0,0.0,0
31983,control,179.66,0,0.0,0
31984,treatment,254.74,0,0.0,0
31985,treatment,0.0,0,0.0,0
31986,control,0.0,0,0.0,0
31987,treatment,0.0,0,0.0,0
31988,control,0.0,0,0.0,0
31989,control,36.92,0,0.0,0
31990,treatment,89.1,0,0.0,0
31991,treatment,0.0,0,0.0,0
31992,control,135.92,1,57.36,0
31993,treatment,67.77,0,0.0,0
31994,treatment,0.0,0,0.0,0
31995,treatment,0.0,0,0.0,0
31996,treatment,281.23,0,0.0,0
31997,control,0.0,0,0.0,0
31998,treatment,0.0,0,0.0,0
31999,control,200.59,0,0.0,0
32000,treatment,37.19,0,0.0,0
32001,control,427.4,0,0.0,0
32002,control,0.0,1,18.87,0
32003,treatment,241.3,0,0.0,0
32004,control,0.0,0,0.0,0
32005,treatment,0.0,0,0.0,0
32006,control,0.0,0,0.0,0
32007,control,66.91,0,0.0,0
32008,control,71.46,0,0.0,0
32009,treatment,0.0,0,0.0,0
32010,control,205.28,0,0.0,0
32011,control,50.23,0,0.0,0
32012,treatment,0.0,0,0.0,0
32013,control,0.0,0,0.0,0
32014,treatment,0.0,0,0.0,0
32015,control,33.6,0,0.0,0
32016,control,0.0,1,56.68,0
32017,control,0.0,0,0.0,0
32018,control,0.0,0,0.0,0
32019,control,0.0,0,0.0,0
32020,treatment,31.87,0,0.0,0
32021,treatment,156.69,0,0.0,0
32022,treatment,76.59,0,0.0,0
32023,treatment,302.95,0,0.0,0
32024,control,175.88,0,0.0,0
32025,control,155.93,0,0.0,0
32026,treatment,53.66,0,0.0,0
32027,control,0.0,0,0.0,0
32028,treatment,0.0,0,0.0,0
32029,control,348.6,1,140.64,0
32030,treatment,45.86,0,0.0,0
32031,control,0.0,0,0.0,0
32032,treatment,166.67,0,0.0,0
32033,treatment,0.0,0,0.0,0
32034,treatment,0.0,0,0.0,0
32035,treatment,0.0,0,0.0,0
32036,treatment,0.0,0,0.0,0
32037,treatment,0.0,1,117.07,0
32038,control,0.0,0,0.0,0
32039,control,188.68,0,0.0,0
32040,control,48.07,1,48.68,0
32041,control,0.0,0,0.0,0
32042,control,47.9,0,0.0,0
32043,control,0.0,0,0.0,0
32044,treatment,64.24,0,0.0,0
32045,control,76.82,0,0.0,0
32046,control,0.0,0,0.0,0
32047,control,0.0,0,0.0,0
32048,treatment,0.0,0,0.0,0
32049,control,0.0,0,0.0,0
32050,control,40.75,0,0.0,0
32051,control,0.0,0,0.0,0
32052,treatment,38.24,0,0.0,0
32053,treatment,0.0,0,0.0,0
32054,treatment,36.8,0,0.0,0
32055,control,0.0,1,59.63,0
32056,control,324.29,0,0.0,0
32057,control,66.63,1,69.52,0
32058,treatment,0.0,0,0.0,0
32059,control,0.0,1,28.8,0
32060,control,0.0,0,0.0,0
32061,treatment,173.25,0,0.0,0
32062,treatment,23.12,0,0.0,0
32063,control,0.0,0,0.0,0
32064,treatment,0.0,0,0.0,0
32065,control,99.06,0,0.0,0
32066,control,169.48,0,0.0,0
32067,treatment,69.65,0,0.0,0
32068,control,0.0,0,0.0,0
32069,control,172.49,0,0.0,0
32070,control,40.36,0,0.0,0
32071,control,71.26,1,116.37,0
32072,treatment,66.13,0,0.0,0
32073,control,0.0,0,0.0,0
32074,treatment,206.14,1,215.56,0
32075,control,48.16,0,0.0,0
32076,treatment,0.0,0,0.0,0
32077,treatment,0.0,0,0.0,0
32078,treatment,0.0,0,0.0,0
32079,control,62.53,0,0.0,0
32080,control,0.0,0,0.0,0
32081,treatment,0.0,0,0.0,0
32082,control,0.0,1,38.47,0
32083,treatment,0.0,0,0.0,0
32084,control,0.0,0,0.0,0
32085,control,366.21,0,0.0,0
32086,treatment,0.0,0,0.0,0
32087,treatment,189.46,0,0.0,0
32088,control,363.59,1,99.41,0
32089,control,46.88,0,0.0,0
32090,control,0.0,0,0.0,0
32091,control,0.0,0,0.0,0
32092,treatment,0.0,0,0.0,0
32093,control,58.79,0,0.0,0
32094,treatment,0.0,0,0.0,0
32095,control,0.0,0,0.0,0
32096,control,92.96,1,20.26,0
32097,control,0.0,0,0.0,0
32098,control,55.52,0,0.0,0
32099,treatment,0.0,0,0.0,0
32100,control,0.0,0,0.0,0
32101,control,50.01,0,0.0,0
32102,treatment,0.0,0,0.0,0
32103,treatment,0.0,0,0.0,0
32104,treatment,0.0,0,0.0,0
32105,treatment,58.07,0,0.0,0
32106,treatment,205.26,0,0.0,0
32107,treatment,26.33,1,123.5,1
32108,treatment,119.64,0,0.0,0
32109,treatment,0.0,0,0.0,0
32110,treatment,0.0,0,0.0,0
32111,treatment,0.0,0,0.0,0
32112,control,0.0,0,0.0,0
32113,treatment,0.0,0,0.0,0
32114,control,252.44,1,42.68,0
32115,control,0.0,0,0.0,0
32116,treatment,332.48,0,0.0,0
32117,control,0.0,0,0.0,0
32118,treatment,193.88,0,0.0,0
32119,treatment,51.94,0,0.0,0
32120,control,0.0,0,0.0,0
32121,control,35.23,0,0.0,0
32122,treatment,0.0,1,87.63,0
32123,control,0.0,0,0.0,0
32124,treatment,27.64,1,43.71,0
32125,control,0.0,0,0.0,0
32126,control,73.63,1,87.54,0
32127,treatment,81.29,0,0.0,0
32128,treatment,0.0,0,0.0,0
32129,treatment,0.0,0,0.0,0
32130,treatment,177.96,0,0.0,0
32131,control,0.0,0,0.0,0
32132,control,28.31,0,0.0,0
32133,treatment,83.89,0,0.0,0
32134,treatment,0.0,0,0.0,0
32135,treatment,110.17,1,47.31,0
32136,treatment,0.0,1,71.83,0
32137,control,0.0,0,0.0,0
32138,treatment,365.56,0,0.0,0
32139,treatment,0.0,0,0.0,0
32140,control,52.13,0,0.0,0
32141,control,99.0,1,249.59,0
32142,treatment,0.0,0,0.0,0
32143,treatment,228.16,0,0.0,0
32144,control,49.97,0,0.0,0
32145,treatment,0.0,0,0.0,0
32146,treatment,0.0,0,0.0,0
32147,treatment,0.0,0,0.0,0
32148,control,0.0,0,0.0,0
32149,treatment,0.0,1,147.3,0
32150,treatment,31.83,0,0.0,0
32151,control,43.36,0,0.0,0
32152,control,0.0,0,0.0,0
32153,treatment,0.0,0,0.0,0
32154,control,51.78,0,0.0,0
32155,treatment,0.0,0,0.0,0
32156,control,98.62,0,0.0,0
32157,control,81.29,0,0.0,0
32158,treatment,0.0,0,0.0,0
32159,treatment,185.07,0,0.0,0
32160,treatment,0.0,0,0.0,0
32161,control,76.34,0,0.0,0
32162,treatment,303.71,0,0.0,0
32163,treatment,253.52,1,67.73,0
32164,treatment,0.0,0,0.0,0
32165,treatment,0.0,0,0.0,0
32166,control,111.61,0,0.0,0
32167,control,0.0,0,0.0,0
32168,treatment,0.0,0,0.0,0
32169,control,66.29,0,0.0,0
32170,control,44.2,0,0.0,0
32171,treatment,20.83,0,0.0,0
32172,control,0.0,0,0.0,0
32173,control,0.0,0,0.0,0
32174,control,179.51,0,0.0,0
32175,control,55.21,0,0.0,0
32176,treatment,356.2,1,49.0,0
32177,control,60.5,0,0.0,0
32178,control,52.44,0,0.0,0
32179,treatment,50.92,0,0.0,0
32180,control,46.78,0,0.0,0
32181,treatment,0.0,0,0.0,0
32182,control,0.0,1,39.88,0
32183,treatment,736.01,1,51.27,0
32184,treatment,0.0,0,0.0,0
32185,control,2420.75,1,127.96,0
32186,treatment,88.5,0,0.0,0
32187,control,25.2,0,0.0,0
32188,treatment,0.0,0,0.0,0
32189,treatment,0.0,0,0.0,0
32190,control,238.3,0,0.0,0
32191,control,0.0,0,0.0,0
32192,control,238.07,0,0.0,0
32193,control,0.0,0,0.0,0
32194,control,0.0,0,0.0,0
32195,treatment,65.5,0,0.0,0
32196,control,0.0,0,0.0,0
32197,control,0.0,0,0.0,0
32198,treatment,0.0,0,0.0,0
32199,treatment,121.89,0,0.0,0
32200,control,101.01,0,0.0,0
32201,treatment,135.43,0,0.0,0
32202,treatment,32.56,1,34.17,0
32203,control,0.0,0,0.0,0
32204,treatment,0.0,1,60.83,0
32205,control,58.33,0,0.0,0
32206,treatment,0.0,0,0.0,0
32207,treatment,0.0,0,0.0,0
32208,control,0.0,0,0.0,0
32209,treatment,228.02,0,0.0,0
32210,treatment,0.0,1,52.72,1
32211,treatment,43.44,0,0.0,0
32212,treatment,0.0,0,0.0,0
32213,control,21.23,1,40.65,0
32214,treatment,822.8,1,98.73,1
32215,treatment,0.0,0,0.0,0
32216,treatment,0.0,1,26.12,0
32217,treatment,0.0,0,0.0,0
32218,control,0.0,0,0.0,0
32219,control,0.0,1,42.24,0
32220,control,0.0,0,0.0,0
32221,treatment,0.0,0,0.0,0
32222,control,98.38,0,0.0,0
32223,treatment,0.0,0,0.0,0
32224,treatment,0.0,0,0.0,0
32225,control,49.37,0,0.0,0
32226,control,0.0,0,0.0,0
32227,treatment,32.79,0,0.0,0
32228,control,136.8,0,0.0,0
32229,control,0.0,1,54.91,0
32230,control,254.02,1,98.15,0
32231,treatment,271.69,0,0.0,0
32232,control,33.86,0,0.0,0
32233,treatment,0.0,0,0.0,0
32234,control,0.0,0,0.0,0
32235,control,0.0,0,0.0,0
32236,treatment,139.68,0,0.0,0
32237,control,146.55,1,158.41,0
32238,treatment,72.31,0,0.0,0
32239,treatment,0.0,0,0.0,0
32240,control,0.0,0,0.0,0
32241,treatment,126.96,1,49.39,0
32242,control,0.0,0,0.0,0
32243,control,0.0,1,65.18,0
32244,treatment,0.0,0,0.0,0
32245,treatment,46.05,1,81.44,0
32246,treatment,96.14,0,0.0,0
32247,control,0.0,1,53.98,0
32248,control,145.23,0,0.0,0
32249,control,0.0,0,0.0,0
32250,control,0.0,0,0.0,0
32251,treatment,0.0,0,0.0,0
32252,control,68.12,0,0.0,0
32253,control,51.41,0,0.0,0
32254,control,0.0,0,0.0,0
32255,control,62.91,0,0.0,0
32256,treatment,0.0,0,0.0,0
32257,control,0.0,0,0.0,0
32258,treatment,0.0,1,59.11,0
32259,treatment,68.83,0,0.0,0
32260,treatment,87.2,0,0.0,0
32261,treatment,0.0,0,0.0,0
32262,control,0.0,0,0.0,0
32263,treatment,65.23,0,0.0,0
32264,treatment,87.76,0,0.0,0
32265,control,0.0,0,0.0,0
32266,treatment,51.05,0,0.0,0
32267,control,35.43,0,0.0,0
32268,treatment,0.0,0,0.0,0
32269,control,0.0,0,0.0,0
32270,treatment,0.0,1,181.59,0
32271,treatment,0.0,0,0.0,0
32272,control,0.0,0,0.0,0
32273,treatment,58.17,0,0.0,0
32274,control,131.14,0,0.0,0
32275,treatment,24.74,0,0.0,0
32276,treatment,0.0,0,0.0,0
32277,control,0.0,0,0.0,0
32278,treatment,0.0,0,0.0,0
32279,treatment,0.0,0,0.0,0
32280,treatment,0.0,0,0.0,0
32281,control,141.91,0,0.0,0
32282,treatment,153.02,0,0.0,0
32283,control,44.45,0,0.0,0
32284,treatment,584.0,0,0.0,0
32285,treatment,92.25,0,0.0,0
32286,treatment,87.33,0,0.0,0
32287,treatment,0.0,0,0.0,0
32288,control,0.0,1,82.66,0
32289,control,46.68,0,0.0,0
32290,treatment,89.78,0,0.0,0
32291,control,159.08,0,0.0,0
32292,control,493.36,0,0.0,0
32293,treatment,245.39,0,0.0,0
32294,treatment,34.11,0,0.0,0
32295,control,0.0,0,0.0,0
32296,control,0.0,0,0.0,0
32297,control,46.25,1,70.42,0
32298,treatment,122.86,0,0.0,0
32299,treatment,155.85,0,0.0,0
32300,control,81.32,0,0.0,0
32301,control,44.6,0,0.0,0
32302,treatment,143.79,0,0.0,0
32303,treatment,0.0,0,0.0,0
32304,treatment,0.0,0,0.0,0
32305,control,278.96,0,0.0,0
32306,treatment,0.0,0,0.0,0
32307,treatment,0.0,0,0.0,0
32308,treatment,0.0,0,0.0,0
32309,treatment,98.0,0,0.0,0
32310,control,25.16,0,0.0,0
32311,control,130.65,0,0.0,0
32312,treatment,0.0,0,0.0,0
32313,treatment,125.03,0,0.0,0
32314,treatment,0.0,0,0.0,0
32315,treatment,188.34,0,0.0,0
32316,control,548.2,1,64.58,0
32317,control,36.21,0,0.0,0
32318,control,91.02,1,112.5,0
32319,treatment,0.0,0,0.0,0
32320,treatment,0.0,0,0.0,0
32321,treatment,98.62,0,0.0,0
32322,treatment,66.4,1,35.98,0
32323,treatment,98.08,0,0.0,0
32324,treatment,0.0,0,0.0,0
32325,control,0.0,1,74.7,0
32326,treatment,0.0,0,0.0,0
32327,treatment,0.0,0,0.0,0
32328,treatment,0.0,0,0.0,0
32329,control,28.22,0,0.0,0
32330,control,0.0,0,0.0,0
32331,control,0.0,0,0.0,0
32332,control,0.0,0,0.0,0
32333,treatment,45.04,1,21.78,0
32334,treatment,18.3,0,0.0,0
32335,control,0.0,0,0.0,0
32336,control,0.0,0,0.0,0
32337,control,0.0,0,0.0,0
32338,control,0.0,0,0.0,0
32339,treatment,0.0,0,0.0,0
32340,treatment,140.26,0,0.0,0
32341,control,0.0,0,0.0,0
32342,control,57.67,0,0.0,0
32343,control,0.0,0,0.0,0
32344,treatment,0.0,0,0.0,0
32345,control,111.83,0,0.0,0
32346,control,0.0,0,0.0,0
32347,control,212.18,0,0.0,0
32348,control,0.0,0,0.0,0
32349,treatment,38.85,0,0.0,0
32350,treatment,0.0,0,0.0,0
32351,control,65.71,0,0.0,0
32352,control,0.0,0,0.0,0
32353,treatment,0.0,0,0.0,0
32354,control,51.01,0,0.0,0
32355,control,22.72,0,0.0,0
32356,control,142.31,0,0.0,0
32357,control,0.0,0,0.0,0
32358,treatment,90.09,0,0.0,0
32359,control,164.15,1,85.14,0
32360,treatment,219.55,0,0.0,0
32361,control,291.86,0,0.0,0
32362,treatment,112.21,0,0.0,0
32363,treatment,108.71,0,0.0,0
32364,control,0.0,0,0.0,0
32365,control,172.35,0,0.0,0
32366,treatment,23.39,0,0.0,0
32367,control,0.0,0,0.0,0
32368,treatment,0.0,0,0.0,0
32369,control,0.0,0,0.0,0
32370,control,42.58,0,0.0,0
32371,treatment,0.0,0,0.0,0
32372,treatment,0.0,0,0.0,0
32373,treatment,82.83,0,0.0,0
32374,control,34.27,0,0.0,0
32375,control,0.0,0,0.0,0
32376,treatment,0.0,0,0.0,0
32377,treatment,0.0,0,0.0,0
32378,control,338.44,0,0.0,0
32379,control,58.17,0,0.0,0
32380,control,0.0,0,0.0,0
32381,control,129.21,0,0.0,0
32382,treatment,89.25,0,0.0,0
32383,treatment,0.0,0,0.0,0
32384,treatment,0.0,0,0.0,0
32385,treatment,69.09,0,0.0,0
32386,control,117.38,1,95.73,0
32387,control,138.38,0,0.0,0
32388,treatment,78.1,0,0.0,0
32389,control,0.0,0,0.0,0
32390,control,0.0,0,0.0,0
32391,treatment,72.45,0,0.0,0
32392,treatment,0.0,0,0.0,0
32393,control,0.0,0,0.0,0
32394,treatment,0.0,0,0.0,0
32395,control,68.91,0,0.0,0
32396,treatment,0.0,0,0.0,0
32397,treatment,47.92,1,58.86,0
32398,control,409.01,0,0.0,0
32399,control,0.0,0,0.0,0
32400,treatment,334.39,0,0.0,0
32401,control,31.52,0,0.0,0
32402,control,0.0,0,0.0,0
32403,treatment,0.0,0,0.0,0
32404,treatment,1396.91,1,44.94,0
32405,treatment,42.97,0,0.0,0
32406,control,137.17,0,0.0,0
32407,treatment,0.0,0,0.0,0
32408,treatment,39.9,1,187.85,0
32409,control,58.45,0,0.0,0
32410,treatment,0.0,0,0.0,0
32411,control,41.03,0,0.0,0
32412,control,68.77,0,0.0,0
32413,control,77.25,0,0.0,0
32414,control,68.32,0,0.0,0
32415,treatment,26.29,0,0.0,0
32416,control,0.0,0,0.0,0
32417,treatment,289.55,1,73.53,0
32418,control,0.0,0,0.0,0
32419,treatment,0.0,0,0.0,0
32420,control,0.0,0,0.0,0
32421,treatment,105.61,0,0.0,0
32422,control,0.0,0,0.0,0
32423,control,0.0,0,0.0,0
32424,treatment,0.0,0,0.0,0
32425,control,86.08,0,0.0,0
32426,treatment,0.0,0,0.0,0
32427,treatment,531.91,1,128.25,0
32428,treatment,0.0,0,0.0,0
32429,control,36.96,0,0.0,0
32430,treatment,58.99,0,0.0,0
32431,control,0.0,0,0.0,0
32432,control,0.0,0,0.0,0
32433,control,201.98,1,36.68,0
32434,control,0.0,0,0.0,0
32435,control,86.14,0,0.0,0
32436,treatment,0.0,0,0.0,0
32437,control,82.36,0,0.0,0
32438,control,0.0,0,0.0,0
32439,treatment,0.0,0,0.0,0
32440,treatment,0.0,0,0.0,0
32441,control,527.39,1,226.72,0
32442,control,47.73,0,0.0,0
32443,control,0.0,0,0.0,0
32444,control,60.23,0,0.0,0
32445,treatment,0.0,0,0.0,0
32446,control,202.17,0,0.0,0
32447,control,0.0,0,0.0,0
32448,control,0.0,0,0.0,0
32449,control,214.94,0,0.0,0
32450,control,0.0,0,0.0,0
32451,treatment,44.16,1,53.83,0
32452,treatment,0.0,0,0.0,0
32453,treatment,136.22,0,0.0,0
32454,treatment,0.0,0,0.0,0
32455,treatment,0.0,0,0.0,0
32456,treatment,0.0,0,0.0,0
32457,control,0.0,0,0.0,0
32458,treatment,0.0,0,0.0,0
32459,control,0.0,0,0.0,0
32460,control,0.0,0,0.0,0
32461,treatment,0.0,0,0.0,0
32462,control,0.0,0,0.0,0
32463,control,0.0,0,0.0,0
32464,treatment,38.72,0,0.0,0
32465,treatment,29.51,0,0.0,0
32466,treatment,0.0,0,0.0,0
32467,treatment,605.58,1,95.97,0
32468,control,0.0,0,0.0,0
32469,treatment,0.0,0,0.0,0
32470,control,0.0,0,0.0,0
32471,control,0.0,0,0.0,0
32472,treatment,308.65,0,0.0,0
32473,control,55.07,0,0.0,0
32474,treatment,137.72,0,0.0,0
32475,treatment,73.75,0,0.0,0
32476,treatment,0.0,0,0.0,0
32477,treatment,40.7,0,0.0,0
32478,control,0.0,0,0.0,0
32479,control,74.84,0,0.0,0
32480,treatment,93.42,0,0.0,0
32481,treatment,42.81,0,0.0,0
32482,treatment,0.0,0,0.0,0
32483,control,59.47,1,67.47,0
32484,treatment,113.81,0,0.0,0
32485,control,54.64,1,41.91,0
32486,control,97.21,0,0.0,0
32487,control,0.0,0,0.0,0
32488,treatment,0.0,0,0.0,0
32489,treatment,53.52,0,0.0,0
32490,treatment,0.0,0,0.0,0
32491,control,0.0,0,0.0,0
32492,treatment,0.0,0,0.0,0
32493,control,125.83,0,0.0,0
32494,control,0.0,0,0.0,0
32495,control,0.0,0,0.0,0
32496,control,50.05,0,0.0,0
32497,treatment,0.0,0,0.0,0
32498,control,92.2,0,0.0,0
32499,treatment,155.63,0,0.0,0
32500,control,386.79,0,0.0,0
32501,treatment,340.78,1,78.72,0
32502,control,222.68,0,0.0,0
32503,control,34.32,0,0.0,0
32504,control,0.0,0,0.0,0
32505,treatment,646.25,1,61.86,0
32506,control,0.0,0,0.0,0
32507,control,0.0,0,0.0,0
32508,control,79.2,0,0.0,0
32509,control,0.0,0,0.0,0
32510,control,0.0,1,26.18,0
32511,control,0.0,0,0.0,0
32512,treatment,0.0,1,115.45,0
32513,treatment,69.48,0,0.0,0
32514,control,0.0,0,0.0,0
32515,treatment,0.0,0,0.0,0
32516,control,0.0,1,77.91,0
32517,control,0.0,0,0.0,0
32518,control,76.47,0,0.0,0
32519,treatment,0.0,0,0.0,0
32520,treatment,0.0,0,0.0,0
32521,control,0.0,1,95.05,0
32522,control,0.0,0,0.0,0
32523,control,0.0,0,0.0,0
32524,control,152.14,0,0.0,0
32525,control,0.0,0,0.0,0
32526,control,0.0,0,0.0,0
32527,treatment,72.72,0,0.0,0
32528,treatment,131.73,1,52.08,0
32529,control,38.03,0,0.0,0
32530,control,60.49,0,0.0,0
32531,treatment,0.0,0,0.0,0
32532,control,27.01,0,0.0,0
32533,control,0.0,0,0.0,0
32534,control,34.22,0,0.0,0
32535,treatment,146.26,0,0.0,0
32536,control,0.0,0,0.0,0
32537,treatment,47.05,0,0.0,0
32538,control,283.83,0,0.0,0
32539,treatment,0.0,0,0.0,0
32540,treatment,0.0,0,0.0,0
32541,treatment,89.54,0,0.0,0
32542,control,31.02,0,0.0,0
32543,control,372.0,1,52.55,0
32544,control,0.0,0,0.0,0
32545,treatment,53.66,0,0.0,0
32546,control,0.0,0,0.0,0
32547,control,0.0,0,0.0,0
32548,control,60.67,0,0.0,0
32549,control,33.22,0,0.0,0
32550,treatment,0.0,0,0.0,0
32551,control,0.0,0,0.0,0
32552,treatment,49.45,0,0.0,0
32553,treatment,100.0,0,0.0,0
32554,control,0.0,0,0.0,0
32555,treatment,0.0,0,0.0,0
32556,treatment,285.09,0,0.0,0
32557,treatment,0.0,0,0.0,0
32558,control,423.02,0,0.0,0
32559,control,0.0,0,0.0,0
32560,treatment,0.0,0,0.0,0
32561,treatment,298.69,0,0.0,0
32562,control,0.0,0,0.0,0
32563,control,118.43,0,0.0,0
32564,treatment,124.19,0,0.0,0
32565,control,0.0,0,0.0,0
32566,control,0.0,0,0.0,0
32567,treatment,216.91,0,0.0,0
32568,treatment,0.0,0,0.0,0
32569,treatment,72.48,0,0.0,0
32570,control,767.28,1,55.32,0
32571,control,603.48,1,140.75,0
32572,treatment,97.06,0,0.0,0
32573,control,517.86,0,0.0,0
32574,control,39.67,0,0.0,0
32575,control,162.25,0,0.0,0
32576,control,820.28,1,86.44,0
32577,control,0.0,0,0.0,0
32578,treatment,0.0,0,0.0,0
32579,treatment,96.26,1,118.62,0
32580,control,0.0,0,0.0,0
32581,control,0.0,0,0.0,0
32582,control,0.0,0,0.0,0
32583,control,58.06,1,89.53,0
32584,treatment,65.79,0,0.0,0
32585,treatment,109.76,1,109.12,0
32586,control,0.0,0,0.0,0
32587,control,0.0,0,0.0,0
32588,treatment,0.0,0,0.0,0
32589,control,77.46,0,0.0,0
32590,control,151.49,0,0.0,0
32591,treatment,33.78,0,0.0,0
32592,control,0.0,0,0.0,0
32593,control,26.88,0,0.0,0
32594,treatment,388.86,0,0.0,0
32595,control,87.07,0,0.0,0
32596,control,0.0,0,0.0,0
32597,control,0.0,0,0.0,0
32598,control,0.0,1,35.09,0
32599,treatment,0.0,0,0.0,0
32600,treatment,74.38,1,109.32,0
32601,control,0.0,0,0.0,0
32602,treatment,794.64,1,101.63,0
32603,control,39.22,0,0.0,0
32604,treatment,58.65,0,0.0,0
32605,control,58.93,0,0.0,0
32606,control,0.0,0,0.0,0
32607,control,200.33,0,0.0,0
32608,control,0.0,0,0.0,0
32609,treatment,0.0,0,0.0,0
32610,treatment,25.36,0,0.0,0
32611,treatment,0.0,0,0.0,0
32612,control,109.37,0,0.0,0
32613,control,0.0,1,16.51,1
32614,control,0.0,1,63.32,0
32615,control,674.32,1,91.6,0
32616,treatment,0.0,0,0.0,0
32617,treatment,157.12,0,0.0,0
32618,treatment,257.81,1,86.11,0
32619,control,32.34,0,0.0,0
32620,treatment,0.0,0,0.0,0
32621,treatment,0.0,0,0.0,0
32622,control,0.0,0,0.0,0
32623,control,412.48,0,0.0,0
32624,control,0.0,0,0.0,0
32625,control,0.0,0,0.0,0
32626,treatment,75.87,0,0.0,0
32627,treatment,116.19,1,84.39,0
32628,control,92.44,0,0.0,0
32629,treatment,71.88,0,0.0,0
32630,control,0.0,0,0.0,0
32631,treatment,306.4,0,0.0,0
32632,control,0.0,0,0.0,0
32633,control,0.0,0,0.0,0
32634,control,104.27,0,0.0,0
32635,control,77.31,0,0.0,0
32636,treatment,182.71,0,0.0,0
32637,control,0.0,0,0.0,0
32638,control,148.44,0,0.0,0
32639,treatment,0.0,0,0.0,0
32640,treatment,0.0,1,88.06,0
32641,treatment,60.26,0,0.0,0
32642,control,0.0,0,0.0,0
32643,treatment,458.06,1,108.68,1
32644,control,32.74,0,0.0,0
32645,control,0.0,0,0.0,0
32646,control,58.24,0,0.0,0
32647,treatment,108.64,1,50.27,1
32648,control,0.0,0,0.0,0
32649,treatment,0.0,0,0.0,0
32650,control,43.88,0,0.0,0
32651,treatment,0.0,0,0.0,0
32652,treatment,125.32,0,0.0,0
32653,control,0.0,0,0.0,0
32654,treatment,121.46,1,58.17,0
32655,treatment,54.91,0,0.0,0
32656,treatment,79.65,0,0.0,0
32657,control,62.33,0,0.0,0
32658,treatment,133.07,1,43.04,0
32659,treatment,342.38,0,0.0,0
32660,treatment,0.0,0,0.0,0
32661,treatment,0.0,0,0.0,0
32662,control,31.94,0,0.0,0
32663,treatment,72.09,0,0.0,0
32664,control,0.0,0,0.0,0
32665,treatment,0.0,0,0.0,0
32666,control,0.0,0,0.0,0
32667,control,30.67,0,0.0,0
32668,control,61.88,0,0.0,0
32669,control,161.64,1,170.9,0
32670,treatment,120.16,0,0.0,0
32671,treatment,0.0,0,0.0,0
32672,control,44.04,0,0.0,0
32673,control,0.0,0,0.0,0
32674,control,36.24,0,0.0,0
32675,control,0.0,0,0.0,0
32676,control,0.0,0,0.0,0
32677,treatment,0.0,0,0.0,0
32678,treatment,90.7,0,0.0,0
32679,treatment,0.0,0,0.0,0
32680,control,62.41,0,0.0,0
32681,treatment,31.64,0,0.0,0
32682,treatment,272.13,1,80.18,0
32683,treatment,0.0,0,0.0,0
32684,control,246.11,0,0.0,0
32685,treatment,51.12,0,0.0,0
32686,treatment,103.34,0,0.0,0
32687,treatment,0.0,1,112.12,0
32688,treatment,0.0,0,0.0,0
32689,control,0.0,0,0.0,0
32690,control,0.0,0,0.0,0
32691,treatment,0.0,1,12.43,0
32692,control,0.0,0,0.0,0
32693,control,0.0,0,0.0,0
32694,treatment,0.0,0,0.0,0
32695,control,0.0,0,0.0,0
32696,treatment,0.0,0,0.0,0
32697,control,113.91,0,0.0,0
32698,control,0.0,0,0.0,0
32699,treatment,0.0,0,0.0,0
32700,control,0.0,0,0.0,0
32701,control,0.0,0,0.0,0
32702,treatment,70.13,0,0.0,0
32703,treatment,40.14,1,185.84,0
32704,control,0.0,1,74.96,0
32705,control,0.0,0,0.0,0
32706,treatment,0.0,0,0.0,0
32707,control,46.46,0,0.0,0
32708,treatment,82.79,0,0.0,0
32709,treatment,41.22,0,0.0,0
32710,control,0.0,0,0.0,0
32711,treatment,0.0,0,0.0,0
32712,control,0.0,0,0.0,0
32713,treatment,0.0,1,38.82,0
32714,treatment,66.99,0,0.0,0
32715,treatment,82.4,0,0.0,0
32716,control,22.77,0,0.0,0
32717,control,0.0,0,0.0,0
32718,treatment,288.31,0,0.0,0
32719,control,37.7,0,0.0,0
32720,control,0.0,0,0.0,0
32721,control,91.67,0,0.0,0
32722,treatment,186.29,0,0.0,0
32723,control,0.0,0,0.0,0
32724,treatment,0.0,0,0.0,0
32725,treatment,0.0,0,0.0,0
32726,treatment,0.0,0,0.0,0
32727,control,195.1,0,0.0,0
32728,control,0.0,0,0.0,0
32729,control,52.54,1,215.27,1
32730,treatment,24.66,0,0.0,0
32731,treatment,327.23,0,0.0,0
32732,control,75.01,0,0.0,0
32733,control,80.37,0,0.0,0
32734,control,0.0,0,0.0,0
32735,control,0.0,0,0.0,0
32736,control,62.95,0,0.0,0
32737,treatment,0.0,0,0.0,0
32738,treatment,0.0,0,0.0,0
32739,treatment,0.0,1,17.64,0
32740,treatment,0.0,0,0.0,0
32741,treatment,0.0,0,0.0,0
32742,control,0.0,0,0.0,0
32743,treatment,63.05,0,0.0,0
32744,control,0.0,0,0.0,0
32745,treatment,124.46,1,80.84,0
32746,control,232.6,0,0.0,0
32747,treatment,60.36,0,0.0,0
32748,control,0.0,0,0.0,0
32749,control,0.0,0,0.0,0
32750,treatment,0.0,0,0.0,0
32751,treatment,0.0,0,0.0,0
32752,treatment,52.84,0,0.0,0
32753,control,0.0,0,0.0,0
32754,control,0.0,0,0.0,0
32755,control,234.65,0,0.0,0
32756,treatment,0.0,0,0.0,0
32757,control,50.11,0,0.0,0
32758,treatment,146.66,0,0.0,0
32759,treatment,0.0,0,0.0,0
32760,control,0.0,1,14.47,0
32761,control,21.72,0,0.0,0
32762,treatment,0.0,0,0.0,0
32763,treatment,0.0,0,0.0,0
32764,treatment,61.37,0,0.0,0
32765,treatment,0.0,0,0.0,0
32766,control,0.0,1,70.5,0
32767,control,208.16,0,0.0,0
32768,control,80.3,0,0.0,0
32769,control,0.0,0,0.0,0
32770,treatment,0.0,0,0.0,0
32771,control,35.29,0,0.0,0
32772,control,0.0,0,0.0,0
32773,treatment,110.0,0,0.0,0
32774,control,36.83,0,0.0,0
32775,control,74.47,0,0.0,0
32776,treatment,80.92,0,0.0,0
32777,control,156.72,1,57.09,0
32778,treatment,0.0,1,55.79,0
32779,treatment,181.31,0,0.0,0
32780,control,84.63,0,0.0,0
32781,control,0.0,0,0.0,0
32782,treatment,65.28,0,0.0,0
32783,control,46.6,0,0.0,0
32784,treatment,51.43,0,0.0,0
32785,control,0.0,0,0.0,0
32786,control,173.54,0,0.0,0
32787,treatment,39.61,0,0.0,0
32788,control,147.08,1,31.99,0
32789,treatment,599.16,1,84.34,0
32790,control,0.0,0,0.0,0
32791,treatment,99.24,1,78.73,0
32792,treatment,0.0,0,0.0,0
32793,control,52.01,0,0.0,0
32794,treatment,55.15,0,0.0,0
32795,treatment,106.7,0,0.0,0
32796,control,52.27,0,0.0,0
32797,control,162.54,0,0.0,0
32798,control,0.0,0,0.0,0
32799,treatment,0.0,0,0.0,0
32800,treatment,83.75,0,0.0,0
32801,control,0.0,0,0.0,0
32802,treatment,40.84,0,0.0,0
32803,control,64.77,1,28.07,0
32804,control,212.52,0,0.0,0
32805,treatment,44.53,0,0.0,0
32806,control,190.78,1,81.33,0
32807,control,0.0,0,0.0,0
32808,control,0.0,0,0.0,0
32809,control,60.75,0,0.0,0
32810,treatment,1351.58,1,129.31,0
32811,treatment,29.83,0,0.0,0
32812,control,0.0,0,0.0,0
32813,control,94.79,0,0.0,0
32814,treatment,0.0,0,0.0,0
32815,treatment,0.0,0,0.0,0
32816,treatment,0.0,0,0.0,0
32817,treatment,30.5,0,0.0,0
32818,treatment,140.32,0,0.0,0
32819,treatment,0.0,0,0.0,0
32820,treatment,0.0,0,0.0,0
32821,treatment,0.0,0,0.0,0
32822,treatment,0.0,0,0.0,0
32823,control,0.0,1,60.62,0
32824,control,43.95,0,0.0,0
32825,treatment,0.0,0,0.0,0
32826,control,35.94,0,0.0,0
32827,control,0.0,0,0.0,0
32828,treatment,102.5,0,0.0,0
32829,treatment,0.0,0,0.0,0
32830,control,85.63,0,0.0,0
32831,control,0.0,0,0.0,0
32832,control,0.0,0,0.0,0
32833,treatment,43.72,0,0.0,0
32834,treatment,0.0,0,0.0,0
32835,treatment,119.13,0,0.0,0
32836,treatment,215.89,0,0.0,0
32837,control,0.0,0,0.0,0
32838,control,0.0,0,0.0,0
32839,treatment,0.0,0,0.0,0
32840,control,280.97,1,72.84,0
32841,control,211.94,1,94.22,0
32842,treatment,129.6,0,0.0,0
32843,treatment,150.78,0,0.0,0
32844,treatment,53.56,0,0.0,0
32845,treatment,77.25,0,0.0,0
32846,treatment,0.0,0,0.0,0
32847,treatment,59.98,0,0.0,0
32848,treatment,0.0,0,0.0,0
32849,treatment,0.0,0,0.0,0
32850,treatment,31.13,0,0.0,0
32851,treatment,80.57,0,0.0,0
32852,control,0.0,0,0.0,0
32853,control,423.83,1,46.62,0
32854,treatment,94.43,0,0.0,0
32855,treatment,50.6,0,0.0,0
32856,treatment,0.0,0,0.0,0
32857,treatment,128.81,0,0.0,0
32858,control,0.0,0,0.0,0
32859,control,0.0,0,0.0,0
32860,control,0.0,0,0.0,0
32861,treatment,0.0,1,131.48,0
32862,treatment,139.3,0,0.0,0
32863,control,34.57,0,0.0,0
32864,treatment,0.0,0,0.0,0
32865,treatment,115.62,0,0.0,0
32866,control,86.75,0,0.0,0
32867,control,0.0,0,0.0,0
32868,control,0.0,0,0.0,0
32869,control,0.0,0,0.0,0
32870,treatment,0.0,0,0.0,0
32871,treatment,38.37,0,0.0,0
32872,control,0.0,0,0.0,0
32873,treatment,0.0,0,0.0,0
32874,control,0.0,0,0.0,0
32875,treatment,265.93,0,0.0,0
32876,control,32.81,0,0.0,0
32877,treatment,0.0,0,0.0,0
32878,control,0.0,0,0.0,0
32879,control,108.95,0,0.0,0
32880,control,0.0,0,0.0,0
32881,control,177.53,0,0.0,0
32882,control,317.51,0,0.0,0
32883,treatment,0.0,0,0.0,0
32884,control,0.0,0,0.0,0
32885,control,34.6,0,0.0,0
32886,control,0.0,0,0.0,0
32887,treatment,200.21,0,0.0,0
32888,control,0.0,0,0.0,0
32889,control,57.32,1,51.76,0
32890,treatment,0.0,0,0.0,0
32891,control,0.0,0,0.0,0
32892,treatment,0.0,0,0.0,0
32893,control,0.0,0,0.0,0
32894,control,0.0,1,34.71,0
32895,treatment,0.0,1,32.32,0
32896,treatment,0.0,0,0.0,0
32897,treatment,95.79,0,0.0,0
32898,control,61.85,0,0.0,0
32899,control,0.0,1,23.59,0
32900,treatment,0.0,0,0.0,0
32901,treatment,0.0,0,0.0,0
32902,treatment,43.51,0,0.0,0
32903,treatment,0.0,0,0.0,0
32904,treatment,0.0,0,0.0,0
32905,control,0.0,0,0.0,0
32906,treatment,0.0,0,0.0,0
32907,treatment,0.0,0,0.0,0
32908,treatment,0.0,0,0.0,0
32909,control,0.0,0,0.0,0
32910,control,104.1,0,0.0,0
32911,control,0.0,0,0.0,0
32912,treatment,0.0,0,0.0,0
32913,treatment,49.28,0,0.0,0
32914,control,0.0,0,0.0,0
32915,treatment,19.26,0,0.0,0
32916,treatment,0.0,0,0.0,0
32917,treatment,23.57,0,0.0,0
32918,control,0.0,0,0.0,0
32919,control,134.59,0,0.0,0
32920,control,44.63,0,0.0,0
32921,treatment,82.37,0,0.0,0
32922,treatment,0.0,0,0.0,0
32923,control,0.0,0,0.0,0
32924,treatment,148.43,0,0.0,0
32925,control,0.0,0,0.0,0
32926,control,75.65,0,0.0,0
32927,treatment,76.84,1,26.93,0
32928,control,0.0,0,0.0,0
32929,treatment,22.7,0,0.0,0
32930,treatment,0.0,0,0.0,0
32931,control,0.0,0,0.0,0
32932,control,64.49,0,0.0,0
32933,control,42.76,0,0.0,0
32934,treatment,92.88,0,0.0,0
32935,control,218.97,0,0.0,0
32936,treatment,0.0,0,0.0,0
32937,treatment,0.0,0,0.0,0
32938,treatment,0.0,0,0.0,0
32939,control,268.62,0,0.0,0
32940,treatment,0.0,1,42.06,0
32941,control,86.47,0,0.0,0
32942,treatment,0.0,0,0.0,0
32943,control,348.53,0,0.0,0
32944,control,0.0,0,0.0,0
32945,control,0.0,0,0.0,0
32946,control,0.0,0,0.0,0
32947,treatment,0.0,0,0.0,0
32948,control,0.0,0,0.0,0
32949,control,0.0,0,0.0,0
32950,control,0.0,0,0.0,0
32951,treatment,706.08,1,60.12,0
32952,control,0.0,0,0.0,0
32953,control,75.23,0,0.0,0
32954,treatment,0.0,0,0.0,0
32955,control,14.29,0,0.0,0
32956,control,25.52,0,0.0,0
32957,control,0.0,0,0.0,0
32958,control,0.0,0,0.0,0
32959,treatment,0.0,0,0.0,0
32960,control,32.84,0,0.0,0
32961,control,31.44,0,0.0,0
32962,treatment,0.0,0,0.0,0
32963,treatment,0.0,0,0.0,0
32964,treatment,58.5,1,31.12,0
32965,control,0.0,0,0.0,0
32966,control,55.29,1,73.49,0
32967,control,22.16,0,0.0,0
32968,control,0.0,0,0.0,0
32969,treatment,248.21,0,0.0,0
32970,control,129.0,0,0.0,0
32971,control,0.0,0,0.0,0
32972,control,35.92,0,0.0,0
32973,control,50.43,0,0.0,0
32974,control,0.0,0,0.0,0
32975,control,74.37,0,0.0,0
32976,treatment,0.0,1,114.22,0
32977,treatment,353.15,0,0.0,0
32978,control,0.0,0,0.0,0
32979,treatment,72.53,0,0.0,0
32980,treatment,0.0,0,0.0,0
32981,treatment,0.0,0,0.0,0
32982,control,118.44,0,0.0,0
32983,treatment,123.54,0,0.0,0
32984,control,824.33,1,176.55,0
32985,treatment,0.0,0,0.0,0
32986,control,222.55,0,0.0,0
32987,control,75.17,0,0.0,0
32988,treatment,52.49,0,0.0,0
32989,treatment,0.0,1,64.17,0
32990,treatment,99.32,0,0.0,0
32991,treatment,0.0,1,11.75,0
32992,control,0.0,0,0.0,0
32993,treatment,653.2,1,231.44,0
32994,treatment,0.0,0,0.0,0
32995,treatment,0.0,0,0.0,0
32996,control,97.55,0,0.0,0
32997,control,30.74,0,0.0,0
32998,treatment,33.68,0,0.0,0
32999,control,53.32,0,0.0,0
33000,control,70.92,0,0.0,0
33001,treatment,85.66,0,0.0,0
33002,treatment,0.0,0,0.0,0
33003,treatment,0.0,0,0.0,0
33004,treatment,68.82,0,0.0,0
33005,control,0.0,0,0.0,0
33006,control,0.0,0,0.0,0
33007,treatment,0.0,0,0.0,0
33008,treatment,118.11,0,0.0,0
33009,treatment,51.18,0,0.0,0
33010,control,42.75,0,0.0,0
33011,treatment,142.85,1,76.11,1
33012,control,31.63,0,0.0,0
33013,control,80.16,1,126.73,0
33014,treatment,112.62,0,0.0,0
33015,treatment,68.39,0,0.0,0
33016,treatment,0.0,0,0.0,0
33017,treatment,291.54,0,0.0,0
33018,control,0.0,0,0.0,0
33019,treatment,0.0,0,0.0,0
33020,treatment,84.26,0,0.0,0
33021,control,0.0,0,0.0,0
33022,control,0.0,0,0.0,0
33023,control,50.61,0,0.0,0
33024,control,384.24,0,0.0,0
33025,treatment,62.25,0,0.0,0
33026,control,0.0,0,0.0,0
33027,treatment,50.9,1,99.52,0
33028,control,0.0,0,0.0,0
33029,treatment,215.1,1,108.23,0
33030,control,157.85,0,0.0,0
33031,control,735.54,1,84.47,0
33032,treatment,0.0,1,66.18,0
33033,treatment,0.0,0,0.0,0
33034,treatment,0.0,0,0.0,0
33035,control,0.0,0,0.0,0
33036,treatment,79.96,0,0.0,0
33037,treatment,0.0,0,0.0,0
33038,control,267.03,1,151.38,0
33039,treatment,65.35,0,0.0,0
33040,control,0.0,0,0.0,0
33041,treatment,135.9,0,0.0,0
33042,control,0.0,0,0.0,0
33043,control,0.0,0,0.0,0
33044,treatment,0.0,0,0.0,0
33045,treatment,57.88,0,0.0,0
33046,control,347.89,0,0.0,0
33047,treatment,0.0,0,0.0,0
33048,treatment,59.8,0,0.0,0
33049,treatment,130.9,1,61.35,0
33050,treatment,50.31,1,82.49,0
33051,treatment,0.0,0,0.0,0
33052,control,43.07,0,0.0,0
33053,control,0.0,0,0.0,0
33054,treatment,485.84,0,0.0,0
33055,treatment,0.0,0,0.0,0
33056,treatment,0.0,0,0.0,0
33057,treatment,41.12,0,0.0,0
33058,treatment,0.0,0,0.0,0
33059,control,0.0,0,0.0,0
33060,control,154.55,0,0.0,0
33061,treatment,308.15,0,0.0,0
33062,treatment,0.0,0,0.0,0
33063,treatment,0.0,0,0.0,0
33064,control,44.2,1,42.32,0
33065,control,157.34,0,0.0,0
33066,treatment,0.0,0,0.0,0
33067,treatment,53.15,0,0.0,0
33068,treatment,0.0,0,0.0,0
33069,treatment,0.0,0,0.0,0
33070,treatment,0.0,0,0.0,0
33071,treatment,79.55,0,0.0,0
33072,control,100.87,0,0.0,0
33073,treatment,0.0,0,0.0,0
33074,treatment,70.27,0,0.0,0
33075,treatment,0.0,0,0.0,0
33076,control,0.0,0,0.0,0
33077,treatment,51.79,1,49.67,0
33078,control,30.98,0,0.0,0
33079,treatment,0.0,0,0.0,0
33080,control,0.0,0,0.0,0
33081,control,0.0,0,0.0,0
33082,control,0.0,0,0.0,0
33083,control,46.12,0,0.0,0
33084,control,39.01,0,0.0,0
33085,control,0.0,0,0.0,0
33086,treatment,299.74,0,0.0,0
33087,control,0.0,0,0.0,0
33088,treatment,0.0,0,0.0,0
33089,treatment,0.0,0,0.0,0
33090,treatment,0.0,0,0.0,0
33091,treatment,121.22,0,0.0,0
33092,control,28.04,0,0.0,0
33093,treatment,0.0,0,0.0,0
33094,treatment,62.33,0,0.0,0
33095,treatment,61.32,0,0.0,0
33096,control,131.57,0,0.0,0
33097,control,0.0,0,0.0,0
33098,control,0.0,0,0.0,0
33099,control,0.0,1,26.18,0
33100,treatment,222.6,0,0.0,0
33101,treatment,258.69,0,0.0,0
33102,treatment,0.0,0,0.0,0
33103,treatment,39.51,0,0.0,0
33104,control,51.4,0,0.0,0
33105,treatment,524.8,0,0.0,0
33106,treatment,0.0,0,0.0,0
33107,control,0.0,0,0.0,0
33108,control,69.92,0,0.0,0
33109,treatment,57.22,0,0.0,0
33110,control,0.0,0,0.0,0
33111,control,56.82,0,0.0,0
33112,treatment,121.91,0,0.0,0
33113,treatment,18.94,0,0.0,0
33114,treatment,110.09,0,0.0,0
33115,treatment,0.0,0,0.0,0
33116,control,0.0,0,0.0,0
33117,control,96.0,1,26.46,1
33118,treatment,234.04,1,69.01,0
33119,control,0.0,0,0.0,0
33120,treatment,0.0,1,60.35,0
33121,treatment,111.48,0,0.0,0
33122,control,104.3,1,69.09,0
33123,control,0.0,0,0.0,0
33124,control,0.0,0,0.0,0
33125,control,24.7,0,0.0,0
33126,control,47.11,0,0.0,0
33127,treatment,0.0,0,0.0,0
33128,control,0.0,0,0.0,0
33129,treatment,0.0,0,0.0,0
33130,treatment,252.17,0,0.0,0
33131,treatment,0.0,0,0.0,0
33132,control,906.9,0,0.0,0
33133,control,0.0,0,0.0,0
33134,treatment,0.0,0,0.0,0
33135,treatment,73.91,0,0.0,0
33136,control,31.53,0,0.0,0
33137,treatment,165.99,1,41.77,0
33138,control,0.0,0,0.0,0
33139,control,0.0,0,0.0,0
33140,treatment,171.69,0,0.0,0
33141,control,0.0,0,0.0,0
33142,control,78.88,0,0.0,0
33143,control,60.85,0,0.0,0
33144,treatment,0.0,0,0.0,0
33145,treatment,32.23,0,0.0,0
33146,control,0.0,0,0.0,0
33147,control,49.72,0,0.0,0
33148,control,0.0,0,0.0,0
33149,control,0.0,0,0.0,0
33150,control,153.74,0,0.0,0
33151,treatment,0.0,0,0.0,0
33152,control,82.8,0,0.0,0
33153,treatment,0.0,0,0.0,0
33154,treatment,29.06,0,0.0,0
33155,treatment,39.11,0,0.0,0
33156,treatment,0.0,0,0.0,0
33157,treatment,112.14,0,0.0,0
33158,treatment,47.33,0,0.0,0
33159,treatment,0.0,0,0.0,0
33160,treatment,37.28,0,0.0,0
33161,treatment,73.68,0,0.0,0
33162,control,215.41,0,0.0,0
33163,control,0.0,0,0.0,0
33164,control,0.0,1,20.27,0
33165,treatment,75.65,0,0.0,0
33166,control,63.68,1,87.86,0
33167,control,231.24,0,0.0,0
33168,control,68.03,1,56.31,0
33169,treatment,32.64,0,0.0,0
33170,treatment,0.0,0,0.0,0
33171,treatment,0.0,0,0.0,0
33172,control,54.67,0,0.0,0
33173,control,107.13,0,0.0,0
33174,treatment,0.0,0,0.0,0
33175,treatment,0.0,0,0.0,0
33176,treatment,0.0,0,0.0,0
33177,control,0.0,0,0.0,0
33178,control,47.67,0,0.0,0
33179,treatment,65.71,0,0.0,0
33180,control,426.07,0,0.0,0
33181,treatment,77.74,0,0.0,0
33182,treatment,303.31,0,0.0,0
33183,control,0.0,0,0.0,0
33184,treatment,73.12,0,0.0,0
33185,control,19.35,1,11.38,0
33186,treatment,0.0,0,0.0,0
33187,control,63.66,0,0.0,0
33188,control,35.68,1,35.12,0
33189,control,72.92,0,0.0,0
33190,control,0.0,0,0.0,0
33191,treatment,33.69,0,0.0,0
33192,treatment,0.0,0,0.0,0
33193,control,0.0,0,0.0,0
33194,treatment,94.84,0,0.0,0
33195,control,0.0,0,0.0,0
33196,treatment,0.0,0,0.0,0
33197,treatment,0.0,0,0.0,0
33198,treatment,52.93,0,0.0,0
33199,treatment,283.06,1,80.37,0
33200,treatment,0.0,0,0.0,0
33201,control,0.0,0,0.0,0
33202,treatment,0.0,0,0.0,0
33203,control,0.0,0,0.0,0
33204,treatment,55.83,0,0.0,0
33205,control,0.0,0,0.0,0
33206,control,76.49,0,0.0,0
33207,treatment,0.0,0,0.0,0
33208,treatment,62.81,0,0.0,0
33209,control,57.68,0,0.0,0
33210,control,0.0,0,0.0,0
33211,treatment,26.92,0,0.0,0
33212,treatment,68.84,1,38.09,0
33213,treatment,149.12,0,0.0,0
33214,treatment,0.0,0,0.0,0
33215,control,0.0,0,0.0,0
33216,treatment,42.67,0,0.0,0
33217,treatment,0.0,0,0.0,0
33218,treatment,0.0,0,0.0,0
33219,control,47.72,0,0.0,0
33220,control,0.0,0,0.0,0
33221,treatment,0.0,0,0.0,0
33222,control,0.0,0,0.0,0
33223,treatment,532.81,1,120.91,0
33224,control,59.79,0,0.0,0
33225,control,55.3,1,45.84,0
33226,control,0.0,0,0.0,0
33227,control,74.73,0,0.0,0
33228,control,57.22,0,0.0,0
33229,control,0.0,0,0.0,0
33230,control,0.0,0,0.0,0
33231,control,70.55,0,0.0,0
33232,control,0.0,0,0.0,0
33233,treatment,0.0,0,0.0,0
33234,control,217.58,0,0.0,0
33235,control,0.0,0,0.0,0
33236,treatment,55.0,0,0.0,0
33237,treatment,60.21,0,0.0,0
33238,treatment,0.0,0,0.0,0
33239,control,296.2,0,0.0,0
33240,control,68.51,0,0.0,0
33241,control,0.0,0,0.0,0
33242,treatment,95.66,0,0.0,0
33243,treatment,0.0,0,0.0,0
33244,treatment,0.0,0,0.0,0
33245,control,0.0,0,0.0,0
33246,treatment,0.0,0,0.0,0
33247,treatment,57.77,1,24.95,0
33248,control,357.26,0,0.0,0
33249,control,73.19,0,0.0,0
33250,treatment,0.0,0,0.0,0
33251,control,0.0,0,0.0,0
33252,control,0.0,0,0.0,0
33253,treatment,65.95,0,0.0,0
33254,control,0.0,0,0.0,0
33255,treatment,116.34,0,0.0,0
33256,control,138.74,0,0.0,0
33257,treatment,21.22,0,0.0,0
33258,treatment,0.0,0,0.0,0
33259,treatment,73.71,0,0.0,0
33260,treatment,182.56,1,58.15,0
33261,control,0.0,0,0.0,0
33262,control,88.32,0,0.0,0
33263,control,0.0,0,0.0,0
33264,treatment,0.0,0,0.0,0
33265,treatment,0.0,0,0.0,0
33266,treatment,61.12,0,0.0,0
33267,control,64.47,0,0.0,0
33268,treatment,54.77,0,0.0,0
33269,treatment,0.0,1,133.61,0
33270,treatment,0.0,0,0.0,0
33271,control,0.0,0,0.0,0
33272,control,0.0,0,0.0,0
33273,control,76.37,0,0.0,0
33274,control,0.0,0,0.0,0
33275,treatment,100.27,0,0.0,0
33276,treatment,0.0,0,0.0,0
33277,treatment,0.0,0,0.0,0
33278,treatment,0.0,0,0.0,0
33279,control,204.47,1,79.41,0
33280,treatment,0.0,0,0.0,0
33281,control,73.88,0,0.0,0
33282,treatment,0.0,0,0.0,0
33283,treatment,0.0,0,0.0,0
33284,control,72.64,0,0.0,0
33285,treatment,50.22,0,0.0,0
33286,control,43.95,0,0.0,0
33287,control,1150.6,1,171.87,0
33288,treatment,0.0,0,0.0,0
33289,control,0.0,0,0.0,0
33290,control,29.62,0,0.0,0
33291,control,0.0,1,24.72,0
33292,treatment,0.0,0,0.0,0
33293,treatment,24.5,0,0.0,0
33294,treatment,40.91,0,0.0,0
33295,control,0.0,0,0.0,0
33296,treatment,0.0,0,0.0,0
33297,control,0.0,0,0.0,0
33298,treatment,75.03,1,99.17,0
33299,control,75.83,0,0.0,0
33300,treatment,0.0,0,0.0,0
33301,treatment,27.21,0,0.0,0
33302,control,172.93,1,89.19,0
33303,control,0.0,0,0.0,0
33304,control,0.0,0,0.0,0
33305,treatment,70.08,0,0.0,0
33306,control,50.53,0,0.0,0
33307,treatment,0.0,0,0.0,0
33308,treatment,0.0,0,0.0,0
33309,control,45.03,0,0.0,0
33310,control,68.2,0,0.0,0
33311,control,25.71,0,0.0,0
33312,control,0.0,0,0.0,0
33313,treatment,0.0,0,0.0,0
33314,control,53.89,0,0.0,0
33315,treatment,0.0,0,0.0,0
33316,control,0.0,1,50.49,0
33317,control,0.0,0,0.0,0
33318,control,493.08,1,94.91,0
33319,control,0.0,0,0.0,0
33320,treatment,0.0,0,0.0,0
33321,treatment,0.0,0,0.0,0
33322,treatment,0.0,1,37.32,0
33323,control,0.0,0,0.0,0
33324,control,0.0,0,0.0,0
33325,control,70.04,0,0.0,0
33326,control,106.6,0,0.0,0
33327,treatment,0.0,0,0.0,0
33328,treatment,0.0,0,0.0,0
33329,control,0.0,1,38.39,0
33330,treatment,53.13,0,0.0,0
33331,treatment,0.0,1,42.29,0
33332,treatment,0.0,0,0.0,0
33333,control,40.57,0,0.0,0
33334,control,29.12,0,0.0,0
33335,control,157.71,0,0.0,0
33336,control,0.0,0,0.0,0
33337,control,41.03,1,128.74,0
33338,control,0.0,0,0.0,0
33339,treatment,0.0,0,0.0,0
33340,treatment,54.93,0,0.0,0
33341,treatment,0.0,0,0.0,0
33342,control,125.94,0,0.0,0
33343,control,28.26,0,0.0,0
33344,treatment,45.02,0,0.0,0
33345,control,74.25,0,0.0,0
33346,control,151.15,0,0.0,0
33347,control,0.0,0,0.0,0
33348,control,611.95,0,0.0,0
33349,control,0.0,0,0.0,0
33350,control,0.0,0,0.0,0
33351,treatment,0.0,0,0.0,0
33352,control,0.0,0,0.0,0
33353,control,318.37,1,33.24,0
33354,control,0.0,0,0.0,0
33355,control,239.36,0,0.0,0
33356,treatment,74.77,0,0.0,0
33357,treatment,349.91,0,0.0,0
33358,control,0.0,0,0.0,0
33359,control,0.0,0,0.0,0
33360,control,35.04,0,0.0,0
33361,treatment,0.0,0,0.0,0
33362,control,0.0,0,0.0,0
33363,treatment,0.0,0,0.0,0
33364,treatment,54.42,0,0.0,0
33365,control,202.04,1,153.74,0
33366,control,60.66,0,0.0,0
33367,control,0.0,0,0.0,0
33368,control,0.0,0,0.0,0
33369,treatment,94.62,0,0.0,0
33370,control,0.0,0,0.0,0
33371,treatment,0.0,0,0.0,0
33372,treatment,0.0,0,0.0,0
33373,control,0.0,1,49.24,0
33374,control,0.0,0,0.0,0
33375,control,0.0,0,0.0,0
33376,treatment,69.75,0,0.0,0
33377,control,0.0,0,0.0,0
33378,treatment,0.0,0,0.0,0
33379,control,0.0,0,0.0,0
33380,treatment,172.75,0,0.0,0
33381,control,255.58,0,0.0,0
33382,treatment,56.85,0,0.0,0
33383,control,0.0,0,0.0,0
33384,control,0.0,0,0.0,0
33385,treatment,0.0,0,0.0,0
33386,treatment,0.0,0,0.0,0
33387,control,0.0,0,0.0,0
33388,treatment,0.0,0,0.0,0
33389,treatment,0.0,0,0.0,0
33390,treatment,163.32,1,70.49,0
33391,treatment,105.87,0,0.0,0
33392,treatment,206.54,1,39.77,0
33393,treatment,0.0,0,0.0,0
33394,treatment,0.0,0,0.0,0
33395,control,93.45,0,0.0,0
33396,treatment,76.06,0,0.0,0
33397,control,43.08,0,0.0,0
33398,treatment,31.1,0,0.0,0
33399,control,0.0,0,0.0,0
33400,treatment,982.74,1,18.0,0
33401,control,0.0,0,0.0,0
33402,control,57.64,0,0.0,0
33403,control,32.95,0,0.0,0
33404,control,149.51,0,0.0,0
33405,control,60.28,0,0.0,0
33406,control,0.0,0,0.0,0
33407,control,313.99,0,0.0,0
33408,control,407.41,1,26.13,1
33409,treatment,0.0,1,33.46,0
33410,control,105.24,0,0.0,0
33411,control,29.05,0,0.0,0
33412,control,0.0,0,0.0,0
33413,control,0.0,0,0.0,0
33414,control,35.55,0,0.0,0
33415,control,77.25,1,82.36,0
33416,treatment,0.0,1,44.65,0
33417,treatment,0.0,0,0.0,0
33418,treatment,0.0,0,0.0,0
33419,control,0.0,0,0.0,0
33420,control,0.0,0,0.0,0
33421,treatment,0.0,1,23.33,0
33422,treatment,0.0,0,0.0,0
33423,treatment,0.0,0,0.0,0
33424,treatment,0.0,1,61.01,0
33425,treatment,0.0,0,0.0,0
33426,control,0.0,0,0.0,0
33427,treatment,123.97,0,0.0,0
33428,control,62.28,0,0.0,0
33429,control,271.91,0,0.0,0
33430,treatment,193.96,1,20.0,0
33431,treatment,0.0,0,0.0,0
33432,control,0.0,0,0.0,0
33433,control,27.74,0,0.0,0
33434,treatment,0.0,0,0.0,0
33435,control,0.0,0,0.0,0
33436,treatment,0.0,0,0.0,0
33437,treatment,0.0,0,0.0,0
33438,treatment,85.59,0,0.0,0
33439,treatment,0.0,0,0.0,0
33440,control,0.0,0,0.0,0
33441,control,0.0,0,0.0,0
33442,treatment,0.0,0,0.0,0
33443,treatment,122.94,0,0.0,0
33444,control,59.47,0,0.0,0
33445,control,0.0,0,0.0,0
33446,treatment,0.0,0,0.0,0
33447,treatment,0.0,0,0.0,0
33448,treatment,0.0,0,0.0,0
33449,treatment,59.55,0,0.0,0
33450,control,0.0,0,0.0,0
33451,control,118.34,0,0.0,0
33452,treatment,36.04,0,0.0,0
33453,control,0.0,0,0.0,0
33454,treatment,52.1,1,38.68,0
33455,control,0.0,0,0.0,0
33456,control,81.17,0,0.0,0
33457,control,0.0,0,0.0,0
33458,treatment,0.0,0,0.0,0
33459,treatment,185.05,1,63.09,0
33460,treatment,43.71,0,0.0,0
33461,control,33.27,0,0.0,0
33462,treatment,0.0,0,0.0,0
33463,control,155.46,0,0.0,0
33464,treatment,0.0,0,0.0,0
33465,treatment,62.7,0,0.0,0
33466,treatment,0.0,0,0.0,0
33467,treatment,0.0,0,0.0,0
33468,treatment,100.59,0,0.0,0
33469,control,35.8,0,0.0,0
33470,treatment,0.0,0,0.0,0
33471,control,72.67,0,0.0,0
33472,treatment,244.45,1,76.16,0
33473,treatment,0.0,0,0.0,0
33474,control,94.44,0,0.0,0
33475,treatment,0.0,0,0.0,0
33476,control,0.0,0,0.0,0
33477,treatment,0.0,0,0.0,0
33478,treatment,0.0,0,0.0,0
33479,treatment,35.43,0,0.0,0
33480,treatment,0.0,0,0.0,0
33481,control,0.0,0,0.0,0
33482,control,0.0,0,0.0,0
33483,control,0.0,0,0.0,0
33484,treatment,0.0,1,116.27,0
33485,treatment,0.0,0,0.0,0
33486,control,71.57,0,0.0,0
33487,control,0.0,0,0.0,0
33488,treatment,220.84,0,0.0,0
33489,control,30.87,0,0.0,0
33490,control,0.0,0,0.0,0
33491,control,0.0,1,45.82,0
33492,control,0.0,0,0.0,0
33493,treatment,144.24,0,0.0,0
33494,treatment,29.74,0,0.0,0
33495,control,227.29,1,78.59,0
33496,treatment,20.3,0,0.0,0
33497,control,36.44,0,0.0,0
33498,control,0.0,0,0.0,0
33499,control,0.0,0,0.0,0
33500,treatment,0.0,0,0.0,0
33501,control,0.0,0,0.0,0
33502,treatment,0.0,0,0.0,0
33503,control,51.74,0,0.0,0
33504,treatment,0.0,0,0.0,0
33505,control,41.59,0,0.0,0
33506,control,0.0,0,0.0,0
33507,treatment,0.0,0,0.0,0
33508,control,0.0,0,0.0,0
33509,treatment,0.0,0,0.0,0
33510,control,0.0,0,0.0,0
33511,treatment,0.0,0,0.0,0
33512,treatment,0.0,0,0.0,0
33513,control,0.0,0,0.0,0
33514,treatment,0.0,0,0.0,0
33515,treatment,0.0,0,0.0,0
33516,control,0.0,0,0.0,0
33517,control,157.14,1,54.71,0
33518,control,77.62,0,0.0,0
33519,treatment,0.0,0,0.0,0
33520,control,0.0,0,0.0,0
33521,control,0.0,0,0.0,0
33522,treatment,174.69,0,0.0,0
33523,control,91.31,0,0.0,0
33524,control,80.75,0,0.0,0
33525,treatment,71.16,0,0.0,0
33526,control,0.0,0,0.0,0
33527,treatment,0.0,0,0.0,0
33528,treatment,0.0,0,0.0,0
33529,control,45.41,0,0.0,0
33530,treatment,0.0,0,0.0,0
33531,treatment,0.0,0,0.0,0
33532,treatment,68.45,0,0.0,0
33533,control,79.54,0,0.0,0
33534,control,112.95,0,0.0,0
33535,control,202.56,0,0.0,0
33536,treatment,0.0,0,0.0,0
33537,treatment,75.48,0,0.0,0
33538,control,0.0,0,0.0,0
33539,treatment,0.0,0,0.0,0
33540,control,70.61,0,0.0,0
33541,control,0.0,0,0.0,0
33542,control,0.0,0,0.0,0
33543,control,0.0,0,0.0,0
33544,treatment,115.39,0,0.0,0
33545,control,56.0,0,0.0,0
33546,control,0.0,1,100.3,1
33547,control,0.0,0,0.0,0
33548,control,37.82,0,0.0,0
33549,treatment,0.0,0,0.0,0
33550,treatment,152.08,0,0.0,0
33551,control,0.0,0,0.0,0
33552,control,0.0,0,0.0,0
33553,treatment,301.21,1,122.47,0
33554,control,32.76,0,0.0,0
33555,control,75.66,0,0.0,0
33556,control,65.39,0,0.0,0
33557,treatment,0.0,0,0.0,0
33558,control,0.0,0,0.0,0
33559,treatment,0.0,0,0.0,0
33560,control,201.28,0,0.0,0
33561,treatment,75.0,0,0.0,0
33562,control,75.43,0,0.0,0
33563,treatment,0.0,0,0.0,0
33564,treatment,0.0,0,0.0,0
33565,control,15.64,0,0.0,0
33566,control,60.09,0,0.0,0
33567,control,0.0,0,0.0,0
33568,control,134.37,0,0.0,0
33569,treatment,0.0,0,0.0,0
33570,treatment,0.0,0,0.0,0
33571,control,0.0,0,0.0,0
33572,control,30.93,0,0.0,0
33573,treatment,73.93,0,0.0,0
33574,control,60.48,0,0.0,0
33575,control,39.03,0,0.0,0
33576,treatment,33.75,0,0.0,0
33577,control,69.86,0,0.0,0
33578,control,209.9,0,0.0,0
33579,control,0.0,0,0.0,0
33580,treatment,36.87,0,0.0,0
33581,control,0.0,0,0.0,0
33582,control,0.0,0,0.0,0
33583,treatment,0.0,0,0.0,0
33584,treatment,143.16,0,0.0,0
33585,control,0.0,0,0.0,0
33586,control,0.0,0,0.0,0
33587,control,87.58,1,72.59,0
33588,control,0.0,0,0.0,0
33589,control,39.48,0,0.0,0
33590,treatment,0.0,0,0.0,0
33591,control,0.0,0,0.0,0
33592,control,165.06,0,0.0,0
33593,control,0.0,0,0.0,0
33594,treatment,0.0,0,0.0,0
33595,control,0.0,0,0.0,0
33596,control,0.0,0,0.0,0
33597,control,0.0,0,0.0,0
33598,control,0.0,0,0.0,0
33599,control,0.0,0,0.0,0
33600,control,0.0,1,43.8,0
33601,control,0.0,0,0.0,0
33602,treatment,0.0,0,0.0,0
33603,treatment,99.97,0,0.0,0
33604,control,112.48,0,0.0,0
33605,treatment,80.51,1,25.83,0
33606,control,0.0,0,0.0,0
33607,treatment,366.31,0,0.0,0
33608,control,0.0,1,44.99,0
33609,control,53.72,0,0.0,0
33610,control,0.0,0,0.0,0
33611,control,0.0,0,0.0,0
33612,treatment,0.0,0,0.0,0
33613,treatment,124.31,1,77.26,0
33614,treatment,0.0,0,0.0,0
33615,treatment,0.0,0,0.0,0
33616,treatment,205.66,0,0.0,0
33617,control,0.0,0,0.0,0
33618,treatment,0.0,0,0.0,0
33619,treatment,0.0,0,0.0,0
33620,control,141.36,0,0.0,0
33621,treatment,641.05,1,179.18,0
33622,treatment,0.0,0,0.0,0
33623,treatment,260.8,0,0.0,0
33624,treatment,0.0,0,0.0,0
33625,treatment,0.0,0,0.0,0
33626,control,0.0,0,0.0,0
33627,control,0.0,1,50.62,0
33628,control,802.23,1,118.53,0
33629,treatment,0.0,0,0.0,0
33630,control,438.62,0,0.0,0
33631,control,0.0,0,0.0,0
33632,treatment,0.0,0,0.0,0
33633,control,0.0,0,0.0,0
33634,treatment,29.42,0,0.0,0
33635,treatment,45.22,1,30.56,0
33636,treatment,31.55,0,0.0,0
33637,control,48.52,0,0.0,0
33638,control,33.55,0,0.0,0
33639,control,130.07,0,0.0,0
33640,treatment,0.0,0,0.0,0
33641,treatment,588.78,1,132.39,0
33642,control,142.48,1,46.52,0
33643,control,0.0,1,31.84,0
33644,control,212.3,0,0.0,0
33645,treatment,0.0,0,0.0,0
33646,control,41.71,0,0.0,0
33647,treatment,36.98,0,0.0,0
33648,treatment,0.0,0,0.0,0
33649,treatment,0.0,0,0.0,0
33650,control,0.0,0,0.0,0
33651,control,87.01,1,44.83,0
33652,control,0.0,0,0.0,0
33653,treatment,187.66,1,69.12,0
33654,control,108.98,1,77.48,0
33655,treatment,62.33,0,0.0,0
33656,treatment,315.12,1,85.46,0
33657,treatment,0.0,0,0.0,0
33658,treatment,188.23,0,0.0,0
33659,control,102.82,0,0.0,0
33660,treatment,110.53,0,0.0,0
33661,control,0.0,1,34.69,0
33662,control,61.91,1,63.66,0
33663,control,0.0,0,0.0,0
33664,control,0.0,0,0.0,0
33665,control,34.91,0,0.0,0
33666,control,0.0,0,0.0,0
33667,treatment,88.53,0,0.0,0
33668,treatment,0.0,0,0.0,0
33669,treatment,116.06,0,0.0,0
33670,treatment,143.67,0,0.0,0
33671,control,0.0,0,0.0,0
33672,treatment,53.54,1,32.03,0
33673,treatment,262.37,0,0.0,0
33674,treatment,0.0,0,0.0,0
33675,treatment,102.15,0,0.0,0
33676,control,131.73,0,0.0,0
33677,treatment,0.0,0,0.0,0
33678,control,67.28,0,0.0,0
33679,control,0.0,0,0.0,0
33680,control,0.0,0,0.0,0
33681,control,0.0,0,0.0,0
33682,treatment,84.08,0,0.0,0
33683,control,0.0,0,0.0,0
33684,control,61.31,0,0.0,0
33685,treatment,0.0,0,0.0,0
33686,treatment,51.45,0,0.0,0
33687,control,86.13,1,44.58,0
33688,treatment,0.0,0,0.0,0
33689,control,0.0,0,0.0,0
33690,control,58.73,0,0.0,0
33691,treatment,78.76,0,0.0,0
33692,treatment,0.0,0,0.0,0
33693,control,57.06,0,0.0,0
33694,control,0.0,0,0.0,0
33695,control,61.4,0,0.0,0
33696,treatment,61.31,0,0.0,0
33697,treatment,0.0,0,0.0,0
33698,treatment,0.0,0,0.0,0
33699,control,0.0,0,0.0,0
33700,control,57.16,0,0.0,0
33701,treatment,0.0,0,0.0,0
33702,treatment,173.49,0,0.0,0
33703,control,0.0,0,0.0,0
33704,control,0.0,1,30.69,0
33705,control,126.69,0,0.0,0
33706,treatment,0.0,0,0.0,0
33707,treatment,0.0,0,0.0,0
33708,treatment,0.0,0,0.0,0
33709,control,44.68,0,0.0,0
33710,control,41.11,0,0.0,0
33711,control,0.0,0,0.0,0
33712,control,116.45,0,0.0,0
33713,treatment,0.0,0,0.0,0
33714,treatment,56.01,0,0.0,0
33715,treatment,100.88,0,0.0,0
33716,control,0.0,0,0.0,0
33717,control,110.9,0,0.0,0
33718,treatment,0.0,0,0.0,0
33719,treatment,0.0,0,0.0,0
33720,treatment,145.55,0,0.0,0
33721,treatment,58.26,0,0.0,0
33722,treatment,0.0,0,0.0,0
33723,control,43.17,0,0.0,0
33724,control,63.39,0,0.0,0
33725,treatment,0.0,0,0.0,0
33726,control,0.0,0,0.0,0
33727,treatment,0.0,0,0.0,0
33728,control,251.42,1,86.36,0
33729,control,0.0,0,0.0,0
33730,treatment,33.93,0,0.0,0
33731,control,0.0,0,0.0,0
33732,control,0.0,0,0.0,0
33733,treatment,40.24,0,0.0,0
33734,control,104.55,0,0.0,0
33735,treatment,24.0,0,0.0,0
33736,control,839.05,1,73.88,0
33737,treatment,0.0,0,0.0,0
33738,control,0.0,0,0.0,0
33739,treatment,44.32,0,0.0,0
33740,treatment,0.0,0,0.0,0
33741,treatment,60.45,0,0.0,0
33742,treatment,0.0,0,0.0,0
33743,control,0.0,0,0.0,0
33744,control,0.0,0,0.0,0
33745,control,30.35,0,0.0,0
33746,treatment,0.0,0,0.0,0
33747,treatment,94.86,1,22.04,0
33748,treatment,56.2,1,68.34,0
33749,control,70.39,0,0.0,0
33750,control,0.0,0,0.0,0
33751,control,103.91,0,0.0,0
33752,treatment,111.52,0,0.0,0
33753,treatment,75.76,1,16.42,0
33754,control,35.43,0,0.0,0
33755,control,75.1,0,0.0,0
33756,control,108.55,0,0.0,0
33757,treatment,86.91,0,0.0,0
33758,treatment,40.27,0,0.0,0
33759,treatment,0.0,0,0.0,0
33760,treatment,0.0,0,0.0,0
33761,treatment,0.0,0,0.0,0
33762,control,217.53,1,41.47,0
33763,control,0.0,0,0.0,0
33764,control,54.86,0,0.0,0
33765,treatment,61.29,0,0.0,0
33766,control,294.58,0,0.0,0
33767,control,332.74,0,0.0,0
33768,treatment,0.0,0,0.0,0
33769,control,46.21,0,0.0,0
33770,control,31.98,0,0.0,0
33771,treatment,0.0,0,0.0,0
33772,treatment,0.0,0,0.0,0
33773,treatment,65.44,0,0.0,0
33774,control,0.0,0,0.0,0
33775,treatment,0.0,0,0.0,0
33776,control,0.0,0,0.0,0
33777,control,0.0,1,71.75,0
33778,control,0.0,0,0.0,0
33779,control,0.0,0,0.0,0
33780,control,43.48,0,0.0,0
33781,treatment,0.0,0,0.0,0
33782,control,116.48,1,98.56,0
33783,control,46.78,0,0.0,0
33784,treatment,144.35,1,57.82,0
33785,control,0.0,0,0.0,0
33786,treatment,0.0,0,0.0,0
33787,treatment,108.96,0,0.0,0
33788,treatment,122.06,0,0.0,0
33789,control,31.27,0,0.0,0
33790,control,40.97,0,0.0,0
33791,control,51.32,0,0.0,0
33792,treatment,0.0,0,0.0,0
33793,treatment,23.93,0,0.0,0
33794,control,0.0,0,0.0,0
33795,control,0.0,0,0.0,0
33796,control,68.91,0,0.0,0
33797,control,0.0,0,0.0,0
33798,treatment,43.04,0,0.0,0
33799,control,98.47,0,0.0,0
33800,control,0.0,0,0.0,0
33801,control,0.0,0,0.0,0
33802,treatment,73.9,0,0.0,0
33803,control,35.4,1,23.17,0
33804,treatment,57.96,0,0.0,0
33805,treatment,204.99,0,0.0,0
33806,treatment,0.0,0,0.0,0
33807,control,140.52,0,0.0,0
33808,control,92.65,0,0.0,0
33809,control,31.43,0,0.0,0
33810,treatment,25.65,0,0.0,0
33811,control,0.0,0,0.0,0
33812,treatment,0.0,0,0.0,0
33813,control,78.23,0,0.0,0
33814,control,0.0,0,0.0,0
33815,treatment,190.98,0,0.0,0
33816,control,302.33,0,0.0,0
33817,control,0.0,0,0.0,0
33818,treatment,0.0,0,0.0,0
33819,control,156.36,1,95.38,0
33820,treatment,0.0,0,0.0,0
33821,treatment,0.0,0,0.0,0
33822,treatment,0.0,0,0.0,0
33823,control,407.34,1,57.99,0
33824,control,0.0,0,0.0,0
33825,control,0.0,0,0.0,0
33826,treatment,0.0,0,0.0,0
33827,control,47.9,1,136.52,0
33828,treatment,0.0,0,0.0,0
33829,control,0.0,0,0.0,0
33830,treatment,67.41,0,0.0,0
33831,treatment,0.0,0,0.0,0
33832,treatment,0.0,0,0.0,0
33833,control,55.68,0,0.0,0
33834,control,0.0,0,0.0,0
33835,control,93.3,0,0.0,0
33836,treatment,0.0,0,0.0,0
33837,treatment,57.07,1,65.23,0
33838,control,59.64,0,0.0,0
33839,treatment,21.67,0,0.0,0
33840,treatment,0.0,0,0.0,0
33841,treatment,0.0,0,0.0,0
33842,control,0.0,0,0.0,0
33843,treatment,0.0,0,0.0,0
33844,treatment,0.0,0,0.0,0
33845,treatment,102.13,0,0.0,0
33846,control,0.0,0,0.0,0
33847,treatment,36.7,0,0.0,0
33848,control,0.0,0,0.0,0
33849,treatment,48.22,0,0.0,0
33850,control,0.0,0,0.0,0
33851,treatment,275.85,0,0.0,0
33852,treatment,0.0,0,0.0,0
33853,treatment,44.79,0,0.0,0
33854,treatment,0.0,0,0.0,0
33855,control,0.0,0,0.0,0
33856,treatment,29.41,0,0.0,0
33857,control,123.69,1,64.68,0
33858,treatment,0.0,1,67.46,0
33859,control,41.9,0,0.0,0
33860,control,0.0,0,0.0,0
33861,treatment,37.34,0,0.0,0
33862,treatment,0.0,1,23.94,0
33863,control,0.0,0,0.0,0
33864,treatment,0.0,0,0.0,0
33865,treatment,0.0,0,0.0,0
33866,treatment,51.87,0,0.0,0
33867,control,0.0,0,0.0,0
33868,treatment,237.27,0,0.0,0
33869,treatment,68.65,0,0.0,0
33870,control,28.99,0,0.0,0
33871,treatment,27.33,0,0.0,0
33872,control,0.0,0,0.0,0
33873,treatment,0.0,0,0.0,0
33874,control,0.0,0,0.0,0
33875,treatment,0.0,0,0.0,0
33876,treatment,210.69,0,0.0,0
33877,control,0.0,0,0.0,0
33878,treatment,0.0,0,0.0,0
33879,control,0.0,0,0.0,0
33880,treatment,97.46,0,0.0,0
33881,treatment,0.0,0,0.0,0
33882,control,102.4,0,0.0,0
33883,treatment,0.0,0,0.0,0
33884,treatment,78.82,0,0.0,0
33885,treatment,0.0,0,0.0,0
33886,treatment,0.0,0,0.0,0
33887,treatment,0.0,0,0.0,0
33888,control,0.0,0,0.0,0
33889,control,1128.07,1,110.24,0
33890,treatment,57.61,0,0.0,0
33891,control,247.13,0,0.0,0
33892,treatment,0.0,0,0.0,0
33893,control,0.0,0,0.0,0
33894,treatment,44.97,0,0.0,0
33895,control,193.3,0,0.0,0
33896,treatment,0.0,0,0.0,0
33897,treatment,0.0,1,83.81,1
33898,treatment,209.72,0,0.0,0
33899,treatment,0.0,0,0.0,0
33900,control,250.54,0,0.0,0
33901,control,0.0,0,0.0,0
33902,treatment,38.05,0,0.0,0
33903,treatment,0.0,1,56.72,0
33904,treatment,0.0,0,0.0,0
33905,control,0.0,0,0.0,0
33906,treatment,0.0,0,0.0,0
33907,control,0.0,0,0.0,0
33908,treatment,45.09,0,0.0,0
33909,treatment,0.0,0,0.0,0
33910,treatment,594.79,0,0.0,0
33911,treatment,0.0,0,0.0,0
33912,control,103.62,0,0.0,0
33913,control,70.85,0,0.0,0
33914,control,30.63,0,0.0,0
33915,treatment,158.18,1,60.61,0
33916,control,183.75,0,0.0,0
33917,control,71.91,0,0.0,0
33918,control,37.17,0,0.0,0
33919,control,68.44,0,0.0,0
33920,treatment,259.66,1,52.34,1
33921,treatment,61.11,0,0.0,0
33922,control,0.0,0,0.0,0
33923,control,51.44,0,0.0,0
33924,treatment,62.82,0,0.0,0
33925,control,0.0,0,0.0,0
33926,control,0.0,0,0.0,0
33927,control,0.0,0,0.0,0
33928,control,103.03,0,0.0,0
33929,treatment,148.6,0,0.0,0
33930,treatment,374.17,0,0.0,0
33931,control,0.0,0,0.0,0
33932,control,24.9,0,0.0,0
33933,treatment,0.0,1,51.7,0
33934,control,0.0,0,0.0,0
33935,control,0.0,0,0.0,0
33936,treatment,0.0,0,0.0,0
33937,treatment,39.55,1,74.43,0
33938,control,119.25,0,0.0,0
33939,control,37.06,0,0.0,0
33940,control,192.11,0,0.0,0
33941,control,217.87,0,0.0,0
33942,control,0.0,0,0.0,0
33943,treatment,0.0,0,0.0,0
33944,control,0.0,0,0.0,0
33945,treatment,0.0,0,0.0,0
33946,control,0.0,0,0.0,0
33947,treatment,83.42,0,0.0,0
33948,control,0.0,0,0.0,0
33949,treatment,34.69,1,171.31,0
33950,treatment,22.01,0,0.0,0
33951,control,0.0,0,0.0,0
33952,control,0.0,0,0.0,0
33953,control,19.25,0,0.0,0
33954,treatment,0.0,0,0.0,0
33955,control,0.0,0,0.0,0
33956,control,0.0,0,0.0,0
33957,treatment,836.81,1,81.27,0
33958,treatment,63.7,0,0.0,0
33959,treatment,0.0,1,64.49,0
33960,control,0.0,0,0.0,0
33961,control,0.0,0,0.0,0
33962,control,237.95,0,0.0,0
33963,treatment,101.84,1,78.57,0
33964,treatment,229.33,0,0.0,0
33965,control,29.29,1,34.32,0
33966,control,38.56,0,0.0,0
33967,control,48.64,0,0.0,0
33968,control,0.0,0,0.0,0
33969,control,0.0,0,0.0,0
33970,control,0.0,1,30.07,0
33971,control,0.0,0,0.0,0
33972,treatment,69.54,0,0.0,0
33973,treatment,77.39,0,0.0,0
33974,control,58.26,0,0.0,0
33975,control,151.79,1,49.65,0
33976,control,45.8,0,0.0,0
33977,treatment,0.0,0,0.0,0
33978,control,0.0,0,0.0,0
33979,treatment,0.0,0,0.0,0
33980,treatment,206.01,0,0.0,0
33981,treatment,0.0,0,0.0,0
33982,control,0.0,0,0.0,0
33983,control,0.0,0,0.0,0
33984,treatment,0.0,0,0.0,0
33985,treatment,0.0,0,0.0,0
33986,treatment,94.68,0,0.0,0
33987,treatment,0.0,0,0.0,0
33988,control,0.0,0,0.0,0
33989,control,0.0,0,0.0,0
33990,treatment,0.0,0,0.0,0
33991,control,0.0,0,0.0,0
33992,treatment,46.31,0,0.0,0
33993,control,0.0,0,0.0,0
33994,treatment,0.0,0,0.0,0
33995,control,28.01,0,0.0,0
33996,treatment,112.07,1,113.03,0
33997,treatment,0.0,0,0.0,0
33998,treatment,0.0,0,0.0,0
33999,control,0.0,1,37.39,0
34000,treatment,82.52,0,0.0,0
34001,control,0.0,0,0.0,0
34002,control,70.68,0,0.0,0
34003,control,348.17,1,85.57,0
34004,control,0.0,0,0.0,0
34005,treatment,54.75,0,0.0,0
34006,treatment,0.0,0,0.0,0
34007,treatment,155.24,0,0.0,0
34008,treatment,0.0,0,0.0,0
34009,treatment,0.0,0,0.0,0
34010,treatment,121.71,0,0.0,0
34011,treatment,43.86,0,0.0,0
34012,control,22.41,0,0.0,0
34013,treatment,0.0,0,0.0,0
34014,treatment,0.0,0,0.0,0
34015,control,0.0,0,0.0,0
34016,control,173.88,0,0.0,0
34017,control,0.0,0,0.0,0
34018,treatment,89.4,0,0.0,0
34019,treatment,0.0,0,0.0,0
34020,control,0.0,0,0.0,0
34021,treatment,418.03,0,0.0,0
34022,control,0.0,0,0.0,0
34023,control,481.91,0,0.0,0
34024,control,0.0,0,0.0,0
34025,control,0.0,0,0.0,0
34026,treatment,82.11,0,0.0,0
34027,control,106.99,1,32.81,0
34028,treatment,57.71,0,0.0,0
34029,control,0.0,0,0.0,0
34030,treatment,0.0,0,0.0,0
34031,treatment,0.0,0,0.0,0
34032,control,28.13,1,46.97,0
34033,treatment,85.69,0,0.0,0
34034,control,19.78,0,0.0,0
34035,control,70.09,0,0.0,0
34036,treatment,0.0,0,0.0,0
34037,treatment,62.03,0,0.0,0
34038,control,94.66,0,0.0,0
34039,treatment,0.0,0,0.0,0
34040,treatment,163.44,1,104.3,0
34041,control,0.0,0,0.0,0
34042,control,0.0,0,0.0,0
34043,treatment,0.0,0,0.0,0
34044,control,0.0,0,0.0,0
34045,control,0.0,0,0.0,0
34046,control,32.92,0,0.0,0
34047,treatment,427.66,0,0.0,0
34048,treatment,0.0,0,0.0,0
34049,treatment,56.6,0,0.0,0
34050,treatment,0.0,0,0.0,0
34051,control,72.46,0,0.0,0
34052,control,0.0,0,0.0,0
34053,control,0.0,1,22.19,0
34054,treatment,0.0,0,0.0,0
34055,treatment,0.0,0,0.0,0
34056,control,0.0,0,0.0,0
34057,treatment,48.6,0,0.0,0
34058,control,0.0,1,34.86,0
34059,control,0.0,0,0.0,0
34060,treatment,36.96,0,0.0,0
34061,treatment,0.0,0,0.0,0
34062,control,30.74,1,77.23,0
34063,treatment,0.0,0,0.0,0
34064,control,76.58,0,0.0,0
34065,control,725.74,1,35.7,0
34066,treatment,26.74,0,0.0,0
34067,control,0.0,0,0.0,0
34068,treatment,375.45,0,0.0,0
34069,treatment,44.69,0,0.0,0
34070,control,0.0,0,0.0,0
34071,treatment,0.0,0,0.0,0
34072,treatment,0.0,1,52.46,0
34073,treatment,0.0,0,0.0,0
34074,treatment,0.0,1,40.55,0
34075,treatment,55.96,0,0.0,0
34076,control,0.0,0,0.0,0
34077,control,108.2,1,65.2,0
34078,treatment,151.31,0,0.0,0
34079,control,0.0,0,0.0,0
34080,control,196.88,0,0.0,0
34081,control,123.05,0,0.0,0
34082,control,42.55,0,0.0,0
34083,treatment,93.44,1,48.68,0
34084,treatment,0.0,0,0.0,0
34085,control,138.63,0,0.0,0
34086,control,220.58,0,0.0,0
34087,control,0.0,0,0.0,0
34088,treatment,0.0,0,0.0,0
34089,treatment,47.7,0,0.0,0
34090,control,64.95,0,0.0,0
34091,control,0.0,0,0.0,0
34092,treatment,337.34,0,0.0,0
34093,treatment,0.0,1,29.05,0
34094,control,0.0,0,0.0,0
34095,control,1137.24,1,84.24,0
34096,treatment,0.0,0,0.0,0
34097,control,0.0,0,0.0,0
34098,control,42.98,0,0.0,0
34099,treatment,40.04,0,0.0,0
34100,control,0.0,1,102.98,0
34101,treatment,82.24,0,0.0,0
34102,control,0.0,0,0.0,0
34103,treatment,0.0,0,0.0,0
34104,treatment,1246.89,1,168.54,0
34105,treatment,67.02,0,0.0,0
34106,treatment,50.89,1,175.16,0
34107,treatment,116.8,0,0.0,0
34108,control,71.79,0,0.0,0
34109,treatment,85.29,0,0.0,0
34110,control,124.84,0,0.0,0
34111,control,99.55,0,0.0,0
34112,control,55.41,0,0.0,0
34113,control,243.83,0,0.0,0
34114,treatment,0.0,0,0.0,0
34115,control,53.56,0,0.0,0
34116,control,66.61,1,141.35,0
34117,treatment,0.0,0,0.0,0
34118,treatment,0.0,0,0.0,0
34119,control,301.45,0,0.0,0
34120,treatment,0.0,0,0.0,0
34121,control,64.99,0,0.0,0
34122,treatment,350.44,1,42.64,0
34123,control,0.0,0,0.0,0
34124,control,29.48,0,0.0,0
34125,treatment,41.75,0,0.0,0
34126,treatment,0.0,0,0.0,0
34127,treatment,33.55,0,0.0,0
34128,control,0.0,0,0.0,0
34129,control,56.74,0,0.0,0
34130,control,384.02,1,20.71,0
34131,treatment,0.0,0,0.0,0
34132,treatment,0.0,0,0.0,0
34133,treatment,0.0,0,0.0,0
34134,control,0.0,0,0.0,0
34135,control,0.0,0,0.0,0
34136,control,0.0,0,0.0,0
34137,control,0.0,0,0.0,0
34138,treatment,141.06,0,0.0,0
34139,control,0.0,0,0.0,0
34140,control,0.0,0,0.0,0
34141,control,122.35,1,43.23,0
34142,control,165.13,0,0.0,0
34143,treatment,87.27,0,0.0,0
34144,control,84.2,1,30.17,0
34145,treatment,73.88,0,0.0,0
34146,treatment,75.27,0,0.0,0
34147,treatment,0.0,0,0.0,0
34148,control,90.46,0,0.0,0
34149,control,0.0,0,0.0,0
34150,treatment,0.0,0,0.0,0
34151,control,0.0,0,0.0,0
34152,control,128.99,0,0.0,0
34153,control,50.68,0,0.0,0
34154,treatment,0.0,0,0.0,0
34155,treatment,0.0,0,0.0,0
34156,control,0.0,0,0.0,0
34157,treatment,69.83,0,0.0,0
34158,control,27.31,1,122.55,0
34159,control,137.38,0,0.0,0
34160,treatment,89.67,0,0.0,0
34161,control,0.0,0,0.0,0
34162,control,84.45,0,0.0,0
34163,treatment,149.13,0,0.0,0
34164,treatment,0.0,0,0.0,0
34165,control,465.78,1,71.78,0
34166,treatment,54.58,0,0.0,0
34167,treatment,38.33,0,0.0,0
34168,treatment,69.73,1,77.14,0
34169,treatment,0.0,0,0.0,0
34170,control,38.01,0,0.0,0
34171,control,24.86,0,0.0,0
34172,control,0.0,0,0.0,0
34173,control,0.0,0,0.0,0
34174,treatment,127.58,0,0.0,0
34175,treatment,141.27,0,0.0,0
34176,control,0.0,0,0.0,0
34177,control,53.18,0,0.0,0
34178,control,0.0,0,0.0,0
34179,treatment,0.0,0,0.0,0
34180,treatment,0.0,0,0.0,0
34181,treatment,0.0,0,0.0,0
34182,control,46.35,0,0.0,0
34183,treatment,0.0,0,0.0,0
34184,treatment,50.64,0,0.0,0
34185,treatment,0.0,0,0.0,0
34186,control,0.0,0,0.0,0
34187,control,0.0,0,0.0,0
34188,control,0.0,0,0.0,0
34189,treatment,0.0,0,0.0,0
34190,control,89.31,0,0.0,0
34191,treatment,0.0,0,0.0,0
34192,treatment,0.0,0,0.0,0
34193,treatment,0.0,0,0.0,0
34194,control,0.0,0,0.0,0
34195,treatment,40.84,0,0.0,0
34196,treatment,0.0,0,0.0,0
34197,control,0.0,1,53.64,0
34198,treatment,56.46,0,0.0,0
34199,treatment,0.0,0,0.0,0
34200,control,0.0,0,0.0,0
34201,treatment,44.76,0,0.0,0
34202,control,0.0,0,0.0,0
34203,control,0.0,0,0.0,0
34204,control,118.48,0,0.0,0
34205,control,0.0,0,0.0,0
34206,treatment,0.0,0,0.0,0
34207,control,0.0,0,0.0,0
34208,control,42.53,0,0.0,0
34209,treatment,0.0,0,0.0,0
34210,control,51.48,0,0.0,0
34211,control,0.0,0,0.0,0
34212,treatment,0.0,1,28.99,0
34213,treatment,369.06,1,136.31,0
34214,control,548.54,0,0.0,0
34215,treatment,93.35,0,0.0,0
34216,control,0.0,0,0.0,0
34217,treatment,523.69,1,91.71,0
34218,treatment,123.22,0,0.0,0
34219,treatment,0.0,0,0.0,0
34220,treatment,0.0,0,0.0,0
34221,control,369.02,0,0.0,0
34222,control,91.91,0,0.0,0
34223,control,74.7,0,0.0,0
34224,control,0.0,0,0.0,0
34225,treatment,111.9,0,0.0,0
34226,treatment,40.76,0,0.0,0
34227,treatment,0.0,0,0.0,0
34228,treatment,0.0,0,0.0,0
34229,treatment,0.0,0,0.0,0
34230,control,171.56,0,0.0,0
34231,control,0.0,1,38.86,0
34232,control,0.0,0,0.0,0
34233,control,41.73,0,0.0,0
34234,control,43.07,0,0.0,0
34235,control,0.0,0,0.0,0
34236,control,0.0,0,0.0,0
34237,control,0.0,0,0.0,0
34238,control,50.22,0,0.0,0
34239,treatment,0.0,0,0.0,0
34240,treatment,0.0,0,0.0,0
34241,control,172.12,0,0.0,0
34242,treatment,0.0,0,0.0,0
34243,treatment,0.0,0,0.0,0
34244,treatment,0.0,0,0.0,0
34245,treatment,56.1,1,76.32,0
34246,control,0.0,0,0.0,0
34247,control,133.56,0,0.0,0
34248,treatment,0.0,0,0.0,0
34249,treatment,62.4,1,39.2,1
34250,control,99.26,0,0.0,0
34251,control,0.0,0,0.0,0
34252,control,145.95,0,0.0,0
34253,control,669.89,0,0.0,0
34254,control,51.89,0,0.0,0
34255,control,0.0,0,0.0,0
34256,control,94.08,0,0.0,0
34257,control,0.0,0,0.0,0
34258,treatment,0.0,0,0.0,0
34259,treatment,731.41,1,79.21,0
34260,control,0.0,0,0.0,0
34261,control,0.0,1,54.27,0
34262,treatment,49.16,0,0.0,0
34263,treatment,72.82,0,0.0,0
34264,treatment,0.0,0,0.0,0
34265,treatment,0.0,0,0.0,0
34266,treatment,188.7,0,0.0,0
34267,control,44.47,0,0.0,0
34268,control,0.0,0,0.0,0
34269,treatment,0.0,0,0.0,0
34270,treatment,32.47,0,0.0,0
34271,control,0.0,0,0.0,0
34272,control,0.0,0,0.0,0
34273,treatment,195.4,0,0.0,0
34274,control,111.19,0,0.0,0
34275,control,0.0,0,0.0,0
34276,control,177.53,0,0.0,0
34277,control,0.0,1,52.11,0
34278,treatment,47.22,0,0.0,0
34279,control,0.0,0,0.0,0
34280,control,67.71,0,0.0,0
34281,control,141.31,0,0.0,0
34282,treatment,95.91,0,0.0,0
34283,control,44.06,0,0.0,0
34284,treatment,301.14,0,0.0,0
34285,control,0.0,0,0.0,0
34286,treatment,236.11,0,0.0,0
34287,control,0.0,0,0.0,0
34288,control,0.0,0,0.0,0
34289,treatment,0.0,0,0.0,0
34290,control,76.96,0,0.0,0
34291,control,0.0,0,0.0,0
34292,treatment,140.55,0,0.0,0
34293,treatment,53.97,0,0.0,0
34294,treatment,61.6,0,0.0,0
34295,control,250.39,0,0.0,0
34296,control,146.51,0,0.0,0
34297,control,214.14,0,0.0,0
34298,treatment,0.0,0,0.0,0
34299,control,61.67,0,0.0,0
34300,treatment,66.26,0,0.0,0
34301,control,0.0,0,0.0,0
34302,treatment,35.38,0,0.0,0
34303,control,174.57,0,0.0,0
34304,treatment,0.0,0,0.0,0
34305,treatment,0.0,0,0.0,0
34306,control,0.0,0,0.0,0
34307,treatment,34.91,0,0.0,0
34308,treatment,0.0,0,0.0,0
34309,control,0.0,0,0.0,0
34310,treatment,0.0,0,0.0,0
34311,control,27.14,0,0.0,0
34312,treatment,0.0,0,0.0,0
34313,treatment,53.07,0,0.0,0
34314,treatment,0.0,0,0.0,0
34315,control,0.0,0,0.0,0
34316,control,63.37,0,0.0,0
34317,treatment,0.0,0,0.0,0
34318,treatment,251.55,0,0.0,0
34319,control,37.68,0,0.0,0
34320,control,0.0,0,0.0,0
34321,treatment,76.87,1,116.44,0
34322,treatment,33.85,1,57.46,0
34323,treatment,0.0,0,0.0,0
34324,control,334.02,1,117.75,0
34325,treatment,0.0,0,0.0,0
34326,treatment,44.21,1,46.94,0
34327,control,133.15,1,82.03,0
34328,control,52.29,0,0.0,0
34329,control,0.0,0,0.0,0
34330,treatment,0.0,0,0.0,0
34331,treatment,247.21,1,64.51,1
34332,control,69.25,0,0.0,0
34333,treatment,0.0,1,57.04,0
34334,control,0.0,0,0.0,0
34335,treatment,0.0,0,0.0,0
34336,treatment,0.0,0,0.0,0
34337,control,161.48,0,0.0,0
34338,treatment,49.91,0,0.0,0
