user_id,group,pre_revenue,converted,revenue,refunded
1,treatment,0.0,0,0.0,0
2,treatment,121.31,0,0.0,0
3,treatment,98.23,0,0.0,0
5,control,42.37,0,0.0,0
6,treatment,0.0,0,0.0,0
7,control,61.08,0,0.0,0
8,treatment,68.06,1,67.22,0
9,control,0.0,1,42.39,0
10,treatment,0.0,0,0.0,0
11,control,79.14,0,0.0,0
12,control,51.59,0,0.0,0
13,treatment,160.95,0,0.0,0
14,treatment,19.14,0,0.0,0
15,treatment,0.0,0,0.0,0
16,control,0.0,0,0.0,0
17,treatment,0.0,0,0.0,0
18,treatment,0.0,0,0.0,0
19,control,0.0,0,0.0,0
20,treatment,0.0,0,0.0,0
21,control,0.0,0,0.0,0
22,control,0.0,0,0.0,0
23,control,0.0,0,0.0,0
24,control,68.64,0,0.0,0
25,control,36.47,0,0.0,0
26,control,144.16,0,0.0,0
27,treatment,0.0,0,0.0,0
28,treatment,0.0,0,0.0,0
29,control,114.81,0,0.0,0
30,control,0.0,0,0.0,0
31,control,0.0,0,0.0,0
32,control,0.0,0,0.0,0
33,treatment,0.0,0,0.0,0
34,treatment,60.17,0,0.0,0
35,control,263.85,0,0.0,0
36,treatment,0.0,0,0.0,0
37,control,0.0,1,42.61,0
38,control,0.0,1,71.63,0
39,treatment,0.0,0,0.0,0
40,treatment,42.64,0,0.0,0
42,treatment,0.0,0,0.0,0
43,control,0.0,0,0.0,0
44,control,0.0,0,0.0,0
45,control,198.42,1,18.4,0
46,treatment,0.0,0,0.0,0
47,control,70.23,0,0.0,0
49,treatment,0.0,0,0.0,0
50,treatment,0.0,1,101.64,0
51,control,0.0,0,0.0,0
52,treatment,0.0,0,0.0,0
53,control,0.0,0,0.0,0
54,control,108.16,0,0.0,0
55,treatment,18.97,0,0.0,0
56,control,84.24,0,0.0,0
57,treatment,0.0,1,58.9,0
58,treatment,67.52,0,0.0,0
59,control,68.95,0,0.0,0
60,treatment,35.04,0,0.0,0
62,treatment,0.0,0,0.0,0
63,control,0.0,0,0.0,0
64,treatment,0.0,0,0.0,0
65,treatment,0.0,1,30.81,0
66,treatment,20.33,0,0.0,0
67,treatment,62.44,1,35.24,0
68,control,0.0,0,0.0,0
69,treatment,0.0,0,0.0,0
71,treatment,0.0,1,51.25,0
72,control,0.0,0,0.0,0
73,control,31.14,0,0.0,0
75,control,99.15,0,0.0,0
76,treatment,0.0,0,0.0,0
77,control,57.93,0,0.0,0
78,control,45.93,0,0.0,0
79,treatment,0.0,1,53.33,0
80,treatment,151.09,0,0.0,0
81,treatment,64.4,0,0.0,0
82,treatment,0.0,0,0.0,0
83,treatment,63.47,0,0.0,0
84,control,0.0,0,0.0,0
85,treatment,0.0,0,0.0,0
86,control,40.76,0,0.0,0
87,treatment,41.69,1,31.99,0
88,control,0.0,0,0.0,0
89,treatment,45.05,0,0.0,0
90,control,52.35,1,24.61,0
91,treatment,0.0,0,0.0,0
92,control,0.0,0,0.0,0
93,control,0.0,0,0.0,0
94,control,129.42,1,90.38,0
95,control,0.0,0,0.0,0
96,treatment,47.57,0,0.0,0
97,treatment,0.0,0,0.0,0
98,treatment,66.43,0,0.0,0
99,control,0.0,0,0.0,0
100,treatment,0.0,0,0.0,0
101,control,108.3,0,0.0,0
102,treatment,0.0,1,37.68,0
103,control,0.0,1,48.4,0
104,treatment,479.78,0,0.0,0
105,treatment,43.59,0,0.0,0
106,control,0.0,0,0.0,0
107,control,46.66,0,0.0,0
108,treatment,68.14,0,0.0,0
109,treatment,0.0,1,191.11,0
110,control,0.0,0,0.0,0
111,treatment,0.0,0,0.0,0
112,treatment,119.17,0,0.0,0
113,control,0.0,0,0.0,0
114,control,0.0,0,0.0,0
115,control,0.0,0,0.0,0
116,treatment,27.15,0,0.0,0
117,control,0.0,0,0.0,0
118,control,59.79,0,0.0,0
119,control,91.42,1,90.3,0
120,treatment,130.53,0,0.0,0
121,control,0.0,0,0.0,0
122,control,0.0,0,0.0,0
123,treatment,0.0,0,0.0,0
124,control,13.6,0,0.0,0
125,control,0.0,0,0.0,0
126,control,0.0,0,0.0,0
127,treatment,0.0,0,0.0,0
128,control,96.21,1,184.07,0
129,control,0.0,0,0.0,0
130,control,0.0,1,61.0,0
131,treatment,106.12,0,0.0,0
132,control,0.0,0,0.0,0
133,treatment,32.56,0,0.0,0
134,treatment,0.0,0,0.0,0
135,control,214.18,0,0.0,0
136,treatment,291.09,0,0.0,0
137,control,0.0,0,0.0,0
138,treatment,0.0,0,0.0,0
139,treatment,37.63,0,0.0,0
140,control,29.03,0,0.0,0
141,treatment,491.72,0,0.0,0
142,treatment,0.0,0,0.0,0
143,treatment,62.98,0,0.0,0
144,treatment,52.31,0,0.0,0
145,treatment,0.0,0,0.0,0
146,treatment,52.47,0,0.0,0
147,treatment,29.61,0,0.0,0
148,treatment,0.0,0,0.0,0
149,control,60.6,0,0.0,0
150,treatment,79.06,0,0.0,0
151,control,0.0,0,0.0,0
152,control,29.58,0,0.0,0
153,treatment,0.0,0,0.0,0
154,treatment,0.0,0,0.0,0
155,treatment,0.0,0,0.0,0
156,control,0.0,0,0.0,0
157,control,0.0,0,0.0,0
158,control,0.0,0,0.0,0
159,control,236.02,0,0.0,0
160,treatment,28.37,0,0.0,0
161,treatment,0.0,0,0.0,0
162,treatment,99.13,1,19.28,0
163,treatment,55.48,1,45.84,0
164,control,0.0,0,0.0,0
165,treatment,0.0,0,0.0,0
166,control,0.0,0,0.0,0
167,control,0.0,0,0.0,0
168,treatment,0.0,0,0.0,0
169,control,0.0,0,0.0,0
170,treatment,57.2,0,0.0,0
171,treatment,0.0,0,0.0,0
173,control,77.54,0,0.0,0
174,control,30.22,0,0.0,0
175,control,47.35,0,0.0,0
176,control,0.0,0,0.0,0
177,control,168.89,0,0.0,0
178,treatment,33.52,0,0.0,0
179,treatment,0.0,0,0.0,0
180,treatment,58.15,0,0.0,0
181,control,0.0,0,0.0,0
182,control,0.0,0,0.0,0
183,control,0.0,0,0.0,0
184,treatment,36.09,0,0.0,0
185,control,84.98,0,0.0,0
186,control,39.04,0,0.0,0
187,treatment,0.0,0,0.0,0
188,treatment,40.45,0,0.0,0
189,treatment,52.04,1,74.15,0
190,treatment,39.73,0,0.0,0
191,treatment,24.9,0,0.0,0
192,control,92.54,0,0.0,0
193,control,180.34,0,0.0,0
194,control,0.0,0,0.0,0
195,treatment,0.0,0,0.0,0
196,control,105.61,1,29.28,0
197,control,0.0,0,0.0,0
198,control,48.8,0,0.0,0
199,control,0.0,0,0.0,0
200,treatment,79.96,0,0.0,0
201,control,0.0,0,0.0,0
202,control,226.42,0,0.0,0
203,treatment,0.0,0,0.0,0
204,control,0.0,0,0.0,0
205,control,183.69,0,0.0,0
206,treatment,37.16,0,0.0,0
207,control,0.0,0,0.0,0
208,control,0.0,0,0.0,0
209,treatment,0.0,0,0.0,0
210,treatment,0.0,0,0.0,0
211,treatment,0.0,0,0.0,0
212,control,94.41,0,0.0,0
213,treatment,0.0,0,0.0,0
214,control,0.0,0,0.0,0
215,treatment,0.0,0,0.0,0
217,treatment,134.6,0,0.0,0
218,control,109.92,0,0.0,0
219,control,33.47,0,0.0,0
220,treatment,0.0,0,0.0,0
221,treatment,89.27,0,0.0,0
222,control,48.6,0,0.0,0
223,treatment,0.0,0,0.0,0
224,treatment,38.62,0,0.0,0
225,treatment,0.0,0,0.0,0
226,control,47.03,0,0.0,0
227,control,0.0,0,0.0,0
228,control,0.0,0,0.0,0
229,treatment,25.05,0,0.0,0
230,treatment,0.0,0,0.0,0
231,treatment,52.94,0,0.0,0
232,control,0.0,0,0.0,0
233,control,42.29,0,0.0,0
234,control,0.0,0,0.0,0
235,treatment,289.72,1,378.69,0
236,control,0.0,0,0.0,0
237,treatment,80.91,0,0.0,0
238,control,26.22,0,0.0,0
239,treatment,33.46,0,0.0,0
240,control,0.0,0,0.0,0
241,treatment,0.0,0,0.0,0
242,treatment,64.23,0,0.0,0
243,treatment,30.87,0,0.0,0
244,treatment,129.77,0,0.0,0
245,treatment,0.0,0,0.0,0
246,control,0.0,0,0.0,0
247,control,0.0,0,0.0,0
248,treatment,0.0,0,0.0,0
249,treatment,20.61,0,0.0,0
250,control,23.28,0,0.0,0
251,control,0.0,0,0.0,0
252,control,42.03,0,0.0,0
253,control,230.54,0,0.0,0
254,treatment,25.15,0,0.0,0
255,control,0.0,0,0.0,0
256,control,40.35,0,0.0,0
257,control,207.15,0,0.0,0
258,control,75.82,1,84.69,0
259,control,36.5,1,75.62,0
260,treatment,48.41,0,0.0,0
261,control,188.02,0,0.0,0
262,treatment,57.08,0,0.0,0
263,control,0.0,1,72.66,0
264,treatment,183.32,0,0.0,0
265,control,0.0,0,0.0,0
266,control,77.72,0,0.0,0
267,treatment,0.0,0,0.0,0
268,treatment,77.56,1,28.18,0
269,control,0.0,0,0.0,0
270,control,35.41,0,0.0,0
271,control,0.0,0,0.0,0
272,control,0.0,0,0.0,0
273,treatment,144.79,0,0.0,0
274,control,132.71,1,83.37,0
275,treatment,0.0,0,0.0,0
276,control,0.0,1,45.75,0
277,control,64.6,0,0.0,0
278,control,0.0,0,0.0,0
279,control,0.0,0,0.0,0
280,control,0.0,0,0.0,0
281,control,0.0,0,0.0,0
282,treatment,0.0,1,26.02,0
283,control,0.0,0,0.0,0
284,control,30.16,0,0.0,0
285,control,0.0,0,0.0,0
286,control,0.0,0,0.0,0
287,treatment,0.0,0,0.0,0
288,control,256.15,0,0.0,0
290,control,0.0,0,0.0,0
291,treatment,0.0,0,0.0,0
292,control,440.3,0,0.0,0
293,treatment,100.01,0,0.0,0
294,treatment,0.0,0,0.0,0
295,control,0.0,0,0.0,0
296,treatment,39.04,0,0.0,0
297,control,0.0,0,0.0,0
298,treatment,0.0,0,0.0,0
299,control,61.33,0,0.0,0
300,treatment,0.0,0,0.0,0
301,control,139.53,0,0.0,0
302,control,0.0,0,0.0,0
303,control,46.2,0,0.0,0
304,control,0.0,0,0.0,0
305,control,0.0,0,0.0,0
306,treatment,329.3,0,0.0,0
307,control,0.0,0,0.0,0
308,control,117.84,0,0.0,0
309,treatment,0.0,1,21.07,0
310,treatment,77.93,0,0.0,0
311,control,36.26,0,0.0,0
312,control,179.7,0,0.0,0
313,control,0.0,0,0.0,0
314,control,0.0,0,0.0,0
315,treatment,55.95,0,0.0,0
316,treatment,0.0,0,0.0,0
319,control,30.51,0,0.0,0
320,treatment,53.98,0,0.0,0
321,treatment,0.0,0,0.0,0
322,control,0.0,0,0.0,0
323,control,0.0,1,69.55,0
324,control,0.0,0,0.0,0
325,control,0.0,0,0.0,0
326,treatment,0.0,0,0.0,0
327,treatment,0.0,0,0.0,0
328,control,0.0,0,0.0,0
329,treatment,146.94,0,0.0,0
331,treatment,0.0,0,0.0,0
332,treatment,0.0,0,0.0,0
333,treatment,0.0,0,0.0,0
334,treatment,43.46,0,0.0,0
335,treatment,0.0,0,0.0,0
336,treatment,0.0,0,0.0,0
337,control,64.1,0,0.0,0
338,control,0.0,0,0.0,0
339,control,365.5,0,0.0,0
340,treatment,54.67,0,0.0,0
341,control,0.0,0,0.0,0
342,control,0.0,0,0.0,0
343,control,558.55,1,63.74,0
344,treatment,156.47,0,0.0,0
345,control,0.0,0,0.0,0
346,control,0.0,0,0.0,0
347,control,29.65,0,0.0,0
348,treatment,254.47,1,60.78,0
350,control,0.0,0,0.0,0
351,control,0.0,0,0.0,0
352,treatment,0.0,0,0.0,0
353,control,111.35,0,0.0,0
354,treatment,37.72,0,0.0,0
355,treatment,45.72,0,0.0,0
356,treatment,0.0,1,41.22,0
357,treatment,0.0,0,0.0,0
358,treatment,151.09,0,0.0,0
359,treatment,81.31,0,0.0,0
360,control,0.0,0,0.0,0
361,control,0.0,0,0.0,0
362,control,108.29,0,0.0,0
363,control,112.18,0,0.0,0
364,control,25.24,0,0.0,0
365,treatment,0.0,0,0.0,0
367,treatment,0.0,0,0.0,0
368,control,0.0,0,0.0,0
369,control,83.79,0,0.0,0
370,control,0.0,0,0.0,0
371,control,0.0,0,0.0,0
372,treatment,0.0,0,0.0,0
373,control,0.0,0,0.0,0
374,treatment,0.0,0,0.0,0
375,control,383.89,0,0.0,0
376,treatment,687.53,1,244.63,0
377,control,85.12,0,0.0,0
378,control,0.0,0,0.0,0
380,control,0.0,0,0.0,0
381,control,0.0,0,0.0,0
382,control,24.51,0,0.0,0
383,control,168.31,0,0.0,0
384,control,0.0,0,0.0,0
385,treatment,68.86,0,0.0,0
386,control,50.05,0,0.0,0
387,treatment,52.16,0,0.0,0
388,treatment,35.71,0,0.0,0
389,control,0.0,0,0.0,0
390,control,26.7,0,0.0,0
391,treatment,0.0,0,0.0,0
392,treatment,0.0,0,0.0,0
393,control,0.0,0,0.0,0
394,treatment,0.0,0,0.0,0
395,treatment,0.0,0,0.0,0
396,treatment,0.0,0,0.0,0
397,treatment,0.0,0,0.0,0
398,treatment,198.21,0,0.0,0
399,control,0.0,0,0.0,0
400,treatment,74.51,0,0.0,0
401,control,0.0,0,0.0,0
402,control,41.05,0,0.0,0
403,treatment,18.61,0,0.0,0
404,treatment,28.02,0,0.0,0
405,control,0.0,0,0.0,0
406,control,45.38,0,0.0,0
407,treatment,0.0,0,0.0,0
408,treatment,129.94,0,0.0,0
409,treatment,0.0,0,0.0,0
410,control,0.0,0,0.0,0
411,control,81.74,0,0.0,0
412,control,72.13,1,40.05,0
413,treatment,63.15,0,0.0,0
414,control,58.93,0,0.0,0
415,control,0.0,0,0.0,0
416,treatment,0.0,1,28.73,0
417,treatment,1376.54,1,85.66,0
418,control,0.0,0,0.0,0
419,control,119.98,0,0.0,0
420,control,77.48,0,0.0,0
421,control,92.25,0,0.0,0
422,control,0.0,0,0.0,0
423,control,0.0,0,0.0,0
424,treatment,65.6,0,0.0,0
425,control,38.76,0,0.0,0
426,control,158.26,1,39.95,0
427,control,0.0,0,0.0,0
428,treatment,0.0,0,0.0,0
429,treatment,86.33,0,0.0,0
430,treatment,0.0,0,0.0,0
431,control,0.0,0,0.0,0
432,treatment,21.51,0,0.0,0
433,treatment,110.14,0,0.0,0
434,control,47.45,0,0.0,0
435,treatment,0.0,0,0.0,0
436,control,0.0,0,0.0,0
437,control,0.0,0,0.0,0
438,treatment,111.92,0,0.0,0
439,control,0.0,0,0.0,0
440,treatment,0.0,1,34.45,0
441,control,0.0,0,0.0,0
442,control,0.0,0,0.0,0
443,treatment,0.0,0,0.0,0
444,treatment,39.12,0,0.0,0
445,treatment,0.0,0,0.0,0
446,control,0.0,0,0.0,0
447,treatment,80.78,0,0.0,0
448,treatment,0.0,0,0.0,0
449,treatment,44.97,0,0.0,0
450,control,165.09,0,0.0,0
451,treatment,21.3,0,0.0,0
452,control,0.0,0,0.0,0
453,control,0.0,0,0.0,0
454,control,0.0,0,0.0,0
456,control,0.0,0,0.0,0
457,control,50.12,1,85.24,0
458,control,0.0,0,0.0,0
459,treatment,0.0,0,0.0,0
460,treatment,0.0,0,0.0,0
461,treatment,0.0,1,29.33,0
462,control,0.0,0,0.0,0
463,control,0.0,0,0.0,0
464,control,0.0,0,0.0,0
465,treatment,197.36,1,59.93,0
466,treatment,40.66,0,0.0,0
467,control,0.0,0,0.0,0
468,control,0.0,0,0.0,0
469,control,0.0,0,0.0,0
470,control,64.74,0,0.0,0
471,treatment,0.0,0,0.0,0
472,treatment,0.0,1,23.69,0
473,treatment,49.28,1,44.07,0
474,control,0.0,0,0.0,0
475,treatment,0.0,0,0.0,0
476,treatment,0.0,0,0.0,0
477,treatment,0.0,0,0.0,0
478,treatment,0.0,0,0.0,0
479,treatment,242.62,1,70.64,0
480,control,0.0,0,0.0,0
481,treatment,0.0,0,0.0,0
482,treatment,0.0,0,0.0,0
483,control,28.58,1,45.59,0
484,treatment,64.58,0,0.0,0
485,treatment,205.7,1,147.59,0
486,treatment,0.0,0,0.0,0
487,control,0.0,0,0.0,0
488,control,0.0,0,0.0,0
489,control,0.0,0,0.0,0
490,treatment,35.91,0,0.0,0
491,control,51.72,0,0.0,0
492,control,63.53,0,0.0,0
493,control,0.0,0,0.0,0
494,control,49.27,0,0.0,0
495,control,145.85,0,0.0,0
496,treatment,0.0,0,0.0,0
497,control,76.27,0,0.0,0
498,treatment,26.72,0,0.0,0
499,control,280.2,0,0.0,0
500,treatment,0.0,0,0.0,0
501,treatment,82.61,0,0.0,0
502,treatment,67.72,0,0.0,0
503,treatment,0.0,0,0.0,0
504,treatment,377.51,0,0.0,0
505,control,56.38,0,0.0,0
506,control,0.0,0,0.0,0
507,control,0.0,0,0.0,0
508,control,0.0,0,0.0,0
509,treatment,0.0,0,0.0,0
510,control,0.0,0,0.0,0
511,treatment,0.0,0,0.0,0
512,treatment,0.0,0,0.0,0
513,control,0.0,0,0.0,0
514,treatment,111.07,0,0.0,0
515,treatment,0.0,0,0.0,0
516,treatment,68.07,0,0.0,0
517,treatment,97.8,0,0.0,0
518,control,0.0,0,0.0,0
519,control,0.0,0,0.0,0
520,control,84.86,0,0.0,0
521,control,0.0,0,0.0,0
522,control,0.0,0,0.0,0
523,control,0.0,0,0.0,0
524,treatment,0.0,0,0.0,0
525,treatment,107.04,0,0.0,0
526,control,203.23,0,0.0,0
527,treatment,0.0,0,0.0,0
528,treatment,66.08,0,0.0,0
529,treatment,0.0,0,0.0,0
530,treatment,0.0,0,0.0,0
531,treatment,64.6,0,0.0,0
532,treatment,0.0,1,122.61,0
533,treatment,28.65,0,0.0,0
534,control,0.0,0,0.0,0
535,control,19.58,0,0.0,0
536,control,0.0,0,0.0,0
537,treatment,0.0,0,0.0,0
538,control,0.0,1,48.55,0
539,control,0.0,0,0.0,0
540,control,0.0,0,0.0,0
541,treatment,0.0,0,0.0,0
542,treatment,0.0,0,0.0,0
543,control,0.0,0,0.0,0
544,control,32.51,0,0.0,0
545,treatment,0.0,0,0.0,0
546,treatment,0.0,0,0.0,0
547,control,0.0,0,0.0,0
548,treatment,0.0,0,0.0,0
549,treatment,0.0,0,0.0,0
550,control,0.0,0,0.0,0
551,treatment,30.75,0,0.0,0
552,control,45.71,1,46.22,0
553,treatment,0.0,0,0.0,0
554,treatment,0.0,0,0.0,0
555,treatment,0.0,0,0.0,0
556,treatment,0.0,0,0.0,0
557,treatment,195.77,0,0.0,0
558,treatment,0.0,1,47.52,0
559,treatment,0.0,1,34.7,0
560,control,0.0,1,44.38,0
561,treatment,0.0,0,0.0,0
562,treatment,0.0,0,0.0,0
563,treatment,0.0,0,0.0,0
564,control,0.0,0,0.0,0
565,treatment,50.3,1,61.05,0
566,control,16.87,0,0.0,0
567,control,0.0,0,0.0,0
568,treatment,105.48,1,124.52,0
569,treatment,52.23,0,0.0,0
570,treatment,129.24,0,0.0,0
571,control,0.0,0,0.0,0
572,treatment,45.01,0,0.0,0
573,control,84.94,0,0.0,0
575,control,0.0,1,62.18,0
576,treatment,0.0,0,0.0,0
577,treatment,0.0,0,0.0,0
578,treatment,0.0,0,0.0,0
579,treatment,51.62,0,0.0,0
580,treatment,0.0,0,0.0,0
581,treatment,31.75,0,0.0,0
582,treatment,201.17,0,0.0,0
583,treatment,99.04,0,0.0,0
584,treatment,27.84,0,0.0,0
585,control,33.23,0,0.0,0
586,treatment,0.0,0,0.0,0
587,control,0.0,0,0.0,0
588,treatment,44.64,0,0.0,0
589,treatment,44.24,1,36.45,0
590,control,50.53,0,0.0,0
591,treatment,0.0,0,0.0,0
592,control,0.0,0,0.0,0
593,treatment,0.0,0,0.0,0
594,treatment,159.43,1,61.82,0
595,treatment,0.0,0,0.0,0
596,control,144.48,0,0.0,0
597,treatment,0.0,0,0.0,0
598,control,0.0,0,0.0,0
599,treatment,81.77,0,0.0,0
600,control,0.0,0,0.0,0
601,treatment,0.0,0,0.0,0
602,treatment,103.74,0,0.0,0
603,control,76.73,0,0.0,0
604,control,0.0,0,0.0,0
605,control,0.0,1,47.12,0
606,treatment,137.43,0,0.0,0
607,treatment,0.0,1,73.25,0
608,treatment,0.0,0,0.0,0
609,treatment,0.0,0,0.0,0
610,treatment,26.06,0,0.0,0
611,treatment,76.62,0,0.0,0
612,control,0.0,0,0.0,0
613,control,0.0,0,0.0,0
614,treatment,0.0,0,0.0,0
615,control,49.92,0,0.0,0
616,control,0.0,0,0.0,0
617,treatment,66.87,0,0.0,0
618,treatment,54.73,0,0.0,0
619,treatment,50.26,0,0.0,0
620,control,594.46,0,0.0,0
622,treatment,0.0,0,0.0,0
623,treatment,48.34,0,0.0,0
624,control,49.4,1,52.36,0
625,control,55.12,0,0.0,0
626,treatment,0.0,0,0.0,0
627,control,100.59,0,0.0,0
628,control,275.24,0,0.0,0
629,treatment,0.0,0,0.0,0
630,control,0.0,0,0.0,0
631,control,0.0,0,0.0,0
632,control,0.0,0,0.0,0
633,control,50.85,0,0.0,0
634,treatment,64.06,0,0.0,0
635,control,0.0,0,0.0,0
636,control,48.44,0,0.0,0
637,control,0.0,0,0.0,0
638,control,275.94,0,0.0,0
639,treatment,0.0,0,0.0,0
640,treatment,0.0,0,0.0,0
641,treatment,20.68,0,0.0,0
642,treatment,66.37,0,0.0,0
643,treatment,0.0,0,0.0,0
644,control,43.55,0,0.0,0
645,treatment,27.51,0,0.0,0
647,treatment,129.33,1,37.01,0
648,treatment,31.18,0,0.0,0
649,control,44.07,0,0.0,0
650,control,0.0,0,0.0,0
651,control,0.0,0,0.0,0
652,treatment,0.0,0,0.0,0
653,treatment,0.0,0,0.0,0
654,control,53.83,0,0.0,0
655,control,33.79,0,0.0,0
656,treatment,0.0,1,128.78,0
657,control,150.07,0,0.0,0
658,treatment,0.0,0,0.0,0
659,treatment,0.0,0,0.0,0
660,treatment,0.0,0,0.0,0
661,control,0.0,0,0.0,0
662,control,0.0,0,0.0,0
663,treatment,0.0,1,34.81,0
664,treatment,108.9,0,0.0,0
665,control,141.33,1,58.82,0
666,control,121.78,0,0.0,0
667,control,0.0,0,0.0,0
668,control,61.17,0,0.0,0
669,control,0.0,1,74.31,0
670,control,0.0,1,73.96,0
671,control,43.48,0,0.0,0
672,control,0.0,0,0.0,0
673,control,0.0,1,105.25,0
674,control,0.0,0,0.0,0
675,treatment,0.0,0,0.0,0
676,treatment,0.0,0,0.0,0
677,treatment,0.0,0,0.0,0
678,treatment,0.0,0,0.0,0
679,control,0.0,0,0.0,0
680,control,0.0,0,0.0,0
681,control,0.0,0,0.0,0
682,control,64.95,0,0.0,0
683,control,83.84,0,0.0,0
684,control,25.1,0,0.0,0
685,control,42.95,1,43.51,0
686,treatment,50.71,0,0.0,0
687,treatment,79.77,0,0.0,0
688,treatment,0.0,0,0.0,0
689,treatment,0.0,0,0.0,0
690,treatment,185.81,0,0.0,0
691,control,0.0,0,0.0,0
692,control,31.31,0,0.0,0
693,treatment,0.0,0,0.0,0
694,treatment,51.32,0,0.0,0
696,control,483.52,1,75.29,0
697,control,0.0,0,0.0,0
698,control,0.0,0,0.0,0
699,control,70.21,0,0.0,0
700,control,106.88,0,0.0,0
701,control,0.0,0,0.0,0
702,control,0.0,0,0.0,0
703,treatment,177.22,0,0.0,0
704,control,44.67,0,0.0,0
705,control,0.0,0,0.0,0
706,control,0.0,0,0.0,0
707,control,226.52,1,45.44,0
708,control,164.67,0,0.0,0
709,control,0.0,1,73.63,1
710,treatment,0.0,0,0.0,0
711,treatment,0.0,0,0.0,0
712,control,0.0,1,39.09,0
713,control,0.0,0,0.0,0
714,treatment,87.14,0,0.0,0
715,control,58.56,0,0.0,0
716,control,0.0,0,0.0,0
717,control,0.0,0,0.0,0
718,treatment,0.0,0,0.0,0
719,control,0.0,0,0.0,0
720,treatment,0.0,1,63.65,0
721,treatment,39.3,0,0.0,0
722,control,159.36,0,0.0,0
723,treatment,0.0,0,0.0,0
724,control,0.0,0,0.0,0
725,treatment,62.38,0,0.0,0
727,control,302.76,0,0.0,0
728,treatment,39.6,0,0.0,0
729,control,55.24,0,0.0,0
730,control,0.0,0,0.0,0
731,treatment,0.0,0,0.0,0
732,control,0.0,0,0.0,0
733,control,38.59,0,0.0,0
734,control,0.0,0,0.0,0
735,treatment,0.0,0,0.0,0
736,treatment,0.0,0,0.0,0
737,treatment,73.69,0,0.0,0
738,control,44.73,0,0.0,0
739,treatment,0.0,0,0.0,0
740,treatment,92.72,0,0.0,0
741,treatment,0.0,0,0.0,0
742,treatment,61.65,0,0.0,0
743,control,0.0,0,0.0,0
744,control,0.0,0,0.0,0
745,treatment,360.5,1,89.15,0
746,control,148.79,1,54.15,0
747,treatment,0.0,0,0.0,0
748,control,65.1,0,0.0,0
749,treatment,0.0,0,0.0,0
750,treatment,165.84,0,0.0,0
751,control,195.15,0,0.0,0
752,treatment,35.51,1,57.54,0
753,treatment,33.25,0,0.0,0
754,control,0.0,0,0.0,0
755,control,0.0,0,0.0,0
756,control,0.0,0,0.0,0
757,treatment,0.0,0,0.0,0
758,control,70.6,0,0.0,0
759,treatment,244.87,0,0.0,0
760,treatment,44.19,0,0.0,0
761,control,0.0,1,40.27,0
762,treatment,152.86,0,0.0,0
763,treatment,0.0,0,0.0,0
764,treatment,0.0,0,0.0,0
765,control,0.0,0,0.0,0
766,treatment,95.8,1,66.19,0
767,control,87.38,0,0.0,0
768,control,51.36,0,0.0,0
769,control,203.59,0,0.0,0
770,treatment,0.0,0,0.0,0
771,treatment,0.0,0,0.0,0
772,control,0.0,0,0.0,0
773,control,79.79,1,74.43,0
774,control,0.0,1,30.1,0
775,control,0.0,0,0.0,0
776,treatment,44.11,0,0.0,0
777,control,0.0,0,0.0,0
778,treatment,30.1,1,38.31,0
779,treatment,269.65,0,0.0,0
780,control,0.0,0,0.0,0
781,control,0.0,0,0.0,0
782,treatment,0.0,0,0.0,0
783,treatment,0.0,0,0.0,0
784,control,217.25,0,0.0,0
785,control,0.0,0,0.0,0
786,treatment,0.0,0,0.0,0
787,control,73.41,0,0.0,0
788,control,0.0,0,0.0,0
789,control,0.0,0,0.0,0
790,treatment,43.23,0,0.0,0
791,control,40.28,0,0.0,0
792,treatment,283.78,0,0.0,0
793,control,0.0,0,0.0,0
794,treatment,0.0,0,0.0,0
795,control,63.09,0,0.0,0
796,control,0.0,0,0.0,0
797,treatment,0.0,0,0.0,0
798,treatment,0.0,0,0.0,0
799,control,42.52,0,0.0,0
800,treatment,0.0,0,0.0,0
801,control,310.58,1,38.66,0
802,treatment,175.26,0,0.0,0
803,control,29.92,0,0.0,0
804,control,0.0,0,0.0,0
805,control,184.12,0,0.0,0
806,treatment,0.0,0,0.0,0
807,treatment,94.9,0,0.0,0
808,treatment,0.0,1,36.54,0
809,control,66.93,1,43.3,0
810,treatment,0.0,0,0.0,0
811,treatment,0.0,0,0.0,0
812,control,0.0,0,0.0,0
813,treatment,56.25,0,0.0,0
814,treatment,28.4,0,0.0,0
815,control,0.0,0,0.0,0
816,treatment,421.83,1,65.88,0
817,treatment,92.79,0,0.0,0
818,control,0.0,0,0.0,0
819,treatment,0.0,0,0.0,0
820,control,0.0,1,32.04,0
821,control,120.74,0,0.0,0
822,treatment,0.0,0,0.0,0
823,treatment,85.9,0,0.0,0
824,treatment,0.0,0,0.0,0
825,treatment,135.74,0,0.0,0
826,treatment,0.0,0,0.0,0
827,control,0.0,0,0.0,0
828,treatment,80.87,1,102.58,0
829,treatment,591.41,1,89.55,0
830,treatment,0.0,0,0.0,0
831,treatment,57.61,0,0.0,0
832,control,0.0,0,0.0,0
833,treatment,106.54,0,0.0,0
834,treatment,0.0,0,0.0,0
835,treatment,0.0,0,0.0,0
836,control,59.35,0,0.0,0
837,treatment,0.0,0,0.0,0
838,control,0.0,0,0.0,0
839,treatment,0.0,0,0.0,0
840,control,0.0,0,0.0,0
841,control,67.04,0,0.0,0
842,treatment,36.82,0,0.0,0
843,treatment,0.0,0,0.0,0
844,control,54.95,0,0.0,0
845,treatment,0.0,0,0.0,0
846,treatment,0.0,0,0.0,0
847,control,0.0,0,0.0,0
848,treatment,56.26,0,0.0,0
849,control,49.11,0,0.0,0
850,treatment,83.49,0,0.0,0
851,control,18.84,0,0.0,0
852,control,0.0,0,0.0,0
853,treatment,37.09,0,0.0,0
854,control,0.0,0,0.0,0
855,treatment,125.15,1,41.31,0
856,control,0.0,0,0.0,0
857,treatment,130.64,1,56.45,0
858,treatment,0.0,0,0.0,0
859,treatment,0.0,0,0.0,0
860,control,58.08,0,0.0,0
861,treatment,57.29,0,0.0,0
862,control,247.08,0,0.0,0
863,control,135.31,1,45.5,0
864,control,0.0,0,0.0,0
865,treatment,0.0,0,0.0,0
866,treatment,0.0,0,0.0,0
867,control,87.36,0,0.0,0
868,control,0.0,0,0.0,0
869,control,0.0,0,0.0,0
870,treatment,181.16,0,0.0,0
871,treatment,0.0,0,0.0,0
872,treatment,50.49,0,0.0,0
873,treatment,130.91,0,0.0,0
874,treatment,60.01,1,113.04,0
875,treatment,0.0,1,71.93,0
876,treatment,0.0,0,0.0,0
877,treatment,164.68,0,0.0,0
878,control,390.67,0,0.0,0
879,treatment,45.4,0,0.0,0
880,control,48.1,0,0.0,0
881,control,0.0,0,0.0,0
882,treatment,705.83,1,97.08,0
883,control,0.0,0,0.0,0
884,control,0.0,0,0.0,0
885,treatment,53.7,0,0.0,0
886,control,0.0,0,0.0,0
887,control,0.0,0,0.0,0
888,control,0.0,0,0.0,0
889,control,0.0,0,0.0,0
890,control,0.0,0,0.0,0
891,control,51.19,0,0.0,0
892,treatment,0.0,0,0.0,0
893,treatment,0.0,0,0.0,0
894,control,154.37,0,0.0,0
895,treatment,0.0,0,0.0,0
896,control,0.0,0,0.0,0
897,control,0.0,1,43.48,0
898,treatment,0.0,0,0.0,0
899,treatment,57.16,1,98.17,0
901,control,62.8,0,0.0,0
902,treatment,139.94,0,0.0,0
903,treatment,722.93,0,0.0,0
904,control,0.0,0,0.0,0
905,treatment,92.52,0,0.0,0
906,control,57.48,0,0.0,0
907,treatment,0.0,1,78.31,0
908,treatment,126.33,0,0.0,0
909,treatment,0.0,0,0.0,0
910,treatment,0.0,1,34.58,0
911,treatment,137.23,0,0.0,0
912,treatment,44.32,0,0.0,0
913,treatment,0.0,0,0.0,0
914,control,0.0,0,0.0,0
915,treatment,0.0,0,0.0,0
916,treatment,176.27,0,0.0,0
917,control,54.61,0,0.0,0
918,control,335.03,0,0.0,0
919,control,0.0,0,0.0,0
920,control,0.0,0,0.0,0
921,treatment,95.73,0,0.0,0
922,treatment,70.26,0,0.0,0
923,treatment,32.91,0,0.0,0
924,treatment,43.27,0,0.0,0
925,control,30.15,1,35.43,0
926,treatment,20.1,0,0.0,0
927,treatment,0.0,0,0.0,0
928,control,0.0,0,0.0,0
929,control,0.0,0,0.0,0
930,control,0.0,0,0.0,0
931,control,0.0,0,0.0,0
932,treatment,0.0,0,0.0,0
934,control,102.26,0,0.0,0
935,treatment,0.0,0,0.0,0
936,control,0.0,0,0.0,0
937,control,0.0,0,0.0,0
938,control,64.75,0,0.0,0
939,treatment,69.6,0,0.0,0
940,control,20.98,0,0.0,0
942,treatment,0.0,0,0.0,0
943,treatment,0.0,0,0.0,0
944,treatment,51.72,0,0.0,0
945,treatment,15.96,0,0.0,0
946,control,0.0,0,0.0,0
947,treatment,30.33,0,0.0,0
948,treatment,0.0,0,0.0,0
949,control,65.85,0,0.0,0
950,control,35.68,0,0.0,0
951,treatment,0.0,0,0.0,0
952,treatment,112.18,0,0.0,0
953,treatment,0.0,1,30.59,0
954,control,73.56,0,0.0,0
955,control,422.66,0,0.0,0
956,control,86.52,0,0.0,0
957,control,276.02,1,207.29,0
958,treatment,0.0,0,0.0,0
959,treatment,150.5,0,0.0,0
960,control,0.0,0,0.0,0
961,control,316.37,1,40.11,0
962,control,203.64,1,72.49,0
963,treatment,53.43,0,0.0,0
964,treatment,0.0,0,0.0,0
965,control,86.03,0,0.0,0
966,treatment,188.18,0,0.0,0
967,control,72.5,0,0.0,0
968,treatment,43.6,0,0.0,0
969,treatment,0.0,0,0.0,0
970,treatment,45.33,0,0.0,0
971,control,66.48,0,0.0,0
972,treatment,94.57,0,0.0,0
973,control,0.0,0,0.0,0
974,control,0.0,0,0.0,0
975,control,67.04,0,0.0,0
976,control,0.0,1,25.53,0
977,control,0.0,0,0.0,0
978,treatment,0.0,1,54.05,0
979,treatment,77.94,0,0.0,0
980,treatment,0.0,0,0.0,0
981,treatment,0.0,0,0.0,0
982,treatment,0.0,0,0.0,0
983,treatment,59.21,0,0.0,0
984,treatment,70.8,0,0.0,0
985,control,68.0,0,0.0,0
986,control,0.0,0,0.0,0
987,treatment,0.0,0,0.0,0
988,treatment,0.0,0,0.0,0
989,control,0.0,0,0.0,0
990,control,64.8,0,0.0,0
991,treatment,29.33,0,0.0,0
992,treatment,51.01,0,0.0,0
993,control,0.0,0,0.0,0
994,treatment,64.07,0,0.0,0
995,treatment,0.0,0,0.0,0
996,control,52.29,0,0.0,0
997,control,0.0,0,0.0,0
998,treatment,0.0,0,0.0,0
999,treatment,48.34,0,0.0,0
1000,control,76.8,1,49.41,0
1001,treatment,87.8,0,0.0,0
1003,treatment,38.6,0,0.0,0
1004,control,201.01,0,0.0,0
1005,treatment,0.0,0,0.0,0
1006,control,411.36,1,66.74,0
1007,treatment,0.0,0,0.0,0
1008,control,76.49,0,0.0,0
1009,treatment,85.3,0,0.0,0
1010,treatment,35.35,1,89.17,0
1011,control,0.0,0,0.0,0
1012,control,42.37,0,0.0,0
1013,treatment,38.14,1,57.59,0
1014,treatment,0.0,0,0.0,0
1015,control,0.0,1,23.04,0
1016,control,0.0,0,0.0,0
1017,control,98.58,0,0.0,0
1018,treatment,0.0,0,0.0,0
1019,control,0.0,0,0.0,0
1020,treatment,0.0,0,0.0,0
1021,control,0.0,0,0.0,0
1022,control,0.0,1,34.17,0
1023,treatment,0.0,0,0.0,0
1024,control,0.0,0,0.0,0
1025,control,0.0,0,0.0,0
1026,treatment,0.0,0,0.0,0
1027,control,67.45,0,0.0,0
1028,treatment,0.0,0,0.0,0
1029,control,37.86,0,0.0,0
1030,treatment,0.0,0,0.0,0
1031,control,0.0,0,0.0,0
1032,control,0.0,0,0.0,0
1033,control,82.13,0,0.0,0
1034,control,58.29,0,0.0,0
1035,treatment,312.56,0,0.0,0
1036,treatment,0.0,0,0.0,0
1037,control,64.33,0,0.0,0
1038,treatment,0.0,0,0.0,0
1039,treatment,0.0,0,0.0,0
1040,treatment,0.0,0,0.0,0
1041,treatment,117.76,0,0.0,0
1042,control,98.62,0,0.0,0
1043,control,0.0,0,0.0,0
1044,control,0.0,0,0.0,0
1045,control,50.33,0,0.0,0
1046,control,218.52,0,0.0,0
1047,treatment,57.81,0,0.0,0
1048,treatment,0.0,0,0.0,0
1049,control,0.0,0,0.0,0
1050,control,18.09,0,0.0,0
1051,treatment,0.0,0,0.0,0
1052,control,442.86,1,68.49,0
1053,control,46.09,0,0.0,0
1054,control,0.0,0,0.0,0
1055,treatment,0.0,1,28.7,0
1056,control,0.0,0,0.0,0
1057,control,79.08,0,0.0,0
1058,control,66.56,0,0.0,0
1059,control,0.0,0,0.0,0
1060,treatment,0.0,0,0.0,0
1061,control,157.82,1,152.12,0
1062,control,0.0,0,0.0,0
1063,control,38.69,0,0.0,0
1064,control,0.0,0,0.0,0
1065,treatment,0.0,0,0.0,0
1066,control,0.0,0,0.0,0
1068,treatment,48.66,0,0.0,0
1069,control,198.54,0,0.0,0
1070,control,294.8,0,0.0,0
1071,treatment,53.18,1,78.62,0
1072,control,0.0,0,0.0,0
1074,treatment,0.0,0,0.0,0
1075,control,65.21,1,77.82,0
1076,control,0.0,0,0.0,0
1077,treatment,53.87,0,0.0,0
1078,treatment,0.0,0,0.0,0
1079,treatment,737.41,0,0.0,0
1080,control,0.0,0,0.0,0
1081,control,0.0,0,0.0,0
1082,control,135.84,0,0.0,0
1083,control,0.0,0,0.0,0
1084,treatment,0.0,1,25.39,0
1085,control,0.0,0,0.0,0
1086,control,39.38,0,0.0,0
1087,control,73.13,0,0.0,0
1088,control,32.7,0,0.0,0
1089,treatment,46.34,0,0.0,0
1090,treatment,0.0,0,0.0,0
1091,treatment,0.0,0,0.0,0
1092,control,29.24,0,0.0,0
1093,control,0.0,0,0.0,0
1094,treatment,0.0,0,0.0,0
1095,control,0.0,0,0.0,0
1096,treatment,158.44,0,0.0,0
1097,control,0.0,0,0.0,0
1098,control,499.52,0,0.0,0
1099,treatment,1415.3,0,0.0,0
1100,treatment,0.0,0,0.0,0
1101,treatment,111.08,0,0.0,0
1102,control,637.42,1,70.62,0
1103,control,56.01,1,38.31,0
1104,control,102.89,0,0.0,0
1105,control,0.0,0,0.0,0
1106,control,0.0,0,0.0,0
1107,control,0.0,0,0.0,0
1108,control,0.0,0,0.0,0
1109,treatment,69.71,0,0.0,0
1110,control,0.0,0,0.0,0
1111,control,0.0,0,0.0,0
1113,control,0.0,0,0.0,0
1114,control,0.0,0,0.0,0
1115,control,46.13,0,0.0,0
1116,control,63.9,0,0.0,0
1117,control,84.45,0,0.0,0
1118,treatment,0.0,0,0.0,0
1119,treatment,57.11,1,134.03,0
1120,control,0.0,0,0.0,0
1121,control,0.0,0,0.0,0
1122,treatment,0.0,0,0.0,0
1123,control,120.3,0,0.0,0
1124,control,0.0,0,0.0,0
1125,treatment,80.1,0,0.0,0
1126,treatment,0.0,0,0.0,0
1127,treatment,0.0,0,0.0,0
1128,treatment,0.0,0,0.0,0
1129,treatment,0.0,0,0.0,0
1130,treatment,97.56,0,0.0,0
1131,treatment,0.0,0,0.0,0
1132,treatment,0.0,0,0.0,0
1133,control,0.0,0,0.0,0
1134,control,0.0,0,0.0,0
1135,treatment,41.71,0,0.0,0
1136,control,0.0,0,0.0,0
1137,control,0.0,0,0.0,0
1138,control,92.14,0,0.0,0
1139,treatment,0.0,0,0.0,0
1140,treatment,0.0,0,0.0,0
1141,treatment,0.0,0,0.0,0
1142,control,243.42,1,66.02,0
1143,treatment,79.83,0,0.0,0
1144,treatment,0.0,0,0.0,0
1145,treatment,135.83,0,0.0,0
1146,control,368.61,1,166.71,0
1147,treatment,48.4,0,0.0,0
1148,control,30.98,0,0.0,0
1149,treatment,31.2,0,0.0,0
1150,treatment,121.19,0,0.0,0
1151,treatment,0.0,0,0.0,0
1152,control,0.0,0,0.0,0
1153,control,0.0,0,0.0,0
1154,treatment,0.0,0,0.0,0
1155,control,0.0,0,0.0,0
1156,control,37.49,0,0.0,0
1157,treatment,420.17,1,47.94,0
1158,treatment,63.33,0,0.0,0
1159,control,0.0,0,0.0,0
1160,treatment,39.15,1,20.18,0
1161,control,0.0,0,0.0,0
1162,treatment,143.12,0,0.0,0
1163,treatment,60.9,0,0.0,0
1164,treatment,0.0,0,0.0,0
1165,treatment,0.0,0,0.0,0
1166,control,35.24,0,0.0,0
1167,control,174.33,0,0.0,0
1168,control,35.71,0,0.0,0
1169,control,0.0,0,0.0,0
1170,treatment,0.0,0,0.0,0
1171,control,56.83,0,0.0,0
1172,control,39.19,0,0.0,0
1173,control,0.0,1,33.28,0
1174,treatment,139.35,0,0.0,0
1175,treatment,0.0,0,0.0,0
1176,control,0.0,0,0.0,0
1177,treatment,181.57,0,0.0,0
1178,control,0.0,0,0.0,0
1179,treatment,20.7,0,0.0,0
1180,treatment,0.0,0,0.0,0
1181,treatment,0.0,0,0.0,0
1182,control,66.34,0,0.0,0
1184,treatment,0.0,0,0.0,0
1185,control,44.68,0,0.0,0
1186,control,0.0,0,0.0,0
1187,control,0.0,0,0.0,0
1188,control,0.0,0,0.0,0
1189,control,40.53,0,0.0,0
1190,control,76.8,0,0.0,0
1191,treatment,0.0,0,0.0,0
1192,treatment,90.48,1,53.44,0
1193,control,0.0,0,0.0,0
1194,treatment,0.0,1,63.35,0
1195,control,0.0,0,0.0,0
1196,control,76.41,0,0.0,0
1197,control,42.31,1,100.94,0
1198,treatment,0.0,0,0.0,0
1199,control,0.0,0,0.0,0
1200,treatment,176.48,0,0.0,0
1201,control,0.0,0,0.0,0
1202,treatment,82.67,0,0.0,0
1203,control,48.38,0,0.0,0
1204,treatment,0.0,0,0.0,0
1205,treatment,0.0,1,18.76,0
1206,control,0.0,0,0.0,0
1207,control,0.0,0,0.0,0
1208,control,31.47,0,0.0,0
1209,control,133.94,0,0.0,0
1210,treatment,0.0,0,0.0,0
1211,control,0.0,0,0.0,0
1212,control,0.0,0,0.0,0
1213,treatment,45.72,0,0.0,0
1214,treatment,0.0,0,0.0,0
1215,control,93.11,0,0.0,0
1216,treatment,57.69,0,0.0,0
1217,treatment,0.0,0,0.0,0
1218,treatment,21.21,0,0.0,0
1219,treatment,0.0,0,0.0,0
1220,control,0.0,0,0.0,0
1221,treatment,0.0,1,29.43,0
1222,control,165.16,0,0.0,0
1223,control,80.42,0,0.0,0
1224,treatment,0.0,1,28.41,0
1225,treatment,0.0,0,0.0,0
1226,control,0.0,0,0.0,0
1227,control,0.0,1,31.67,0
1228,treatment,50.6,0,0.0,0
1229,control,84.65,0,0.0,0
1230,control,0.0,1,88.76,0
1231,treatment,0.0,0,0.0,0
1232,control,40.85,0,0.0,0
1233,treatment,79.62,0,0.0,0
1234,control,56.96,0,0.0,0
1235,treatment,0.0,1,200.7,0
1236,control,57.59,0,0.0,0
1237,control,116.44,0,0.0,0
1238,control,19.73,0,0.0,0
1239,control,94.09,0,0.0,0
1240,control,52.15,0,0.0,0
1241,treatment,59.3,0,0.0,0
1242,control,0.0,0,0.0,0
1243,treatment,126.84,0,0.0,0
1244,control,136.74,0,0.0,0
1245,treatment,228.39,0,0.0,0
1246,control,38.16,0,0.0,0
1247,control,69.44,0,0.0,0
1248,control,77.95,0,0.0,0
1249,treatment,126.17,0,0.0,0
1250,control,0.0,0,0.0,0
1251,treatment,0.0,0,0.0,0
1252,treatment,0.0,0,0.0,0
1253,treatment,94.63,0,0.0,0
1254,treatment,38.46,0,0.0,0
1255,control,0.0,0,0.0,0
1256,control,0.0,0,0.0,0
1257,control,0.0,0,0.0,0
1258,control,702.77,1,118.2,0
1259,control,0.0,0,0.0,0
1260,control,0.0,0,0.0,0
1261,control,0.0,0,0.0,0
1262,control,45.84,1,44.72,0
1263,treatment,0.0,0,0.0,0
1264,control,93.4,0,0.0,0
1265,control,50.01,0,0.0,0
1266,control,51.44,0,0.0,0
1267,treatment,0.0,0,0.0,0
1268,control,68.24,0,0.0,0
1269,treatment,0.0,1,69.35,0
1270,treatment,0.0,0,0.0,0
1271,treatment,0.0,1,50.1,0
1272,treatment,761.62,1,98.15,0
1273,treatment,0.0,0,0.0,0
1274,treatment,273.09,1,45.9,0
1275,treatment,26.93,0,0.0,0
1276,treatment,38.34,0,0.0,0
1277,treatment,63.87,0,0.0,0
1278,control,113.47,0,0.0,0
1279,treatment,169.43,0,0.0,0
1280,control,50.83,0,0.0,0
1281,control,78.53,0,0.0,0
1282,treatment,0.0,0,0.0,0
1283,treatment,85.34,0,0.0,0
1284,treatment,99.06,0,0.0,0
1285,treatment,0.0,1,44.55,0
1286,treatment,0.0,0,0.0,0
1287,treatment,146.62,0,0.0,0
1288,control,61.54,0,0.0,0
1289,control,0.0,0,0.0,0
1290,treatment,0.0,0,0.0,0
1291,control,0.0,0,0.0,0
1292,treatment,0.0,0,0.0,0
1293,treatment,130.28,0,0.0,0
1294,control,0.0,0,0.0,0
1295,treatment,40.62,0,0.0,0
1296,treatment,0.0,0,0.0,0
1297,treatment,325.06,1,122.35,1
1298,control,0.0,1,257.4,0
1299,control,46.12,0,0.0,0
1300,control,29.75,0,0.0,0
1301,treatment,0.0,1,91.9,0
1302,control,93.8,0,0.0,0
1303,treatment,0.0,0,0.0,0
1304,control,39.22,1,40.7,0
1305,control,739.62,0,0.0,0
1306,treatment,0.0,0,0.0,0
1307,treatment,40.73,0,0.0,0
1308,treatment,0.0,0,0.0,0
1309,control,159.03,0,0.0,0
1310,control,28.07,1,47.09,0
1311,control,50.6,0,0.0,0
1312,control,0.0,0,0.0,0
1313,treatment,0.0,0,0.0,0
1314,control,200.6,0,0.0,0
1315,treatment,53.56,0,0.0,0
1316,control,55.01,0,0.0,0
1317,control,0.0,0,0.0,0
1318,treatment,0.0,0,0.0,0
1319,treatment,0.0,0,0.0,0
1320,control,107.6,1,117.67,0
1321,control,116.51,1,120.73,0
1322,treatment,0.0,0,0.0,0
1323,control,51.62,0,0.0,0
1324,control,0.0,0,0.0,0
1325,treatment,237.65,1,114.21,0
1326,control,292.31,1,133.95,0
1327,control,0.0,0,0.0,0
1328,control,0.0,0,0.0,0
1329,treatment,0.0,0,0.0,0
1330,control,0.0,0,0.0,0
1331,treatment,652.67,1,65.59,0
1332,treatment,206.78,0,0.0,0
1333,control,79.38,0,0.0,0
1334,treatment,57.95,0,0.0,0
1335,treatment,0.0,0,0.0,0
1336,treatment,257.15,0,0.0,0
1337,treatment,0.0,0,0.0,0
1338,control,26.45,0,0.0,0
1339,control,0.0,0,0.0,0
1340,control,262.42,1,50.85,0
1341,treatment,0.0,0,0.0,0
1342,control,142.97,0,0.0,0
1343,treatment,0.0,0,0.0,0
1344,control,0.0,0,0.0,0
1345,control,0.0,0,0.0,0
1346,treatment,0.0,0,0.0,0
1347,control,0.0,0,0.0,0
1348,control,0.0,0,0.0,0
1349,control,0.0,0,0.0,0
1350,treatment,0.0,0,0.0,0
1351,treatment,0.0,0,0.0,0
1352,treatment,0.0,0,0.0,0
1353,treatment,92.53,0,0.0,0
1354,control,52.06,0,0.0,0
1355,control,736.87,1,118.08,0
1356,treatment,0.0,0,0.0,0
1357,treatment,21.31,0,0.0,0
1358,control,44.42,0,0.0,0
1359,control,38.17,0,0.0,0
1360,treatment,0.0,0,0.0,0
1361,control,373.59,0,0.0,0
1362,treatment,64.88,0,0.0,0
1363,control,0.0,0,0.0,0
1364,control,23.56,0,0.0,0
1365,control,99.19,0,0.0,0
1366,treatment,0.0,0,0.0,0
1367,control,0.0,0,0.0,0
1368,control,0.0,0,0.0,0
1369,control,199.38,0,0.0,0
1370,control,75.64,0,0.0,0
1371,treatment,0.0,0,0.0,0
1372,control,91.49,0,0.0,0
1373,control,0.0,1,42.84,0
1374,treatment,0.0,0,0.0,0
1375,treatment,0.0,0,0.0,0
1376,treatment,145.08,0,0.0,0
1377,treatment,0.0,0,0.0,0
1378,treatment,0.0,0,0.0,0
1379,control,0.0,0,0.0,0
1380,control,69.34,0,0.0,0
1381,treatment,91.46,1,90.82,0
1382,treatment,0.0,0,0.0,0
1383,treatment,1322.48,1,59.76,0
1384,control,0.0,1,48.53,0
1385,treatment,59.92,0,0.0,0
1386,control,0.0,0,0.0,0
1387,control,119.19,0,0.0,0
1388,control,0.0,0,0.0,0
1389,treatment,0.0,0,0.0,0
1390,treatment,56.68,0,0.0,0
1391,treatment,0.0,0,0.0,0
1392,control,0.0,0,0.0,0
1393,treatment,1089.32,1,128.52,0
1394,control,98.41,0,0.0,0
1395,treatment,306.47,0,0.0,0
1396,control,0.0,0,0.0,0
1397,control,57.76,1,45.83,0
1398,treatment,36.43,0,0.0,0
1399,control,0.0,0,0.0,0
1400,control,44.02,0,0.0,0
1401,treatment,0.0,0,0.0,0
1402,treatment,19.29,0,0.0,0
1403,treatment,0.0,0,0.0,0
1404,control,0.0,0,0.0,0
1405,treatment,68.8,0,0.0,0
1406,control,0.0,0,0.0,0
1408,control,0.0,0,0.0,0
1409,treatment,174.21,0,0.0,0
1410,treatment,444.08,0,0.0,0
1411,control,0.0,0,0.0,0
1412,control,44.06,0,0.0,0
1413,control,0.0,0,0.0,0
1414,control,0.0,0,0.0,0
1415,treatment,114.09,0,0.0,0
1416,control,40.01,0,0.0,0
1417,control,33.43,0,0.0,0
1418,control,43.85,0,0.0,0
1419,treatment,46.35,0,0.0,0
1421,treatment,0.0,0,0.0,0
1422,control,0.0,0,0.0,0
1423,treatment,41.64,0,0.0,0
1424,control,0.0,0,0.0,0
1425,control,0.0,0,0.0,0
1426,treatment,488.74,0,0.0,0
1427,control,111.27,0,0.0,0
1428,treatment,0.0,0,0.0,0
1429,control,0.0,0,0.0,0
1430,control,154.77,0,0.0,0
1431,treatment,0.0,1,41.17,0
1432,control,0.0,0,0.0,0
1433,control,25.31,0,0.0,0
1434,treatment,54.22,0,0.0,0
1437,treatment,0.0,0,0.0,0
1438,treatment,0.0,0,0.0,0
1439,treatment,0.0,0,0.0,0
1440,treatment,0.0,0,0.0,0
1441,control,0.0,0,0.0,0
1442,treatment,44.13,0,0.0,0
1443,treatment,34.52,0,0.0,0
1444,treatment,133.12,0,0.0,0
1445,control,0.0,0,0.0,0
1446,control,0.0,0,0.0,0
1447,treatment,0.0,0,0.0,0
1448,control,64.13,1,92.92,0
1449,control,379.79,0,0.0,0
1450,control,0.0,0,0.0,0
1451,control,84.25,0,0.0,0
1452,treatment,52.3,0,0.0,0
1453,control,0.0,0,0.0,0
1454,control,417.73,0,0.0,0
1455,treatment,0.0,0,0.0,0
1456,control,0.0,0,0.0,0
1457,treatment,385.49,1,102.17,0
1458,control,167.03,1,52.85,0
1459,control,0.0,0,0.0,0
1460,control,0.0,0,0.0,0
1461,treatment,0.0,0,0.0,0
1462,treatment,0.0,0,0.0,0
1463,treatment,0.0,0,0.0,0
1464,treatment,0.0,0,0.0,0
1465,treatment,207.28,1,51.32,0
1466,control,0.0,0,0.0,0
1467,treatment,150.45,0,0.0,0
1468,control,125.73,0,0.0,0
1469,control,359.73,0,0.0,0
1470,control,51.88,0,0.0,0
1471,control,46.91,0,0.0,0
1472,treatment,0.0,1,49.98,0
1473,treatment,0.0,0,0.0,0
1474,treatment,152.8,1,291.35,0
1475,control,0.0,1,20.21,0
1476,control,0.0,0,0.0,0
1477,treatment,0.0,0,0.0,0
1478,control,0.0,1,49.44,0
1479,control,0.0,0,0.0,0
1481,treatment,37.62,0,0.0,0
1482,control,0.0,0,0.0,0
1483,treatment,0.0,0,0.0,0
1484,control,0.0,0,0.0,0
1485,control,0.0,0,0.0,0
1486,treatment,0.0,0,0.0,0
1487,control,0.0,1,60.09,0
1488,control,100.02,0,0.0,0
1489,control,204.08,0,0.0,0
1490,treatment,0.0,0,0.0,0
1491,control,30.54,0,0.0,0
1492,control,0.0,0,0.0,0
1493,treatment,0.0,0,0.0,0
1494,control,41.88,0,0.0,0
1495,control,0.0,0,0.0,0
1496,control,0.0,0,0.0,0
1497,control,0.0,0,0.0,0
1498,control,0.0,0,0.0,0
1499,control,0.0,0,0.0,0
1500,treatment,0.0,0,0.0,0
1501,treatment,0.0,0,0.0,0
1502,control,0.0,0,0.0,0
1503,control,0.0,0,0.0,0
1504,control,201.92,1,67.98,1
1505,treatment,62.76,0,0.0,0
1506,control,576.91,1,117.58,0
1507,treatment,79.45,0,0.0,0
1508,control,0.0,0,0.0,0
1509,control,543.22,0,0.0,0
1510,treatment,0.0,0,0.0,0
1511,control,57.77,0,0.0,0
1512,control,0.0,0,0.0,0
1513,treatment,0.0,1,64.19,0
1514,treatment,0.0,0,0.0,0
1515,control,74.86,0,0.0,0
1516,control,0.0,0,0.0,0
1517,control,0.0,0,0.0,0
1518,control,60.48,0,0.0,0
1519,treatment,0.0,0,0.0,0
1520,treatment,0.0,0,0.0,0
1521,control,0.0,0,0.0,0
1522,control,0.0,0,0.0,0
1523,treatment,227.92,1,68.81,0
1524,treatment,0.0,0,0.0,0
1525,control,370.42,0,0.0,0
1526,treatment,0.0,1,42.58,0
1527,treatment,331.55,1,43.27,0
1528,treatment,0.0,1,80.67,0
1529,control,39.22,0,0.0,0
1530,control,0.0,0,0.0,0
1531,control,101.43,0,0.0,0
1532,control,0.0,0,0.0,0
1533,treatment,53.42,0,0.0,0
1534,control,1274.18,1,67.73,1
1535,treatment,0.0,0,0.0,0
1536,treatment,178.4,0,0.0,0
1537,treatment,0.0,0,0.0,0
1538,control,0.0,0,0.0,0
1539,control,95.01,1,74.13,0
1540,control,0.0,1,43.24,0
1541,control,19.02,0,0.0,0
1542,treatment,69.97,0,0.0,0
1543,control,0.0,0,0.0,0
1544,control,0.0,0,0.0,0
1545,treatment,0.0,0,0.0,0
1546,treatment,37.6,0,0.0,0
1547,treatment,83.11,1,110.86,0
1548,treatment,0.0,0,0.0,0
1549,treatment,164.27,0,0.0,0
1550,control,39.68,0,0.0,0
1551,control,38.35,0,0.0,0
1552,treatment,0.0,0,0.0,0
1553,control,0.0,0,0.0,0
1554,control,140.4,0,0.0,0
1555,treatment,0.0,0,0.0,0
1556,control,0.0,0,0.0,0
1557,treatment,0.0,0,0.0,0
1558,treatment,29.95,0,0.0,0
1559,control,0.0,0,0.0,0
1560,control,300.36,1,71.5,0
1561,treatment,0.0,0,0.0,0
1562,control,287.07,0,0.0,0
1563,control,0.0,0,0.0,0
1564,treatment,0.0,0,0.0,0
1565,treatment,0.0,0,0.0,0
1566,control,158.52,0,0.0,0
1567,treatment,83.71,0,0.0,0
1568,control,88.24,0,0.0,0
1569,control,0.0,0,0.0,0
1570,treatment,0.0,0,0.0,0
1571,control,0.0,0,0.0,0
1572,control,412.58,0,0.0,0
1573,treatment,36.61,1,112.23,0
1574,control,57.7,0,0.0,0
1575,treatment,0.0,0,0.0,0
1576,treatment,74.82,1,48.61,0
1577,control,40.61,0,0.0,0
1578,treatment,0.0,0,0.0,0
1579,control,0.0,0,0.0,0
1580,treatment,0.0,0,0.0,0
1581,treatment,0.0,0,0.0,0
1582,treatment,0.0,0,0.0,0
1583,treatment,63.91,0,0.0,0
1584,treatment,84.99,0,0.0,0
1585,treatment,0.0,0,0.0,0
1586,control,0.0,0,0.0,0
1587,control,136.72,0,0.0,0
1588,control,0.0,0,0.0,0
1589,control,589.83,1,88.62,1
1590,treatment,0.0,0,0.0,0
1591,control,0.0,0,0.0,0
1592,treatment,0.0,0,0.0,0
1593,treatment,62.22,0,0.0,0
1594,control,0.0,0,0.0,0
1595,treatment,0.0,0,0.0,0
1596,control,42.53,0,0.0,0
1597,control,0.0,0,0.0,0
1598,control,94.74,0,0.0,0
1599,control,0.0,0,0.0,0
1600,treatment,37.15,1,42.04,0
1601,control,0.0,0,0.0,0
1602,treatment,0.0,0,0.0,0
1603,treatment,45.29,1,111.67,1
1604,treatment,0.0,1,31.6,0
1605,control,0.0,0,0.0,0
1606,control,70.09,1,39.89,0
1607,control,0.0,0,0.0,0
1608,control,0.0,1,30.23,0
1609,control,54.77,0,0.0,0
1610,control,0.0,0,0.0,0
1611,control,0.0,0,0.0,0
1612,control,242.52,0,0.0,0
1613,control,50.63,0,0.0,0
1614,control,66.35,0,0.0,0
1615,control,0.0,0,0.0,0
1616,control,123.02,0,0.0,0
1617,treatment,0.0,0,0.0,0
1618,treatment,0.0,0,0.0,0
1619,control,0.0,0,0.0,0
1620,treatment,37.88,0,0.0,0
1621,treatment,0.0,0,0.0,0
1622,treatment,0.0,0,0.0,0
1623,control,48.74,0,0.0,0
1624,control,0.0,0,0.0,0
1625,treatment,0.0,0,0.0,0
1626,control,0.0,0,0.0,0
1627,control,0.0,0,0.0,0
1628,treatment,34.61,1,31.47,0
1629,treatment,413.12,0,0.0,0
1630,treatment,49.61,0,0.0,0
1631,treatment,0.0,0,0.0,0
1632,control,91.76,0,0.0,0
1633,control,27.74,0,0.0,0
1634,control,98.95,0,0.0,0
1635,control,58.26,0,0.0,0
1636,treatment,32.82,0,0.0,0
1637,control,0.0,0,0.0,0
1638,treatment,0.0,0,0.0,0
1639,treatment,41.35,0,0.0,0
1640,treatment,101.27,0,0.0,0
1641,treatment,0.0,0,0.0,0
1642,treatment,0.0,0,0.0,0
1643,treatment,0.0,0,0.0,0
1644,treatment,1164.59,1,118.98,0
1645,treatment,0.0,0,0.0,0
1646,treatment,31.44,0,0.0,0
1647,control,0.0,0,0.0,0
1648,control,85.13,0,0.0,0
1649,control,48.99,1,43.18,0
1650,treatment,0.0,0,0.0,0
1651,control,557.4,0,0.0,0
1652,control,61.04,0,0.0,0
1653,treatment,77.04,0,0.0,0
1654,treatment,0.0,1,37.65,0
1655,treatment,80.11,0,0.0,0
1656,treatment,0.0,0,0.0,0
1657,control,0.0,0,0.0,0
1658,control,0.0,0,0.0,0
1659,control,0.0,0,0.0,0
1660,treatment,0.0,0,0.0,0
1661,treatment,26.8,0,0.0,0
1662,treatment,0.0,0,0.0,0
1663,treatment,40.23,0,0.0,0
1664,treatment,0.0,0,0.0,0
1665,control,49.15,0,0.0,0
1666,control,0.0,0,0.0,0
1667,control,0.0,0,0.0,0
1668,treatment,0.0,0,0.0,0
1669,control,0.0,0,0.0,0
1670,treatment,57.33,0,0.0,0
1671,treatment,24.65,0,0.0,0
1672,treatment,0.0,0,0.0,0
1673,control,50.12,0,0.0,0
1674,control,0.0,0,0.0,0
1675,control,153.35,0,0.0,0
1676,treatment,0.0,0,0.0,0
1677,control,239.48,1,101.37,0
1678,control,94.65,0,0.0,0
1679,control,51.57,0,0.0,0
1680,control,341.75,0,0.0,0
1681,control,0.0,0,0.0,0
1682,control,36.86,0,0.0,0
1683,treatment,31.08,0,0.0,0
1684,control,0.0,0,0.0,0
1685,treatment,0.0,0,0.0,0
1686,control,0.0,0,0.0,0
1687,treatment,0.0,0,0.0,0
1688,control,0.0,0,0.0,0
1689,control,27.52,0,0.0,0
1690,treatment,0.0,0,0.0,0
1691,control,60.31,0,0.0,0
1692,treatment,36.9,0,0.0,0
1693,control,0.0,0,0.0,0
1694,treatment,0.0,0,0.0,0
1695,control,0.0,0,0.0,0
1696,treatment,0.0,0,0.0,0
1697,treatment,101.1,1,100.25,0
1699,control,0.0,0,0.0,0
1700,treatment,0.0,0,0.0,0
1701,control,0.0,0,0.0,0
1702,treatment,36.24,0,0.0,0
1703,control,0.0,0,0.0,0
1704,treatment,89.17,1,102.29,0
1705,treatment,0.0,0,0.0,0
1706,treatment,0.0,0,0.0,0
1707,treatment,49.13,0,0.0,0
1708,control,0.0,0,0.0,0
1709,control,0.0,1,62.77,0
1710,treatment,0.0,0,0.0,0
1711,control,170.04,0,0.0,0
1712,treatment,31.48,0,0.0,0
1713,treatment,227.16,0,0.0,0
1714,control,0.0,0,0.0,0
1716,treatment,143.31,0,0.0,0
1717,treatment,128.85,0,0.0,0
1718,treatment,0.0,0,0.0,0
1719,treatment,0.0,1,50.5,0
1720,control,68.83,0,0.0,0
1721,treatment,0.0,1,31.33,0
1722,treatment,56.71,0,0.0,0
1723,control,0.0,0,0.0,0
1724,treatment,55.92,0,0.0,0
1725,treatment,0.0,1,90.32,0
1726,treatment,59.5,0,0.0,0
1727,treatment,197.53,0,0.0,0
1728,treatment,0.0,0,0.0,0
1729,control,26.49,0,0.0,0
1730,treatment,0.0,0,0.0,0
1731,control,89.42,0,0.0,0
1732,treatment,0.0,1,31.24,0
1733,control,115.63,0,0.0,0
1734,control,0.0,0,0.0,0
1735,control,0.0,0,0.0,0
1736,control,0.0,0,0.0,0
1737,control,75.35,0,0.0,0
1738,control,0.0,0,0.0,0
1739,control,0.0,0,0.0,0
1740,treatment,525.47,0,0.0,0
1741,treatment,35.62,0,0.0,0
1742,control,0.0,0,0.0,0
1743,treatment,0.0,0,0.0,0
1744,control,0.0,0,0.0,0
1745,control,76.37,0,0.0,0
1746,treatment,161.8,1,95.67,0
1747,treatment,0.0,0,0.0,0
1748,treatment,0.0,0,0.0,0
1749,control,0.0,0,0.0,0
1750,treatment,75.89,0,0.0,0
1751,treatment,67.4,0,0.0,0
1752,control,255.59,1,142.04,0
1753,treatment,41.61,0,0.0,0
1754,treatment,0.0,0,0.0,0
1755,control,0.0,0,0.0,0
1756,control,0.0,0,0.0,0
1757,treatment,211.63,1,96.57,0
1759,control,772.53,1,97.32,0
1760,treatment,0.0,0,0.0,0
1761,treatment,0.0,0,0.0,0
1762,control,90.28,0,0.0,0
1763,control,165.02,1,53.56,0
1764,control,62.74,0,0.0,0
1766,control,70.12,0,0.0,0
1767,control,0.0,0,0.0,0
1768,control,0.0,0,0.0,0
1769,control,27.03,0,0.0,0
1770,control,0.0,0,0.0,0
1771,control,0.0,0,0.0,0
1772,treatment,0.0,0,0.0,0
1773,control,104.94,0,0.0,0
1774,control,0.0,0,0.0,0
1775,treatment,0.0,0,0.0,0
1776,treatment,66.12,0,0.0,0
1777,control,96.76,0,0.0,0
1778,control,0.0,0,0.0,0
1779,control,0.0,0,0.0,0
1780,control,24.27,1,95.09,1
1781,control,294.02,0,0.0,0
1782,control,0.0,0,0.0,0
1783,treatment,60.23,0,0.0,0
1784,control,0.0,1,30.0,0
1785,control,0.0,0,0.0,0
1786,treatment,119.64,0,0.0,0
1787,treatment,0.0,0,0.0,0
1788,treatment,0.0,0,0.0,0
1789,control,86.95,0,0.0,0
1790,treatment,0.0,0,0.0,0
1791,control,0.0,0,0.0,0
1792,control,0.0,0,0.0,0
1793,control,0.0,1,28.81,0
1794,treatment,0.0,0,0.0,0
1795,treatment,0.0,0,0.0,0
1796,treatment,77.56,0,0.0,0
1797,treatment,0.0,1,52.18,0
1798,control,97.24,1,148.05,0
1799,control,0.0,0,0.0,0
1800,control,67.04,0,0.0,0
1801,control,0.0,0,0.0,0
1802,treatment,0.0,0,0.0,0
1803,treatment,0.0,0,0.0,0
1804,control,114.96,1,142.61,0
1805,control,0.0,0,0.0,0
1806,treatment,53.85,0,0.0,0
1807,treatment,28.14,0,0.0,0
1808,control,386.0,0,0.0,0
1809,control,0.0,0,0.0,0
1810,treatment,44.84,0,0.0,0
1811,control,0.0,0,0.0,0
1812,treatment,73.8,0,0.0,0
1813,control,0.0,0,0.0,0
1814,control,0.0,0,0.0,0
1815,treatment,846.64,0,0.0,0
1816,control,0.0,0,0.0,0
1817,control,0.0,0,0.0,0
1818,treatment,676.33,1,187.76,0
1819,control,157.92,0,0.0,0
1820,control,0.0,0,0.0,0
1821,treatment,203.74,0,0.0,0
1822,treatment,52.83,0,0.0,0
1823,treatment,261.92,1,16.32,0
1824,treatment,97.92,1,69.24,0
1825,treatment,55.44,0,0.0,0
1826,treatment,0.0,0,0.0,0
1827,control,23.62,0,0.0,0
1828,control,40.59,0,0.0,0
1829,control,71.85,0,0.0,0
1830,control,145.72,0,0.0,0
1831,treatment,0.0,0,0.0,0
1832,control,38.58,0,0.0,0
1833,treatment,0.0,1,31.78,0
1834,treatment,0.0,0,0.0,0
1835,control,0.0,1,52.71,0
1836,control,0.0,0,0.0,0
1837,treatment,119.38,0,0.0,0
1838,control,0.0,0,0.0,0
1839,control,0.0,0,0.0,0
1840,control,29.87,0,0.0,0
1841,treatment,0.0,0,0.0,0
1842,treatment,31.52,0,0.0,0
1843,control,0.0,0,0.0,0
1844,treatment,40.24,0,0.0,0
1845,treatment,154.54,0,0.0,0
1846,treatment,0.0,0,0.0,0
1847,control,258.12,0,0.0,0
1848,treatment,0.0,0,0.0,0
1849,control,0.0,0,0.0,0
1850,treatment,0.0,0,0.0,0
1851,treatment,183.98,0,0.0,0
1852,treatment,106.55,1,20.65,0
1853,treatment,0.0,0,0.0,0
1854,treatment,0.0,0,0.0,0
1855,control,133.89,1,38.89,0
1856,treatment,58.74,0,0.0,0
1857,control,45.85,0,0.0,0
1858,treatment,174.36,0,0.0,0
1859,control,0.0,0,0.0,0
1860,control,76.07,0,0.0,0
1861,control,333.69,1,56.84,0
1862,control,140.69,0,0.0,0
1863,treatment,219.69,1,75.67,0
1864,control,104.79,0,0.0,0
1865,treatment,0.0,1,22.17,0
1866,control,0.0,0,0.0,0
1867,control,0.0,1,123.9,0
1868,control,398.31,1,51.06,0
1869,treatment,0.0,0,0.0,0
1870,treatment,63.42,0,0.0,0
1871,control,0.0,0,0.0,0
1872,control,0.0,0,0.0,0
1873,control,172.23,1,129.5,0
1874,control,19.68,0,0.0,0
1875,treatment,74.82,0,0.0,0
1876,treatment,27.74,0,0.0,0
1877,treatment,54.38,1,78.02,0
1878,treatment,77.82,1,74.71,1
1879,control,414.31,1,55.38,0
1880,treatment,36.19,0,0.0,0
1881,treatment,105.55,0,0.0,0
1882,control,0.0,1,55.21,0
1883,control,0.0,0,0.0,0
1884,treatment,0.0,0,0.0,0
1885,control,0.0,0,0.0,0
1886,control,0.0,0,0.0,0
1887,treatment,0.0,0,0.0,0
1888,control,24.32,0,0.0,0
1889,treatment,28.92,0,0.0,0
1890,control,0.0,0,0.0,0
1891,control,0.0,0,0.0,0
1892,control,72.16,0,0.0,0
1893,treatment,55.52,0,0.0,0
1894,control,0.0,0,0.0,0
1895,treatment,38.09,0,0.0,0
1896,treatment,69.98,0,0.0,0
1897,treatment,0.0,0,0.0,0
1898,control,0.0,0,0.0,0
1899,treatment,29.92,0,0.0,0
1900,treatment,88.31,0,0.0,0
1901,control,0.0,1,108.58,0
1902,control,0.0,0,0.0,0
1903,treatment,70.5,1,85.9,0
1904,control,0.0,0,0.0,0
1905,treatment,0.0,0,0.0,0
1906,control,0.0,0,0.0,0
1907,treatment,0.0,0,0.0,0
1908,treatment,0.0,0,0.0,0
1909,control,0.0,0,0.0,0
1910,control,0.0,0,0.0,0
1911,treatment,49.26,0,0.0,0
1912,control,350.38,0,0.0,0
1913,control,175.53,0,0.0,0
1914,treatment,57.14,0,0.0,0
1915,treatment,0.0,0,0.0,0
1916,treatment,339.52,1,123.19,0
1917,treatment,0.0,0,0.0,0
1918,control,0.0,0,0.0,0
1919,treatment,0.0,0,0.0,0
1920,control,125.73,1,45.69,0
1921,control,106.42,1,56.28,0
1922,treatment,67.04,0,0.0,0
1923,treatment,309.44,1,83.69,0
1924,control,32.43,0,0.0,0
1925,control,0.0,0,0.0,0
1926,control,0.0,0,0.0,0
1927,control,424.38,0,0.0,0
1928,treatment,37.04,0,0.0,0
1929,control,56.65,0,0.0,0
1930,control,109.56,0,0.0,0
1931,control,47.61,1,71.39,0
1932,control,0.0,0,0.0,0
1933,treatment,0.0,0,0.0,0
1934,control,0.0,0,0.0,0
1935,control,0.0,0,0.0,0
1936,control,0.0,0,0.0,0
1937,control,119.19,0,0.0,0
1938,treatment,43.46,0,0.0,0
1939,control,0.0,0,0.0,0
1940,control,0.0,0,0.0,0
1941,treatment,0.0,0,0.0,0
1942,treatment,0.0,0,0.0,0
1943,treatment,0.0,0,0.0,0
1944,control,0.0,0,0.0,0
1945,control,61.08,0,0.0,0
1947,treatment,0.0,0,0.0,0
1948,control,64.48,0,0.0,0
1949,treatment,0.0,0,0.0,0
1950,treatment,130.51,1,37.74,0
1951,treatment,0.0,0,0.0,0
1952,treatment,0.0,0,0.0,0
1953,control,45.39,0,0.0,0
1954,control,102.54,0,0.0,0
1955,control,0.0,0,0.0,0
1956,treatment,0.0,0,0.0,0
1957,treatment,0.0,0,0.0,0
1958,control,0.0,0,0.0,0
1959,treatment,0.0,0,0.0,0
1960,control,234.37,0,0.0,0
1961,control,0.0,0,0.0,0
1962,treatment,0.0,0,0.0,0
1963,treatment,102.12,1,124.03,0
1964,treatment,181.61,0,0.0,0
1965,treatment,0.0,0,0.0,0
1966,control,0.0,0,0.0,0
1967,treatment,0.0,0,0.0,0
1968,treatment,0.0,0,0.0,0
1969,treatment,26.63,0,0.0,0
1970,control,0.0,0,0.0,0
1971,treatment,0.0,0,0.0,0
1972,treatment,0.0,0,0.0,0
1973,treatment,39.64,0,0.0,0
1974,control,0.0,0,0.0,0
1975,control,74.47,0,0.0,0
1976,control,42.95,0,0.0,0
1977,treatment,70.03,0,0.0,0
1978,control,0.0,0,0.0,0
1979,control,57.59,0,0.0,0
1980,control,57.56,0,0.0,0
1981,control,275.43,0,0.0,0
1982,control,0.0,0,0.0,0
1983,treatment,0.0,0,0.0,0
1984,control,0.0,1,31.48,0
1985,control,67.43,0,0.0,0
1986,treatment,117.6,0,0.0,0
1987,control,409.92,0,0.0,0
1988,control,70.56,0,0.0,0
1989,control,64.89,0,0.0,0
1990,treatment,89.89,1,41.96,0
1991,control,15.79,0,0.0,0
1992,control,0.0,1,78.9,0
1993,control,0.0,0,0.0,0
1994,treatment,292.72,1,50.81,1
1995,treatment,0.0,0,0.0,0
1996,control,0.0,0,0.0,0
1997,treatment,0.0,0,0.0,0
1998,treatment,0.0,0,0.0,0
1999,treatment,33.6,0,0.0,0
2000,treatment,0.0,1,71.24,0
2001,treatment,0.0,0,0.0,0
2002,treatment,0.0,0,0.0,0
2003,treatment,0.0,0,0.0,0
2004,treatment,55.78,0,0.0,0
2005,treatment,0.0,0,0.0,0
2006,control,0.0,1,48.23,0
2007,treatment,0.0,0,0.0,0
2008,control,0.0,1,18.78,0
2009,control,40.92,0,0.0,0
2010,control,38.04,0,0.0,0
2011,control,0.0,0,0.0,0
2012,treatment,0.0,0,0.0,0
2013,treatment,107.06,0,0.0,0
2014,control,0.0,0,0.0,0
2015,control,0.0,0,0.0,0
2016,control,0.0,0,0.0,0
2017,treatment,185.76,0,0.0,0
2018,control,257.18,0,0.0,0
2019,treatment,0.0,0,0.0,0
2020,control,0.0,0,0.0,0
2021,treatment,0.0,0,0.0,0
2022,control,0.0,0,0.0,0
2023,treatment,301.32,1,68.28,0
2024,control,49.3,0,0.0,0
2025,control,108.48,0,0.0,0
2026,control,0.0,0,0.0,0
2027,control,40.86,0,0.0,0
2028,control,48.71,0,0.0,0
2029,control,0.0,0,0.0,0
2030,control,0.0,0,0.0,0
2031,treatment,0.0,0,0.0,0
2032,treatment,146.98,0,0.0,0
2033,control,0.0,0,0.0,0
2034,control,0.0,0,0.0,0
2035,control,34.51,0,0.0,0
2036,treatment,0.0,0,0.0,0
2037,treatment,0.0,0,0.0,0
2038,treatment,43.09,0,0.0,0
2039,control,48.11,1,49.84,0
2040,control,51.39,0,0.0,0
2041,treatment,1339.91,0,0.0,0
2042,treatment,87.54,0,0.0,0
2043,control,0.0,0,0.0,0
2045,treatment,0.0,0,0.0,0
2046,treatment,0.0,0,0.0,0
2047,control,115.92,0,0.0,0
2048,treatment,0.0,0,0.0,0
2049,control,0.0,0,0.0,0
2050,treatment,404.47,0,0.0,0
2051,treatment,177.12,0,0.0,0
2052,control,126.21,0,0.0,0
2053,control,68.18,1,60.17,0
2054,control,47.01,0,0.0,0
2055,treatment,124.84,1,187.96,0
2056,control,79.14,0,0.0,0
2057,control,379.01,0,0.0,0
2058,control,0.0,0,0.0,0
2059,treatment,0.0,0,0.0,0
2060,treatment,0.0,0,0.0,0
2061,treatment,0.0,0,0.0,0
2062,control,60.25,1,67.95,0
2063,control,0.0,1,62.79,0
2064,treatment,141.91,0,0.0,0
2065,control,0.0,0,0.0,0
2066,control,62.9,0,0.0,0
2067,treatment,28.48,0,0.0,0
2068,control,0.0,0,0.0,0
2069,control,0.0,0,0.0,0
2070,control,0.0,0,0.0,0
2071,treatment,0.0,0,0.0,0
2072,treatment,0.0,0,0.0,0
2073,control,0.0,0,0.0,0
2074,treatment,0.0,0,0.0,0
2075,control,0.0,0,0.0,0
2076,treatment,368.84,1,55.41,0
2077,control,0.0,0,0.0,0
2079,treatment,82.59,1,35.72,0
2080,treatment,94.44,0,0.0,0
2081,treatment,0.0,0,0.0,0
2082,treatment,49.41,0,0.0,0
2083,treatment,228.25,0,0.0,0
2084,control,0.0,0,0.0,0
2085,control,44.21,0,0.0,0
2086,treatment,29.81,0,0.0,0
2087,control,0.0,0,0.0,0
2088,treatment,293.61,0,0.0,0
2089,control,0.0,0,0.0,0
2090,control,0.0,0,0.0,0
2091,treatment,0.0,0,0.0,0
2092,control,306.29,1,130.13,0
2093,control,42.99,0,0.0,0
2094,control,0.0,0,0.0,0
2095,control,0.0,0,0.0,0
2096,control,104.11,0,0.0,0
2097,control,282.22,0,0.0,0
2098,control,35.9,0,0.0,0
2099,control,29.91,0,0.0,0
2100,treatment,0.0,0,0.0,0
2101,treatment,502.78,0,0.0,0
2102,control,0.0,0,0.0,0
2103,treatment,0.0,0,0.0,0
2104,control,63.61,1,34.99,0
2105,treatment,0.0,0,0.0,0
2106,control,0.0,0,0.0,0
2107,control,57.09,0,0.0,0
2108,control,0.0,0,0.0,0
2109,control,101.29,1,60.3,0
2110,treatment,0.0,0,0.0,0
2111,treatment,260.34,0,0.0,0
2112,treatment,80.38,0,0.0,0
2113,control,67.77,0,0.0,0
2114,treatment,0.0,0,0.0,0
2115,control,0.0,0,0.0,0
2116,control,181.21,0,0.0,0
2117,control,141.05,0,0.0,0
2118,treatment,161.09,0,0.0,0
2119,control,54.39,0,0.0,0
2120,treatment,0.0,0,0.0,0
2121,control,0.0,0,0.0,0
2122,control,33.98,0,0.0,0
2123,treatment,0.0,0,0.0,0
2124,control,58.87,0,0.0,0
2125,control,0.0,0,0.0,0
2126,control,152.99,0,0.0,0
2127,control,38.35,1,45.09,0
2128,treatment,0.0,0,0.0,0
2129,control,82.66,0,0.0,0
2130,treatment,23.69,0,0.0,0
2131,treatment,0.0,0,0.0,0
2132,control,309.68,1,169.4,0
2133,treatment,0.0,0,0.0,0
2134,treatment,63.18,0,0.0,0
2135,treatment,0.0,1,97.06,0
2136,control,39.61,0,0.0,0
2137,treatment,129.53,0,0.0,0
2138,treatment,177.91,1,82.59,0
2139,treatment,0.0,0,0.0,0
2140,control,167.76,0,0.0,0
2141,treatment,29.35,0,0.0,0
2142,control,0.0,0,0.0,0
2143,control,90.1,0,0.0,0
2144,control,234.02,0,0.0,0
2145,control,12.96,0,0.0,0
2146,control,0.0,0,0.0,0
2147,control,0.0,0,0.0,0
2148,control,0.0,0,0.0,0
2149,control,99.85,0,0.0,0
2150,treatment,0.0,0,0.0,0
2151,treatment,0.0,1,34.7,0
2152,treatment,45.27,0,0.0,0
2153,control,178.53,0,0.0,0
2154,treatment,0.0,0,0.0,0
2155,treatment,434.99,0,0.0,0
2156,treatment,0.0,0,0.0,0
2157,treatment,0.0,0,0.0,0
2158,control,0.0,0,0.0,0
2159,treatment,120.44,1,239.57,0
2160,control,0.0,0,0.0,0
2161,treatment,72.81,1,75.8,0
2162,control,0.0,0,0.0,0
2163,control,41.17,0,0.0,0
2164,control,0.0,0,0.0,0
2165,treatment,0.0,0,0.0,0
2166,control,0.0,0,0.0,0
2167,treatment,0.0,0,0.0,0
2168,control,166.58,0,0.0,0
2169,treatment,0.0,0,0.0,0
2170,control,299.46,0,0.0,0
2172,treatment,45.39,0,0.0,0
2173,treatment,0.0,0,0.0,0
2174,control,0.0,0,0.0,0
2175,control,0.0,0,0.0,0
2176,control,79.14,0,0.0,0
2177,control,0.0,0,0.0,0
2178,control,74.24,0,0.0,0
2179,treatment,0.0,0,0.0,0
2180,treatment,0.0,0,0.0,0
2181,control,0.0,0,0.0,0
2182,treatment,0.0,1,77.77,0
2183,control,169.24,0,0.0,0
2184,control,0.0,0,0.0,0
2186,treatment,12.65,0,0.0,0
2187,treatment,0.0,0,0.0,0
2188,treatment,0.0,0,0.0,0
2189,treatment,70.6,0,0.0,0
2190,control,0.0,0,0.0,0
2191,control,0.0,0,0.0,0
2192,treatment,0.0,0,0.0,0
2193,treatment,0.0,0,0.0,0
2194,control,194.95,0,0.0,0
2195,control,0.0,0,0.0,0
2196,control,36.9,0,0.0,0
2198,treatment,117.85,0,0.0,0
2199,treatment,0.0,0,0.0,0
2200,control,0.0,0,0.0,0
2201,treatment,0.0,0,0.0,0
2202,treatment,46.16,0,0.0,0
2203,control,0.0,0,0.0,0
2204,control,656.3,1,51.07,0
2205,treatment,0.0,0,0.0,0
2206,treatment,93.44,0,0.0,0
2207,control,37.86,0,0.0,0
2208,control,0.0,0,0.0,0
2209,control,52.35,0,0.0,0
2210,treatment,39.26,0,0.0,0
2211,control,0.0,0,0.0,0
2212,control,195.7,0,0.0,0
2213,treatment,0.0,0,0.0,0
2214,control,0.0,0,0.0,0
2215,control,37.41,0,0.0,0
2216,control,0.0,0,0.0,0
2217,control,80.34,0,0.0,0
2218,treatment,94.99,0,0.0,0
2219,control,0.0,0,0.0,0
2220,treatment,43.37,0,0.0,0
2221,control,0.0,0,0.0,0
2222,treatment,0.0,0,0.0,0
2223,treatment,248.89,0,0.0,0
2224,treatment,131.75,0,0.0,0
2225,control,0.0,0,0.0,0
2226,control,149.09,0,0.0,0
2227,treatment,0.0,0,0.0,0
2228,treatment,0.0,0,0.0,0
2229,treatment,0.0,0,0.0,0
2230,treatment,24.55,0,0.0,0
2231,treatment,60.34,1,138.06,0
2232,treatment,71.02,0,0.0,0
2233,control,0.0,0,0.0,0
2234,treatment,0.0,0,0.0,0
2235,treatment,0.0,0,0.0,0
2236,treatment,0.0,0,0.0,0
2237,control,94.54,0,0.0,0
2238,treatment,0.0,0,0.0,0
2239,treatment,212.95,1,94.39,0
2240,treatment,0.0,0,0.0,0
2241,treatment,0.0,0,0.0,0
2242,treatment,0.0,1,36.7,0
2243,control,76.23,0,0.0,0
2244,control,230.83,0,0.0,0
2245,control,61.96,0,0.0,0
2246,treatment,0.0,0,0.0,0
2247,treatment,0.0,0,0.0,0
2248,treatment,183.95,0,0.0,0
2249,treatment,0.0,0,0.0,0
2250,treatment,546.92,1,82.48,0
2251,treatment,107.93,0,0.0,0
2252,treatment,0.0,0,0.0,0
2253,treatment,49.84,1,55.57,0
2254,treatment,53.0,0,0.0,0
2255,control,0.0,1,90.12,0
2256,treatment,0.0,0,0.0,0
2257,control,95.97,0,0.0,0
2258,control,46.93,1,32.25,0
2259,treatment,70.58,0,0.0,0
2260,control,38.5,0,0.0,0
2261,treatment,0.0,0,0.0,0
2262,treatment,0.0,0,0.0,0
2263,control,0.0,0,0.0,0
2264,treatment,0.0,0,0.0,0
2265,control,79.92,0,0.0,0
2266,treatment,272.03,0,0.0,0
2267,treatment,63.22,1,127.53,0
2268,control,0.0,1,53.28,0
2269,treatment,0.0,0,0.0,0
2271,control,0.0,1,47.23,0
2272,treatment,0.0,0,0.0,0
2273,control,0.0,0,0.0,0
2274,treatment,48.05,0,0.0,0
2275,control,72.74,0,0.0,0
2276,treatment,0.0,1,20.5,0
2277,control,95.64,0,0.0,0
2278,treatment,0.0,0,0.0,0
2279,treatment,0.0,0,0.0,0
2280,control,37.05,1,67.63,0
2281,treatment,49.23,0,0.0,0
2282,control,0.0,0,0.0,0
2283,control,0.0,0,0.0,0
2284,treatment,0.0,0,0.0,0
2285,treatment,36.47,0,0.0,0
2286,treatment,0.0,0,0.0,0
2287,treatment,118.31,1,75.43,0
2288,control,320.97,0,0.0,0
2289,treatment,0.0,0,0.0,0
2290,treatment,0.0,0,0.0,0
2291,control,0.0,0,0.0,0
2293,control,0.0,0,0.0,0
2294,control,0.0,0,0.0,0
2295,control,0.0,0,0.0,0
2296,control,0.0,1,108.2,0
2297,control,0.0,0,0.0,0
2298,control,1037.9,1,72.14,0
2299,treatment,68.74,0,0.0,0
2300,treatment,0.0,0,0.0,0
2301,control,55.23,0,0.0,0
2302,treatment,22.07,0,0.0,0
2303,control,36.13,0,0.0,0
2304,treatment,0.0,0,0.0,0
2305,treatment,0.0,0,0.0,0
2306,control,44.06,1,33.56,0
2307,control,35.8,0,0.0,0
2308,treatment,37.78,0,0.0,0
2309,control,0.0,0,0.0,0
2310,control,135.15,0,0.0,0
2311,control,0.0,0,0.0,0
2312,control,0.0,0,0.0,0
2313,control,52.16,1,55.12,0
2314,control,0.0,0,0.0,0
2315,treatment,0.0,0,0.0,0
2316,treatment,572.05,0,0.0,0
2317,control,42.25,0,0.0,0
2318,treatment,0.0,0,0.0,0
2319,treatment,32.92,0,0.0,0
2320,control,0.0,0,0.0,0
2321,treatment,15.57,0,0.0,0
2322,control,0.0,0,0.0,0
2323,control,21.81,0,0.0,0
2324,treatment,170.57,1,97.76,0
2325,control,33.52,0,0.0,0
2326,control,0.0,0,0.0,0
2327,control,0.0,0,0.0,0
2328,control,48.97,0,0.0,0
2329,control,59.45,0,0.0,0
2330,treatment,48.42,0,0.0,0
2331,control,0.0,0,0.0,0
2332,treatment,58.41,0,0.0,0
2333,treatment,0.0,0,0.0,0
2334,treatment,0.0,0,0.0,0
2335,treatment,129.04,0,0.0,0
2336,treatment,0.0,0,0.0,0
2337,control,0.0,0,0.0,0
2338,control,52.87,1,117.63,0
2339,treatment,0.0,0,0.0,0
2340,control,0.0,0,0.0,0
2341,control,68.1,0,0.0,0
2342,control,607.15,1,84.76,0
2343,treatment,88.92,1,45.15,0
2344,treatment,52.04,0,0.0,0
2345,control,66.89,1,32.61,0
2346,control,0.0,0,0.0,0
2347,treatment,0.0,0,0.0,0
2348,control,46.74,0,0.0,0
2349,control,190.15,1,29.76,0
2350,treatment,0.0,0,0.0,0
2351,control,0.0,0,0.0,0
2352,control,0.0,0,0.0,0
2353,control,0.0,0,0.0,0
2354,control,0.0,0,0.0,0
2355,treatment,79.65,0,0.0,0
2356,treatment,158.81,1,79.92,0
2357,control,721.32,0,0.0,0
2358,treatment,0.0,1,47.37,0
2359,control,0.0,0,0.0,0
2360,treatment,0.0,0,0.0,0
2361,control,0.0,0,0.0,0
2362,treatment,50.81,0,0.0,0
2363,control,0.0,0,0.0,0
2364,treatment,37.04,1,176.59,0
2365,treatment,126.18,0,0.0,0
2366,control,94.75,0,0.0,0
2367,treatment,116.28,0,0.0,0
2368,treatment,46.68,0,0.0,0
2369,control,294.06,0,0.0,0
2370,control,0.0,0,0.0,0
2371,treatment,89.77,0,0.0,0
2372,treatment,0.0,0,0.0,0
2373,treatment,202.0,0,0.0,0
2374,control,183.16,1,48.07,0
2375,control,172.93,0,0.0,0
2376,treatment,0.0,0,0.0,0
2377,control,19.09,0,0.0,0
2378,treatment,75.98,0,0.0,0
2379,treatment,0.0,0,0.0,0
2380,control,0.0,0,0.0,0
2381,control,77.44,0,0.0,0
2382,control,0.0,0,0.0,0
2383,treatment,82.71,0,0.0,0
2384,control,0.0,0,0.0,0
2385,control,121.24,0,0.0,0
2386,control,0.0,0,0.0,0
2387,control,0.0,0,0.0,0
2388,control,51.04,1,45.88,0
2389,treatment,52.24,0,0.0,0
2390,treatment,49.9,0,0.0,0
2391,treatment,0.0,0,0.0,0
2392,treatment,0.0,0,0.0,0
2393,treatment,72.28,0,0.0,0
2394,treatment,0.0,0,0.0,0
2395,treatment,153.66,0,0.0,0
2396,control,38.48,0,0.0,0
2397,treatment,0.0,0,0.0,0
2398,treatment,0.0,0,0.0,0
2399,control,0.0,0,0.0,0
2400,control,0.0,0,0.0,0
2401,treatment,0.0,0,0.0,0
2402,control,354.09,0,0.0,0
2403,control,0.0,0,0.0,0
2404,treatment,136.9,0,0.0,0
2405,treatment,106.29,0,0.0,0
2406,control,45.98,0,0.0,0
2407,control,0.0,0,0.0,0
2408,treatment,0.0,0,0.0,0
2409,control,99.84,1,79.84,0
2410,treatment,57.5,0,0.0,0
2411,treatment,0.0,0,0.0,0
2412,treatment,42.7,0,0.0,0
2413,treatment,0.0,0,0.0,0
2414,treatment,137.66,0,0.0,0
2415,control,0.0,0,0.0,0
2416,control,41.97,0,0.0,0
2417,treatment,79.16,0,0.0,0
2418,treatment,344.27,1,70.27,0
2419,control,0.0,1,42.76,0
2420,control,0.0,0,0.0,0
2421,treatment,0.0,0,0.0,0
2422,control,0.0,0,0.0,0
2423,control,0.0,0,0.0,0
2424,control,0.0,0,0.0,0
2425,treatment,0.0,0,0.0,0
2426,treatment,52.58,0,0.0,0
2427,control,41.56,0,0.0,0
2428,treatment,0.0,0,0.0,0
2429,control,0.0,0,0.0,0
2430,control,0.0,0,0.0,0
2431,control,52.27,1,23.84,0
2432,treatment,0.0,0,0.0,0
2433,control,293.2,0,0.0,0
2434,control,106.81,0,0.0,0
2435,control,65.26,0,0.0,0
2436,control,87.63,0,0.0,0
2437,control,29.3,1,70.7,0
2438,treatment,66.27,0,0.0,0
2439,control,141.24,0,0.0,0
2440,control,136.47,0,0.0,0
2441,control,104.65,0,0.0,0
2442,control,0.0,0,0.0,0
2443,treatment,0.0,1,108.72,0
2444,control,93.94,0,0.0,0
2445,control,40.33,0,0.0,0
2446,treatment,0.0,0,0.0,0
2447,control,0.0,0,0.0,0
2448,control,0.0,0,0.0,0
2449,treatment,0.0,1,32.24,0
2450,treatment,0.0,0,0.0,0
2451,control,201.24,0,0.0,0
2452,treatment,0.0,0,0.0,0
2453,treatment,0.0,0,0.0,0
2454,control,57.92,0,0.0,0
2455,treatment,0.0,0,0.0,0
2456,control,0.0,0,0.0,0
2457,control,218.17,1,139.14,0
2458,control,381.53,1,36.64,0
2459,treatment,0.0,0,0.0,0
2461,treatment,0.0,0,0.0,0
2462,control,36.69,1,112.52,0
2463,treatment,0.0,0,0.0,0
2464,control,0.0,1,22.68,0
2465,treatment,0.0,0,0.0,0
2466,control,0.0,0,0.0,0
2467,treatment,0.0,0,0.0,0
2468,treatment,56.13,0,0.0,0
2469,treatment,0.0,0,0.0,0
2470,treatment,0.0,0,0.0,0
2471,treatment,51.54,0,0.0,0
2472,control,0.0,1,33.42,0
2473,treatment,0.0,0,0.0,0
2474,control,0.0,0,0.0,0
2475,control,0.0,0,0.0,0
2476,control,0.0,0,0.0,0
2477,treatment,0.0,0,0.0,0
2478,treatment,0.0,0,0.0,0
2479,treatment,80.59,1,43.53,0
2480,treatment,83.85,0,0.0,0
2481,control,62.62,1,113.53,0
2482,treatment,98.07,0,0.0,0
2483,treatment,139.1,0,0.0,0
2484,control,26.37,0,0.0,0
2485,control,44.35,0,0.0,0
2486,control,117.32,0,0.0,0
2487,treatment,53.26,0,0.0,0
2488,treatment,46.81,0,0.0,0
2490,treatment,301.09,1,63.19,0
2491,control,42.39,0,0.0,0
2492,control,39.16,0,0.0,0
2494,treatment,0.0,0,0.0,0
2495,control,34.61,1,108.85,0
2496,control,0.0,0,0.0,0
2497,control,0.0,0,0.0,0
2498,control,251.31,0,0.0,0
2499,control,0.0,0,0.0,0
2500,treatment,54.85,0,0.0,0
2501,treatment,0.0,0,0.0,0
2502,control,0.0,0,0.0,0
2503,control,98.91,0,0.0,0
2504,treatment,0.0,0,0.0,0
2505,treatment,0.0,0,0.0,0
2506,control,109.99,0,0.0,0
2507,control,0.0,0,0.0,0
2508,treatment,153.14,1,95.25,0
2509,control,24.7,0,0.0,0
2510,treatment,0.0,0,0.0,0
2511,control,43.55,0,0.0,0
2512,control,0.0,0,0.0,0
2513,treatment,0.0,1,102.35,0
2514,control,0.0,0,0.0,0
2515,control,0.0,0,0.0,0
2516,treatment,450.59,0,0.0,0
2518,control,48.59,0,0.0,0
2519,control,0.0,0,0.0,0
2520,treatment,890.24,0,0.0,0
2521,treatment,0.0,0,0.0,0
2522,treatment,47.52,0,0.0,0
2523,treatment,51.0,0,0.0,0
2524,control,0.0,1,89.98,0
2525,control,0.0,0,0.0,0
2526,control,0.0,1,119.91,0
2527,treatment,0.0,0,0.0,0
2528,treatment,14.74,0,0.0,0
2529,treatment,268.71,1,65.33,0
2530,treatment,0.0,0,0.0,0
2531,treatment,0.0,1,82.98,0
2532,treatment,24.03,0,0.0,0
2533,treatment,0.0,0,0.0,0
2534,control,0.0,0,0.0,0
2535,treatment,0.0,0,0.0,0
2536,treatment,0.0,0,0.0,0
2537,treatment,0.0,0,0.0,0
2538,treatment,351.01,0,0.0,0
2539,control,0.0,0,0.0,0
2540,control,113.87,0,0.0,0
2541,treatment,244.34,0,0.0,0
2542,treatment,41.58,0,0.0,0
2543,control,106.78,1,28.91,0
2544,treatment,0.0,0,0.0,0
2545,control,64.71,1,55.86,0
2546,treatment,56.12,0,0.0,0
2547,treatment,0.0,0,0.0,0
2548,treatment,51.96,0,0.0,0
2549,control,0.0,0,0.0,0
2550,treatment,0.0,0,0.0,0
2552,treatment,0.0,0,0.0,0
2553,treatment,0.0,0,0.0,0
2554,control,47.94,0,0.0,0
2555,treatment,0.0,1,55.55,0
2556,treatment,0.0,0,0.0,0
2557,control,129.98,0,0.0,0
2558,treatment,0.0,0,0.0,0
2559,control,0.0,0,0.0,0
2560,control,52.49,0,0.0,0
2561,treatment,0.0,0,0.0,0
2562,control,0.0,0,0.0,0
2563,treatment,0.0,0,0.0,0
2564,treatment,0.0,0,0.0,0
2565,control,177.13,0,0.0,0
2566,control,0.0,0,0.0,0
2567,treatment,138.28,1,17.56,0
2568,control,69.46,0,0.0,0
2569,treatment,0.0,0,0.0,0
2570,control,50.89,0,0.0,0
2571,control,0.0,0,0.0,0
2572,treatment,248.62,1,67.22,0
2573,treatment,27.62,0,0.0,0
2574,treatment,0.0,0,0.0,0
2575,control,174.61,0,0.0,0
2576,control,0.0,0,0.0,0
2577,control,0.0,0,0.0,0
2578,treatment,0.0,0,0.0,0
2579,treatment,44.33,0,0.0,0
2580,control,179.24,0,0.0,0
2581,control,80.46,0,0.0,0
2582,control,41.75,0,0.0,0
2583,control,149.69,0,0.0,0
2584,control,451.6,0,0.0,0
2585,treatment,0.0,0,0.0,0
2586,control,0.0,0,0.0,0
2587,control,0.0,0,0.0,0
2588,treatment,0.0,0,0.0,0
2589,control,65.02,0,0.0,0
2590,control,0.0,0,0.0,0
2591,control,0.0,0,0.0,0
2592,treatment,34.21,0,0.0,0
2593,control,0.0,0,0.0,0
2594,control,56.9,0,0.0,0
2595,treatment,0.0,0,0.0,0
2596,control,0.0,0,0.0,0
2597,treatment,0.0,0,0.0,0
2598,control,169.16,1,76.88,0
2599,control,44.04,0,0.0,0
2600,treatment,0.0,0,0.0,0
2601,control,81.43,0,0.0,0
2602,treatment,0.0,0,0.0,0
2603,control,0.0,0,0.0,0
2604,control,82.56,0,0.0,0
2605,control,0.0,1,55.28,0
2606,treatment,0.0,0,0.0,0
2607,treatment,0.0,0,0.0,0
2608,control,0.0,0,0.0,0
2609,control,0.0,0,0.0,0
2610,control,59.06,0,0.0,0
2611,control,35.17,0,0.0,0
2612,control,39.4,0,0.0,0
2613,control,110.51,0,0.0,0
2615,treatment,78.07,0,0.0,0
2616,control,0.0,0,0.0,0
2617,treatment,47.75,0,0.0,0
2618,control,29.6,0,0.0,0
2619,control,0.0,0,0.0,0
2620,treatment,78.45,0,0.0,0
2621,control,0.0,0,0.0,0
2622,treatment,39.14,0,0.0,0
2623,control,0.0,0,0.0,0
2624,control,0.0,0,0.0,0
2625,treatment,0.0,0,0.0,0
2626,control,103.75,0,0.0,0
2627,control,0.0,0,0.0,0
2628,treatment,347.09,0,0.0,0
2629,treatment,0.0,0,0.0,0
2630,control,0.0,0,0.0,0
2631,control,0.0,0,0.0,0
2632,treatment,105.45,1,144.59,0
2633,treatment,322.03,1,76.86,0
2634,treatment,104.8,0,0.0,0
2635,control,25.85,0,0.0,0
2636,control,0.0,0,0.0,0
2637,treatment,57.24,0,0.0,0
2638,control,0.0,0,0.0,0
2640,treatment,46.4,0,0.0,0
2641,control,0.0,0,0.0,0
2642,control,63.68,1,38.85,0
2643,treatment,591.18,0,0.0,0
2644,treatment,0.0,0,0.0,0
2645,control,65.2,1,46.45,0
2646,control,35.93,0,0.0,0
2647,treatment,0.0,0,0.0,0
2648,treatment,385.35,0,0.0,0
2649,control,217.82,0,0.0,0
2650,treatment,115.21,0,0.0,0
2651,treatment,0.0,0,0.0,0
2652,treatment,0.0,0,0.0,0
2653,treatment,75.59,0,0.0,0
2654,treatment,280.4,0,0.0,0
2655,treatment,53.44,1,45.52,0
2656,control,287.54,0,0.0,0
2657,control,0.0,0,0.0,0
2658,treatment,229.16,0,0.0,0
2659,treatment,101.17,0,0.0,0
2660,control,0.0,1,71.24,0
2661,treatment,62.19,0,0.0,0
2662,treatment,68.86,1,34.09,0
2663,control,445.41,1,88.96,0
2664,control,0.0,0,0.0,0
2665,treatment,0.0,0,0.0,0
2666,treatment,0.0,0,0.0,0
2667,treatment,0.0,0,0.0,0
2668,treatment,80.21,0,0.0,0
2669,control,0.0,0,0.0,0
2670,control,69.74,0,0.0,0
2671,treatment,28.65,0,0.0,0
2672,treatment,0.0,0,0.0,0
2673,treatment,167.58,0,0.0,0
2674,treatment,22.09,0,0.0,0
2675,control,87.43,0,0.0,0
2676,treatment,722.25,1,148.82,0
2677,treatment,0.0,0,0.0,0
2678,control,0.0,0,0.0,0
2679,control,0.0,0,0.0,0
2680,treatment,0.0,0,0.0,0
2681,treatment,0.0,0,0.0,0
2682,treatment,0.0,0,0.0,0
2683,treatment,0.0,0,0.0,0
2684,treatment,0.0,0,0.0,0
2685,control,68.99,0,0.0,0
2686,control,0.0,0,0.0,0
2687,treatment,41.46,0,0.0,0
2688,control,0.0,0,0.0,0
2689,control,98.39,1,27.05,0
2690,treatment,0.0,0,0.0,0
2691,control,168.6,0,0.0,0
2692,control,0.0,0,0.0,0
2693,control,47.33,0,0.0,0
2694,treatment,143.97,0,0.0,0
2695,treatment,0.0,0,0.0,0
2696,treatment,415.72,0,0.0,0
2697,treatment,461.75,0,0.0,0
2698,treatment,16.46,1,29.29,0
2699,control,0.0,0,0.0,0
2700,treatment,0.0,0,0.0,0
2701,control,30.52,0,0.0,0
2702,control,0.0,0,0.0,0
2703,treatment,82.98,1,88.84,0
2704,treatment,0.0,0,0.0,0
2705,control,88.75,0,0.0,0
2706,control,173.88,0,0.0,0
2707,treatment,0.0,0,0.0,0
2708,treatment,0.0,0,0.0,0
2709,treatment,0.0,0,0.0,0
2710,control,0.0,0,0.0,0
2711,control,55.72,0,0.0,0
2713,treatment,63.56,1,51.38,0
2714,treatment,38.68,1,34.82,0
2715,control,138.11,1,57.42,0
2716,control,0.0,1,30.83,0
2717,control,74.52,0,0.0,0
2718,control,0.0,0,0.0,0
2719,treatment,0.0,0,0.0,0
2720,treatment,0.0,0,0.0,0
2721,treatment,59.22,0,0.0,0
2722,treatment,0.0,0,0.0,0
2723,treatment,92.35,0,0.0,0
2724,treatment,0.0,0,0.0,0
2725,treatment,34.34,0,0.0,0
2726,control,64.89,0,0.0,0
2727,treatment,59.02,0,0.0,0
2728,control,0.0,0,0.0,0
2729,control,65.23,0,0.0,0
2730,control,61.78,0,0.0,0
2731,treatment,26.63,0,0.0,0
2732,control,74.45,0,0.0,0
2733,control,0.0,0,0.0,0
2734,control,0.0,0,0.0,0
2735,control,0.0,0,0.0,0
2736,control,86.43,0,0.0,0
2737,treatment,76.4,0,0.0,0
2738,treatment,37.48,0,0.0,0
2739,control,51.76,0,0.0,0
2740,treatment,87.87,0,0.0,0
2741,treatment,53.74,0,0.0,0
2742,control,244.99,0,0.0,0
2743,control,88.91,0,0.0,0
2744,treatment,27.51,0,0.0,0
2745,control,0.0,0,0.0,0
2746,treatment,0.0,0,0.0,0
2747,control,22.62,0,0.0,0
2748,control,0.0,0,0.0,0
2749,treatment,51.19,0,0.0,0
2750,treatment,85.98,0,0.0,0
2751,treatment,0.0,0,0.0,0
2752,control,0.0,0,0.0,0
2753,treatment,0.0,0,0.0,0
2754,control,0.0,0,0.0,0
2755,treatment,0.0,0,0.0,0
2756,control,0.0,0,0.0,0
2757,treatment,41.31,0,0.0,0
2758,treatment,0.0,0,0.0,0
2759,control,0.0,0,0.0,0
2760,control,0.0,0,0.0,0
2761,control,0.0,0,0.0,0
2762,control,293.49,0,0.0,0
2763,control,0.0,0,0.0,0
2764,treatment,78.15,0,0.0,0
2765,control,51.69,0,0.0,0
2766,treatment,0.0,1,85.53,0
2768,control,0.0,0,0.0,0
2769,treatment,231.23,1,66.82,0
2770,treatment,0.0,0,0.0,0
2771,control,145.63,1,90.62,0
2772,control,46.42,1,72.94,0
2773,treatment,179.22,0,0.0,0
2774,control,49.69,0,0.0,0
2775,treatment,227.27,0,0.0,0
2776,treatment,61.06,0,0.0,0
2777,treatment,0.0,0,0.0,0
2778,control,38.47,0,0.0,0
2779,treatment,0.0,0,0.0,0
2780,treatment,0.0,0,0.0,0
2781,treatment,34.85,1,29.94,0
2782,treatment,109.51,1,49.46,0
2783,control,0.0,0,0.0,0
2784,treatment,0.0,0,0.0,0
2785,control,0.0,0,0.0,0
2786,treatment,41.86,1,31.32,0
2787,control,0.0,0,0.0,0
2788,control,62.3,0,0.0,0
2789,control,142.0,0,0.0,0
2790,control,0.0,0,0.0,0
2791,treatment,487.13,1,45.39,0
2793,control,0.0,0,0.0,0
2794,control,0.0,0,0.0,0
2795,control,0.0,0,0.0,0
2796,treatment,0.0,0,0.0,0
2797,control,100.24,0,0.0,0
2798,control,0.0,0,0.0,0
2799,treatment,0.0,0,0.0,0
2800,control,207.57,1,46.45,0
2801,treatment,89.62,0,0.0,0
2802,treatment,66.07,0,0.0,0
2803,treatment,13.15,0,0.0,0
2804,control,0.0,0,0.0,0
2805,treatment,46.09,0,0.0,0
2806,treatment,33.51,0,0.0,0
2807,control,0.0,0,0.0,0
2808,treatment,29.52,0,0.0,0
2809,control,134.07,0,0.0,0
2810,control,0.0,0,0.0,0
2811,control,29.94,0,0.0,0
2812,treatment,32.34,0,0.0,0
2813,control,15.46,0,0.0,0
2814,control,35.4,0,0.0,0
2815,control,0.0,0,0.0,0
2816,control,0.0,0,0.0,0
2817,treatment,0.0,0,0.0,0
2818,control,76.14,1,68.01,0
2819,control,0.0,0,0.0,0
2820,control,0.0,0,0.0,0
2821,treatment,46.83,0,0.0,0
2822,control,1263.07,0,0.0,0
2823,control,0.0,0,0.0,0
2824,control,41.96,1,33.13,0
2825,control,0.0,1,67.62,0
2826,control,37.66,0,0.0,0
2827,control,0.0,0,0.0,0
2828,control,77.69,0,0.0,0
2829,control,40.46,0,0.0,0
2830,control,37.87,0,0.0,0
2831,control,0.0,0,0.0,0
2832,treatment,0.0,0,0.0,0
2833,control,0.0,0,0.0,0
2834,control,0.0,0,0.0,0
2835,treatment,0.0,0,0.0,0
2836,control,0.0,0,0.0,0
2837,treatment,0.0,1,60.3,0
2838,control,87.07,0,0.0,0
2840,control,0.0,0,0.0,0
2841,treatment,0.0,0,0.0,0
2842,control,0.0,0,0.0,0
2843,control,0.0,0,0.0,0
2844,treatment,65.6,0,0.0,0
2845,control,196.53,1,57.81,0
2846,control,69.92,0,0.0,0
2847,control,0.0,0,0.0,0
2848,treatment,0.0,0,0.0,0
2849,control,0.0,0,0.0,0
2850,control,0.0,0,0.0,0
2851,control,55.97,0,0.0,0
2852,treatment,36.58,0,0.0,0
2853,treatment,141.0,0,0.0,0
2854,control,37.5,0,0.0,0
2855,treatment,96.22,0,0.0,0
2856,control,157.68,0,0.0,0
2857,treatment,0.0,0,0.0,0
2858,treatment,66.39,1,53.8,0
2859,treatment,0.0,0,0.0,0
2860,treatment,0.0,0,0.0,0
2861,control,239.54,0,0.0,0
2862,treatment,226.89,0,0.0,0
2863,treatment,79.88,0,0.0,0
2864,control,44.59,1,64.51,0
2865,treatment,0.0,0,0.0,0
2866,control,0.0,0,0.0,0
2868,treatment,202.17,1,99.07,0
2869,treatment,0.0,0,0.0,0
2870,control,0.0,0,0.0,0
2871,treatment,0.0,0,0.0,0
2872,control,0.0,0,0.0,0
2873,control,0.0,0,0.0,0
2874,treatment,31.15,0,0.0,0
2875,treatment,68.82,0,0.0,0
2876,control,0.0,0,0.0,0
2877,treatment,91.29,1,22.34,0
2878,treatment,0.0,0,0.0,0
2879,control,0.0,0,0.0,0
2880,control,0.0,0,0.0,0
2881,treatment,85.23,0,0.0,0
2882,treatment,47.42,0,0.0,0
2883,control,0.0,1,49.73,0
2884,control,0.0,0,0.0,0
2885,treatment,84.33,0,0.0,0
2886,treatment,50.14,0,0.0,0
2887,treatment,0.0,0,0.0,0
2888,treatment,53.57,0,0.0,0
2889,treatment,112.05,0,0.0,0
2890,treatment,0.0,0,0.0,0
2891,control,0.0,0,0.0,0
2892,treatment,205.68,0,0.0,0
2893,treatment,0.0,0,0.0,0
2894,control,0.0,0,0.0,0
2895,treatment,100.02,0,0.0,0
2896,control,0.0,0,0.0,0
2897,treatment,645.27,1,132.37,0
2898,control,0.0,0,0.0,0
2899,control,195.76,1,92.58,0
2900,treatment,357.63,1,72.94,0
2901,control,52.12,1,47.27,0
2902,control,39.61,0,0.0,0
2903,control,0.0,0,0.0,0
2904,control,0.0,0,0.0,0
2905,control,98.24,0,0.0,0
2906,control,0.0,0,0.0,0
2907,control,60.99,0,0.0,0
2908,treatment,80.01,0,0.0,0
2909,control,0.0,0,0.0,0
2910,control,191.32,0,0.0,0
2911,control,0.0,0,0.0,0
2913,treatment,0.0,1,97.19,0
2914,control,0.0,0,0.0,0
2915,treatment,44.43,0,0.0,0
2916,treatment,109.55,0,0.0,0
2917,control,50.16,1,42.29,0
2918,treatment,38.41,0,0.0,0
2919,control,51.14,0,0.0,0
2920,control,26.72,0,0.0,0
2921,control,113.1,0,0.0,0
2922,treatment,51.03,0,0.0,0
2923,treatment,153.71,0,0.0,0
2924,control,0.0,0,0.0,0
2925,control,0.0,0,0.0,0
2926,treatment,0.0,0,0.0,0
2927,treatment,89.91,0,0.0,0
2928,treatment,34.25,0,0.0,0
2929,treatment,116.05,0,0.0,0
2930,treatment,179.58,0,0.0,0
2931,treatment,441.66,0,0.0,0
2932,control,385.49,0,0.0,0
2933,treatment,68.36,0,0.0,0
2934,treatment,0.0,1,35.31,0
2935,treatment,0.0,0,0.0,0
2936,control,36.95,0,0.0,0
2937,treatment,312.3,0,0.0,0
2938,control,99.14,1,19.25,0
2939,control,45.35,0,0.0,0
2940,control,46.05,0,0.0,0
2941,control,0.0,0,0.0,0
2942,treatment,78.68,0,0.0,0
2943,control,61.85,0,0.0,0
2944,control,60.54,0,0.0,0
2945,treatment,155.46,0,0.0,0
2946,control,30.79,0,0.0,0
2947,control,185.57,0,0.0,0
2948,control,0.0,0,0.0,0
2949,treatment,273.01,0,0.0,0
2950,treatment,0.0,0,0.0,0
2951,control,64.08,0,0.0,0
2952,control,0.0,0,0.0,0
2953,control,0.0,0,0.0,0
2954,control,0.0,0,0.0,0
2955,control,78.4,0,0.0,0
2956,treatment,0.0,0,0.0,0
2957,control,0.0,0,0.0,0
2958,treatment,0.0,0,0.0,0
2959,control,33.64,1,47.82,0
2960,control,93.83,1,64.54,0
2961,control,0.0,0,0.0,0
2962,control,305.73,1,83.6,0
2963,treatment,44.18,0,0.0,0
2964,control,0.0,0,0.0,0
2965,control,0.0,0,0.0,0
2966,treatment,0.0,0,0.0,0
2968,treatment,147.65,1,86.88,0
2969,control,0.0,0,0.0,0
2970,control,0.0,0,0.0,0
2971,control,51.65,0,0.0,0
2972,control,95.51,0,0.0,0
2973,treatment,0.0,0,0.0,0
2974,control,17.74,0,0.0,0
2975,treatment,28.54,0,0.0,0
2976,control,239.7,0,0.0,0
2977,treatment,0.0,0,0.0,0
2978,control,0.0,0,0.0,0
2979,control,151.43,0,0.0,0
2980,treatment,0.0,0,0.0,0
2981,control,0.0,0,0.0,0
2982,treatment,0.0,0,0.0,0
2983,treatment,0.0,0,0.0,0
2984,control,0.0,1,55.26,0
2985,treatment,0.0,0,0.0,0
2986,treatment,67.81,0,0.0,0
2987,treatment,0.0,0,0.0,0
2988,control,0.0,1,56.21,0
2989,control,51.57,0,0.0,0
2990,treatment,0.0,0,0.0,0
2991,treatment,0.0,0,0.0,0
2992,treatment,0.0,0,0.0,0
2993,control,48.5,0,0.0,0
2994,control,0.0,0,0.0,0
2995,treatment,80.81,0,0.0,0
2996,treatment,0.0,0,0.0,0
2997,treatment,57.87,0,0.0,0
2998,control,0.0,0,0.0,0
2999,treatment,0.0,0,0.0,0
3000,treatment,0.0,0,0.0,0
3001,control,0.0,0,0.0,0
3003,treatment,52.42,0,0.0,0
3004,control,0.0,0,0.0,0
3005,control,0.0,0,0.0,0
3006,control,28.01,0,0.0,0
3007,control,82.98,0,0.0,0
3008,treatment,64.75,0,0.0,0
3009,treatment,0.0,0,0.0,0
3011,control,246.59,0,0.0,0
3012,treatment,54.15,0,0.0,0
3013,control,0.0,0,0.0,0
3014,control,46.15,0,0.0,0
3015,control,40.27,0,0.0,0
3016,treatment,0.0,0,0.0,0
3017,treatment,0.0,0,0.0,0
3018,control,32.46,1,94.75,0
3019,control,0.0,0,0.0,0
3020,treatment,35.37,0,0.0,0
3021,treatment,62.25,0,0.0,0
3022,treatment,0.0,0,0.0,0
3023,treatment,0.0,0,0.0,0
3024,control,99.16,0,0.0,0
3025,control,0.0,0,0.0,0
3026,control,43.2,0,0.0,0
3027,control,330.77,0,0.0,0
3028,control,0.0,0,0.0,0
3029,control,57.64,0,0.0,0
3030,control,0.0,0,0.0,0
3031,control,352.75,1,109.09,0
3032,control,0.0,1,52.86,0
3033,control,0.0,0,0.0,0
3034,treatment,46.28,0,0.0,0
3035,treatment,50.18,1,27.32,0
3036,control,0.0,0,0.0,0
3037,control,0.0,0,0.0,0
3038,control,0.0,0,0.0,0
3039,treatment,0.0,0,0.0,0
3040,treatment,0.0,0,0.0,0
3041,treatment,0.0,0,0.0,0
3042,control,46.99,0,0.0,0
3043,control,0.0,0,0.0,0
3044,control,0.0,0,0.0,0
3045,treatment,177.79,0,0.0,0
3047,treatment,0.0,0,0.0,0
3048,control,0.0,0,0.0,0
3049,control,0.0,0,0.0,0
3050,treatment,0.0,0,0.0,0
3051,control,37.09,0,0.0,0
3052,control,0.0,0,0.0,0
3053,control,50.38,1,75.4,0
3054,treatment,0.0,0,0.0,0
3055,treatment,0.0,0,0.0,0
3056,control,101.2,0,0.0,0
3057,control,0.0,0,0.0,0
3058,control,60.3,0,0.0,0
3059,control,140.84,0,0.0,0
3060,control,0.0,0,0.0,0
3061,treatment,0.0,0,0.0,0
3062,control,94.03,1,82.92,0
3065,control,0.0,0,0.0,0
3066,treatment,54.51,0,0.0,0
3067,control,0.0,0,0.0,0
3068,treatment,50.35,1,59.41,0
3069,treatment,63.74,1,66.08,0
3070,control,137.69,1,17.61,0
3071,treatment,197.07,0,0.0,0
3072,control,98.59,0,0.0,0
3073,treatment,125.73,0,0.0,0
3074,control,46.04,0,0.0,0
3075,control,0.0,0,0.0,0
3076,control,0.0,0,0.0,0
3077,control,0.0,0,0.0,0
3078,treatment,0.0,0,0.0,0
3079,treatment,0.0,0,0.0,0
3080,treatment,0.0,0,0.0,0
3081,control,38.48,0,0.0,0
3082,control,53.87,0,0.0,0
3083,control,101.06,0,0.0,0
3084,control,29.28,0,0.0,0
3085,control,544.24,0,0.0,0
3086,control,39.99,0,0.0,0
3087,control,691.1,0,0.0,0
3088,control,67.37,0,0.0,0
3089,control,0.0,0,0.0,0
3090,treatment,0.0,0,0.0,0
3091,treatment,0.0,0,0.0,0
3092,treatment,75.68,0,0.0,0
3093,control,76.59,0,0.0,0
3094,control,33.06,1,48.84,0
3095,control,0.0,0,0.0,0
3096,treatment,239.48,0,0.0,0
3097,control,0.0,0,0.0,0
3098,treatment,76.84,1,119.34,0
3099,treatment,0.0,0,0.0,0
3100,control,0.0,0,0.0,0
3101,control,72.35,0,0.0,0
3102,control,0.0,1,88.17,0
3103,treatment,135.57,0,0.0,0
3104,control,0.0,0,0.0,0
3105,control,252.04,0,0.0,0
3106,control,52.38,0,0.0,0
3107,treatment,145.54,0,0.0,0
3108,control,47.17,0,0.0,0
3109,control,45.63,0,0.0,0
3110,treatment,56.0,0,0.0,0
3111,treatment,0.0,0,0.0,0
3112,control,0.0,0,0.0,0
3113,treatment,171.44,0,0.0,0
3114,treatment,216.15,0,0.0,0
3115,treatment,0.0,0,0.0,0
3116,treatment,0.0,0,0.0,0
3117,treatment,37.67,0,0.0,0
3118,treatment,46.49,0,0.0,0
3119,control,63.0,0,0.0,0
3120,control,0.0,0,0.0,0
3121,treatment,506.1,1,136.19,0
3122,treatment,0.0,0,0.0,0
3123,treatment,0.0,0,0.0,0
3124,treatment,0.0,0,0.0,0
3125,treatment,0.0,0,0.0,0
3126,control,74.26,0,0.0,0
3127,treatment,64.04,0,0.0,0
3128,treatment,0.0,0,0.0,0
3129,treatment,88.79,0,0.0,0
3130,control,90.26,1,60.19,0
3131,control,142.6,0,0.0,0
3132,treatment,92.73,0,0.0,0
3133,treatment,0.0,1,47.12,0
3134,control,423.52,0,0.0,0
3135,control,0.0,0,0.0,0
3136,control,0.0,0,0.0,0
3137,treatment,0.0,0,0.0,0
3138,treatment,61.08,0,0.0,0
3139,control,0.0,0,0.0,0
3140,treatment,0.0,0,0.0,0
3141,treatment,0.0,0,0.0,0
3142,treatment,44.72,0,0.0,0
3143,control,170.93,0,0.0,0
3144,treatment,0.0,0,0.0,0
3145,treatment,0.0,0,0.0,0
3146,control,39.04,0,0.0,0
3147,treatment,108.79,0,0.0,0
3148,treatment,0.0,0,0.0,0
3149,treatment,359.41,0,0.0,0
3150,control,154.16,0,0.0,0
3151,control,0.0,0,0.0,0
3152,treatment,0.0,0,0.0,0
3153,control,0.0,0,0.0,0
3154,control,44.1,0,0.0,0
3155,control,23.0,0,0.0,0
3156,treatment,102.9,0,0.0,0
3157,control,219.11,0,0.0,0
3158,treatment,233.22,1,43.58,0
3159,treatment,0.0,0,0.0,0
3161,treatment,89.72,0,0.0,0
3162,control,42.89,0,0.0,0
3163,treatment,0.0,0,0.0,0
3164,treatment,0.0,0,0.0,0
3165,control,72.89,0,0.0,0
3166,control,0.0,0,0.0,0
3167,control,176.4,0,0.0,0
3169,control,0.0,0,0.0,0
3170,control,74.83,1,57.01,0
3171,control,32.69,0,0.0,0
3172,treatment,0.0,0,0.0,0
3173,control,74.48,0,0.0,0
3174,control,0.0,0,0.0,0
3175,control,55.54,0,0.0,0
3176,control,0.0,0,0.0,0
3177,control,586.03,1,65.99,0
3178,control,245.3,0,0.0,0
3179,control,127.03,0,0.0,0
3180,control,44.28,0,0.0,0
3181,control,51.79,0,0.0,0
3182,control,114.25,0,0.0,0
3183,treatment,0.0,0,0.0,0
3185,treatment,50.77,0,0.0,0
3186,control,281.14,0,0.0,0
3187,treatment,0.0,0,0.0,0
3188,control,63.98,0,0.0,0
3189,treatment,0.0,0,0.0,0
3190,treatment,76.94,0,0.0,0
3191,treatment,166.71,0,0.0,0
3192,treatment,0.0,0,0.0,0
3193,treatment,0.0,0,0.0,0
3194,control,59.11,0,0.0,0
3195,treatment,315.37,1,92.7,0
3196,control,0.0,0,0.0,0
3198,treatment,0.0,0,0.0,0
3199,treatment,0.0,0,0.0,0
3200,treatment,55.85,0,0.0,0
3201,control,169.77,0,0.0,0
3202,control,69.42,0,0.0,0
3203,control,570.47,0,0.0,0
3204,treatment,866.48,1,136.85,0
3205,control,0.0,0,0.0,0
3206,control,55.06,0,0.0,0
3207,treatment,75.03,0,0.0,0
3208,control,59.88,0,0.0,0
3209,control,127.22,0,0.0,0
3210,treatment,0.0,0,0.0,0
3211,control,261.48,0,0.0,0
3212,control,272.03,0,0.0,0
3213,treatment,0.0,0,0.0,0
3214,treatment,49.02,0,0.0,0
3215,control,0.0,0,0.0,0
3216,control,55.92,0,0.0,0
3217,treatment,0.0,0,0.0,0
3218,treatment,158.25,0,0.0,0
3219,treatment,93.93,0,0.0,0
3220,treatment,0.0,0,0.0,0
3221,control,0.0,0,0.0,0
3222,control,0.0,0,0.0,0
3223,treatment,0.0,0,0.0,0
3224,control,54.9,0,0.0,0
3225,treatment,76.07,0,0.0,0
3226,treatment,0.0,0,0.0,0
3227,treatment,0.0,0,0.0,0
3228,treatment,0.0,0,0.0,0
3229,control,0.0,0,0.0,0
3230,control,0.0,0,0.0,0
3231,treatment,95.35,0,0.0,0
3232,control,60.51,0,0.0,0
3233,treatment,0.0,0,0.0,0
3234,control,0.0,0,0.0,0
3235,treatment,0.0,0,0.0,0
3236,treatment,61.74,0,0.0,0
3237,control,200.11,0,0.0,0
3238,control,162.29,0,0.0,0
3239,treatment,0.0,0,0.0,0
3240,treatment,0.0,0,0.0,0
3242,treatment,0.0,0,0.0,0
3243,control,0.0,0,0.0,0
3244,control,44.65,0,0.0,0
3245,treatment,30.74,0,0.0,0
3246,treatment,0.0,0,0.0,0
3247,control,99.27,0,0.0,0
3248,control,33.92,0,0.0,0
3249,treatment,0.0,0,0.0,0
3250,treatment,0.0,0,0.0,0
3251,treatment,322.13,0,0.0,0
3252,treatment,0.0,0,0.0,0
3253,treatment,0.0,0,0.0,0
3254,treatment,280.42,0,0.0,0
3255,control,0.0,1,49.16,0
3256,control,302.65,0,0.0,0
3257,treatment,0.0,0,0.0,0
3258,treatment,24.04,0,0.0,0
3259,control,53.44,0,0.0,0
3260,treatment,47.62,0,0.0,0
3261,treatment,0.0,0,0.0,0
3262,control,0.0,0,0.0,0
3263,treatment,55.5,0,0.0,0
3264,control,25.54,0,0.0,0
3265,treatment,0.0,0,0.0,0
3266,treatment,0.0,1,25.62,0
3267,treatment,400.27,0,0.0,0
3268,treatment,64.25,0,0.0,0
3269,treatment,0.0,0,0.0,0
3270,control,110.03,0,0.0,0
3271,treatment,88.94,0,0.0,0
3272,control,0.0,0,0.0,0
3273,control,0.0,0,0.0,0
3274,control,0.0,0,0.0,0
3275,treatment,73.75,0,0.0,0
3276,treatment,55.12,0,0.0,0
3277,treatment,260.79,0,0.0,0
3278,control,32.02,0,0.0,0
3279,control,80.54,0,0.0,0
3280,control,0.0,0,0.0,0
3281,control,144.42,0,0.0,0
3282,control,31.66,0,0.0,0
3283,treatment,171.5,0,0.0,0
3284,control,27.65,0,0.0,0
3285,control,0.0,0,0.0,0
3286,control,0.0,0,0.0,0
3287,control,0.0,0,0.0,0
3288,control,0.0,0,0.0,0
3289,control,270.17,0,0.0,0
3290,treatment,187.19,0,0.0,0
3291,treatment,0.0,0,0.0,0
3292,control,71.5,0,0.0,0
3294,treatment,54.22,0,0.0,0
3295,control,68.2,1,65.37,0
3296,treatment,50.79,1,30.01,0
3297,control,37.03,1,113.25,0
3298,treatment,0.0,0,0.0,0
3299,treatment,0.0,0,0.0,0
3300,control,0.0,0,0.0,0
3301,treatment,0.0,0,0.0,0
3302,control,0.0,0,0.0,0
3303,treatment,0.0,0,0.0,0
3304,treatment,0.0,0,0.0,0
3305,treatment,25.18,0,0.0,0
3306,treatment,288.95,1,36.84,0
3307,control,0.0,0,0.0,0
3308,treatment,0.0,0,0.0,0
3309,treatment,38.53,0,0.0,0
3310,control,0.0,0,0.0,0
3311,control,65.7,0,0.0,0
3312,control,35.46,0,0.0,0
3313,treatment,30.18,0,0.0,0
3314,treatment,0.0,0,0.0,0
3315,treatment,29.81,1,47.23,0
3316,control,42.94,0,0.0,0
3317,treatment,0.0,0,0.0,0
3318,treatment,30.49,0,0.0,0
3319,control,0.0,0,0.0,0
3320,control,35.52,0,0.0,0
3321,treatment,0.0,0,0.0,0
3322,control,0.0,0,0.0,0
3323,treatment,0.0,0,0.0,0
3324,control,0.0,0,0.0,0
3325,treatment,157.34,0,0.0,0
3326,treatment,210.23,0,0.0,0
3327,control,36.18,0,0.0,0
3328,control,24.87,0,0.0,0
3329,treatment,62.54,0,0.0,0
3330,control,0.0,0,0.0,0
3331,control,0.0,0,0.0,0
3332,treatment,58.38,0,0.0,0
3333,control,0.0,0,0.0,0
3334,treatment,0.0,0,0.0,0
3335,control,49.09,0,0.0,0
3336,control,0.0,0,0.0,0
3337,control,82.58,0,0.0,0
3338,treatment,0.0,0,0.0,0
3339,treatment,190.98,0,0.0,0
3340,treatment,47.56,0,0.0,0
3341,control,0.0,0,0.0,0
3342,treatment,177.32,0,0.0,0
3343,control,0.0,0,0.0,0
3344,control,0.0,0,0.0,0
3345,control,70.63,0,0.0,0
3346,control,0.0,0,0.0,0
3347,control,57.91,0,0.0,0
3348,control,118.98,0,0.0,0
3349,control,0.0,0,0.0,0
3350,treatment,0.0,0,0.0,0
3351,treatment,0.0,0,0.0,0
3352,treatment,148.37,0,0.0,0
3353,control,0.0,0,0.0,0
3354,control,83.73,0,0.0,0
3355,control,0.0,0,0.0,0
3356,control,42.91,0,0.0,0
3357,treatment,0.0,0,0.0,0
3358,treatment,93.17,0,0.0,0
3359,control,65.82,0,0.0,0
3360,control,151.19,0,0.0,0
3361,control,108.43,0,0.0,0
3362,treatment,0.0,0,0.0,0
3363,control,0.0,0,0.0,0
3364,treatment,0.0,0,0.0,0
3365,treatment,0.0,0,0.0,0
3366,treatment,39.91,0,0.0,0
3367,treatment,60.99,0,0.0,0
3368,control,0.0,0,0.0,0
3369,control,42.0,0,0.0,0
3370,treatment,0.0,0,0.0,0
3371,treatment,152.17,0,0.0,0
3372,control,344.16,0,0.0,0
3373,treatment,80.18,0,0.0,0
3374,control,0.0,0,0.0,0
3375,control,40.41,0,0.0,0
3376,treatment,0.0,0,0.0,0
3377,treatment,105.61,0,0.0,0
3378,control,54.58,0,0.0,0
3379,control,0.0,0,0.0,0
3380,treatment,139.75,0,0.0,0
3381,treatment,0.0,0,0.0,0
3382,control,0.0,0,0.0,0
3383,treatment,29.73,0,0.0,0
3384,treatment,0.0,0,0.0,0
3385,treatment,0.0,0,0.0,0
3386,control,141.12,0,0.0,0
3387,treatment,61.19,0,0.0,0
3388,control,0.0,0,0.0,0
3389,control,0.0,0,0.0,0
3390,control,101.95,1,113.43,0
3391,control,0.0,0,0.0,0
3392,treatment,0.0,0,0.0,0
3393,treatment,0.0,0,0.0,0
3394,control,0.0,1,95.39,1
3395,treatment,0.0,0,0.0,0
3396,control,53.08,0,0.0,0
3397,control,0.0,0,0.0,0
3398,treatment,183.62,1,26.83,0
3399,control,0.0,0,0.0,0
3400,control,0.0,0,0.0,0
3401,treatment,0.0,0,0.0,0
3402,control,28.94,0,0.0,0
3403,treatment,0.0,0,0.0,0
3404,control,46.41,0,0.0,0
3405,control,35.74,0,0.0,0
3406,control,0.0,0,0.0,0
3407,treatment,0.0,0,0.0,0
3408,treatment,0.0,0,0.0,0
3409,control,0.0,0,0.0,0
3410,control,153.55,1,33.31,0
3411,control,0.0,0,0.0,0
3412,treatment,0.0,0,0.0,0
3413,control,41.03,0,0.0,0
3414,treatment,42.78,0,0.0,0
3415,control,125.42,1,116.22,0
3416,treatment,45.37,0,0.0,0
3417,control,0.0,0,0.0,0
3418,control,0.0,0,0.0,0
3420,treatment,87.53,0,0.0,0
3421,treatment,0.0,0,0.0,0
3422,treatment,32.17,0,0.0,0
3423,treatment,0.0,0,0.0,0
3424,control,0.0,0,0.0,0
3425,control,218.58,1,36.56,0
3426,control,0.0,0,0.0,0
3427,control,55.4,0,0.0,0
3428,control,30.53,0,0.0,0
3429,control,78.74,0,0.0,0
3430,control,70.85,0,0.0,0
3431,treatment,51.42,0,0.0,0
3432,treatment,49.83,1,126.71,0
3433,treatment,0.0,1,47.18,0
3435,treatment,213.72,0,0.0,0
3436,control,137.77,0,0.0,0
3438,treatment,0.0,0,0.0,0
3439,treatment,57.82,0,0.0,0
3440,treatment,73.6,0,0.0,0
3441,control,49.7,0,0.0,0
3442,treatment,45.86,0,0.0,0
3443,treatment,84.15,0,0.0,0
3444,control,0.0,0,0.0,0
3445,treatment,64.94,1,33.72,0
3446,control,105.49,0,0.0,0
3447,treatment,0.0,0,0.0,0
3448,treatment,0.0,0,0.0,0
3449,treatment,267.36,1,150.66,0
3450,treatment,0.0,0,0.0,0
3451,treatment,0.0,0,0.0,0
3452,treatment,0.0,0,0.0,0
3453,control,0.0,0,0.0,0
3454,treatment,0.0,0,0.0,0
3455,control,31.56,0,0.0,0
3456,treatment,59.7,1,37.15,0
3457,control,157.71,0,0.0,0
3458,control,0.0,1,67.57,0
3459,treatment,0.0,0,0.0,0
3460,treatment,0.0,1,65.79,0
3461,treatment,0.0,0,0.0,0
3462,control,207.18,0,0.0,0
3463,control,68.16,0,0.0,0
3464,treatment,0.0,0,0.0,0
3465,control,97.89,0,0.0,0
3467,treatment,53.06,0,0.0,0
3468,treatment,49.9,0,0.0,0
3469,treatment,96.57,0,0.0,0
3470,control,116.39,1,189.73,0
3471,treatment,0.0,0,0.0,0
3472,treatment,28.38,0,0.0,0
3473,treatment,0.0,0,0.0,0
3474,treatment,85.51,0,0.0,0
3475,control,0.0,0,0.0,0
3476,treatment,0.0,0,0.0,0
3477,treatment,0.0,0,0.0,0
3478,control,81.51,0,0.0,0
3479,control,265.8,0,0.0,0
3480,control,108.51,1,39.9,0
3481,control,0.0,0,0.0,0
3482,control,79.3,1,54.95,0
3483,control,32.8,0,0.0,0
3484,control,63.61,0,0.0,0
3485,treatment,0.0,0,0.0,0
3486,treatment,0.0,0,0.0,0
3487,control,0.0,0,0.0,0
3488,treatment,0.0,0,0.0,0
3489,treatment,0.0,0,0.0,0
3490,control,0.0,0,0.0,0
3491,control,41.63,0,0.0,0
3492,treatment,159.4,0,0.0,0
3493,treatment,0.0,1,68.01,0
3495,control,41.52,0,0.0,0
3496,control,0.0,1,15.14,0
3497,control,0.0,0,0.0,0
3498,treatment,0.0,1,35.06,0
3499,treatment,0.0,0,0.0,0
3500,treatment,0.0,0,0.0,0
3501,control,46.24,0,0.0,0
3502,treatment,25.48,0,0.0,0
3503,control,0.0,0,0.0,0
3504,treatment,93.0,1,67.56,0
3505,control,291.54,0,0.0,0
3506,treatment,27.4,0,0.0,0
3507,control,64.83,0,0.0,0
3508,treatment,0.0,0,0.0,0
3509,control,67.5,0,0.0,0
3510,control,0.0,0,0.0,0
3511,treatment,0.0,0,0.0,0
3512,control,0.0,0,0.0,0
3513,control,303.02,0,0.0,0
3514,control,54.71,0,0.0,0
3515,control,0.0,0,0.0,0
3516,control,0.0,0,0.0,0
3517,treatment,0.0,0,0.0,0
3518,control,0.0,0,0.0,0
3519,treatment,0.0,0,0.0,0
3520,control,191.82,1,85.37,0
3521,treatment,0.0,0,0.0,0
3522,control,0.0,0,0.0,0
3523,treatment,0.0,0,0.0,0
3524,control,0.0,0,0.0,0
3525,control,0.0,0,0.0,0
3526,treatment,42.66,0,0.0,0
3527,control,0.0,1,21.28,0
3528,treatment,89.94,0,0.0,0
3529,control,64.46,0,0.0,0
3530,treatment,0.0,0,0.0,0
3531,control,0.0,0,0.0,0
3532,control,0.0,0,0.0,0
3533,treatment,0.0,0,0.0,0
3534,treatment,150.86,0,0.0,0
3535,control,108.6,0,0.0,0
3536,treatment,0.0,0,0.0,0
3537,control,0.0,0,0.0,0
3538,treatment,0.0,0,0.0,0
3539,control,28.08,0,0.0,0
3540,control,28.55,0,0.0,0
3541,treatment,0.0,0,0.0,0
3542,control,0.0,0,0.0,0
3543,treatment,32.16,0,0.0,0
3544,treatment,116.86,0,0.0,0
3545,control,0.0,1,57.68,0
3546,control,0.0,0,0.0,0
3547,control,0.0,0,0.0,0
3548,control,0.0,0,0.0,0
3549,treatment,0.0,0,0.0,0
3550,treatment,29.97,0,0.0,0
3551,treatment,0.0,0,0.0,0
3552,treatment,0.0,0,0.0,0
3553,treatment,65.56,0,0.0,0
3554,treatment,0.0,0,0.0,0
3555,control,0.0,0,0.0,0
3556,control,20.55,0,0.0,0
3557,control,0.0,0,0.0,0
3558,treatment,0.0,0,0.0,0
3559,treatment,0.0,0,0.0,0
3560,control,0.0,0,0.0,0
3561,control,116.6,0,0.0,0
3562,treatment,0.0,1,76.79,0
3563,control,88.6,1,36.53,0
3564,control,43.26,0,0.0,0
3565,treatment,47.38,0,0.0,0
3566,control,39.65,0,0.0,0
3567,control,0.0,0,0.0,0
3568,treatment,0.0,0,0.0,0
3569,treatment,66.32,0,0.0,0
3570,control,0.0,1,40.11,0
3571,control,0.0,1,47.18,0
3572,control,0.0,0,0.0,0
3573,treatment,0.0,0,0.0,0
3574,treatment,71.04,0,0.0,0
3575,control,141.03,1,62.3,0
3576,treatment,94.08,0,0.0,0
3577,treatment,102.48,0,0.0,0
3578,control,0.0,0,0.0,0
3579,control,0.0,0,0.0,0
3580,control,30.94,0,0.0,0
3581,treatment,17.63,0,0.0,0
3582,treatment,45.17,0,0.0,0
3583,treatment,0.0,0,0.0,0
3584,treatment,0.0,0,0.0,0
3585,control,135.44,1,43.39,0
3586,treatment,0.0,0,0.0,0
3587,treatment,0.0,0,0.0,0
3588,treatment,0.0,0,0.0,0
3589,control,104.18,0,0.0,0
3590,treatment,0.0,0,0.0,0
3591,treatment,186.2,0,0.0,0
3592,treatment,0.0,0,0.0,0
3593,treatment,35.65,0,0.0,0
3594,treatment,2346.41,1,75.16,0
3595,treatment,28.16,1,60.78,0
3596,treatment,0.0,0,0.0,0
3597,control,0.0,0,0.0,0
3598,treatment,46.26,0,0.0,0
3599,treatment,0.0,0,0.0,0
3600,treatment,0.0,0,0.0,0
3601,control,62.52,0,0.0,0
3602,treatment,0.0,0,0.0,0
3603,control,33.68,0,0.0,0
3604,control,0.0,0,0.0,0
3605,treatment,0.0,0,0.0,0
3606,treatment,36.33,0,0.0,0
3607,control,0.0,0,0.0,0
3608,treatment,52.97,0,0.0,0
3609,treatment,0.0,0,0.0,0
3610,control,0.0,0,0.0,0
3611,treatment,29.1,0,0.0,0
3612,treatment,0.0,0,0.0,0
3613,control,0.0,0,0.0,0
3614,treatment,0.0,0,0.0,0
3615,treatment,0.0,0,0.0,0
3616,control,0.0,0,0.0,0
3617,treatment,0.0,0,0.0,0
3618,control,0.0,0,0.0,0
3619,treatment,0.0,0,0.0,0
3620,control,0.0,0,0.0,0
3621,control,73.21,0,0.0,0
3622,control,0.0,0,0.0,0
3623,treatment,128.3,0,0.0,0
3624,treatment,41.55,0,0.0,0
3625,treatment,160.4,0,0.0,0
3626,control,98.19,0,0.0,0
3627,treatment,91.09,0,0.0,0
3628,control,0.0,0,0.0,0
3629,control,0.0,0,0.0,0
3630,control,99.44,0,0.0,0
3631,treatment,0.0,0,0.0,0
3632,treatment,0.0,0,0.0,0
3633,control,0.0,0,0.0,0
3634,control,0.0,0,0.0,0
3635,treatment,121.88,1,38.4,0
3636,treatment,0.0,0,0.0,0
3637,treatment,55.19,0,0.0,0
3638,treatment,0.0,0,0.0,0
3639,control,0.0,0,0.0,0
3640,control,0.0,0,0.0,0
3641,control,47.71,0,0.0,0
3642,control,82.92,1,103.28,0
3643,control,46.99,0,0.0,0
3644,treatment,0.0,0,0.0,0
3645,control,105.06,0,0.0,0
3646,treatment,0.0,0,0.0,0
3647,treatment,100.29,1,90.21,0
3648,treatment,0.0,0,0.0,0
3649,control,98.55,0,0.0,0
3650,treatment,128.76,0,0.0,0
3651,treatment,0.0,0,0.0,0
3652,control,0.0,1,21.14,1
3653,control,40.16,0,0.0,0
3654,treatment,78.76,1,76.55,1
3655,treatment,0.0,0,0.0,0
3656,control,0.0,0,0.0,0
3657,treatment,63.11,0,0.0,0
3658,control,0.0,0,0.0,0
3659,treatment,277.41,1,63.79,0
3660,treatment,0.0,0,0.0,0
3661,treatment,0.0,0,0.0,0
3662,control,93.1,1,26.48,0
3663,control,85.14,0,0.0,0
3664,control,0.0,0,0.0,0
3665,treatment,51.93,0,0.0,0
3666,control,0.0,0,0.0,0
3667,treatment,57.76,0,0.0,0
3668,control,62.93,0,0.0,0
3669,control,0.0,0,0.0,0
3670,treatment,47.75,0,0.0,0
3671,control,124.82,0,0.0,0
3672,control,184.07,1,112.29,0
3673,treatment,237.87,1,137.28,0
3674,treatment,0.0,0,0.0,0
3675,control,150.81,0,0.0,0
3676,control,0.0,0,0.0,0
3677,control,0.0,0,0.0,0
3678,treatment,16.91,0,0.0,0
3679,control,0.0,0,0.0,0
3680,treatment,0.0,0,0.0,0
3681,control,55.28,0,0.0,0
3682,treatment,256.14,0,0.0,0
3683,control,405.09,1,121.07,0
3684,treatment,0.0,0,0.0,0
3685,treatment,0.0,0,0.0,0
3686,control,54.94,0,0.0,0
3687,treatment,0.0,0,0.0,0
3688,control,0.0,0,0.0,0
3689,treatment,0.0,0,0.0,0
3690,control,216.7,1,70.07,1
3691,treatment,102.33,0,0.0,0
3692,treatment,0.0,0,0.0,0
3693,control,0.0,0,0.0,0
3694,treatment,64.76,1,55.84,0
3695,control,74.31,0,0.0,0
3696,treatment,148.12,0,0.0,0
3697,treatment,0.0,0,0.0,0
3698,treatment,0.0,0,0.0,0
3699,control,77.91,0,0.0,0
3700,control,90.25,0,0.0,0
3701,control,0.0,0,0.0,0
3702,control,0.0,0,0.0,0
3703,control,0.0,0,0.0,0
3704,control,18.6,0,0.0,0
3705,treatment,411.94,0,0.0,0
3706,control,0.0,0,0.0,0
3707,treatment,70.09,0,0.0,0
3708,control,545.18,0,0.0,0
3709,treatment,0.0,0,0.0,0
3710,control,54.36,0,0.0,0
3711,treatment,0.0,0,0.0,0
3712,treatment,0.0,0,0.0,0
3713,treatment,0.0,0,0.0,0
3714,treatment,271.98,1,58.81,0
3715,control,138.9,1,26.96,0
3716,control,476.19,0,0.0,0
3717,control,0.0,0,0.0,0
3718,treatment,0.0,0,0.0,0
3719,treatment,0.0,0,0.0,0
3720,control,0.0,1,21.04,0
3721,control,0.0,0,0.0,0
3722,treatment,0.0,0,0.0,0
3723,control,0.0,0,0.0,0
3724,control,31.31,0,0.0,0
3725,treatment,59.3,0,0.0,0
3726,control,0.0,0,0.0,0
3727,control,397.84,1,27.88,0
3728,control,0.0,0,0.0,0
3729,treatment,94.67,0,0.0,0
3730,treatment,27.28,0,0.0,0
3731,control,0.0,0,0.0,0
3732,control,43.1,1,95.95,0
3733,control,0.0,0,0.0,0
3734,treatment,0.0,1,48.07,0
3735,control,0.0,0,0.0,0
3736,control,0.0,0,0.0,0
3737,control,73.7,0,0.0,0
3738,treatment,32.69,0,0.0,0
3739,treatment,0.0,0,0.0,0
3740,treatment,0.0,0,0.0,0
3741,control,0.0,0,0.0,0
3742,treatment,63.62,0,0.0,0
3743,treatment,0.0,0,0.0,0
3744,control,32.56,0,0.0,0
3745,control,489.98,1,99.65,0
3746,treatment,0.0,0,0.0,0
3747,control,39.39,0,0.0,0
3748,control,57.33,0,0.0,0
3749,treatment,0.0,0,0.0,0
3750,control,0.0,0,0.0,0
3751,control,42.62,0,0.0,0
3752,control,0.0,0,0.0,0
3753,treatment,71.68,1,59.84,0
3754,control,0.0,0,0.0,0
3755,control,0.0,0,0.0,0
3756,treatment,0.0,0,0.0,0
3757,treatment,0.0,0,0.0,0
3758,control,0.0,0,0.0,0
3759,treatment,0.0,0,0.0,0
3760,treatment,42.96,0,0.0,0
3761,control,0.0,0,0.0,0
3762,treatment,48.34,0,0.0,0
3763,treatment,404.51,1,34.84,0
3764,control,74.82,0,0.0,0
3765,treatment,43.53,0,0.0,0
3766,control,64.5,0,0.0,0
3767,treatment,38.1,0,0.0,0
3768,control,0.0,0,0.0,0
3769,control,0.0,0,0.0,0
3770,control,0.0,0,0.0,0
3771,treatment,169.05,0,0.0,0
3772,control,0.0,0,0.0,0
3773,control,35.03,0,0.0,0
3774,control,51.54,0,0.0,0
3775,treatment,148.32,0,0.0,0
3776,control,0.0,0,0.0,0
3777,control,0.0,0,0.0,0
3778,control,0.0,0,0.0,0
3779,treatment,0.0,1,103.28,0
3780,treatment,99.45,0,0.0,0
3781,treatment,0.0,0,0.0,0
3782,control,0.0,0,0.0,0
3783,control,0.0,0,0.0,0
3784,control,64.69,0,0.0,0
3785,control,0.0,0,0.0,0
3786,control,50.6,0,0.0,0
3787,treatment,0.0,0,0.0,0
3788,treatment,92.85,0,0.0,0
3789,control,0.0,0,0.0,0
3790,control,0.0,0,0.0,0
3791,treatment,76.64,1,42.04,0
3792,treatment,48.58,0,0.0,0
3793,treatment,191.57,1,54.88,0
3794,treatment,100.81,0,0.0,0
3795,control,136.89,0,0.0,0
3796,treatment,49.69,0,0.0,0
3797,control,0.0,0,0.0,0
3798,control,0.0,0,0.0,0
3799,treatment,0.0,0,0.0,0
3800,treatment,340.37,1,107.44,0
3801,treatment,0.0,0,0.0,0
3802,treatment,316.91,0,0.0,0
3803,control,0.0,0,0.0,0
3804,control,0.0,0,0.0,0
3805,control,59.46,0,0.0,0
3806,control,0.0,0,0.0,0
3807,treatment,55.11,0,0.0,0
3808,treatment,0.0,1,51.2,1
3809,control,323.1,0,0.0,0
3810,control,0.0,0,0.0,0
3811,control,0.0,0,0.0,0
3812,treatment,0.0,0,0.0,0
3813,control,0.0,0,0.0,0
3814,control,0.0,0,0.0,0
3815,treatment,351.41,1,125.57,0
3816,treatment,0.0,0,0.0,0
3817,control,0.0,1,34.53,0
3818,control,0.0,0,0.0,0
3819,control,53.8,0,0.0,0
3820,treatment,52.83,1,33.13,0
3821,control,0.0,0,0.0,0
3822,treatment,0.0,0,0.0,0
3823,control,0.0,0,0.0,0
3824,control,25.93,0,0.0,0
3825,control,59.63,0,0.0,0
3826,treatment,65.57,0,0.0,0
3827,treatment,0.0,1,41.99,0
3828,treatment,0.0,0,0.0,0
3829,control,0.0,0,0.0,0
3830,treatment,0.0,0,0.0,0
3831,control,42.97,0,0.0,0
3832,control,24.91,0,0.0,0
3833,control,215.78,0,0.0,0
3835,control,67.89,0,0.0,0
3836,control,0.0,0,0.0,0
3837,treatment,169.76,0,0.0,0
3838,control,0.0,0,0.0,0
3839,control,0.0,0,0.0,0
3840,treatment,271.13,0,0.0,0
3841,treatment,206.95,0,0.0,0
3842,treatment,165.74,0,0.0,0
3843,control,184.86,0,0.0,0
3844,treatment,0.0,0,0.0,0
3845,control,32.24,0,0.0,0
3846,treatment,0.0,0,0.0,0
3847,control,73.56,0,0.0,0
3848,control,25.62,0,0.0,0
3849,control,0.0,0,0.0,0
3850,treatment,0.0,0,0.0,0
3851,control,0.0,0,0.0,0
3852,control,0.0,1,27.38,0
3853,treatment,0.0,0,0.0,0
3854,control,0.0,0,0.0,0
3855,treatment,0.0,0,0.0,0
3856,treatment,56.02,0,0.0,0
3857,treatment,0.0,0,0.0,0
3858,treatment,41.85,0,0.0,0
3859,treatment,99.08,1,45.54,0
3860,control,59.17,0,0.0,0
3861,control,169.06,1,55.61,0
3862,treatment,54.88,0,0.0,0
3863,control,0.0,0,0.0,0
3864,control,90.45,0,0.0,0
3865,control,39.82,0,0.0,0
3866,treatment,0.0,0,0.0,0
3867,control,89.01,0,0.0,0
3868,control,0.0,0,0.0,0
3869,treatment,0.0,0,0.0,0
3870,treatment,0.0,1,69.51,1
3871,control,122.85,0,0.0,0
3872,treatment,128.23,0,0.0,0
3873,treatment,155.09,0,0.0,0
3874,control,0.0,0,0.0,0
3875,treatment,0.0,0,0.0,0
3876,treatment,47.96,0,0.0,0
3877,treatment,151.52,0,0.0,0
3878,control,0.0,0,0.0,0
3879,control,0.0,0,0.0,0
3880,treatment,307.82,0,0.0,0
3881,control,0.0,0,0.0,0
3882,control,0.0,0,0.0,0
3883,control,223.81,0,0.0,0
3884,control,192.75,1,100.65,0
3885,treatment,0.0,0,0.0,0
3886,control,49.44,0,0.0,0
3887,treatment,54.31,0,0.0,0
3888,control,125.39,0,0.0,0
3889,control,0.0,0,0.0,0
3890,treatment,79.68,0,0.0,0
3891,control,116.72,1,174.86,0
3892,treatment,0.0,0,0.0,0
3893,control,126.29,1,56.95,0
3894,treatment,0.0,1,57.15,0
3895,control,0.0,0,0.0,0
3896,control,144.91,1,66.44,0
3897,control,0.0,0,0.0,0
3898,control,0.0,0,0.0,0
3899,control,0.0,0,0.0,0
3900,control,0.0,0,0.0,0
3902,treatment,684.13,1,105.41,0
3903,control,0.0,0,0.0,0
3904,control,61.28,0,0.0,0
3905,control,0.0,0,0.0,0
3906,control,0.0,0,0.0,0
3907,control,37.61,0,0.0,0
3908,treatment,302.25,0,0.0,0
3909,treatment,59.43,0,0.0,0
3910,control,101.81,0,0.0,0
3911,control,0.0,0,0.0,0
3912,treatment,29.76,1,31.48,0
3913,treatment,92.96,0,0.0,0
3914,control,0.0,0,0.0,0
3915,control,0.0,0,0.0,0
3916,control,37.61,0,0.0,0
3917,treatment,0.0,0,0.0,0
3918,treatment,0.0,0,0.0,0
3919,control,317.55,0,0.0,0
3920,control,0.0,0,0.0,0
3921,treatment,139.67,0,0.0,0
3922,control,0.0,0,0.0,0
3923,control,355.6,0,0.0,0
3924,control,0.0,1,54.54,0
3925,control,33.58,0,0.0,0
3926,treatment,0.0,0,0.0,0
3927,control,0.0,0,0.0,0
3928,control,0.0,0,0.0,0
3929,treatment,173.6,0,0.0,0
3930,treatment,0.0,0,0.0,0
3931,treatment,114.09,0,0.0,0
3932,treatment,63.0,0,0.0,0
3933,treatment,0.0,0,0.0,0
3934,treatment,0.0,0,0.0,0
3935,treatment,164.42,0,0.0,0
3936,treatment,150.78,0,0.0,0
3937,treatment,0.0,0,0.0,0
3938,treatment,76.52,0,0.0,0
3939,treatment,99.82,0,0.0,0
3940,treatment,0.0,0,0.0,0
3941,treatment,101.62,0,0.0,0
3942,control,272.27,1,117.34,0
3943,treatment,0.0,1,24.96,0
3944,control,0.0,1,127.16,0
3945,treatment,77.58,0,0.0,0
3946,control,27.68,0,0.0,0
3947,control,0.0,0,0.0,0
3948,treatment,57.92,0,0.0,0
3949,treatment,0.0,0,0.0,0
3950,treatment,168.55,1,106.67,0
3951,treatment,0.0,0,0.0,0
3952,control,99.1,0,0.0,0
3953,treatment,0.0,0,0.0,0
3954,control,447.11,0,0.0,0
3955,treatment,50.7,0,0.0,0
3956,treatment,0.0,0,0.0,0
3957,control,0.0,0,0.0,0
3958,treatment,44.55,0,0.0,0
3959,control,65.96,0,0.0,0
3960,treatment,31.03,0,0.0,0
3961,treatment,0.0,0,0.0,0
3962,treatment,27.79,0,0.0,0
3963,treatment,0.0,1,57.29,0
3964,treatment,0.0,0,0.0,0
3965,treatment,0.0,0,0.0,0
3966,control,63.92,0,0.0,0
3967,treatment,120.16,0,0.0,0
3968,control,100.67,1,31.57,0
3969,control,77.88,1,38.23,0
3970,control,84.62,0,0.0,0
3971,control,754.56,0,0.0,0
3972,treatment,205.86,0,0.0,0
3973,treatment,0.0,0,0.0,0
3974,treatment,0.0,0,0.0,0
3975,treatment,0.0,0,0.0,0
3976,control,0.0,0,0.0,0
3977,treatment,0.0,0,0.0,0
3978,treatment,0.0,0,0.0,0
3979,control,0.0,0,0.0,0
3980,treatment,0.0,0,0.0,0
3981,control,53.73,0,0.0,0
3982,control,155.57,0,0.0,0
3983,control,0.0,0,0.0,0
3984,treatment,31.79,0,0.0,0
3985,treatment,263.3,1,107.45,0
3986,control,0.0,0,0.0,0
3987,control,0.0,0,0.0,0
3988,control,109.93,0,0.0,0
3989,treatment,0.0,0,0.0,0
3990,control,0.0,0,0.0,0
3991,control,59.01,0,0.0,0
3992,treatment,32.76,0,0.0,0
3993,treatment,74.44,1,59.97,0
3994,control,85.49,0,0.0,0
3995,treatment,0.0,0,0.0,0
3996,treatment,94.64,1,131.74,0
3997,treatment,0.0,0,0.0,0
3999,control,114.09,0,0.0,0
4000,control,0.0,0,0.0,0
4001,control,160.68,0,0.0,0
4002,treatment,39.53,0,0.0,0
4003,control,0.0,0,0.0,0
4004,control,138.78,1,68.85,0
4005,control,11.43,0,0.0,0
4006,treatment,51.27,0,0.0,0
4007,treatment,0.0,0,0.0,0
4008,control,0.0,0,0.0,0
4009,treatment,0.0,0,0.0,0
4010,control,0.0,0,0.0,0
4011,control,0.0,0,0.0,0
4012,treatment,0.0,0,0.0,0
4013,control,37.54,0,0.0,0
4014,treatment,53.36,0,0.0,0
4015,treatment,0.0,0,0.0,0
4016,treatment,49.08,0,0.0,0
4017,treatment,0.0,0,0.0,0
4018,control,59.93,0,0.0,0
4019,treatment,0.0,0,0.0,0
4020,treatment,0.0,0,0.0,0
4021,treatment,0.0,0,0.0,0
4022,treatment,0.0,0,0.0,0
4023,treatment,0.0,1,53.61,0
4024,control,0.0,0,0.0,0
4025,control,122.99,0,0.0,0
4026,treatment,74.55,1,46.36,0
4027,control,147.5,1,26.2,0
4028,treatment,143.1,0,0.0,0
4029,control,53.97,0,0.0,0
4030,control,0.0,0,0.0,0
4031,control,0.0,0,0.0,0
4032,treatment,0.0,0,0.0,0
4033,treatment,46.71,1,60.25,0
4034,treatment,0.0,0,0.0,0
4035,control,0.0,0,0.0,0
4036,control,49.96,0,0.0,0
4037,treatment,19.94,0,0.0,0
4038,control,0.0,0,0.0,0
4039,control,0.0,0,0.0,0
4040,treatment,63.18,0,0.0,0
4041,treatment,0.0,0,0.0,0
4042,treatment,0.0,0,0.0,0
4043,control,81.84,1,46.93,0
4044,treatment,64.83,0,0.0,0
4045,control,0.0,0,0.0,0
4046,treatment,0.0,0,0.0,0
4047,control,1239.12,0,0.0,0
4048,control,0.0,0,0.0,0
4049,control,92.37,0,0.0,0
4050,treatment,104.09,0,0.0,0
4051,treatment,0.0,0,0.0,0
4052,control,30.68,0,0.0,0
4053,control,229.14,1,66.31,0
4054,control,92.43,0,0.0,0
4055,treatment,191.6,0,0.0,0
4056,treatment,100.09,0,0.0,0
4057,control,152.11,0,0.0,0
4058,control,87.08,0,0.0,0
4059,treatment,0.0,1,77.26,0
4060,treatment,0.0,0,0.0,0
4061,control,49.16,0,0.0,0
4062,control,47.93,0,0.0,0
4063,control,0.0,0,0.0,0
4064,control,174.34,0,0.0,0
4065,control,0.0,0,0.0,0
4066,treatment,0.0,0,0.0,0
4067,control,395.99,1,45.62,0
4068,treatment,399.15,0,0.0,0
4069,treatment,0.0,0,0.0,0
4070,treatment,0.0,0,0.0,0
4071,control,231.42,0,0.0,0
4072,control,0.0,0,0.0,0
4073,treatment,0.0,1,32.1,0
4074,treatment,0.0,0,0.0,0
4075,control,0.0,1,63.78,0
4076,treatment,111.28,0,0.0,0
4077,treatment,0.0,0,0.0,0
4078,treatment,0.0,0,0.0,0
4079,control,0.0,1,30.65,0
4080,control,0.0,1,22.12,0
4081,treatment,36.82,0,0.0,0
4082,treatment,139.81,0,0.0,0
4083,treatment,53.63,0,0.0,0
4084,treatment,0.0,0,0.0,0
4085,treatment,0.0,0,0.0,0
4086,control,901.83,0,0.0,0
4087,treatment,0.0,0,0.0,0
4088,control,0.0,0,0.0,0
4089,treatment,0.0,0,0.0,0
4090,control,25.86,0,0.0,0
4091,control,171.84,1,78.67,0
4092,control,230.01,0,0.0,0
4093,treatment,72.24,0,0.0,0
4094,control,216.14,1,132.26,0
4095,control,108.76,0,0.0,0
4096,treatment,56.76,0,0.0,0
4097,treatment,152.47,0,0.0,0
4098,control,0.0,0,0.0,0
4099,treatment,0.0,0,0.0,0
4100,treatment,36.02,0,0.0,0
4101,treatment,0.0,0,0.0,0
4102,treatment,119.69,1,98.99,1
4103,treatment,0.0,0,0.0,0
4104,treatment,195.9,0,0.0,0
4105,control,204.66,0,0.0,0
4106,control,39.79,0,0.0,0
4107,control,49.64,0,0.0,0
4108,control,108.79,0,0.0,0
4109,control,73.92,0,0.0,0
4110,treatment,24.84,0,0.0,0
4111,treatment,0.0,1,63.0,0
4112,control,63.04,0,0.0,0
4113,control,0.0,0,0.0,0
4114,treatment,208.59,0,0.0,0
4115,treatment,61.1,1,46.92,0
4116,treatment,0.0,0,0.0,0
4117,control,27.99,0,0.0,0
4118,control,0.0,0,0.0,0
4119,treatment,0.0,0,0.0,0
4120,treatment,0.0,0,0.0,0
4121,treatment,124.83,0,0.0,0
4122,treatment,44.61,0,0.0,0
4123,treatment,272.33,0,0.0,0
4124,control,0.0,0,0.0,0
4125,control,0.0,0,0.0,0
4126,treatment,387.68,1,328.73,0
4127,control,0.0,0,0.0,0
4128,control,462.02,0,0.0,0
4129,treatment,199.24,0,0.0,0
4130,control,47.33,0,0.0,0
4131,treatment,135.69,0,0.0,0
4132,treatment,255.66,0,0.0,0
4133,control,256.95,0,0.0,0
4134,control,0.0,0,0.0,0
4135,control,0.0,0,0.0,0
4136,control,0.0,0,0.0,0
4137,control,51.07,0,0.0,0
4138,treatment,0.0,0,0.0,0
4139,control,52.18,0,0.0,0
4140,control,756.39,1,86.04,0
4141,control,0.0,0,0.0,0
4142,control,26.52,0,0.0,0
4143,control,0.0,0,0.0,0
4144,control,135.8,0,0.0,0
4145,treatment,0.0,0,0.0,0
4146,control,66.15,0,0.0,0
4147,treatment,0.0,0,0.0,0
4148,control,49.03,0,0.0,0
4149,treatment,110.99,0,0.0,0
4150,treatment,0.0,0,0.0,0
4151,control,0.0,0,0.0,0
4152,control,0.0,0,0.0,0
4153,treatment,0.0,0,0.0,0
4154,treatment,105.57,0,0.0,0
4155,control,0.0,0,0.0,0
4156,control,336.9,0,0.0,0
4157,control,0.0,0,0.0,0
4158,control,0.0,0,0.0,0
4159,treatment,34.01,0,0.0,0
4160,control,0.0,0,0.0,0
4161,treatment,97.63,0,0.0,0
4162,control,81.55,1,12.19,1
4163,treatment,57.49,0,0.0,0
4164,treatment,390.75,0,0.0,0
4165,control,0.0,0,0.0,0
4166,treatment,0.0,0,0.0,0
4167,control,0.0,0,0.0,0
4168,control,285.09,1,70.44,0
4169,control,0.0,0,0.0,0
4170,control,47.61,0,0.0,0
4171,treatment,210.61,0,0.0,0
4172,treatment,52.14,0,0.0,0
4173,treatment,28.34,0,0.0,0
4174,control,0.0,0,0.0,0
4175,treatment,46.27,0,0.0,0
4176,treatment,83.28,0,0.0,0
4177,control,0.0,0,0.0,0
4178,treatment,0.0,0,0.0,0
4179,control,229.43,0,0.0,0
4180,treatment,56.62,0,0.0,0
4181,treatment,212.37,0,0.0,0
4182,treatment,0.0,0,0.0,0
4183,treatment,0.0,0,0.0,0
4184,treatment,27.68,1,94.07,0
4185,treatment,482.66,1,118.9,0
4186,control,0.0,0,0.0,0
4187,treatment,0.0,0,0.0,0
4188,control,646.56,1,185.28,0
4189,treatment,0.0,0,0.0,0
4190,treatment,124.46,0,0.0,0
4191,control,0.0,0,0.0,0
4192,control,0.0,0,0.0,0
4193,treatment,0.0,0,0.0,0
4194,treatment,120.65,1,46.43,0
4195,control,0.0,0,0.0,0
4196,control,0.0,0,0.0,0
4197,treatment,0.0,0,0.0,0
4198,treatment,112.03,0,0.0,0
4199,treatment,35.65,0,0.0,0
4200,control,63.02,0,0.0,0
4201,control,0.0,0,0.0,0
4202,treatment,0.0,0,0.0,0
4203,control,0.0,0,0.0,0
4204,control,48.85,0,0.0,0
4205,treatment,146.05,1,42.48,0
4206,control,193.44,0,0.0,0
4207,control,28.35,0,0.0,0
4208,treatment,0.0,0,0.0,0
4209,treatment,0.0,1,58.83,0
4210,control,25.59,0,0.0,0
4211,control,198.74,0,0.0,0
4212,control,0.0,0,0.0,0
4213,control,0.0,0,0.0,0
4214,treatment,0.0,0,0.0,0
4215,treatment,0.0,1,22.9,0
4216,treatment,238.32,0,0.0,0
4217,control,0.0,0,0.0,0
4218,treatment,0.0,0,0.0,0
4219,control,0.0,1,46.07,0
4220,control,0.0,0,0.0,0
4221,control,0.0,0,0.0,0
4222,treatment,0.0,0,0.0,0
4223,control,0.0,0,0.0,0
4224,treatment,0.0,0,0.0,0
4225,treatment,0.0,0,0.0,0
4226,control,147.31,0,0.0,0
4227,control,51.7,0,0.0,0
4228,control,0.0,0,0.0,0
4229,control,0.0,0,0.0,0
4230,control,27.2,0,0.0,0
4231,control,283.45,0,0.0,0
4232,control,0.0,0,0.0,0
4233,control,0.0,0,0.0,0
4234,control,0.0,0,0.0,0
4235,control,92.73,0,0.0,0
4236,control,0.0,0,0.0,0
4237,treatment,0.0,0,0.0,0
4238,control,145.72,1,54.63,0
4239,treatment,89.05,0,0.0,0
4240,control,0.0,0,0.0,0
4241,treatment,0.0,0,0.0,0
4242,treatment,41.36,0,0.0,0
4243,treatment,0.0,0,0.0,0
4244,treatment,107.38,0,0.0,0
4245,control,0.0,0,0.0,0
4246,treatment,0.0,0,0.0,0
4247,control,0.0,0,0.0,0
4248,control,0.0,0,0.0,0
4249,treatment,169.21,0,0.0,0
4250,treatment,0.0,0,0.0,0
4252,treatment,0.0,0,0.0,0
4253,control,41.43,0,0.0,0
4254,treatment,0.0,0,0.0,0
4255,treatment,58.36,0,0.0,0
4256,treatment,0.0,0,0.0,0
4257,control,0.0,0,0.0,0
4258,treatment,55.54,0,0.0,0
4259,treatment,106.8,0,0.0,0
4260,control,100.88,0,0.0,0
4261,treatment,0.0,1,34.0,0
4262,treatment,225.18,0,0.0,0
4263,treatment,0.0,0,0.0,0
4264,treatment,0.0,0,0.0,0
4265,control,140.07,0,0.0,0
4266,treatment,0.0,0,0.0,0
4267,control,47.66,0,0.0,0
4268,control,0.0,0,0.0,0
4269,treatment,0.0,0,0.0,0
4270,treatment,82.94,0,0.0,0
4271,control,0.0,0,0.0,0
4272,treatment,127.76,0,0.0,0
4273,control,131.21,0,0.0,0
4274,treatment,135.87,0,0.0,0
4275,control,0.0,0,0.0,0
4276,control,36.78,0,0.0,0
4277,control,0.0,0,0.0,0
4278,control,171.41,1,111.05,0
4279,treatment,0.0,0,0.0,0
4280,treatment,0.0,0,0.0,0
4281,treatment,0.0,0,0.0,0
4282,control,17.02,0,0.0,0
4283,treatment,48.51,0,0.0,0
4284,control,35.01,0,0.0,0
4285,treatment,160.03,1,75.95,0
4286,control,0.0,0,0.0,0
4287,treatment,78.56,0,0.0,0
4288,control,60.64,0,0.0,0
4289,treatment,0.0,1,91.58,0
4290,control,0.0,0,0.0,0
4291,control,28.57,0,0.0,0
4292,control,40.13,0,0.0,0
4293,treatment,25.34,0,0.0,0
4294,control,244.88,0,0.0,0
4295,treatment,0.0,0,0.0,0
4296,treatment,0.0,0,0.0,0
4297,control,0.0,0,0.0,0
4298,treatment,0.0,1,39.35,0
4299,control,0.0,0,0.0,0
4300,treatment,0.0,0,0.0,0
4301,control,91.58,0,0.0,0
4302,control,0.0,0,0.0,0
4303,control,110.7,0,0.0,0
4304,control,135.14,0,0.0,0
4305,treatment,39.13,1,87.82,0
4306,control,0.0,0,0.0,0
4307,control,224.84,0,0.0,0
4308,control,0.0,0,0.0,0
4309,control,0.0,0,0.0,0
4310,treatment,0.0,0,0.0,0
4311,control,0.0,0,0.0,0
4312,control,0.0,0,0.0,0
4313,treatment,0.0,0,0.0,0
4314,control,41.97,0,0.0,0
4315,treatment,0.0,0,0.0,0
4316,treatment,0.0,0,0.0,0
4317,control,0.0,0,0.0,0
4318,control,0.0,0,0.0,0
4319,treatment,61.43,0,0.0,0
4320,treatment,0.0,0,0.0,0
4321,treatment,0.0,0,0.0,0
4322,control,145.23,0,0.0,0
4323,control,267.02,0,0.0,0
4324,control,0.0,0,0.0,0
4325,treatment,37.43,0,0.0,0
4326,control,0.0,0,0.0,0
4327,control,46.59,0,0.0,0
4328,treatment,72.95,0,0.0,0
4329,control,118.42,0,0.0,0
4330,treatment,0.0,0,0.0,0
4331,control,0.0,0,0.0,0
4332,treatment,39.55,0,0.0,0
4333,control,161.19,0,0.0,0
4334,treatment,218.66,0,0.0,0
4335,control,0.0,0,0.0,0
4336,control,0.0,0,0.0,0
4337,control,0.0,0,0.0,0
4338,treatment,0.0,0,0.0,0
4339,treatment,0.0,0,0.0,0
4340,control,88.51,0,0.0,0
4341,control,0.0,1,34.34,0
4342,control,0.0,0,0.0,0
4343,control,0.0,0,0.0,0
4344,treatment,0.0,0,0.0,0
4345,treatment,0.0,0,0.0,0
4346,treatment,0.0,0,0.0,0
4347,treatment,0.0,0,0.0,0
4348,control,75.91,0,0.0,0
4349,control,34.48,0,0.0,0
4350,control,101.69,1,45.83,0
4351,control,127.81,0,0.0,0
4352,treatment,17.59,0,0.0,0
4353,control,0.0,0,0.0,0
4354,control,0.0,0,0.0,0
4355,treatment,89.31,1,72.76,0
4356,treatment,0.0,0,0.0,0
4357,treatment,0.0,0,0.0,0
4358,treatment,0.0,1,44.32,0
4359,treatment,85.8,0,0.0,0
4360,treatment,0.0,0,0.0,0
4361,treatment,47.7,0,0.0,0
4362,control,0.0,0,0.0,0
4363,treatment,0.0,0,0.0,0
4364,control,31.85,0,0.0,0
4365,control,153.15,0,0.0,0
4366,treatment,0.0,0,0.0,0
4367,treatment,0.0,0,0.0,0
4368,treatment,224.87,1,78.59,0
4369,control,17.58,0,0.0,0
4370,treatment,0.0,0,0.0,0
4371,treatment,47.08,0,0.0,0
4372,control,0.0,0,0.0,0
4373,treatment,30.38,0,0.0,0
4374,control,0.0,0,0.0,0
4375,control,48.45,0,0.0,0
4376,control,36.74,0,0.0,0
4377,treatment,0.0,0,0.0,0
4378,treatment,102.17,1,69.43,0
4379,control,0.0,0,0.0,0
4380,treatment,180.94,0,0.0,0
4381,treatment,0.0,1,51.12,0
4382,control,0.0,1,29.61,0
4383,treatment,80.01,0,0.0,0
4384,treatment,0.0,0,0.0,0
4385,treatment,0.0,0,0.0,0
4386,control,274.31,0,0.0,0
4387,treatment,152.43,0,0.0,0
4388,control,54.22,0,0.0,0
4389,treatment,30.11,0,0.0,0
4390,treatment,222.44,0,0.0,0
4391,control,0.0,0,0.0,0
4392,treatment,49.74,0,0.0,0
4393,control,39.27,0,0.0,0
4394,control,0.0,0,0.0,0
4395,treatment,0.0,0,0.0,0
4396,control,64.97,1,145.64,0
4397,control,0.0,0,0.0,0
4398,treatment,0.0,0,0.0,0
4399,control,0.0,0,0.0,0
4400,control,0.0,0,0.0,0
4401,treatment,0.0,0,0.0,0
4402,treatment,46.58,0,0.0,0
4403,control,77.98,1,25.64,0
4404,control,0.0,0,0.0,0
4405,treatment,0.0,0,0.0,0
4406,treatment,118.23,0,0.0,0
4407,control,0.0,1,61.24,0
4408,treatment,146.57,0,0.0,0
4409,treatment,56.57,0,0.0,0
4410,control,0.0,0,0.0,0
4411,treatment,52.18,0,0.0,0
4412,treatment,69.5,0,0.0,0
4413,control,117.23,0,0.0,0
4414,treatment,42.88,0,0.0,0
4415,treatment,0.0,0,0.0,0
4416,treatment,0.0,0,0.0,0
4417,treatment,0.0,0,0.0,0
4418,control,0.0,0,0.0,0
4419,control,0.0,0,0.0,0
4420,treatment,0.0,0,0.0,0
4421,treatment,0.0,0,0.0,0
4422,control,0.0,0,0.0,0
4423,control,0.0,0,0.0,0
4424,treatment,140.38,0,0.0,0
4425,treatment,0.0,0,0.0,0
4426,treatment,54.23,1,57.16,0
4427,treatment,0.0,0,0.0,0
4428,control,48.52,0,0.0,0
4429,treatment,65.9,0,0.0,0
4430,treatment,47.35,0,0.0,0
4431,control,0.0,0,0.0,0
4432,treatment,0.0,0,0.0,0
4433,control,356.53,0,0.0,0
4434,treatment,237.66,0,0.0,0
4435,treatment,74.63,0,0.0,0
4436,control,64.66,0,0.0,0
4437,control,96.1,0,0.0,0
4438,treatment,0.0,0,0.0,0
4439,control,65.68,1,33.56,0
4440,treatment,503.56,1,52.2,0
4441,control,0.0,0,0.0,0
4442,treatment,53.35,0,0.0,0
4443,treatment,0.0,0,0.0,0
4444,treatment,72.61,0,0.0,0
4445,control,42.04,0,0.0,0
4446,control,94.92,0,0.0,0
4447,treatment,66.52,0,0.0,0
4448,treatment,0.0,0,0.0,0
4449,treatment,92.91,1,58.71,0
4450,treatment,89.45,1,37.99,0
4451,control,44.16,0,0.0,0
4452,control,415.29,1,37.24,0
4453,treatment,0.0,0,0.0,0
4454,treatment,0.0,0,0.0,0
4455,treatment,52.93,1,25.2,0
4456,treatment,0.0,0,0.0,0
4457,control,21.5,0,0.0,0
4458,treatment,145.17,0,0.0,0
4459,control,0.0,0,0.0,0
4460,treatment,0.0,0,0.0,0
4461,control,0.0,0,0.0,0
4462,treatment,54.65,0,0.0,0
4463,control,0.0,0,0.0,0
4464,treatment,117.6,1,38.84,0
4465,control,874.06,0,0.0,0
4466,treatment,0.0,1,27.43,0
4467,treatment,0.0,0,0.0,0
4468,treatment,0.0,0,0.0,0
4469,control,29.98,0,0.0,0
4470,control,0.0,0,0.0,0
4471,control,50.65,0,0.0,0
4472,control,45.45,0,0.0,0
4473,control,0.0,0,0.0,0
4474,treatment,48.76,1,35.1,0
4475,control,0.0,0,0.0,0
4476,control,0.0,0,0.0,0
4477,treatment,354.37,0,0.0,0
4478,treatment,0.0,0,0.0,0
4479,control,0.0,0,0.0,0
4480,treatment,0.0,1,43.38,0
4481,control,0.0,0,0.0,0
4482,control,31.14,0,0.0,0
4483,treatment,114.87,0,0.0,0
4484,control,0.0,0,0.0,0
4485,control,0.0,0,0.0,0
4486,treatment,0.0,0,0.0,0
4487,control,63.77,0,0.0,0
4488,control,0.0,0,0.0,0
4489,treatment,0.0,0,0.0,0
4490,control,0.0,0,0.0,0
4491,treatment,0.0,0,0.0,0
4492,control,0.0,0,0.0,0
4493,treatment,50.56,0,0.0,0
4494,control,102.51,0,0.0,0
4495,control,261.84,0,0.0,0
4496,control,0.0,0,0.0,0
4497,treatment,0.0,0,0.0,0
4498,control,539.2,1,123.12,0
4499,control,125.22,0,0.0,0
4500,control,68.13,0,0.0,0
4501,control,0.0,0,0.0,0
4502,control,0.0,0,0.0,0
4503,control,0.0,0,0.0,0
4504,control,0.0,0,0.0,0
4505,control,57.37,1,53.78,0
4506,treatment,0.0,0,0.0,0
4507,control,0.0,0,0.0,0
4508,control,0.0,1,32.01,0
4509,treatment,0.0,0,0.0,0
4510,treatment,0.0,0,0.0,0
4512,control,166.15,1,101.42,0
4513,treatment,94.03,0,0.0,0
4514,treatment,70.99,1,100.55,0
4515,control,0.0,0,0.0,0
4516,control,78.35,0,0.0,0
4517,control,0.0,0,0.0,0
4518,treatment,135.74,0,0.0,0
4519,control,0.0,0,0.0,0
4520,treatment,1176.02,1,123.37,0
4521,treatment,0.0,0,0.0,0
4522,treatment,94.95,0,0.0,0
4523,control,0.0,0,0.0,0
4524,control,61.96,0,0.0,0
4525,treatment,0.0,0,0.0,0
4526,control,0.0,0,0.0,0
4527,treatment,0.0,0,0.0,0
4528,control,279.72,0,0.0,0
4529,control,73.55,0,0.0,0
4530,control,27.21,0,0.0,0
4531,treatment,54.04,0,0.0,0
4532,treatment,41.33,1,50.26,0
4533,treatment,0.0,0,0.0,0
4534,control,0.0,0,0.0,0
4535,treatment,71.75,1,284.79,0
4536,control,0.0,0,0.0,0
4537,control,45.9,0,0.0,0
4538,treatment,28.62,0,0.0,0
4539,control,0.0,0,0.0,0
4541,control,235.17,0,0.0,0
4542,control,49.02,0,0.0,0
4543,treatment,0.0,0,0.0,0
4544,treatment,0.0,0,0.0,0
4545,treatment,0.0,0,0.0,0
4546,treatment,0.0,0,0.0,0
4547,treatment,132.97,0,0.0,0
4548,treatment,0.0,0,0.0,0
4549,treatment,41.23,0,0.0,0
4550,control,331.24,0,0.0,0
4551,control,0.0,1,183.39,0
4552,treatment,103.08,0,0.0,0
4553,treatment,67.06,0,0.0,0
4554,treatment,0.0,0,0.0,0
4555,control,0.0,0,0.0,0
4556,control,0.0,0,0.0,0
4557,control,0.0,0,0.0,0
4558,treatment,0.0,0,0.0,0
4559,treatment,0.0,0,0.0,0
4560,control,33.77,0,0.0,0
4561,control,61.66,0,0.0,0
4562,control,56.22,1,179.28,0
4563,control,35.06,0,0.0,0
4564,control,23.19,0,0.0,0
4565,treatment,440.1,0,0.0,0
4566,control,54.09,0,0.0,0
4567,treatment,0.0,1,43.07,0
4568,treatment,106.35,0,0.0,0
4569,control,644.48,1,111.32,0
4570,treatment,56.21,0,0.0,0
4571,control,0.0,0,0.0,0
4572,treatment,0.0,0,0.0,0
4573,treatment,58.41,0,0.0,0
4574,control,0.0,0,0.0,0
4575,treatment,69.64,0,0.0,0
4576,control,73.5,0,0.0,0
4577,treatment,0.0,0,0.0,0
4578,control,452.14,0,0.0,0
4579,treatment,0.0,0,0.0,0
4581,control,0.0,0,0.0,0
4582,treatment,0.0,0,0.0,0
4583,control,0.0,0,0.0,0
4584,treatment,50.81,0,0.0,0
4585,treatment,41.43,0,0.0,0
4586,treatment,565.6,0,0.0,0
4587,treatment,0.0,0,0.0,0
4588,control,0.0,0,0.0,0
4589,treatment,42.53,0,0.0,0
4590,control,0.0,0,0.0,0
4591,treatment,0.0,0,0.0,0
4592,control,0.0,0,0.0,0
4593,treatment,0.0,0,0.0,0
4594,treatment,63.33,0,0.0,0
4595,control,0.0,1,65.99,0
4596,control,0.0,0,0.0,0
4597,treatment,0.0,0,0.0,0
4598,control,474.9,0,0.0,0
4599,treatment,0.0,0,0.0,0
4600,control,30.07,0,0.0,0
4601,treatment,0.0,0,0.0,0
4602,treatment,75.36,0,0.0,0
4603,control,0.0,0,0.0,0
4604,treatment,36.72,0,0.0,0
4605,control,0.0,0,0.0,0
4606,control,204.08,0,0.0,0
4607,control,84.6,0,0.0,0
4608,treatment,55.91,0,0.0,0
4609,treatment,180.07,0,0.0,0
4610,control,0.0,0,0.0,0
4611,treatment,0.0,0,0.0,0
4612,control,33.99,0,0.0,0
4613,control,51.49,0,0.0,0
4614,treatment,0.0,0,0.0,0
4615,control,39.86,0,0.0,0
4616,treatment,65.78,0,0.0,0
4617,treatment,0.0,0,0.0,0
4618,control,79.66,0,0.0,0
4619,treatment,0.0,0,0.0,0
4620,treatment,334.34,1,110.66,0
4621,control,0.0,0,0.0,0
4622,control,0.0,0,0.0,0
4623,control,0.0,0,0.0,0
4624,treatment,0.0,0,0.0,0
4625,treatment,0.0,0,0.0,0
4626,treatment,194.25,0,0.0,0
4627,control,0.0,0,0.0,0
4628,treatment,0.0,0,0.0,0
4629,control,206.32,0,0.0,0
4630,treatment,0.0,0,0.0,0
4631,control,0.0,0,0.0,0
4633,control,0.0,0,0.0,0
4634,treatment,0.0,0,0.0,0
4635,treatment,0.0,0,0.0,0
4636,treatment,39.76,1,13.4,0
4637,control,0.0,0,0.0,0
4638,control,49.77,0,0.0,0
4639,treatment,109.01,1,67.31,0
4640,treatment,0.0,0,0.0,0
4641,treatment,28.72,0,0.0,0
4642,treatment,0.0,0,0.0,0
4643,treatment,64.39,0,0.0,0
4644,treatment,42.41,1,53.17,0
4645,treatment,84.86,0,0.0,0
4646,control,0.0,1,68.81,0
4647,control,36.41,1,67.98,0
4648,treatment,0.0,0,0.0,0
4649,treatment,129.23,0,0.0,0
4650,control,49.92,0,0.0,0
4651,control,55.36,0,0.0,0
4652,control,0.0,0,0.0,0
4653,treatment,0.0,0,0.0,0
4654,control,221.27,0,0.0,0
4655,treatment,0.0,0,0.0,0
4656,control,0.0,0,0.0,0
4657,control,0.0,0,0.0,0
4658,control,4866.11,1,271.03,0
4659,treatment,69.62,0,0.0,0
4660,control,36.87,0,0.0,0
4661,treatment,33.6,0,0.0,0
4662,control,135.16,0,0.0,0
4663,treatment,0.0,0,0.0,0
4664,control,0.0,0,0.0,0
4665,treatment,51.47,0,0.0,0
4666,control,31.31,0,0.0,0
4667,treatment,169.4,0,0.0,0
4668,control,175.0,0,0.0,0
4669,treatment,0.0,0,0.0,0
4670,treatment,0.0,0,0.0,0
4671,control,0.0,0,0.0,0
4672,treatment,0.0,0,0.0,0
4673,control,0.0,0,0.0,0
4674,control,48.37,0,0.0,0
4675,treatment,87.69,0,0.0,0
4676,treatment,0.0,0,0.0,0
4677,control,23.9,0,0.0,0
4678,control,156.98,0,0.0,0
4679,control,0.0,0,0.0,0
4680,treatment,0.0,0,0.0,0
4681,control,209.92,0,0.0,0
4682,treatment,206.33,1,37.54,0
4683,control,0.0,0,0.0,0
4684,treatment,66.62,0,0.0,0
4685,control,58.82,1,120.39,0
4686,control,87.95,0,0.0,0
4687,treatment,0.0,0,0.0,0
4688,control,24.14,0,0.0,0
4689,control,56.44,0,0.0,0
4690,treatment,150.07,0,0.0,0
4691,control,0.0,0,0.0,0
4692,control,70.02,0,0.0,0
4693,control,0.0,0,0.0,0
4694,treatment,392.26,0,0.0,0
4695,treatment,41.1,0,0.0,0
4696,treatment,118.45,0,0.0,0
4697,control,0.0,0,0.0,0
4698,treatment,384.43,0,0.0,0
4699,control,84.8,0,0.0,0
4700,treatment,0.0,0,0.0,0
4701,control,74.03,0,0.0,0
4702,control,0.0,0,0.0,0
4703,treatment,64.97,0,0.0,0
4704,control,0.0,0,0.0,0
4705,control,0.0,0,0.0,0
4706,control,41.51,0,0.0,0
4707,control,0.0,0,0.0,0
4708,treatment,0.0,0,0.0,0
4709,treatment,38.5,0,0.0,0
4710,control,0.0,1,26.75,0
4711,control,0.0,0,0.0,0
4712,treatment,0.0,0,0.0,0
4713,control,0.0,0,0.0,0
4714,treatment,0.0,0,0.0,0
4715,treatment,0.0,0,0.0,0
4716,control,110.02,0,0.0,0
4717,control,89.47,0,0.0,0
4718,treatment,45.98,0,0.0,0
4719,treatment,0.0,0,0.0,0
4720,treatment,19.24,0,0.0,0
4721,treatment,72.51,0,0.0,0
4722,control,22.21,0,0.0,0
4723,control,0.0,0,0.0,0
4724,treatment,0.0,0,0.0,0
4725,treatment,29.9,0,0.0,0
4727,control,0.0,0,0.0,0
4728,treatment,0.0,0,0.0,0
4729,control,0.0,0,0.0,0
4730,control,0.0,0,0.0,0
4731,control,0.0,0,0.0,0
4732,control,41.43,0,0.0,0
4733,control,0.0,0,0.0,0
4734,treatment,0.0,0,0.0,0
4735,control,0.0,0,0.0,0
4736,control,62.4,0,0.0,0
4737,control,44.35,0,0.0,0
4738,treatment,29.22,0,0.0,0
4739,treatment,0.0,0,0.0,0
4740,control,103.39,0,0.0,0
4743,treatment,145.76,0,0.0,0
4744,treatment,62.67,0,0.0,0
4745,control,76.99,0,0.0,0
4746,control,324.55,0,0.0,0
4747,control,0.0,0,0.0,0
4748,treatment,45.86,0,0.0,0
4749,control,0.0,0,0.0,0
4750,control,22.06,0,0.0,0
4751,control,0.0,0,0.0,0
4752,control,106.98,0,0.0,0
4753,control,0.0,0,0.0,0
4754,control,253.61,0,0.0,0
4755,control,0.0,0,0.0,0
4756,treatment,0.0,0,0.0,0
4757,treatment,0.0,0,0.0,0
4758,treatment,50.77,1,32.91,0
4759,control,0.0,0,0.0,0
4760,treatment,0.0,0,0.0,0
4761,treatment,0.0,0,0.0,0
4762,control,0.0,0,0.0,0
4763,treatment,138.58,0,0.0,0
4764,control,0.0,0,0.0,0
4765,treatment,0.0,0,0.0,0
4766,treatment,94.25,0,0.0,0
4767,treatment,0.0,0,0.0,0
4768,control,0.0,0,0.0,0
4769,control,31.84,0,0.0,0
4770,control,294.29,0,0.0,0
4771,control,0.0,0,0.0,0
4772,control,79.03,0,0.0,0
4773,treatment,0.0,0,0.0,0
4774,control,0.0,0,0.0,0
4775,treatment,0.0,0,0.0,0
4776,control,0.0,0,0.0,0
4777,treatment,0.0,1,71.05,0
4778,control,212.4,0,0.0,0
4779,treatment,0.0,1,29.79,0
4780,control,64.57,0,0.0,0
4781,treatment,49.7,0,0.0,0
4782,control,74.76,0,0.0,0
4783,control,193.76,0,0.0,0
4784,control,197.65,1,88.45,0
4785,treatment,0.0,0,0.0,0
4786,control,68.95,0,0.0,0
4787,treatment,41.95,0,0.0,0
4788,treatment,61.8,0,0.0,0
4789,treatment,60.75,0,0.0,0
4790,control,98.94,0,0.0,0
4791,control,383.6,1,79.96,0
4792,treatment,0.0,0,0.0,0
4793,control,12.77,0,0.0,0
4794,treatment,450.51,0,0.0,0
4795,control,0.0,0,0.0,0
4796,treatment,0.0,0,0.0,0
4797,treatment,204.68,1,142.64,0
4799,control,0.0,0,0.0,0
4801,treatment,37.63,1,33.48,0
4802,control,95.58,0,0.0,0
4803,control,0.0,0,0.0,0
4804,control,0.0,0,0.0,0
4805,control,27.77,0,0.0,0
4806,treatment,0.0,0,0.0,0
4807,treatment,71.58,0,0.0,0
4808,control,0.0,0,0.0,0
4809,control,514.93,0,0.0,0
4810,treatment,0.0,1,62.99,0
4811,control,0.0,0,0.0,0
4813,control,0.0,0,0.0,0
4814,treatment,0.0,0,0.0,0
4815,control,0.0,0,0.0,0
4816,treatment,63.28,0,0.0,0
4817,control,358.86,0,0.0,0
4818,treatment,0.0,0,0.0,0
4819,control,73.74,0,0.0,0
4820,treatment,29.51,1,71.92,0
4821,control,0.0,0,0.0,0
4822,treatment,339.55,1,74.3,0
4823,control,0.0,0,0.0,0
4824,control,37.83,0,0.0,0
4825,control,48.3,1,70.06,0
4826,control,0.0,0,0.0,0
4827,control,172.71,0,0.0,0
4828,treatment,0.0,0,0.0,0
4829,treatment,0.0,0,0.0,0
4830,treatment,259.17,0,0.0,0
4831,control,36.56,0,0.0,0
4832,treatment,114.22,0,0.0,0
4833,treatment,0.0,0,0.0,0
4834,control,0.0,0,0.0,0
4835,control,0.0,0,0.0,0
4836,treatment,0.0,0,0.0,0
4837,control,54.53,0,0.0,0
4838,control,0.0,0,0.0,0
4839,treatment,150.18,0,0.0,0
4840,treatment,0.0,0,0.0,0
4841,treatment,0.0,0,0.0,0
4842,control,25.47,0,0.0,0
4843,treatment,0.0,0,0.0,0
4844,treatment,0.0,0,0.0,0
4845,control,0.0,0,0.0,0
4846,treatment,0.0,0,0.0,0
4847,treatment,49.08,1,138.71,0
4848,treatment,0.0,1,92.02,0
4849,control,318.85,0,0.0,0
4850,control,0.0,0,0.0,0
4851,control,48.4,0,0.0,0
4852,treatment,113.4,0,0.0,0
4853,treatment,52.31,0,0.0,0
4854,treatment,1715.88,0,0.0,0
4855,treatment,0.0,0,0.0,0
4856,treatment,57.43,0,0.0,0
4857,treatment,0.0,0,0.0,0
4858,control,0.0,0,0.0,0
4859,treatment,0.0,0,0.0,0
4860,control,39.59,0,0.0,0
4861,treatment,85.58,0,0.0,0
4862,treatment,0.0,0,0.0,0
4863,treatment,93.11,0,0.0,0
4864,treatment,253.72,0,0.0,0
4865,treatment,0.0,0,0.0,0
4866,control,53.43,1,225.95,0
4867,control,94.07,0,0.0,0
4868,control,0.0,0,0.0,0
4869,control,0.0,0,0.0,0
4870,treatment,207.01,0,0.0,0
4871,control,0.0,0,0.0,0
4872,control,0.0,0,0.0,0
4873,control,0.0,0,0.0,0
4874,treatment,0.0,0,0.0,0
4875,treatment,69.62,0,0.0,0
4876,control,102.47,0,0.0,0
4877,treatment,245.26,0,0.0,0
4878,treatment,29.75,0,0.0,0
4879,control,0.0,0,0.0,0
4880,control,0.0,0,0.0,0
4881,control,0.0,1,50.66,0
4882,treatment,0.0,0,0.0,0
4883,control,315.64,1,64.13,0
4884,treatment,0.0,0,0.0,0
4885,treatment,0.0,0,0.0,0
4886,control,87.03,0,0.0,0
4887,control,53.83,1,55.32,0
4888,treatment,56.59,0,0.0,0
4889,control,26.28,0,0.0,0
4890,control,191.87,0,0.0,0
4891,treatment,90.59,1,30.19,0
4892,control,59.77,0,0.0,0
4893,control,0.0,0,0.0,0
4894,treatment,23.83,1,126.41,1
4895,control,35.3,0,0.0,0
4896,control,66.91,0,0.0,0
4897,treatment,0.0,0,0.0,0
4898,control,49.64,0,0.0,0
4899,treatment,0.0,0,0.0,0
4900,treatment,0.0,0,0.0,0
4901,control,56.24,0,0.0,0
4902,control,179.77,0,0.0,0
4903,control,99.91,0,0.0,0
4904,treatment,177.78,0,0.0,0
4905,control,57.42,1,38.64,0
4906,treatment,0.0,1,65.09,0
4907,control,0.0,0,0.0,0
4908,treatment,60.85,0,0.0,0
4909,treatment,580.54,1,83.4,0
4910,treatment,0.0,0,0.0,0
4911,control,0.0,0,0.0,0
4912,control,32.94,1,31.25,0
4913,control,0.0,0,0.0,0
4914,treatment,0.0,0,0.0,0
4915,control,104.83,0,0.0,0
4916,control,40.1,0,0.0,0
4917,treatment,0.0,0,0.0,0
4918,treatment,56.45,1,24.21,0
4919,treatment,103.3,0,0.0,0
4920,treatment,45.07,1,62.43,0
4921,treatment,49.68,0,0.0,0
4922,treatment,50.36,0,0.0,0
4923,control,0.0,0,0.0,0
4924,treatment,0.0,0,0.0,0
4925,control,0.0,0,0.0,0
4926,control,0.0,0,0.0,0
4927,control,0.0,0,0.0,0
4928,control,125.97,1,56.73,0
4929,control,71.05,0,0.0,0
4930,control,29.89,0,0.0,0
4931,control,15.44,0,0.0,0
4932,treatment,109.02,0,0.0,0
4933,treatment,0.0,0,0.0,0
4934,treatment,69.35,0,0.0,0
4935,control,42.59,0,0.0,0
4936,control,102.57,0,0.0,0
4937,treatment,0.0,0,0.0,0
4938,treatment,102.7,0,0.0,0
4939,control,0.0,0,0.0,0
4940,control,0.0,0,0.0,0
4941,treatment,98.12,0,0.0,0
4942,control,0.0,0,0.0,0
4943,treatment,0.0,0,0.0,0
4944,control,87.82,0,0.0,0
4945,control,0.0,0,0.0,0
4946,control,25.96,0,0.0,0
4947,control,0.0,0,0.0,0
4948,treatment,44.07,0,0.0,0
4949,treatment,0.0,0,0.0,0
4951,control,0.0,0,0.0,0
4952,treatment,0.0,0,0.0,0
4953,treatment,392.04,1,175.6,0
4954,treatment,50.98,0,0.0,0
4955,control,0.0,0,0.0,0
4956,control,0.0,0,0.0,0
4957,control,0.0,1,59.56,0
4958,control,56.5,0,0.0,0
4959,control,0.0,0,0.0,0
4960,control,0.0,0,0.0,0
4961,control,0.0,0,0.0,0
4962,control,0.0,0,0.0,0
4963,control,0.0,0,0.0,0
4964,treatment,227.32,0,0.0,0
4965,control,0.0,0,0.0,0
4966,control,0.0,0,0.0,0
4967,treatment,41.6,0,0.0,0
4968,control,0.0,0,0.0,0
4969,treatment,26.13,0,0.0,0
4970,treatment,448.22,0,0.0,0
4971,control,63.52,0,0.0,0
4972,treatment,128.44,0,0.0,0
4973,control,0.0,0,0.0,0
4974,control,83.66,0,0.0,0
4975,control,40.56,0,0.0,0
4976,treatment,0.0,0,0.0,0
4977,treatment,88.31,0,0.0,0
4978,control,42.71,1,116.02,0
4979,control,0.0,0,0.0,0
4980,treatment,59.03,1,79.4,0
4981,control,0.0,0,0.0,0
4982,control,0.0,0,0.0,0
4983,treatment,51.93,1,72.76,0
4984,control,0.0,0,0.0,0
4985,treatment,0.0,1,139.56,0
4986,treatment,0.0,0,0.0,0
4987,treatment,0.0,0,0.0,0
4988,treatment,61.1,0,0.0,0
4989,treatment,52.33,0,0.0,0
4990,treatment,0.0,0,0.0,0
4991,control,29.04,0,0.0,0
4992,control,101.83,0,0.0,0
4993,treatment,0.0,0,0.0,0
4994,treatment,29.62,1,65.8,0
4995,control,257.26,0,0.0,0
4996,control,47.38,1,49.39,0
4997,control,0.0,0,0.0,0
4998,treatment,0.0,0,0.0,0
4999,control,0.0,0,0.0,0
5000,control,30.13,0,0.0,0
5001,control,643.09,0,0.0,0
5002,treatment,257.49,1,64.27,0
5003,control,44.28,0,0.0,0
5004,treatment,17.7,0,0.0,0
5005,treatment,0.0,0,0.0,0
5006,treatment,0.0,1,73.36,0
5007,control,0.0,0,0.0,0
5008,control,61.2,0,0.0,0
5009,treatment,65.09,1,37.51,0
5010,treatment,0.0,0,0.0,0
5011,control,0.0,0,0.0,0
5012,control,35.63,1,26.22,0
5013,control,0.0,0,0.0,0
5014,control,0.0,0,0.0,0
5015,control,0.0,0,0.0,0
5016,treatment,140.72,0,0.0,0
5017,control,27.92,0,0.0,0
5018,control,51.82,0,0.0,0
5019,treatment,0.0,0,0.0,0
5020,control,0.0,0,0.0,0
5021,treatment,0.0,0,0.0,0
5022,treatment,0.0,0,0.0,0
5023,treatment,152.11,0,0.0,0
5024,control,0.0,1,54.26,0
5025,treatment,63.43,1,60.9,0
5026,treatment,48.69,0,0.0,0
5027,treatment,0.0,0,0.0,0
5028,control,39.88,0,0.0,0
5030,treatment,0.0,0,0.0,0
5031,control,242.75,0,0.0,0
5032,control,141.81,0,0.0,0
5033,treatment,90.73,1,83.15,0
5034,control,0.0,1,59.06,0
5035,control,0.0,0,0.0,0
5036,control,187.96,0,0.0,0
5037,control,79.81,0,0.0,0
5039,control,32.4,0,0.0,0
5040,control,36.89,0,0.0,0
5041,control,0.0,0,0.0,0
5042,treatment,0.0,0,0.0,0
5043,control,303.32,1,50.66,0
5044,treatment,154.22,0,0.0,0
5045,control,0.0,0,0.0,0
5046,control,0.0,0,0.0,0
5047,treatment,77.13,0,0.0,0
5048,control,70.6,1,80.42,0
5049,treatment,67.78,0,0.0,0
5050,control,67.45,1,71.06,0
5051,treatment,199.69,0,0.0,0
5052,treatment,0.0,0,0.0,0
5053,treatment,102.55,0,0.0,0
5054,control,0.0,0,0.0,0
5055,treatment,0.0,0,0.0,0
5056,control,0.0,0,0.0,0
5057,treatment,61.78,0,0.0,0
5058,control,0.0,1,47.58,0
5059,treatment,0.0,0,0.0,0
5060,control,169.09,0,0.0,0
5061,treatment,0.0,0,0.0,0
5062,treatment,0.0,0,0.0,0
5063,treatment,0.0,0,0.0,0
5064,control,57.53,0,0.0,0
5065,control,247.53,0,0.0,0
5066,treatment,0.0,0,0.0,0
5067,treatment,58.2,1,60.19,0
5068,control,0.0,0,0.0,0
5069,control,0.0,0,0.0,0
5070,control,0.0,0,0.0,0
5071,treatment,120.33,0,0.0,0
5072,treatment,0.0,0,0.0,0
5073,control,61.83,0,0.0,0
5074,control,1240.92,0,0.0,0
5075,control,63.36,0,0.0,0
5076,control,0.0,0,0.0,0
5077,control,41.48,0,0.0,0
5078,control,192.98,0,0.0,0
5079,control,52.14,0,0.0,0
5080,control,144.97,0,0.0,0
5081,treatment,105.74,0,0.0,0
5082,control,0.0,0,0.0,0
5083,control,0.0,0,0.0,0
5084,control,0.0,0,0.0,0
5085,control,0.0,0,0.0,0
5086,treatment,0.0,0,0.0,0
5087,control,22.63,1,44.86,0
5088,control,68.75,0,0.0,0
5089,control,0.0,1,44.48,0
5090,control,106.68,0,0.0,0
5091,control,55.5,0,0.0,0
5092,treatment,0.0,0,0.0,0
5093,treatment,144.48,1,34.65,0
5094,control,11.28,0,0.0,0
5095,control,0.0,0,0.0,0
5096,treatment,0.0,0,0.0,0
5097,control,0.0,0,0.0,0
5098,treatment,44.99,0,0.0,0
5099,control,127.96,0,0.0,0
5100,control,63.6,0,0.0,0
5101,treatment,0.0,0,0.0,0
5102,control,0.0,0,0.0,0
5103,treatment,81.2,0,0.0,0
5104,control,0.0,0,0.0,0
5105,treatment,52.81,1,58.65,0
5106,treatment,254.32,0,0.0,0
5107,treatment,0.0,0,0.0,0
5108,treatment,213.89,0,0.0,0
5109,treatment,88.39,0,0.0,0
5110,treatment,22.07,0,0.0,0
5111,control,115.28,0,0.0,0
5112,control,0.0,0,0.0,0
5113,treatment,0.0,0,0.0,0
5114,treatment,131.75,0,0.0,0
5115,treatment,0.0,0,0.0,0
5116,treatment,107.03,0,0.0,0
5117,treatment,0.0,0,0.0,0
5118,control,90.48,0,0.0,0
5119,control,0.0,0,0.0,0
5120,control,0.0,0,0.0,0
5121,treatment,0.0,0,0.0,0
5122,treatment,0.0,0,0.0,0
5123,control,0.0,1,52.55,0
5124,treatment,0.0,0,0.0,0
5125,treatment,0.0,0,0.0,0
5126,control,0.0,0,0.0,0
5127,control,42.4,0,0.0,0
5128,control,0.0,0,0.0,0
5130,control,0.0,0,0.0,0
5131,control,0.0,0,0.0,0
5132,control,1267.49,0,0.0,0
5133,control,247.0,0,0.0,0
5134,treatment,74.18,0,0.0,0
5135,treatment,0.0,0,0.0,0
5136,control,77.92,0,0.0,0
5137,control,0.0,1,31.0,0
5138,treatment,38.49,0,0.0,0
5139,control,273.41,0,0.0,0
5140,treatment,0.0,0,0.0,0
5141,treatment,19.28,0,0.0,0
5142,control,0.0,0,0.0,0
5143,control,0.0,0,0.0,0
5144,control,0.0,0,0.0,0
5145,control,85.0,0,0.0,0
5146,control,0.0,0,0.0,0
5147,treatment,0.0,0,0.0,0
5148,treatment,0.0,0,0.0,0
5150,control,0.0,0,0.0,0
5151,treatment,0.0,0,0.0,0
5152,control,121.65,0,0.0,0
5153,treatment,0.0,0,0.0,0
5154,treatment,0.0,0,0.0,0
5155,control,275.4,1,121.32,0
5156,treatment,47.17,0,0.0,0
5157,control,68.61,1,36.43,0
5158,control,77.56,0,0.0,0
5159,treatment,300.04,1,77.23,0
5160,control,0.0,0,0.0,0
5161,treatment,0.0,0,0.0,0
5162,control,0.0,0,0.0,0
5163,treatment,61.29,0,0.0,0
5164,treatment,0.0,0,0.0,0
5165,treatment,79.82,0,0.0,0
5166,control,65.69,0,0.0,0
5167,control,0.0,0,0.0,0
5168,control,0.0,0,0.0,0
5169,control,46.92,0,0.0,0
5170,treatment,0.0,0,0.0,0
5171,control,381.11,1,68.25,0
5172,treatment,0.0,0,0.0,0
5173,treatment,313.74,0,0.0,0
5174,control,0.0,0,0.0,0
5175,control,186.23,0,0.0,0
5176,treatment,81.83,1,48.63,0
5177,treatment,0.0,0,0.0,0
5178,treatment,181.19,0,0.0,0
5179,control,0.0,0,0.0,0
5180,treatment,80.97,0,0.0,0
5181,control,0.0,0,0.0,0
5182,treatment,47.23,0,0.0,0
5183,control,0.0,0,0.0,0
5184,treatment,0.0,0,0.0,0
5185,control,0.0,1,108.34,0
5186,control,62.74,0,0.0,0
5187,treatment,304.34,0,0.0,0
5188,control,558.28,0,0.0,0
5189,control,0.0,0,0.0,0
5190,control,68.25,0,0.0,0
5191,treatment,0.0,0,0.0,0
5192,treatment,89.84,0,0.0,0
5193,treatment,0.0,0,0.0,0
5194,control,0.0,0,0.0,0
5195,treatment,127.04,0,0.0,0
5196,control,0.0,1,18.55,0
5197,control,60.38,0,0.0,0
5199,control,43.38,0,0.0,0
5200,treatment,43.48,0,0.0,0
5201,control,177.66,0,0.0,0
5202,treatment,100.64,0,0.0,0
5203,control,0.0,0,0.0,0
5204,control,93.13,0,0.0,0
5205,treatment,0.0,0,0.0,0
5206,control,156.84,0,0.0,0
5207,treatment,139.59,1,84.0,0
5208,treatment,498.96,0,0.0,0
5210,control,0.0,0,0.0,0
5211,treatment,0.0,0,0.0,0
5212,control,0.0,0,0.0,0
5213,treatment,94.51,0,0.0,0
5214,control,0.0,0,0.0,0
5215,treatment,0.0,1,64.33,0
5216,control,0.0,0,0.0,0
5217,treatment,0.0,0,0.0,0
5218,treatment,0.0,1,123.85,0
5219,control,0.0,0,0.0,0
5220,treatment,65.86,0,0.0,0
5221,control,124.65,0,0.0,0
5222,treatment,0.0,0,0.0,0
5223,control,0.0,0,0.0,0
5224,treatment,28.32,0,0.0,0
5225,treatment,0.0,0,0.0,0
5226,treatment,0.0,0,0.0,0
5227,treatment,0.0,0,0.0,0
5228,treatment,0.0,0,0.0,0
5229,control,0.0,0,0.0,0
5230,treatment,0.0,0,0.0,0
5231,control,0.0,0,0.0,0
5232,control,130.61,0,0.0,0
5233,treatment,129.21,0,0.0,0
5234,treatment,135.26,0,0.0,0
5235,control,0.0,0,0.0,0
5236,treatment,0.0,0,0.0,0
5237,treatment,0.0,1,33.02,0
5238,control,51.7,0,0.0,0
5239,treatment,0.0,1,45.84,0
5240,treatment,41.85,0,0.0,0
5241,control,207.14,0,0.0,0
5242,treatment,0.0,0,0.0,0
5243,control,79.61,0,0.0,0
5244,treatment,0.0,0,0.0,0
5245,control,0.0,0,0.0,0
5246,treatment,42.86,0,0.0,0
5247,control,0.0,0,0.0,0
5248,treatment,35.39,0,0.0,0
5250,control,1137.06,1,75.8,0
5251,control,0.0,0,0.0,0
5252,treatment,8.75,0,0.0,0
5253,control,43.02,0,0.0,0
5254,treatment,0.0,0,0.0,0
5255,control,0.0,0,0.0,0
5256,treatment,44.09,1,50.83,0
5257,treatment,0.0,0,0.0,0
5258,treatment,38.68,0,0.0,0
5259,control,0.0,0,0.0,0
5260,control,0.0,0,0.0,0
5261,control,0.0,0,0.0,0
5262,treatment,0.0,0,0.0,0
5263,control,0.0,0,0.0,0
5264,control,0.0,0,0.0,0
5265,control,0.0,0,0.0,0
5266,control,167.19,1,69.42,0
5267,treatment,84.07,0,0.0,0
5268,control,142.66,0,0.0,0
5269,control,0.0,0,0.0,0
5270,control,0.0,0,0.0,0
5271,treatment,139.0,0,0.0,0
5272,control,0.0,0,0.0,0
5273,control,57.17,0,0.0,0
5274,treatment,53.62,0,0.0,0
5275,treatment,0.0,0,0.0,0
5276,treatment,0.0,1,89.13,0
5277,treatment,72.69,0,0.0,0
5278,control,120.44,0,0.0,0
5279,control,0.0,0,0.0,0
5280,treatment,44.24,0,0.0,0
5281,treatment,63.09,1,179.12,0
5282,treatment,0.0,0,0.0,0
5283,control,32.54,0,0.0,0
5284,treatment,58.89,0,0.0,0
5285,control,50.26,0,0.0,0
5286,control,54.38,0,0.0,0
5287,control,0.0,0,0.0,0
5288,control,240.83,0,0.0,0
5289,treatment,52.59,0,0.0,0
5290,treatment,0.0,0,0.0,0
5291,control,61.74,0,0.0,0
5292,control,0.0,0,0.0,0
5293,treatment,0.0,0,0.0,0
5294,treatment,46.13,0,0.0,0
5295,control,0.0,0,0.0,0
5296,control,118.27,0,0.0,0
5297,control,211.03,0,0.0,0
5298,treatment,396.79,0,0.0,0
5299,control,188.82,1,63.71,0
5300,control,0.0,0,0.0,0
5301,control,131.96,0,0.0,0
5302,control,0.0,0,0.0,0
5303,treatment,45.09,0,0.0,0
5304,treatment,74.52,1,89.62,0
5305,treatment,0.0,0,0.0,0
5306,treatment,111.19,0,0.0,0
5307,control,0.0,0,0.0,0
5308,treatment,0.0,0,0.0,0
5309,control,0.0,0,0.0,0
5310,treatment,68.23,0,0.0,0
5311,control,0.0,0,0.0,0
5312,treatment,132.96,0,0.0,0
5313,control,60.66,0,0.0,0
5314,control,0.0,0,0.0,0
5315,control,0.0,0,0.0,0
5316,treatment,0.0,0,0.0,0
5317,treatment,0.0,0,0.0,0
5318,control,0.0,0,0.0,0
5319,treatment,0.0,0,0.0,0
5320,control,0.0,0,0.0,0
5321,control,31.99,0,0.0,0
5322,treatment,0.0,0,0.0,0
5323,treatment,0.0,0,0.0,0
5324,control,0.0,0,0.0,0
5325,control,0.0,0,0.0,0
5326,treatment,836.84,1,26.75,0
5327,treatment,299.26,1,33.54,0
5328,treatment,0.0,0,0.0,0
5329,control,0.0,0,0.0,0
5330,control,185.8,0,0.0,0
5331,control,0.0,1,52.67,0
5332,control,71.09,0,0.0,0
5333,control,0.0,1,58.82,0
5334,treatment,0.0,0,0.0,0
5335,control,0.0,0,0.0,0
5336,control,0.0,0,0.0,0
5337,control,0.0,0,0.0,0
5338,control,208.87,0,0.0,0
5339,treatment,0.0,0,0.0,0
5340,treatment,0.0,0,0.0,0
5341,control,250.26,0,0.0,0
5342,treatment,164.75,0,0.0,0
5343,control,57.45,1,12.56,0
5345,treatment,0.0,0,0.0,0
5346,control,141.99,0,0.0,0
5347,control,50.15,0,0.0,0
5348,control,41.44,0,0.0,0
5349,treatment,55.81,0,0.0,0
5350,treatment,0.0,0,0.0,0
5351,treatment,34.67,0,0.0,0
5352,treatment,0.0,0,0.0,0
5353,treatment,0.0,0,0.0,0
5354,control,44.32,0,0.0,0
5355,treatment,0.0,0,0.0,0
5356,treatment,0.0,0,0.0,0
5357,control,103.73,0,0.0,0
5358,treatment,0.0,0,0.0,0
5359,treatment,0.0,0,0.0,0
5360,treatment,0.0,0,0.0,0
5361,control,0.0,0,0.0,0
5362,treatment,0.0,0,0.0,0
5363,treatment,207.98,1,45.49,0
5364,control,0.0,0,0.0,0
5365,control,0.0,0,0.0,0
5366,treatment,0.0,0,0.0,0
5367,treatment,119.77,0,0.0,0
5368,control,0.0,0,0.0,0
5369,treatment,0.0,1,103.4,0
5370,treatment,0.0,0,0.0,0
5371,control,0.0,0,0.0,0
5372,control,0.0,0,0.0,0
5373,treatment,0.0,0,0.0,0
5374,control,0.0,0,0.0,0
5375,control,144.25,0,0.0,0
5376,control,786.04,0,0.0,0
5377,treatment,0.0,0,0.0,0
5378,treatment,0.0,0,0.0,0
5379,treatment,0.0,1,83.46,1
5380,treatment,0.0,1,32.67,0
5381,treatment,165.99,0,0.0,0
5382,treatment,0.0,0,0.0,0
5383,treatment,44.46,0,0.0,0
5384,treatment,0.0,0,0.0,0
5385,control,328.23,0,0.0,0
5386,treatment,28.78,0,0.0,0
5387,treatment,0.0,0,0.0,0
5388,treatment,0.0,0,0.0,0
5389,control,0.0,0,0.0,0
5390,treatment,0.0,0,0.0,0
5391,treatment,84.03,0,0.0,0
5392,control,138.78,0,0.0,0
5393,treatment,280.23,0,0.0,0
5394,control,86.42,0,0.0,0
5395,treatment,52.56,1,40.93,1
5396,treatment,0.0,0,0.0,0
5397,control,165.73,0,0.0,0
5398,control,38.92,0,0.0,0
5400,control,46.26,0,0.0,0
5401,treatment,0.0,0,0.0,0
5402,treatment,0.0,0,0.0,0
5403,treatment,0.0,0,0.0,0
5404,treatment,107.09,0,0.0,0
5405,treatment,39.36,0,0.0,0
5406,control,0.0,1,122.0,0
5407,control,207.19,1,173.5,0
5408,control,0.0,1,86.01,0
5409,treatment,0.0,0,0.0,0
5410,control,0.0,0,0.0,0
5411,control,0.0,0,0.0,0
5412,control,26.18,0,0.0,0
5413,control,0.0,0,0.0,0
5414,treatment,0.0,0,0.0,0
5415,treatment,33.25,0,0.0,0
5416,control,236.43,1,39.4,0
5417,control,54.21,1,90.19,0
5418,treatment,0.0,0,0.0,0
5419,control,34.17,0,0.0,0
5420,treatment,0.0,0,0.0,0
5421,control,23.23,0,0.0,0
5422,control,0.0,0,0.0,0
5423,treatment,0.0,0,0.0,0
5424,treatment,39.24,0,0.0,0
5425,treatment,45.95,0,0.0,0
5426,treatment,0.0,0,0.0,0
5427,control,173.2,1,108.23,0
5428,treatment,0.0,0,0.0,0
5429,control,85.46,0,0.0,0
5430,control,0.0,0,0.0,0
5431,control,0.0,0,0.0,0
5432,control,96.85,1,93.01,0
5433,control,0.0,0,0.0,0
5434,control,66.16,0,0.0,0
5435,control,0.0,0,0.0,0
5436,treatment,0.0,0,0.0,0
5437,treatment,41.46,1,26.71,0
5438,control,62.66,0,0.0,0
5439,treatment,0.0,1,46.33,0
5440,treatment,22.51,0,0.0,0
5441,treatment,54.92,0,0.0,0
5442,control,0.0,0,0.0,0
5443,control,0.0,0,0.0,0
5444,control,0.0,0,0.0,0
5445,control,0.0,0,0.0,0
5446,control,36.01,0,0.0,0
5447,control,94.8,0,0.0,0
5448,treatment,0.0,0,0.0,0
5449,treatment,32.11,0,0.0,0
5450,treatment,0.0,0,0.0,0
5451,treatment,0.0,0,0.0,0
5452,treatment,0.0,0,0.0,0
5453,treatment,0.0,0,0.0,0
5454,control,68.93,0,0.0,0
5455,control,30.24,0,0.0,0
5456,control,0.0,0,0.0,0
5457,treatment,72.25,0,0.0,0
5458,control,0.0,0,0.0,0
5459,treatment,0.0,0,0.0,0
5460,control,0.0,0,0.0,0
5462,control,78.93,0,0.0,0
5463,treatment,0.0,0,0.0,0
5464,treatment,0.0,0,0.0,0
5465,control,0.0,0,0.0,0
5466,treatment,132.96,1,46.81,0
5467,control,0.0,0,0.0,0
5468,control,0.0,1,27.51,0
5470,control,0.0,0,0.0,0
5471,treatment,23.0,0,0.0,0
5472,treatment,0.0,0,0.0,0
5473,control,55.99,1,49.15,0
5474,control,0.0,0,0.0,0
5475,control,0.0,0,0.0,0
5476,treatment,0.0,0,0.0,0
5477,treatment,0.0,0,0.0,0
5478,control,0.0,0,0.0,0
5479,treatment,224.48,0,0.0,0
5480,control,0.0,0,0.0,0
5481,control,0.0,0,0.0,0
5482,control,54.96,0,0.0,0
5483,control,142.81,0,0.0,0
5484,treatment,106.43,0,0.0,0
5485,control,305.65,1,91.8,0
5486,treatment,33.4,0,0.0,0
5487,treatment,58.62,0,0.0,0
5488,treatment,56.64,0,0.0,0
5489,control,70.95,0,0.0,0
5490,treatment,0.0,0,0.0,0
5491,control,0.0,0,0.0,0
5492,treatment,0.0,1,44.38,0
5493,control,192.96,0,0.0,0
5494,treatment,0.0,0,0.0,0
5495,control,0.0,0,0.0,0
5496,treatment,0.0,0,0.0,0
5497,treatment,154.6,0,0.0,0
5498,control,345.02,1,86.81,0
5499,treatment,0.0,0,0.0,0
5500,control,36.31,0,0.0,0
5501,control,0.0,0,0.0,0
5502,control,0.0,0,0.0,0
5503,treatment,41.43,0,0.0,0
5504,treatment,0.0,0,0.0,0
5505,treatment,140.07,0,0.0,0
5506,treatment,0.0,0,0.0,0
5507,control,12.43,0,0.0,0
5508,control,0.0,0,0.0,0
5510,control,0.0,0,0.0,0
5511,control,0.0,0,0.0,0
5512,control,1034.41,1,233.19,0
5513,control,82.38,0,0.0,0
5514,control,0.0,0,0.0,0
5515,control,0.0,0,0.0,0
5516,control,0.0,0,0.0,0
5517,treatment,0.0,0,0.0,0
5518,control,0.0,0,0.0,0
5519,treatment,68.73,0,0.0,0
5520,control,0.0,0,0.0,0
5521,treatment,0.0,0,0.0,0
5522,control,27.41,0,0.0,0
5523,treatment,0.0,0,0.0,0
5524,control,0.0,0,0.0,0
5525,control,160.59,0,0.0,0
5526,treatment,0.0,0,0.0,0
5527,treatment,0.0,0,0.0,0
5528,treatment,0.0,0,0.0,0
5529,treatment,158.88,0,0.0,0
5530,treatment,154.82,0,0.0,0
5531,control,39.93,0,0.0,0
5532,treatment,140.27,0,0.0,0
5533,control,0.0,0,0.0,0
5534,control,0.0,0,0.0,0
5535,treatment,141.17,0,0.0,0
5536,control,0.0,0,0.0,0
5537,treatment,29.48,0,0.0,0
5538,treatment,224.12,0,0.0,0
5539,control,0.0,0,0.0,0
5540,control,0.0,0,0.0,0
5541,control,50.05,0,0.0,0
5542,treatment,0.0,0,0.0,0
5543,control,57.89,0,0.0,0
5544,control,60.87,0,0.0,0
5545,control,0.0,0,0.0,0
5546,treatment,0.0,1,43.59,0
5547,treatment,371.96,0,0.0,0
5548,control,158.46,1,65.06,1
5549,treatment,0.0,0,0.0,0
5550,treatment,0.0,0,0.0,0
5551,control,0.0,0,0.0,0
5552,control,58.37,0,0.0,0
5553,control,158.36,0,0.0,0
5554,control,0.0,0,0.0,0
5555,treatment,203.89,0,0.0,0
5556,control,39.39,1,83.39,0
5557,treatment,37.46,0,0.0,0
5558,treatment,22.03,0,0.0,0
5559,control,0.0,0,0.0,0
5560,control,0.0,0,0.0,0
5561,control,277.52,0,0.0,0
5562,control,0.0,0,0.0,0
5563,treatment,0.0,0,0.0,0
5565,treatment,135.94,0,0.0,0
5566,treatment,36.6,0,0.0,0
5567,control,237.73,1,88.28,0
5568,control,0.0,0,0.0,0
5569,control,51.75,0,0.0,0
5570,control,62.68,0,0.0,0
5571,treatment,0.0,0,0.0,0
5572,control,26.77,0,0.0,0
5573,treatment,0.0,0,0.0,0
5575,control,0.0,0,0.0,0
5576,treatment,83.54,0,0.0,0
5577,treatment,0.0,0,0.0,0
5578,control,0.0,0,0.0,0
5579,treatment,30.68,0,0.0,0
5580,treatment,0.0,0,0.0,0
5581,control,70.27,1,49.85,0
5582,control,0.0,0,0.0,0
5583,control,41.49,0,0.0,0
5584,control,0.0,0,0.0,0
5585,control,41.17,0,0.0,0
5586,control,0.0,1,154.63,0
5587,treatment,0.0,0,0.0,0
5588,control,0.0,0,0.0,0
5589,control,0.0,0,0.0,0
5590,control,38.93,0,0.0,0
5591,control,97.63,0,0.0,0
5592,control,192.5,0,0.0,0
5593,treatment,99.62,0,0.0,0
5594,control,0.0,0,0.0,0
5595,control,416.41,0,0.0,0
5596,control,219.07,0,0.0,0
5597,treatment,72.12,0,0.0,0
5598,treatment,37.84,0,0.0,0
5599,control,46.2,0,0.0,0
5600,control,52.98,1,32.73,0
5601,treatment,56.97,0,0.0,0
5602,treatment,0.0,0,0.0,0
5603,control,0.0,0,0.0,0
5604,treatment,14.4,0,0.0,0
5605,treatment,0.0,0,0.0,0
5606,control,50.73,0,0.0,0
5607,control,0.0,0,0.0,0
5608,treatment,69.8,0,0.0,0
5609,treatment,0.0,0,0.0,0
5610,treatment,73.26,0,0.0,0
5611,treatment,79.86,0,0.0,0
5612,control,0.0,0,0.0,0
5613,treatment,0.0,0,0.0,0
5614,control,98.24,0,0.0,0
5615,control,0.0,0,0.0,0
5616,treatment,96.92,0,0.0,0
5617,treatment,70.5,0,0.0,0
5618,control,52.25,0,0.0,0
5619,control,0.0,0,0.0,0
5620,control,0.0,0,0.0,0
5621,treatment,0.0,0,0.0,0
5622,control,0.0,0,0.0,0
5623,control,299.12,1,109.84,0
5624,control,0.0,1,65.35,0
5625,control,45.85,0,0.0,0
5626,treatment,47.54,0,0.0,0
5627,treatment,228.7,0,0.0,0
5628,control,194.49,0,0.0,0
5629,control,290.38,0,0.0,0
5630,treatment,66.03,1,72.3,0
5631,treatment,0.0,0,0.0,0
5632,treatment,203.63,0,0.0,0
5633,treatment,67.48,0,0.0,0
5634,control,0.0,0,0.0,0
5635,control,0.0,0,0.0,0
5636,treatment,679.13,0,0.0,0
5637,control,68.67,0,0.0,0
5638,control,91.89,0,0.0,0
5639,treatment,0.0,0,0.0,0
5640,control,0.0,0,0.0,0
5641,control,61.3,0,0.0,0
5642,control,26.48,0,0.0,0
5643,treatment,0.0,0,0.0,0
5644,treatment,0.0,1,26.05,0
5645,treatment,0.0,0,0.0,0
5646,control,107.84,0,0.0,0
5647,control,0.0,0,0.0,0
5648,control,294.76,0,0.0,0
5649,control,885.58,0,0.0,0
5650,control,0.0,0,0.0,0
5651,treatment,0.0,0,0.0,0
5652,control,0.0,0,0.0,0
5653,treatment,0.0,0,0.0,0
5654,control,0.0,0,0.0,0
5656,control,77.67,0,0.0,0
5657,treatment,170.16,0,0.0,0
5658,control,196.83,0,0.0,0
5659,control,0.0,0,0.0,0
5660,treatment,0.0,1,50.25,0
5661,control,0.0,0,0.0,0
5662,control,0.0,0,0.0,0
5663,control,0.0,0,0.0,0
5664,control,28.23,0,0.0,0
5665,treatment,59.68,0,0.0,0
5666,control,0.0,0,0.0,0
5667,control,36.28,0,0.0,0
5668,treatment,0.0,0,0.0,0
5669,control,150.7,0,0.0,0
5670,treatment,0.0,0,0.0,0
5671,treatment,145.17,1,99.13,0
5672,control,18.4,0,0.0,0
5673,control,0.0,0,0.0,0
5674,control,218.39,0,0.0,0
5675,control,0.0,0,0.0,0
5676,control,0.0,0,0.0,0
5677,treatment,0.0,0,0.0,0
5678,control,0.0,0,0.0,0
5679,control,0.0,0,0.0,0
5680,treatment,0.0,0,0.0,0
5681,treatment,0.0,0,0.0,0
5682,treatment,73.62,0,0.0,0
5683,control,0.0,0,0.0,0
5684,control,0.0,0,0.0,0
5685,control,0.0,0,0.0,0
5686,control,88.47,1,22.31,0
5687,control,51.03,0,0.0,0
5688,control,0.0,0,0.0,0
5689,treatment,0.0,0,0.0,0
5690,control,0.0,0,0.0,0
5692,treatment,0.0,0,0.0,0
5693,control,42.94,0,0.0,0
5694,control,0.0,0,0.0,0
5695,control,0.0,0,0.0,0
5696,control,0.0,0,0.0,0
5698,treatment,34.11,0,0.0,0
5699,treatment,0.0,0,0.0,0
5700,treatment,837.05,0,0.0,0
5701,treatment,26.38,0,0.0,0
5702,treatment,0.0,0,0.0,0
5703,treatment,246.75,0,0.0,0
5704,control,0.0,0,0.0,0
5705,control,0.0,0,0.0,0
5706,treatment,117.17,0,0.0,0
5707,treatment,63.45,0,0.0,0
5708,treatment,0.0,0,0.0,0
5709,treatment,0.0,0,0.0,0
5710,control,0.0,0,0.0,0
5711,control,0.0,0,0.0,0
5712,control,34.15,0,0.0,0
5713,control,0.0,0,0.0,0
5714,control,0.0,0,0.0,0
5715,control,124.09,0,0.0,0
5716,control,0.0,1,38.11,0
5717,treatment,0.0,0,0.0,0
5718,control,62.78,0,0.0,0
5719,control,42.61,0,0.0,0
5720,control,0.0,0,0.0,0
5721,control,0.0,0,0.0,0
5722,treatment,46.54,0,0.0,0
5723,treatment,104.95,0,0.0,0
5724,treatment,69.39,1,34.22,0
5725,treatment,34.33,1,41.16,0
5726,control,158.0,1,59.6,0
5727,treatment,395.98,0,0.0,0
5728,treatment,58.11,1,50.08,0
5729,treatment,0.0,1,59.32,0
5730,treatment,570.64,0,0.0,0
5731,control,94.82,0,0.0,0
5732,treatment,347.04,0,0.0,0
5733,treatment,87.32,1,106.89,0
5734,treatment,0.0,0,0.0,0
5735,control,56.8,0,0.0,0
5736,control,57.51,0,0.0,0
5737,control,0.0,0,0.0,0
5738,control,0.0,0,0.0,0
5739,treatment,167.37,0,0.0,0
5740,treatment,0.0,0,0.0,0
5741,control,0.0,0,0.0,0
5742,control,87.96,0,0.0,0
5743,control,172.69,0,0.0,0
5744,control,41.48,0,0.0,0
5745,control,0.0,0,0.0,0
5746,control,0.0,0,0.0,0
5747,control,0.0,0,0.0,0
5748,control,0.0,0,0.0,0
5749,control,0.0,0,0.0,0
5750,treatment,701.37,0,0.0,0
5751,treatment,78.52,0,0.0,0
5752,control,227.0,0,0.0,0
5753,treatment,193.95,1,90.08,0
5754,treatment,0.0,0,0.0,0
5755,treatment,0.0,0,0.0,0
5756,control,40.02,1,28.5,0
5757,control,0.0,0,0.0,0
5758,treatment,0.0,0,0.0,0
5759,control,0.0,0,0.0,0
5761,treatment,0.0,0,0.0,0
5762,control,0.0,0,0.0,0
5763,treatment,116.23,0,0.0,0
5764,control,0.0,0,0.0,0
5765,control,64.56,0,0.0,0
5766,treatment,96.61,0,0.0,0
5767,treatment,77.52,0,0.0,0
5768,treatment,0.0,0,0.0,0
5769,control,69.43,0,0.0,0
5771,treatment,0.0,0,0.0,0
5772,control,0.0,0,0.0,0
5773,treatment,1054.74,0,0.0,0
5774,control,0.0,0,0.0,0
5775,control,49.38,0,0.0,0
5776,control,118.23,0,0.0,0
5777,treatment,0.0,0,0.0,0
5778,control,59.45,0,0.0,0
5779,control,403.22,1,116.16,0
5780,treatment,120.24,0,0.0,0
5781,control,380.53,1,69.26,0
5782,control,268.73,0,0.0,0
5783,treatment,0.0,0,0.0,0
5784,treatment,252.81,0,0.0,0
5785,control,0.0,0,0.0,0
5786,control,62.88,0,0.0,0
5787,control,0.0,0,0.0,0
5788,treatment,794.86,0,0.0,0
5789,control,52.14,0,0.0,0
5790,control,49.64,0,0.0,0
5791,treatment,61.57,0,0.0,0
5792,control,260.34,0,0.0,0
5793,control,0.0,0,0.0,0
5794,control,68.08,0,0.0,0
5795,treatment,0.0,0,0.0,0
5796,control,0.0,0,0.0,0
5797,treatment,0.0,0,0.0,0
5798,treatment,0.0,0,0.0,0
5799,control,913.32,0,0.0,0
5800,treatment,160.47,1,132.66,0
5801,treatment,150.95,1,33.58,0
5802,treatment,104.72,0,0.0,0
5803,treatment,0.0,0,0.0,0
5804,control,30.02,0,0.0,0
5805,treatment,0.0,0,0.0,0
5806,treatment,0.0,0,0.0,0
5807,control,0.0,0,0.0,0
5808,control,75.66,0,0.0,0
5809,control,0.0,0,0.0,0
5810,treatment,0.0,0,0.0,0
5811,control,54.7,0,0.0,0
5812,control,58.89,0,0.0,0
5813,treatment,0.0,0,0.0,0
5814,treatment,41.37,0,0.0,0
5815,treatment,185.0,0,0.0,0
5816,treatment,211.7,1,59.24,0
5817,treatment,0.0,0,0.0,0
5818,treatment,93.82,0,0.0,0
5819,control,0.0,1,16.75,0
5820,treatment,0.0,0,0.0,0
5821,control,0.0,0,0.0,0
5822,treatment,0.0,1,37.63,0
5823,control,70.15,0,0.0,0
5824,control,172.42,0,0.0,0
5825,treatment,0.0,0,0.0,0
5826,control,0.0,0,0.0,0
5827,control,0.0,0,0.0,0
5828,treatment,184.67,0,0.0,0
5829,treatment,0.0,0,0.0,0
5830,treatment,0.0,0,0.0,0
5831,control,0.0,0,0.0,0
5833,control,0.0,0,0.0,0
5834,control,0.0,0,0.0,0
5835,treatment,74.93,1,40.18,0
5836,treatment,27.42,0,0.0,0
5837,control,39.16,0,0.0,0
5838,control,151.12,1,38.8,0
5839,treatment,0.0,0,0.0,0
5840,control,45.41,0,0.0,0
5841,treatment,0.0,0,0.0,0
5842,treatment,461.21,0,0.0,0
5843,control,66.41,0,0.0,0
5844,treatment,196.65,0,0.0,0
5845,treatment,53.88,0,0.0,0
5846,treatment,70.17,0,0.0,0
5847,control,61.43,0,0.0,0
5848,control,0.0,0,0.0,0
5849,control,84.93,0,0.0,0
5850,treatment,24.21,0,0.0,0
5851,control,0.0,0,0.0,0
5852,control,0.0,0,0.0,0
5853,treatment,40.55,0,0.0,0
5854,control,46.78,0,0.0,0
5855,control,0.0,1,55.26,0
5856,treatment,0.0,0,0.0,0
5857,treatment,0.0,0,0.0,0
5858,treatment,77.08,0,0.0,0
5859,control,0.0,0,0.0,0
5860,control,66.45,0,0.0,0
5861,treatment,253.83,0,0.0,0
5862,treatment,0.0,0,0.0,0
5863,control,0.0,0,0.0,0
5864,treatment,64.93,0,0.0,0
5865,treatment,96.84,0,0.0,0
5866,control,36.38,0,0.0,0
5867,treatment,0.0,0,0.0,0
5868,treatment,47.93,0,0.0,0
5869,treatment,0.0,0,0.0,0
5870,control,0.0,0,0.0,0
5871,control,0.0,0,0.0,0
5872,treatment,0.0,0,0.0,0
5873,treatment,369.75,0,0.0,0
5874,treatment,30.95,0,0.0,0
5875,treatment,0.0,0,0.0,0
5876,treatment,0.0,0,0.0,0
5877,control,0.0,0,0.0,0
5878,treatment,75.31,0,0.0,0
5879,treatment,51.54,0,0.0,0
5880,treatment,0.0,1,23.0,0
5881,treatment,0.0,0,0.0,0
5882,treatment,87.65,1,15.03,0
5883,treatment,175.79,0,0.0,0
5884,control,402.36,0,0.0,0
5885,treatment,0.0,0,0.0,0
5886,treatment,0.0,0,0.0,0
5887,control,37.3,0,0.0,0
5889,treatment,0.0,0,0.0,0
5890,treatment,0.0,0,0.0,0
5891,treatment,106.63,0,0.0,0
5892,control,77.4,0,0.0,0
5893,control,65.25,0,0.0,0
5894,treatment,0.0,0,0.0,0
5895,control,503.38,0,0.0,0
5896,treatment,0.0,0,0.0,0
5897,treatment,0.0,1,76.32,0
5898,control,0.0,0,0.0,0
5899,treatment,243.01,0,0.0,0
5900,control,62.91,0,0.0,0
5901,treatment,0.0,0,0.0,0
5902,treatment,52.09,0,0.0,0
5903,control,142.89,0,0.0,0
5904,control,33.43,0,0.0,0
5905,control,0.0,0,0.0,0
5906,control,68.54,1,116.9,0
5907,control,73.15,1,109.99,0
5908,treatment,0.0,0,0.0,0
5909,control,0.0,0,0.0,0
5910,treatment,82.28,0,0.0,0
5911,control,701.04,0,0.0,0
5912,control,66.41,0,0.0,0
5913,control,0.0,0,0.0,0
5914,treatment,35.69,0,0.0,0
5915,treatment,0.0,0,0.0,0
5916,control,0.0,0,0.0,0
5918,treatment,0.0,0,0.0,0
5919,control,62.79,0,0.0,0
5920,control,97.94,0,0.0,0
5921,control,0.0,0,0.0,0
5922,treatment,306.54,1,47.02,0
5923,treatment,58.83,0,0.0,0
5924,control,0.0,0,0.0,0
5925,control,81.66,0,0.0,0
5926,control,92.33,0,0.0,0
5927,control,0.0,0,0.0,0
5928,treatment,71.13,0,0.0,0
5929,treatment,0.0,0,0.0,0
5930,control,160.51,0,0.0,0
5931,treatment,0.0,0,0.0,0
5932,control,67.32,0,0.0,0
5933,control,0.0,0,0.0,0
5934,control,0.0,0,0.0,0
5935,treatment,76.42,0,0.0,0
5936,control,0.0,0,0.0,0
5937,treatment,0.0,0,0.0,0
5938,control,40.89,0,0.0,0
5939,control,132.88,0,0.0,0
5940,treatment,119.07,0,0.0,0
5941,treatment,0.0,1,79.97,0
5942,treatment,0.0,0,0.0,0
5943,control,29.34,0,0.0,0
5944,control,53.81,0,0.0,0
5945,control,257.88,1,97.5,0
5946,control,0.0,0,0.0,0
5947,control,83.21,0,0.0,0
5948,treatment,260.41,1,68.45,0
5949,control,0.0,0,0.0,0
5950,treatment,0.0,0,0.0,0
5951,treatment,0.0,0,0.0,0
5952,control,0.0,0,0.0,0
5953,treatment,102.18,1,108.97,0
5954,control,32.28,0,0.0,0
5955,control,0.0,0,0.0,0
5956,treatment,0.0,0,0.0,0
5957,control,89.26,0,0.0,0
5958,treatment,121.77,0,0.0,0
5959,treatment,61.28,0,0.0,0
5960,control,0.0,0,0.0,0
5961,control,0.0,0,0.0,0
5962,control,0.0,0,0.0,0
5963,treatment,0.0,0,0.0,0
5964,control,0.0,0,0.0,0
5965,treatment,0.0,0,0.0,0
5966,treatment,0.0,0,0.0,0
5967,treatment,69.65,0,0.0,0
5968,treatment,34.56,0,0.0,0
5969,control,96.0,1,26.84,0
5970,control,20.1,0,0.0,0
5971,treatment,0.0,0,0.0,0
5972,treatment,56.38,0,0.0,0
5973,treatment,276.14,1,95.89,0
5974,control,0.0,0,0.0,0
5975,treatment,0.0,0,0.0,0
5976,control,24.85,0,0.0,0
5977,treatment,0.0,0,0.0,0
5978,control,0.0,0,0.0,0
5979,treatment,60.66,0,0.0,0
5980,treatment,95.07,0,0.0,0
5981,treatment,0.0,1,58.94,0
5982,control,45.9,0,0.0,0
5983,treatment,0.0,0,0.0,0
5984,treatment,77.96,0,0.0,0
5985,control,0.0,1,39.89,0
5986,treatment,0.0,0,0.0,0
5987,treatment,60.7,0,0.0,0
5988,treatment,0.0,0,0.0,0
5989,control,0.0,0,0.0,0
5991,treatment,0.0,0,0.0,0
5992,control,0.0,0,0.0,0
5993,treatment,77.03,0,0.0,0
5994,treatment,62.9,0,0.0,0
5995,control,290.99,1,44.17,1
5996,treatment,0.0,0,0.0,0
5997,control,0.0,1,36.79,0
5998,treatment,226.36,0,0.0,0
5999,control,72.22,0,0.0,0
6000,control,0.0,1,33.89,0
6001,treatment,0.0,0,0.0,0
6002,treatment,44.98,0,0.0,0
6003,treatment,110.02,1,94.04,0
6004,treatment,0.0,0,0.0,0
6005,treatment,75.32,1,40.43,0
6006,control,60.45,0,0.0,0
6007,treatment,44.05,0,0.0,0
6008,control,70.93,0,0.0,0
6009,treatment,0.0,0,0.0,0
6010,treatment,116.37,0,0.0,0
6011,control,175.05,1,98.97,0
6012,control,0.0,0,0.0,0
6013,treatment,228.87,0,0.0,0
6014,treatment,0.0,0,0.0,0
6015,control,0.0,0,0.0,0
6016,control,88.16,0,0.0,0
6017,control,251.39,0,0.0,0
6018,treatment,0.0,0,0.0,0
6019,treatment,331.46,1,63.8,0
6020,treatment,104.35,0,0.0,0
6021,treatment,0.0,0,0.0,0
6022,treatment,0.0,0,0.0,0
6023,treatment,160.91,1,120.33,0
6024,treatment,87.53,0,0.0,0
6025,treatment,0.0,0,0.0,0
6026,control,52.0,0,0.0,0
6027,treatment,49.91,0,0.0,0
6028,treatment,0.0,0,0.0,0
6029,treatment,143.17,0,0.0,0
6030,treatment,0.0,0,0.0,0
6031,control,0.0,0,0.0,0
6032,control,0.0,1,66.22,0
6033,control,0.0,0,0.0,0
6034,control,245.3,0,0.0,0
6035,control,0.0,0,0.0,0
6036,treatment,52.33,0,0.0,0
6037,treatment,0.0,0,0.0,0
6038,control,212.53,0,0.0,0
6039,treatment,63.42,0,0.0,0
6040,treatment,30.5,0,0.0,0
6041,control,122.05,0,0.0,0
6042,control,36.82,0,0.0,0
6043,control,54.09,1,47.06,0
6044,control,56.61,0,0.0,0
6045,treatment,0.0,0,0.0,0
6046,treatment,0.0,0,0.0,0
6047,control,0.0,0,0.0,0
6048,control,20.89,0,0.0,0
6049,treatment,84.77,0,0.0,0
6050,control,24.94,0,0.0,0
6051,treatment,97.83,0,0.0,0
6052,control,461.16,0,0.0,0
6053,control,0.0,0,0.0,0
6054,treatment,49.57,0,0.0,0
6055,control,0.0,0,0.0,0
6056,control,0.0,0,0.0,0
6057,control,0.0,0,0.0,0
6058,treatment,0.0,0,0.0,0
6059,control,0.0,0,0.0,0
6060,treatment,40.14,0,0.0,0
6061,treatment,0.0,0,0.0,0
6062,treatment,0.0,0,0.0,0
6063,treatment,0.0,0,0.0,0
6064,treatment,0.0,0,0.0,0
6065,treatment,68.58,0,0.0,0
6066,treatment,0.0,0,0.0,0
6067,treatment,81.03,0,0.0,0
6068,treatment,71.84,1,41.29,0
6069,control,0.0,0,0.0,0
6070,treatment,56.6,0,0.0,0
6071,control,135.06,1,123.78,0
6072,control,0.0,0,0.0,0
6073,treatment,41.19,0,0.0,0
6074,control,0.0,1,47.16,0
6075,treatment,99.49,0,0.0,0
6076,treatment,0.0,0,0.0,0
6077,treatment,0.0,0,0.0,0
6078,treatment,81.65,0,0.0,0
6079,treatment,0.0,0,0.0,0
6080,treatment,0.0,0,0.0,0
6081,treatment,0.0,0,0.0,0
6082,treatment,0.0,0,0.0,0
6083,treatment,0.0,0,0.0,0
6084,control,40.15,0,0.0,0
6085,control,133.25,0,0.0,0
6086,treatment,60.05,0,0.0,0
6087,control,0.0,0,0.0,0
6088,control,0.0,0,0.0,0
6089,control,0.0,0,0.0,0
6090,treatment,91.95,0,0.0,0
6091,control,74.62,1,144.76,0
6092,treatment,53.78,0,0.0,0
6093,treatment,0.0,0,0.0,0
6094,treatment,84.94,0,0.0,0
6095,treatment,78.97,0,0.0,0
6096,treatment,387.34,0,0.0,0
6097,treatment,0.0,1,42.91,0
6098,control,66.76,1,168.51,0
6099,treatment,90.12,1,80.01,0
6100,control,0.0,0,0.0,0
6101,treatment,20.75,0,0.0,0
6102,control,0.0,0,0.0,0
6103,treatment,119.13,1,25.09,0
6104,treatment,0.0,0,0.0,0
6105,control,0.0,0,0.0,0
6106,treatment,46.27,0,0.0,0
6107,control,0.0,0,0.0,0
6108,treatment,125.08,0,0.0,0
6109,control,68.34,0,0.0,0
6110,treatment,445.59,0,0.0,0
6111,treatment,0.0,0,0.0,0
6112,treatment,476.02,1,57.98,0
6113,control,0.0,0,0.0,0
6114,control,0.0,0,0.0,0
6115,control,133.23,0,0.0,0
6116,control,43.42,0,0.0,0
6117,treatment,0.0,0,0.0,0
6118,treatment,39.24,0,0.0,0
6119,control,0.0,0,0.0,0
6120,control,0.0,0,0.0,0
6121,control,71.65,0,0.0,0
6122,control,0.0,0,0.0,0
6123,treatment,0.0,0,0.0,0
6124,treatment,50.37,0,0.0,0
6125,control,387.96,1,106.97,0
6126,treatment,71.31,0,0.0,0
6127,treatment,0.0,0,0.0,0
6128,treatment,57.12,0,0.0,0
6129,control,0.0,0,0.0,0
6130,control,56.38,0,0.0,0
6131,treatment,24.55,0,0.0,0
6132,treatment,73.98,0,0.0,0
6133,treatment,61.38,1,16.16,0
6134,treatment,0.0,0,0.0,0
6135,control,0.0,0,0.0,0
6136,treatment,0.0,0,0.0,0
6137,treatment,351.82,1,49.9,0
6138,treatment,39.41,0,0.0,0
6139,treatment,396.14,1,23.82,0
6140,treatment,0.0,0,0.0,0
6141,treatment,0.0,0,0.0,0
6142,control,0.0,0,0.0,0
6143,treatment,0.0,0,0.0,0
6144,control,0.0,0,0.0,0
6145,control,0.0,0,0.0,0
6146,control,149.34,0,0.0,0
6147,control,0.0,0,0.0,0
6148,control,0.0,0,0.0,0
6149,control,119.05,1,196.36,0
6150,control,68.61,1,57.98,0
6151,treatment,0.0,0,0.0,0
6152,control,252.9,0,0.0,0
6153,treatment,234.7,0,0.0,0
6154,control,0.0,0,0.0,0
6155,treatment,932.41,1,142.44,0
6156,treatment,42.45,0,0.0,0
6157,control,0.0,0,0.0,0
6158,control,0.0,0,0.0,0
6159,treatment,58.21,0,0.0,0
6160,control,0.0,0,0.0,0
6161,control,78.27,0,0.0,0
6162,treatment,278.93,0,0.0,0
6163,control,42.16,0,0.0,0
6164,treatment,57.14,0,0.0,0
6165,control,162.93,0,0.0,0
6166,control,0.0,0,0.0,0
6167,control,297.17,1,67.7,0
6168,treatment,0.0,0,0.0,0
6169,control,0.0,0,0.0,0
6170,treatment,60.34,0,0.0,0
6171,treatment,0.0,0,0.0,0
6172,treatment,0.0,0,0.0,0
6173,control,20.61,0,0.0,0
6174,treatment,0.0,0,0.0,0
6175,treatment,30.68,0,0.0,0
6176,control,0.0,0,0.0,0
6177,control,0.0,0,0.0,0
6178,treatment,17.36,0,0.0,0
6179,control,0.0,0,0.0,0
6180,control,59.4,0,0.0,0
6181,control,0.0,0,0.0,0
6182,control,143.05,1,79.3,0
6183,control,0.0,0,0.0,0
6184,treatment,0.0,1,40.58,0
6185,treatment,37.58,0,0.0,0
6186,treatment,0.0,0,0.0,0
6187,treatment,57.67,0,0.0,0
6188,control,0.0,0,0.0,0
6189,treatment,78.9,1,26.7,0
6190,control,0.0,0,0.0,0
6191,treatment,66.8,0,0.0,0
6192,treatment,0.0,0,0.0,0
6193,treatment,162.59,0,0.0,0
6194,control,0.0,0,0.0,0
6195,control,0.0,0,0.0,0
6196,control,0.0,0,0.0,0
6197,control,0.0,0,0.0,0
6198,control,53.02,0,0.0,0
6199,treatment,70.36,0,0.0,0
6200,control,255.38,0,0.0,0
6201,treatment,0.0,0,0.0,0
6202,treatment,89.12,0,0.0,0
6203,treatment,18.27,0,0.0,0
6204,treatment,0.0,1,52.72,0
6205,treatment,0.0,0,0.0,0
6206,treatment,0.0,0,0.0,0
6207,control,893.87,1,47.59,0
6208,treatment,0.0,0,0.0,0
6209,treatment,0.0,0,0.0,0
6210,control,0.0,0,0.0,0
6211,treatment,0.0,0,0.0,0
6212,control,36.91,0,0.0,0
6213,treatment,0.0,0,0.0,0
6214,control,0.0,0,0.0,0
6215,control,0.0,0,0.0,0
6216,treatment,0.0,1,125.02,0
6217,control,0.0,0,0.0,0
6218,control,0.0,0,0.0,0
6219,treatment,0.0,0,0.0,0
6220,treatment,0.0,0,0.0,0
6221,treatment,0.0,1,29.37,0
6222,treatment,0.0,0,0.0,0
6223,treatment,80.94,0,0.0,0
6224,control,129.07,0,0.0,0
6225,control,0.0,0,0.0,0
6226,control,0.0,0,0.0,0
6227,treatment,0.0,0,0.0,0
6228,treatment,50.28,0,0.0,0
6229,treatment,33.13,0,0.0,0
6230,control,142.56,0,0.0,0
6231,control,333.43,0,0.0,0
6232,treatment,0.0,0,0.0,0
6233,control,0.0,0,0.0,0
6234,treatment,23.68,0,0.0,0
6235,treatment,0.0,0,0.0,0
6236,treatment,0.0,0,0.0,0
6237,control,0.0,0,0.0,0
6239,treatment,0.0,0,0.0,0
6240,control,205.14,0,0.0,0
6241,treatment,0.0,0,0.0,0
6242,treatment,35.81,0,0.0,0
6243,treatment,543.67,1,98.28,0
6244,treatment,150.62,0,0.0,0
6245,control,42.3,0,0.0,0
6246,control,0.0,0,0.0,0
6247,control,0.0,0,0.0,0
6248,treatment,203.97,0,0.0,0
6249,control,0.0,0,0.0,0
6250,control,0.0,0,0.0,0
6251,control,34.38,0,0.0,0
6252,control,48.15,0,0.0,0
6253,treatment,289.13,0,0.0,0
6254,treatment,0.0,0,0.0,0
6255,treatment,0.0,0,0.0,0
6256,control,0.0,0,0.0,0
6257,treatment,266.11,1,63.89,0
6258,control,150.35,0,0.0,0
6259,control,0.0,0,0.0,0
6260,treatment,394.77,0,0.0,0
6261,control,0.0,1,44.93,0
6262,control,27.89,0,0.0,0
6263,control,187.86,1,43.53,0
6264,control,50.15,0,0.0,0
6265,treatment,0.0,0,0.0,0
6266,treatment,0.0,0,0.0,0
6267,control,0.0,0,0.0,0
6268,treatment,34.05,0,0.0,0
6269,control,50.09,0,0.0,0
6270,treatment,0.0,0,0.0,0
6271,treatment,0.0,0,0.0,0
6272,treatment,48.06,0,0.0,0
6273,treatment,137.07,1,95.27,0
6274,treatment,228.53,0,0.0,0
6275,control,126.55,0,0.0,0
6276,control,0.0,0,0.0,0
6277,treatment,0.0,0,0.0,0
6278,control,113.18,1,41.15,0
6279,treatment,139.43,0,0.0,0
6280,control,0.0,0,0.0,0
6281,treatment,0.0,0,0.0,0
6282,treatment,180.82,0,0.0,0
6283,control,0.0,0,0.0,0
6284,control,0.0,0,0.0,0
6285,treatment,0.0,0,0.0,0
6286,control,39.0,0,0.0,0
6287,control,57.81,1,29.88,0
6288,control,0.0,0,0.0,0
6289,control,0.0,0,0.0,0
6290,treatment,30.92,1,263.89,1
6291,treatment,38.51,0,0.0,0
6292,control,0.0,0,0.0,0
6293,control,0.0,0,0.0,0
6294,control,242.32,0,0.0,0
6295,treatment,187.39,0,0.0,0
6296,treatment,0.0,0,0.0,0
6298,treatment,130.26,0,0.0,0
6299,treatment,0.0,0,0.0,0
6300,treatment,0.0,0,0.0,0
6301,treatment,138.52,0,0.0,0
6302,control,181.91,0,0.0,0
6303,treatment,0.0,0,0.0,0
6304,control,49.99,0,0.0,0
6305,treatment,115.1,0,0.0,0
6306,control,45.6,0,0.0,0
6307,control,156.05,0,0.0,0
6308,treatment,0.0,0,0.0,0
6310,treatment,0.0,1,28.48,0
6311,control,0.0,0,0.0,0
6312,control,163.79,0,0.0,0
6313,control,0.0,0,0.0,0
6314,treatment,277.41,1,313.37,0
6315,control,0.0,0,0.0,0
6316,control,225.89,0,0.0,0
6317,control,52.3,0,0.0,0
6318,treatment,0.0,0,0.0,0
6319,treatment,0.0,0,0.0,0
6320,treatment,25.84,0,0.0,0
6321,treatment,105.13,0,0.0,0
6322,control,192.8,0,0.0,0
6323,control,0.0,0,0.0,0
6324,treatment,43.64,0,0.0,0
6325,control,41.43,1,42.84,0
6327,control,27.28,0,0.0,0
6328,treatment,0.0,0,0.0,0
6329,treatment,0.0,1,31.64,0
6330,control,25.85,0,0.0,0
6331,control,0.0,1,37.6,0
6332,treatment,0.0,0,0.0,0
6333,control,26.74,0,0.0,0
6334,control,0.0,0,0.0,0
6335,treatment,54.9,1,44.23,0
6336,treatment,0.0,0,0.0,0
6337,control,0.0,0,0.0,0
6338,treatment,0.0,0,0.0,0
6339,control,45.75,0,0.0,0
6340,treatment,239.15,0,0.0,0
6341,control,389.07,1,136.06,0
6342,treatment,0.0,1,48.52,0
6343,treatment,134.84,0,0.0,0
6344,treatment,859.02,0,0.0,0
6345,control,0.0,0,0.0,0
6346,control,0.0,0,0.0,0
6347,treatment,287.62,0,0.0,0
6348,treatment,26.97,0,0.0,0
6349,control,0.0,0,0.0,0
6350,treatment,98.22,0,0.0,0
6351,control,67.81,0,0.0,0
6353,treatment,39.91,0,0.0,0
6354,control,0.0,0,0.0,0
6355,control,0.0,0,0.0,0
6356,treatment,37.89,0,0.0,0
6357,control,96.59,0,0.0,0
6358,control,0.0,0,0.0,0
6359,control,0.0,0,0.0,0
6360,treatment,90.93,0,0.0,0
6361,treatment,536.4,0,0.0,0
6362,treatment,76.52,0,0.0,0
6363,treatment,0.0,0,0.0,0
6364,control,0.0,0,0.0,0
6365,control,0.0,0,0.0,0
6366,treatment,0.0,0,0.0,0
6367,control,122.26,1,62.88,0
6368,control,61.99,0,0.0,0
6369,treatment,0.0,0,0.0,0
6370,control,0.0,0,0.0,0
6371,treatment,0.0,0,0.0,0
6372,control,55.26,0,0.0,0
6373,control,0.0,0,0.0,0
6375,treatment,0.0,0,0.0,0
6376,treatment,0.0,0,0.0,0
6377,control,91.03,0,0.0,0
6378,control,0.0,0,0.0,0
6379,control,0.0,0,0.0,0
6380,treatment,0.0,0,0.0,0
6381,treatment,0.0,0,0.0,0
6382,treatment,36.05,0,0.0,0
6383,treatment,156.68,0,0.0,0
6384,treatment,0.0,0,0.0,0
6385,control,219.91,0,0.0,0
6386,control,33.36,0,0.0,0
6387,control,0.0,0,0.0,0
6388,control,0.0,0,0.0,0
6389,treatment,0.0,0,0.0,0
6390,control,136.22,1,87.37,0
6391,control,1610.06,1,177.87,0
6392,treatment,0.0,0,0.0,0
6393,control,0.0,0,0.0,0
6394,control,0.0,0,0.0,0
6395,treatment,0.0,0,0.0,0
6396,treatment,0.0,0,0.0,0
6397,treatment,0.0,0,0.0,0
6398,treatment,0.0,1,54.9,0
6399,treatment,0.0,0,0.0,0
6400,control,35.59,0,0.0,0
6401,control,587.03,0,0.0,0
6402,control,86.94,0,0.0,0
6403,treatment,0.0,0,0.0,0
6404,treatment,90.0,0,0.0,0
6405,treatment,72.64,0,0.0,0
6406,control,0.0,0,0.0,0
6407,control,0.0,0,0.0,0
6408,control,0.0,0,0.0,0
6409,treatment,0.0,0,0.0,0
6410,control,41.19,0,0.0,0
6411,treatment,28.32,0,0.0,0
6412,treatment,0.0,0,0.0,0
6413,control,35.59,0,0.0,0
6414,treatment,443.69,0,0.0,0
6415,treatment,0.0,0,0.0,0
6416,control,0.0,0,0.0,0
6417,control,0.0,0,0.0,0
6418,control,0.0,0,0.0,0
6419,treatment,0.0,1,83.43,0
6420,control,0.0,0,0.0,0
6421,treatment,0.0,1,48.28,0
6422,treatment,0.0,0,0.0,0
6423,control,0.0,0,0.0,0
6424,treatment,31.95,0,0.0,0
6425,treatment,81.73,0,0.0,0
6426,control,151.37,0,0.0,0
6427,control,29.4,0,0.0,0
6428,treatment,0.0,0,0.0,0
6429,treatment,0.0,0,0.0,0
6430,treatment,0.0,0,0.0,0
6431,treatment,0.0,0,0.0,0
6432,control,182.36,0,0.0,0
6433,control,77.32,0,0.0,0
6434,treatment,118.23,0,0.0,0
6435,control,57.82,0,0.0,0
6436,treatment,45.4,0,0.0,0
6437,treatment,63.36,0,0.0,0
6438,treatment,0.0,0,0.0,0
6439,treatment,49.62,0,0.0,0
6440,treatment,0.0,0,0.0,0
6441,control,73.73,0,0.0,0
6442,treatment,0.0,0,0.0,0
6443,control,0.0,0,0.0,0
6444,treatment,0.0,0,0.0,0
6445,treatment,0.0,1,104.61,0
6446,treatment,568.03,0,0.0,0
6447,control,0.0,0,0.0,0
6448,control,0.0,0,0.0,0
6449,treatment,40.21,0,0.0,0
6450,control,0.0,0,0.0,0
6451,treatment,49.95,0,0.0,0
6452,treatment,0.0,0,0.0,0
6453,control,235.92,0,0.0,0
6454,control,0.0,1,58.68,0
6455,treatment,125.26,0,0.0,0
6456,treatment,0.0,0,0.0,0
6457,control,0.0,0,0.0,0
6458,treatment,329.44,0,0.0,0
6459,treatment,65.53,0,0.0,0
6460,treatment,59.55,0,0.0,0
6461,control,174.84,0,0.0,0
6462,control,0.0,0,0.0,0
6463,control,0.0,0,0.0,0
6464,control,0.0,0,0.0,0
6465,control,0.0,0,0.0,0
6466,control,0.0,0,0.0,0
6467,treatment,69.01,0,0.0,0
6468,control,37.55,0,0.0,0
6469,control,0.0,0,0.0,0
6470,control,0.0,0,0.0,0
6471,treatment,0.0,0,0.0,0
6472,treatment,0.0,0,0.0,0
6473,control,0.0,1,70.41,0
6474,control,0.0,0,0.0,0
6475,treatment,592.98,0,0.0,0
6476,control,103.51,0,0.0,0
6477,control,0.0,0,0.0,0
6479,control,107.79,0,0.0,0
6480,treatment,132.03,0,0.0,0
6481,treatment,48.84,0,0.0,0
6482,control,0.0,0,0.0,0
6483,treatment,229.03,0,0.0,0
6484,control,0.0,0,0.0,0
6485,control,105.3,0,0.0,0
6486,treatment,115.43,0,0.0,0
6487,treatment,0.0,0,0.0,0
6488,treatment,38.71,0,0.0,0
6489,treatment,181.38,0,0.0,0
6490,control,0.0,0,0.0,0
6491,control,74.4,0,0.0,0
6492,treatment,0.0,0,0.0,0
6493,control,0.0,0,0.0,0
6494,treatment,61.91,1,41.93,0
6495,control,74.22,1,70.3,0
6496,control,0.0,0,0.0,0
6497,treatment,88.06,0,0.0,0
6498,treatment,496.38,0,0.0,0
6499,control,0.0,0,0.0,0
6500,control,30.83,0,0.0,0
6501,treatment,135.86,1,87.05,0
6502,control,40.22,0,0.0,0
6503,control,0.0,0,0.0,0
6504,control,0.0,0,0.0,0
6505,treatment,170.75,0,0.0,0
6506,control,0.0,0,0.0,0
6507,treatment,215.96,0,0.0,0
6508,treatment,0.0,0,0.0,0
6509,control,43.58,0,0.0,0
6510,treatment,41.28,0,0.0,0
6511,treatment,0.0,0,0.0,0
6512,treatment,0.0,0,0.0,0
6513,control,0.0,0,0.0,0
6514,treatment,0.0,0,0.0,0
6515,control,37.76,0,0.0,0
6516,control,0.0,0,0.0,0
6517,control,0.0,0,0.0,0
6518,control,407.05,0,0.0,0
6519,control,147.52,0,0.0,0
6520,control,0.0,0,0.0,0
6521,treatment,190.89,0,0.0,0
6522,treatment,0.0,0,0.0,0
6523,treatment,0.0,0,0.0,0
6524,treatment,0.0,0,0.0,0
6525,control,0.0,0,0.0,0
6526,treatment,0.0,0,0.0,0
6527,treatment,218.69,0,0.0,0
6528,treatment,42.22,0,0.0,0
6529,control,0.0,0,0.0,0
6530,treatment,61.24,1,103.79,0
6531,control,80.84,0,0.0,0
6532,treatment,0.0,0,0.0,0
6533,control,0.0,0,0.0,0
6534,treatment,0.0,0,0.0,0
6535,treatment,0.0,0,0.0,0
6536,treatment,76.59,0,0.0,0
6537,treatment,0.0,1,29.04,0
6538,treatment,0.0,0,0.0,0
6539,treatment,50.06,0,0.0,0
6540,control,141.1,1,35.07,0
6541,control,98.16,0,0.0,0
6542,control,35.11,0,0.0,0
6543,control,0.0,0,0.0,0
6544,control,0.0,1,105.57,0
6545,control,339.26,1,35.64,0
6546,control,0.0,0,0.0,0
6547,treatment,56.77,0,0.0,0
6548,treatment,0.0,0,0.0,0
6549,treatment,0.0,0,0.0,0
6550,treatment,0.0,0,0.0,0
6551,treatment,85.85,0,0.0,0
6552,treatment,0.0,0,0.0,0
6553,control,0.0,0,0.0,0
6554,treatment,0.0,0,0.0,0
6555,control,0.0,0,0.0,0
6556,control,0.0,0,0.0,0
6557,control,0.0,0,0.0,0
6558,treatment,0.0,0,0.0,0
6559,control,0.0,0,0.0,0
6560,treatment,0.0,0,0.0,0
6561,control,0.0,0,0.0,0
6562,treatment,153.16,0,0.0,0
6563,treatment,38.81,0,0.0,0
6564,treatment,169.11,0,0.0,0
6565,control,218.35,0,0.0,0
6566,treatment,0.0,0,0.0,0
6567,treatment,0.0,0,0.0,0
6568,treatment,0.0,0,0.0,0
6569,treatment,103.86,0,0.0,0
6570,treatment,0.0,0,0.0,0
6571,control,0.0,0,0.0,0
6572,control,39.72,0,0.0,0
6573,treatment,0.0,0,0.0,0
6574,control,0.0,0,0.0,0
6575,control,115.86,0,0.0,0
6576,control,0.0,0,0.0,0
6577,control,0.0,0,0.0,0
6578,treatment,46.34,0,0.0,0
6579,control,140.64,0,0.0,0
6580,treatment,31.51,0,0.0,0
6581,treatment,0.0,0,0.0,0
6582,treatment,0.0,0,0.0,0
6583,control,46.33,0,0.0,0
6584,control,368.32,0,0.0,0
6585,treatment,60.26,0,0.0,0
6586,treatment,63.79,0,0.0,0
6587,treatment,0.0,0,0.0,0
6588,control,91.41,1,30.37,0
6589,treatment,0.0,0,0.0,0
6590,treatment,0.0,0,0.0,0
6591,treatment,0.0,0,0.0,0
6592,treatment,0.0,0,0.0,0
6593,control,42.85,0,0.0,0
6594,treatment,269.98,0,0.0,0
6595,treatment,264.4,0,0.0,0
6596,control,195.94,1,282.27,0
6597,control,624.45,1,76.03,0
6598,control,0.0,0,0.0,0
6599,control,68.91,0,0.0,0
6600,control,0.0,0,0.0,0
6601,treatment,0.0,0,0.0,0
6602,treatment,0.0,0,0.0,0
6603,control,0.0,0,0.0,0
6604,treatment,62.2,0,0.0,0
6606,control,48.57,0,0.0,0
6607,control,58.14,0,0.0,0
6608,treatment,0.0,0,0.0,0
6609,control,54.57,0,0.0,0
6610,control,50.26,1,84.69,0
6611,treatment,0.0,0,0.0,0
6612,treatment,0.0,0,0.0,0
6613,control,0.0,0,0.0,0
6614,control,24.81,0,0.0,0
6616,control,74.68,0,0.0,0
6617,control,0.0,0,0.0,0
6618,control,133.24,1,52.77,0
6619,control,0.0,0,0.0,0
6620,treatment,0.0,0,0.0,0
6621,treatment,26.67,0,0.0,0
6622,control,0.0,0,0.0,0
6623,control,0.0,0,0.0,0
6624,treatment,177.8,0,0.0,0
6626,control,0.0,0,0.0,0
6627,control,0.0,0,0.0,0
6628,control,52.25,0,0.0,0
6629,treatment,0.0,0,0.0,0
6630,treatment,141.11,0,0.0,0
6631,treatment,18.06,0,0.0,0
6632,treatment,46.43,0,0.0,0
6633,treatment,0.0,0,0.0,0
6634,treatment,0.0,0,0.0,0
6635,control,0.0,0,0.0,0
6636,control,103.91,0,0.0,0
6637,treatment,38.87,0,0.0,0
6638,control,0.0,0,0.0,0
6639,control,0.0,0,0.0,0
6640,treatment,0.0,0,0.0,0
6641,control,45.54,0,0.0,0
6642,treatment,0.0,0,0.0,0
6643,treatment,0.0,1,79.98,0
6644,treatment,66.49,0,0.0,0
6645,treatment,63.76,0,0.0,0
6646,control,0.0,0,0.0,0
6647,treatment,82.75,0,0.0,0
6648,control,135.04,0,0.0,0
6649,treatment,68.65,0,0.0,0
6650,control,79.32,0,0.0,0
6651,treatment,90.63,0,0.0,0
6652,control,103.3,0,0.0,0
6653,treatment,0.0,1,86.39,0
6654,control,0.0,0,0.0,0
6655,control,0.0,0,0.0,0
6656,control,0.0,0,0.0,0
6657,treatment,0.0,0,0.0,0
6658,treatment,0.0,0,0.0,0
6659,control,133.74,0,0.0,0
6660,treatment,82.8,0,0.0,0
6661,treatment,43.59,0,0.0,0
6662,treatment,0.0,0,0.0,0
6663,treatment,128.38,1,76.1,0
6664,treatment,0.0,0,0.0,0
6665,control,217.22,1,61.13,0
6666,control,0.0,0,0.0,0
6667,control,0.0,1,59.8,0
6668,treatment,0.0,0,0.0,0
6669,treatment,35.27,0,0.0,0
6670,control,0.0,0,0.0,0
6672,treatment,78.73,1,58.66,0
6673,treatment,0.0,0,0.0,0
6674,treatment,173.04,0,0.0,0
6675,control,0.0,0,0.0,0
6676,control,0.0,0,0.0,0
6677,treatment,0.0,0,0.0,0
6678,control,68.95,0,0.0,0
6679,control,0.0,0,0.0,0
6680,control,0.0,0,0.0,0
6681,treatment,0.0,0,0.0,0
6682,control,0.0,0,0.0,0
6683,control,0.0,0,0.0,0
6684,treatment,160.61,0,0.0,0
6685,control,0.0,0,0.0,0
6686,control,89.5,0,0.0,0
6687,treatment,36.31,1,20.93,0
6688,control,40.71,0,0.0,0
6689,treatment,680.06,0,0.0,0
6690,treatment,0.0,0,0.0,0
6691,control,0.0,0,0.0,0
6692,treatment,0.0,0,0.0,0
6693,treatment,74.2,0,0.0,0
6694,treatment,0.0,0,0.0,0
6695,treatment,2987.05,1,61.05,0
6696,control,35.97,0,0.0,0
6697,treatment,121.12,1,48.46,0
6698,control,42.03,0,0.0,0
6699,treatment,0.0,0,0.0,0
6700,treatment,0.0,0,0.0,0
6701,control,101.61,1,230.73,0
6702,control,0.0,0,0.0,0
6703,treatment,50.07,0,0.0,0
6704,control,49.96,0,0.0,0
6705,control,0.0,0,0.0,0
6706,treatment,0.0,0,0.0,0
6707,control,0.0,0,0.0,0
6708,treatment,0.0,0,0.0,0
6709,treatment,0.0,0,0.0,0
6710,treatment,91.42,0,0.0,0
6711,control,0.0,0,0.0,0
6712,control,0.0,0,0.0,0
6713,control,0.0,0,0.0,0
6714,treatment,56.06,0,0.0,0
6715,treatment,92.31,0,0.0,0
6716,treatment,0.0,0,0.0,0
6717,control,0.0,1,51.18,0
6718,treatment,0.0,0,0.0,0
6719,treatment,0.0,0,0.0,0
6720,control,0.0,1,46.55,0
6721,treatment,119.25,0,0.0,0
6722,control,0.0,0,0.0,0
6723,treatment,0.0,0,0.0,0
6724,control,46.9,0,0.0,0
6725,treatment,52.53,0,0.0,0
6726,treatment,0.0,0,0.0,0
6727,control,99.55,0,0.0,0
6728,treatment,480.53,1,58.12,0
6729,treatment,0.0,0,0.0,0
6730,treatment,42.33,0,0.0,0
6731,control,0.0,0,0.0,0
6732,control,0.0,0,0.0,0
6733,control,62.62,0,0.0,0
6734,treatment,0.0,0,0.0,0
6735,control,132.69,0,0.0,0
6736,treatment,37.63,0,0.0,0
6737,control,118.72,0,0.0,0
6738,treatment,32.73,0,0.0,0
6739,treatment,29.85,0,0.0,0
6740,control,0.0,0,0.0,0
6741,treatment,0.0,0,0.0,0
6742,treatment,0.0,0,0.0,0
6743,control,0.0,0,0.0,0
6744,control,119.83,0,0.0,0
6745,treatment,51.01,0,0.0,0
6746,treatment,0.0,0,0.0,0
6747,treatment,96.03,1,41.78,0
6748,treatment,112.45,1,129.57,0
6749,control,0.0,0,0.0,0
6750,control,0.0,0,0.0,0
6751,control,0.0,0,0.0,0
6752,control,39.16,0,0.0,0
6753,treatment,0.0,0,0.0,0
6754,treatment,191.8,0,0.0,0
6755,treatment,0.0,1,26.7,1
6756,treatment,60.87,0,0.0,0
6757,treatment,0.0,0,0.0,0
6758,control,175.63,0,0.0,0
6759,treatment,26.6,0,0.0,0
6760,control,213.56,1,49.87,0
6761,treatment,0.0,0,0.0,0
6762,control,0.0,0,0.0,0
6763,control,80.98,0,0.0,0
6764,treatment,752.88,0,0.0,0
6765,treatment,186.78,0,0.0,0
6766,treatment,0.0,0,0.0,0
6767,control,0.0,0,0.0,0
6768,treatment,65.19,0,0.0,0
6769,control,70.28,0,0.0,0
6770,treatment,0.0,0,0.0,0
6771,control,29.74,0,0.0,0
6772,treatment,97.04,1,181.85,0
6773,control,0.0,1,44.41,0
6774,control,48.79,0,0.0,0
6775,control,30.93,0,0.0,0
6776,treatment,0.0,0,0.0,0
6777,treatment,356.74,0,0.0,0
6778,control,56.56,0,0.0,0
6779,control,0.0,0,0.0,0
6780,treatment,0.0,0,0.0,0
6781,control,105.87,0,0.0,0
6782,treatment,28.73,0,0.0,0
6783,control,84.23,0,0.0,0
6784,control,0.0,0,0.0,0
6785,control,0.0,0,0.0,0
6786,treatment,35.01,0,0.0,0
6787,control,25.28,0,0.0,0
6788,control,0.0,1,33.77,0
6789,treatment,0.0,0,0.0,0
6790,treatment,44.02,0,0.0,0
6791,control,0.0,0,0.0,0
6792,control,0.0,0,0.0,0
6793,control,52.27,0,0.0,0
6794,treatment,0.0,0,0.0,0
6795,control,28.46,1,83.22,0
6796,treatment,58.28,1,46.62,0
6797,treatment,75.99,0,0.0,0
6799,treatment,168.28,0,0.0,0
6800,control,32.66,0,0.0,0
6801,treatment,0.0,0,0.0,0
6802,control,48.43,0,0.0,0
6803,control,80.42,0,0.0,0
6804,treatment,0.0,0,0.0,0
6805,treatment,53.53,0,0.0,0
6806,control,56.11,0,0.0,0
6807,treatment,0.0,0,0.0,0
6808,control,0.0,0,0.0,0
6809,control,0.0,1,97.3,0
6810,treatment,818.84,0,0.0,0
6811,treatment,0.0,0,0.0,0
6812,treatment,85.42,0,0.0,0
6813,treatment,0.0,0,0.0,0
6814,control,0.0,0,0.0,0
6815,treatment,0.0,0,0.0,0
6816,treatment,47.89,0,0.0,0
6818,treatment,0.0,0,0.0,0
6819,treatment,98.74,0,0.0,0
6820,treatment,87.22,0,0.0,0
6821,treatment,136.14,0,0.0,0
6822,treatment,54.56,0,0.0,0
6823,treatment,0.0,0,0.0,0
6824,treatment,0.0,0,0.0,0
6825,control,48.14,0,0.0,0
6826,control,40.91,0,0.0,0
6827,control,0.0,0,0.0,0
6828,control,387.28,0,0.0,0
6829,treatment,0.0,0,0.0,0
6830,treatment,158.91,0,0.0,0
6831,treatment,218.18,0,0.0,0
6832,treatment,0.0,0,0.0,0
6833,treatment,0.0,0,0.0,0
6834,control,0.0,0,0.0,0
6835,treatment,0.0,0,0.0,0
6836,treatment,28.0,0,0.0,0
6837,control,0.0,0,0.0,0
6838,control,0.0,0,0.0,0
6839,treatment,55.51,0,0.0,0
6840,treatment,0.0,0,0.0,0
6841,treatment,0.0,0,0.0,0
6842,control,82.41,0,0.0,0
6843,control,255.77,0,0.0,0
6844,control,33.26,0,0.0,0
6845,control,76.45,1,124.03,0
6846,treatment,0.0,0,0.0,0
6847,treatment,187.25,0,0.0,0
6848,treatment,291.67,0,0.0,0
6849,treatment,0.0,0,0.0,0
6850,treatment,0.0,0,0.0,0
6851,control,0.0,0,0.0,0
6852,control,0.0,0,0.0,0
6853,control,73.25,0,0.0,0
6854,treatment,58.39,0,0.0,0
6855,control,0.0,0,0.0,0
6856,control,0.0,0,0.0,0
6857,treatment,26.71,0,0.0,0
6858,control,0.0,0,0.0,0
6859,control,0.0,0,0.0,0
6860,treatment,191.43,0,0.0,0
6861,treatment,0.0,1,106.2,0
6862,control,74.6,1,73.78,1
6863,treatment,0.0,0,0.0,0
6864,control,75.24,0,0.0,0
6865,treatment,0.0,0,0.0,0
6866,treatment,0.0,0,0.0,0
6867,treatment,343.05,1,83.98,0
6868,treatment,0.0,0,0.0,0
6869,control,51.54,0,0.0,0
6870,control,0.0,0,0.0,0
6871,treatment,0.0,0,0.0,0
6872,treatment,0.0,0,0.0,0
6873,treatment,0.0,0,0.0,0
6874,treatment,0.0,0,0.0,0
6875,control,55.64,0,0.0,0
6876,control,0.0,0,0.0,0
6877,control,0.0,0,0.0,0
6878,control,187.61,0,0.0,0
6879,treatment,0.0,0,0.0,0
6880,control,0.0,0,0.0,0
6881,treatment,48.61,1,40.38,0
6882,control,101.08,0,0.0,0
6883,control,0.0,0,0.0,0
6884,control,96.27,0,0.0,0
6885,control,0.0,0,0.0,0
6886,control,52.36,0,0.0,0
6888,treatment,53.96,0,0.0,0
6889,control,0.0,0,0.0,0
6890,control,0.0,0,0.0,0
6891,treatment,534.42,0,0.0,0
6892,treatment,81.97,0,0.0,0
6893,control,68.89,0,0.0,0
6894,control,0.0,0,0.0,0
6895,treatment,0.0,0,0.0,0
6896,control,128.26,1,59.01,0
6897,control,0.0,0,0.0,0
6898,control,24.86,0,0.0,0
6899,treatment,0.0,0,0.0,0
6900,control,71.59,0,0.0,0
6901,treatment,0.0,0,0.0,0
6902,control,0.0,1,41.16,0
6903,treatment,47.84,0,0.0,0
6904,control,0.0,0,0.0,0
6905,control,0.0,0,0.0,0
6906,treatment,32.07,1,63.73,1
6907,control,0.0,0,0.0,0
6908,treatment,59.83,1,67.63,0
6909,control,79.19,0,0.0,0
6910,control,0.0,0,0.0,0
6911,treatment,0.0,0,0.0,0
6912,control,0.0,0,0.0,0
6913,control,63.74,0,0.0,0
6914,treatment,0.0,0,0.0,0
6917,control,275.93,0,0.0,0
6918,treatment,0.0,0,0.0,0
6919,treatment,0.0,0,0.0,0
6920,treatment,67.23,0,0.0,0
6921,treatment,210.84,1,58.12,0
6922,treatment,81.51,1,61.68,0
6923,treatment,69.11,0,0.0,0
6924,treatment,73.94,0,0.0,0
6925,control,0.0,0,0.0,0
6926,control,0.0,0,0.0,0
6927,control,0.0,0,0.0,0
6928,control,0.0,1,141.2,0
6929,treatment,0.0,0,0.0,0
6930,treatment,0.0,0,0.0,0
6931,control,0.0,0,0.0,0
6932,treatment,167.45,0,0.0,0
6933,treatment,0.0,0,0.0,0
6934,control,0.0,0,0.0,0
6935,control,90.96,0,0.0,0
6936,control,0.0,0,0.0,0
6937,treatment,0.0,0,0.0,0
6938,treatment,39.0,0,0.0,0
6939,control,0.0,0,0.0,0
6940,control,0.0,0,0.0,0
6941,treatment,0.0,0,0.0,0
6942,control,51.19,0,0.0,0
6943,treatment,876.89,0,0.0,0
6944,control,30.02,0,0.0,0
6945,treatment,0.0,0,0.0,0
6946,treatment,0.0,0,0.0,0
6947,treatment,0.0,0,0.0,0
6948,control,0.0,1,74.71,0
6949,treatment,0.0,0,0.0,0
6950,control,0.0,0,0.0,0
6951,treatment,0.0,0,0.0,0
6952,control,0.0,1,71.54,0
6953,control,0.0,0,0.0,0
6954,control,107.16,0,0.0,0
6955,treatment,0.0,0,0.0,0
6956,control,0.0,0,0.0,0
6957,treatment,0.0,0,0.0,0
6958,control,52.03,0,0.0,0
6959,control,84.46,0,0.0,0
6960,treatment,33.1,0,0.0,0
6961,treatment,0.0,0,0.0,0
6962,control,55.74,0,0.0,0
6963,control,129.68,1,96.61,0
6964,control,88.2,1,54.61,0
6965,control,0.0,0,0.0,0
6966,treatment,97.84,1,62.49,0
6967,treatment,0.0,0,0.0,0
6968,treatment,0.0,0,0.0,0
6969,control,0.0,0,0.0,0
6970,treatment,48.7,0,0.0,0
6971,control,0.0,0,0.0,0
6972,control,31.91,1,18.12,0
6973,control,0.0,0,0.0,0
6974,treatment,43.19,0,0.0,0
6975,treatment,49.96,0,0.0,0
6976,control,72.4,0,0.0,0
6977,treatment,0.0,1,57.58,0
6978,treatment,62.78,0,0.0,0
6979,treatment,0.0,0,0.0,0
6980,treatment,0.0,0,0.0,0
6981,treatment,51.69,0,0.0,0
6982,treatment,0.0,0,0.0,0
6983,treatment,94.5,0,0.0,0
6984,control,0.0,0,0.0,0
6985,treatment,136.69,0,0.0,0
6986,treatment,0.0,0,0.0,0
6987,control,0.0,0,0.0,0
6988,control,0.0,0,0.0,0
6989,control,0.0,0,0.0,0
6990,control,109.28,1,34.93,0
6991,control,52.9,0,0.0,0
6992,control,0.0,0,0.0,0
6993,treatment,0.0,0,0.0,0
6994,control,0.0,0,0.0,0
6995,control,131.82,1,25.76,0
6996,treatment,0.0,0,0.0,0
6997,treatment,257.4,0,0.0,0
6998,treatment,23.55,0,0.0,0
6999,treatment,0.0,0,0.0,0
7000,treatment,95.1,1,42.67,0
7001,control,0.0,0,0.0,0
7002,treatment,0.0,0,0.0,0
7003,treatment,0.0,1,65.24,0
7004,control,0.0,0,0.0,0
7005,treatment,0.0,1,54.53,0
7006,treatment,0.0,0,0.0,0
7007,control,260.7,0,0.0,0
7008,control,0.0,0,0.0,0
7009,treatment,0.0,0,0.0,0
7010,control,51.22,0,0.0,0
7011,treatment,0.0,0,0.0,0
7012,control,0.0,0,0.0,0
7013,control,65.34,0,0.0,0
7014,treatment,54.8,0,0.0,0
7015,control,49.74,0,0.0,0
7016,control,97.93,0,0.0,0
7017,treatment,80.18,0,0.0,0
7018,treatment,303.81,1,74.65,0
7019,control,0.0,0,0.0,0
7020,control,74.02,1,74.33,0
7021,control,121.86,1,64.43,0
7022,control,126.1,0,0.0,0
7023,treatment,43.77,0,0.0,0
7024,treatment,0.0,0,0.0,0
7025,treatment,42.14,1,88.25,0
7026,treatment,33.39,0,0.0,0
7027,control,0.0,0,0.0,0
7028,control,43.16,0,0.0,0
7029,control,87.19,0,0.0,0
7030,treatment,97.52,0,0.0,0
7031,control,0.0,0,0.0,0
7032,treatment,68.61,0,0.0,0
7033,treatment,0.0,1,19.15,0
7034,treatment,0.0,0,0.0,0
7035,control,60.34,0,0.0,0
7036,control,0.0,0,0.0,0
7037,control,40.24,0,0.0,0
7038,control,42.19,0,0.0,0
7039,control,75.93,0,0.0,0
7040,control,0.0,0,0.0,0
7041,treatment,400.56,1,58.33,0
7042,control,681.94,0,0.0,0
7043,control,0.0,0,0.0,0
7044,control,36.61,0,0.0,0
7045,control,0.0,0,0.0,0
7046,treatment,0.0,0,0.0,0
7047,treatment,69.39,0,0.0,0
7049,control,0.0,0,0.0,0
7050,treatment,0.0,0,0.0,0
7051,treatment,27.77,0,0.0,0
7052,control,0.0,0,0.0,0
7053,control,0.0,0,0.0,0
7054,treatment,0.0,0,0.0,0
7055,treatment,122.35,0,0.0,0
7056,control,0.0,0,0.0,0
7057,control,0.0,1,79.19,0
7058,treatment,0.0,0,0.0,0
7059,treatment,53.84,0,0.0,0
7060,treatment,0.0,0,0.0,0
7061,control,0.0,0,0.0,0
7062,treatment,0.0,0,0.0,0
7063,treatment,24.53,0,0.0,0
7064,control,162.7,0,0.0,0
7065,control,0.0,0,0.0,0
7066,treatment,165.08,1,82.95,0
7067,treatment,0.0,1,34.43,0
7068,treatment,57.88,0,0.0,0
7069,control,0.0,0,0.0,0
7070,treatment,37.39,0,0.0,0
7071,treatment,0.0,0,0.0,0
7072,treatment,30.32,0,0.0,0
7073,control,190.18,0,0.0,0
7074,treatment,0.0,0,0.0,0
7075,control,0.0,0,0.0,0
7076,treatment,0.0,0,0.0,0
7077,treatment,0.0,0,0.0,0
7078,control,69.05,0,0.0,0
7079,control,0.0,0,0.0,0
7080,treatment,0.0,0,0.0,0
7081,control,0.0,0,0.0,0
7082,control,125.24,0,0.0,0
7083,treatment,0.0,1,37.67,0
7085,control,0.0,1,117.3,0
7086,treatment,96.96,0,0.0,0
7087,control,80.69,0,0.0,0
7088,treatment,65.05,0,0.0,0
7089,treatment,147.62,0,0.0,0
7090,control,0.0,1,20.64,0
7091,treatment,141.55,0,0.0,0
7092,control,61.54,1,58.12,0
7093,treatment,81.03,0,0.0,0
7096,treatment,69.25,0,0.0,0
7097,treatment,86.2,0,0.0,0
7098,treatment,0.0,0,0.0,0
7100,control,38.82,0,0.0,0
7101,treatment,40.09,0,0.0,0
7102,treatment,109.29,0,0.0,0
7103,treatment,105.01,0,0.0,0
7104,treatment,42.87,0,0.0,0
7105,treatment,0.0,0,0.0,0
7106,treatment,54.94,0,0.0,0
7107,control,267.51,0,0.0,0
7108,treatment,192.77,0,0.0,0
7109,treatment,36.94,0,0.0,0
7110,control,163.57,0,0.0,0
7111,treatment,147.43,0,0.0,0
7112,control,53.65,0,0.0,0
7113,control,524.94,1,157.28,0
7114,control,0.0,0,0.0,0
7115,treatment,35.79,0,0.0,0
7116,treatment,0.0,0,0.0,0
7117,control,0.0,0,0.0,0
7118,control,0.0,0,0.0,0
7119,treatment,65.56,1,34.64,0
7120,treatment,60.64,0,0.0,0
7121,treatment,0.0,0,0.0,0
7122,treatment,0.0,0,0.0,0
7123,treatment,0.0,0,0.0,0
7124,treatment,91.44,0,0.0,0
7125,treatment,0.0,0,0.0,0
7126,treatment,0.0,0,0.0,0
7127,treatment,0.0,1,54.46,0
7128,treatment,0.0,0,0.0,0
7129,treatment,34.42,1,73.82,0
7130,treatment,70.13,0,0.0,0
7131,treatment,0.0,0,0.0,0
7132,treatment,0.0,1,27.78,0
7133,control,0.0,0,0.0,0
7134,treatment,92.95,0,0.0,0
7135,treatment,40.83,0,0.0,0
7136,control,42.98,1,59.2,0
7137,treatment,0.0,0,0.0,0
7138,treatment,138.0,0,0.0,0
7139,control,0.0,0,0.0,0
7140,treatment,38.44,1,45.93,0
7141,treatment,100.43,0,0.0,0
7142,control,154.07,1,110.46,0
7143,treatment,168.66,0,0.0,0
7144,treatment,0.0,1,48.13,0
7145,treatment,0.0,1,78.17,0
7146,treatment,0.0,1,21.56,0
7147,treatment,0.0,0,0.0,0
7148,control,0.0,0,0.0,0
7149,treatment,0.0,0,0.0,0
7150,control,0.0,0,0.0,0
7151,control,0.0,0,0.0,0
7152,treatment,0.0,0,0.0,0
7153,control,0.0,0,0.0,0
7154,control,0.0,1,108.41,0
7155,treatment,0.0,0,0.0,0
7156,treatment,336.92,1,148.13,0
7157,control,24.7,0,0.0,0
7158,treatment,0.0,0,0.0,0
7159,control,38.19,0,0.0,0
7160,control,0.0,0,0.0,0
7161,control,89.3,0,0.0,0
7162,control,88.43,0,0.0,0
7163,control,0.0,0,0.0,0
7164,treatment,26.76,0,0.0,0
7165,control,29.36,0,0.0,0
7166,control,127.31,1,63.06,0
7167,control,69.28,0,0.0,0
7168,control,0.0,0,0.0,0
7169,control,134.06,0,0.0,0
7170,treatment,0.0,0,0.0,0
7171,treatment,0.0,0,0.0,0
7172,control,0.0,0,0.0,0
7173,control,0.0,0,0.0,0
7174,treatment,147.64,0,0.0,0
7175,control,37.1,0,0.0,0
7176,control,49.18,0,0.0,0
7177,treatment,0.0,0,0.0,0
7178,treatment,41.79,0,0.0,0
7179,control,245.07,1,60.98,0
7180,treatment,0.0,0,0.0,0
7181,treatment,0.0,0,0.0,0
7182,control,0.0,0,0.0,0
7183,control,38.29,0,0.0,0
7184,control,0.0,0,0.0,0
7185,control,41.93,0,0.0,0
7186,control,69.83,0,0.0,0
7187,treatment,96.14,0,0.0,0
7188,treatment,0.0,0,0.0,0
7189,control,44.45,0,0.0,0
7190,treatment,0.0,0,0.0,0
7191,treatment,185.53,0,0.0,0
7192,treatment,107.67,0,0.0,0
7193,treatment,178.17,0,0.0,0
7194,control,0.0,0,0.0,0
7195,treatment,34.01,0,0.0,0
7196,control,79.04,1,124.95,0
7197,treatment,0.0,0,0.0,0
7198,control,0.0,0,0.0,0
7200,control,0.0,0,0.0,0
7201,treatment,0.0,0,0.0,0
7202,control,59.65,0,0.0,0
7203,control,0.0,0,0.0,0
7204,treatment,0.0,0,0.0,0
7205,control,0.0,0,0.0,0
7206,treatment,0.0,0,0.0,0
7207,treatment,0.0,0,0.0,0
7208,treatment,74.72,0,0.0,0
7209,control,43.63,0,0.0,0
7210,control,0.0,0,0.0,0
7211,treatment,66.07,0,0.0,0
7212,control,0.0,0,0.0,0
7213,treatment,0.0,0,0.0,0
7214,control,381.01,0,0.0,0
7215,control,0.0,0,0.0,0
7216,treatment,0.0,0,0.0,0
7217,control,273.35,1,58.57,0
7218,treatment,0.0,0,0.0,0
7219,control,63.98,1,39.63,0
7220,treatment,65.59,0,0.0,0
7221,treatment,0.0,0,0.0,0
7222,treatment,99.15,0,0.0,0
7223,treatment,0.0,0,0.0,0
7224,treatment,183.27,0,0.0,0
7225,control,37.3,0,0.0,0
7226,treatment,0.0,0,0.0,0
7227,treatment,48.05,0,0.0,0
7228,control,0.0,0,0.0,0
7229,control,72.14,0,0.0,0
7230,treatment,0.0,0,0.0,0
7231,treatment,0.0,0,0.0,0
7232,treatment,22.6,0,0.0,0
7233,treatment,0.0,0,0.0,0
7234,control,27.63,0,0.0,0
7235,control,0.0,0,0.0,0
7236,control,0.0,0,0.0,0
7237,treatment,0.0,0,0.0,0
7238,control,74.97,0,0.0,0
7239,control,40.72,0,0.0,0
7240,control,0.0,0,0.0,0
7241,control,144.99,0,0.0,0
7242,control,54.06,0,0.0,0
7243,treatment,138.12,0,0.0,0
7244,control,81.94,0,0.0,0
7245,control,0.0,0,0.0,0
7246,control,0.0,0,0.0,0
7247,control,82.87,0,0.0,0
7248,control,37.63,0,0.0,0
7249,treatment,145.27,0,0.0,0
7250,treatment,42.41,0,0.0,0
7251,control,0.0,0,0.0,0
7252,control,0.0,0,0.0,0
7253,treatment,39.91,0,0.0,0
7254,treatment,0.0,0,0.0,0
7255,treatment,0.0,0,0.0,0
7256,control,0.0,0,0.0,0
7257,treatment,0.0,0,0.0,0
7258,treatment,0.0,1,33.31,0
7259,treatment,34.94,0,0.0,0
7260,control,69.46,0,0.0,0
7261,control,0.0,0,0.0,0
7262,treatment,0.0,0,0.0,0
7263,treatment,40.16,1,78.78,0
7264,treatment,0.0,0,0.0,0
7265,control,0.0,0,0.0,0
7266,control,21.51,0,0.0,0
7267,control,0.0,0,0.0,0
7268,control,138.73,0,0.0,0
7269,control,144.89,0,0.0,0
7270,control,0.0,1,46.42,0
7271,treatment,0.0,0,0.0,0
7272,treatment,114.64,0,0.0,0
7273,treatment,60.87,0,0.0,0
7274,control,80.22,0,0.0,0
7275,treatment,203.51,0,0.0,0
7276,control,65.69,0,0.0,0
7277,treatment,85.09,0,0.0,0
7278,control,0.0,0,0.0,0
7279,treatment,98.63,0,0.0,0
7281,treatment,102.63,0,0.0,0
7282,control,24.97,0,0.0,0
7283,control,0.0,0,0.0,0
7284,control,81.98,0,0.0,0
7285,control,31.43,0,0.0,0
7286,treatment,110.52,0,0.0,0
7287,control,0.0,0,0.0,0
7288,control,59.96,1,37.85,0
7290,control,89.86,0,0.0,0
7291,treatment,0.0,0,0.0,0
7292,treatment,129.21,0,0.0,0
7293,treatment,113.54,0,0.0,0
7294,control,0.0,0,0.0,0
7295,treatment,0.0,0,0.0,0
7296,treatment,0.0,0,0.0,0
7297,treatment,87.85,1,64.21,0
7298,control,45.6,0,0.0,0
7299,treatment,52.51,0,0.0,0
7300,control,0.0,1,37.92,0
7301,treatment,0.0,0,0.0,0
7302,control,50.18,0,0.0,0
7303,control,0.0,0,0.0,0
7304,treatment,0.0,0,0.0,0
7305,control,0.0,0,0.0,0
7306,control,138.9,0,0.0,0
7307,control,0.0,0,0.0,0
7308,control,201.29,0,0.0,0
7309,treatment,68.18,0,0.0,0
7310,treatment,0.0,0,0.0,0
7311,control,0.0,0,0.0,0
7312,control,16.55,0,0.0,0
7313,control,61.24,0,0.0,0
7314,treatment,0.0,0,0.0,0
7315,control,0.0,1,17.42,0
7316,treatment,243.61,1,72.42,0
7317,control,0.0,0,0.0,0
7318,treatment,193.69,0,0.0,0
7320,treatment,53.36,0,0.0,0
7321,treatment,67.27,0,0.0,0
7322,control,79.72,0,0.0,0
7323,control,0.0,0,0.0,0
7324,control,118.52,0,0.0,0
7325,treatment,0.0,0,0.0,0
7326,control,104.28,0,0.0,0
7327,control,261.72,1,82.8,0
7328,treatment,0.0,0,0.0,0
7329,treatment,321.65,1,39.86,0
7330,control,0.0,0,0.0,0
7332,control,0.0,0,0.0,0
7334,control,0.0,0,0.0,0
7335,control,0.0,1,97.3,0
7336,treatment,0.0,1,14.89,0
7337,treatment,0.0,1,27.09,0
7338,control,0.0,0,0.0,0
7339,control,48.22,0,0.0,0
7340,treatment,0.0,0,0.0,0
7341,treatment,36.34,0,0.0,0
7343,treatment,30.0,0,0.0,0
7344,control,0.0,0,0.0,0
7345,control,0.0,0,0.0,0
7346,treatment,45.79,0,0.0,0
7347,treatment,0.0,0,0.0,0
7348,control,17.16,0,0.0,0
7349,treatment,0.0,0,0.0,0
7350,control,76.15,0,0.0,0
7351,control,0.0,0,0.0,0
7352,control,34.27,0,0.0,0
7353,treatment,0.0,0,0.0,0
7354,control,141.73,0,0.0,0
7355,control,113.11,0,0.0,0
7356,treatment,45.95,0,0.0,0
7357,control,0.0,0,0.0,0
7358,control,98.22,0,0.0,0
7359,control,80.31,0,0.0,0
7360,treatment,271.78,0,0.0,0
7361,treatment,0.0,0,0.0,0
7362,control,0.0,0,0.0,0
7363,control,0.0,0,0.0,0
7364,control,0.0,0,0.0,0
7365,control,0.0,0,0.0,0
7366,treatment,0.0,0,0.0,0
7367,treatment,110.2,0,0.0,0
7368,control,0.0,0,0.0,0
7369,treatment,0.0,0,0.0,0
7370,treatment,40.64,0,0.0,0
7371,control,30.74,0,0.0,0
7372,control,22.02,0,0.0,0
7373,control,0.0,0,0.0,0
7374,control,99.23,1,38.27,0
7375,treatment,0.0,0,0.0,0
7376,control,0.0,0,0.0,0
7377,control,0.0,1,40.24,0
7378,treatment,104.09,0,0.0,0
7379,control,71.93,0,0.0,0
7380,treatment,91.21,0,0.0,0
7381,treatment,0.0,0,0.0,0
7382,treatment,0.0,0,0.0,0
7383,treatment,0.0,0,0.0,0
7384,control,0.0,0,0.0,0
7385,control,62.14,0,0.0,0
7386,control,0.0,0,0.0,0
7387,treatment,110.58,0,0.0,0
7388,control,65.7,1,41.7,0
7389,control,0.0,0,0.0,0
7390,treatment,0.0,0,0.0,0
7391,control,82.95,0,0.0,0
7392,control,45.13,0,0.0,0
7393,treatment,0.0,0,0.0,0
7395,control,0.0,0,0.0,0
7396,control,0.0,0,0.0,0
7397,treatment,0.0,0,0.0,0
7398,treatment,0.0,0,0.0,0
7399,treatment,0.0,0,0.0,0
7400,control,198.19,0,0.0,0
7401,treatment,44.48,0,0.0,0
7402,treatment,96.14,0,0.0,0
7403,treatment,0.0,0,0.0,0
7404,treatment,0.0,0,0.0,0
7405,treatment,0.0,0,0.0,0
7406,treatment,0.0,0,0.0,0
7407,control,0.0,0,0.0,0
7408,control,0.0,0,0.0,0
7409,treatment,83.77,0,0.0,0
7410,control,132.67,0,0.0,0
7411,treatment,0.0,0,0.0,0
7412,control,0.0,0,0.0,0
7413,control,31.85,0,0.0,0
7414,control,56.85,0,0.0,0
7415,treatment,74.81,0,0.0,0
7416,control,214.33,0,0.0,0
7417,control,85.48,1,63.12,0
7418,treatment,0.0,0,0.0,0
7419,control,196.63,0,0.0,0
7420,treatment,134.8,0,0.0,0
7421,treatment,48.51,1,36.54,0
7422,control,0.0,0,0.0,0
7423,treatment,194.52,0,0.0,0
7424,control,39.58,0,0.0,0
7425,control,34.31,0,0.0,0
7426,treatment,0.0,0,0.0,0
7427,treatment,0.0,0,0.0,0
7428,treatment,0.0,0,0.0,0
7429,control,74.35,0,0.0,0
7430,treatment,41.04,0,0.0,0
7431,treatment,324.26,0,0.0,0
7432,control,48.62,0,0.0,0
7433,treatment,34.41,0,0.0,0
7434,control,229.89,0,0.0,0
7435,control,0.0,0,0.0,0
7436,treatment,106.46,0,0.0,0
7437,control,49.18,0,0.0,0
7438,control,0.0,0,0.0,0
7439,treatment,53.11,0,0.0,0
7440,control,24.26,0,0.0,0
7441,control,34.66,0,0.0,0
7442,treatment,0.0,0,0.0,0
7443,treatment,41.82,1,26.74,0
7444,treatment,34.09,0,0.0,0
7445,treatment,37.79,0,0.0,0
7446,treatment,157.25,0,0.0,0
7447,treatment,0.0,0,0.0,0
7448,treatment,44.82,0,0.0,0
7449,control,34.86,0,0.0,0
7450,control,114.47,0,0.0,0
7451,control,0.0,0,0.0,0
7452,treatment,387.52,1,98.82,0
7453,treatment,0.0,0,0.0,0
7454,control,49.92,0,0.0,0
7455,control,0.0,0,0.0,0
7456,control,292.11,0,0.0,0
7457,control,0.0,0,0.0,0
7458,treatment,71.61,0,0.0,0
7459,control,0.0,0,0.0,0
7460,control,118.57,0,0.0,0
7461,control,0.0,0,0.0,0
7462,control,26.52,0,0.0,0
7463,control,0.0,0,0.0,0
7464,control,42.07,0,0.0,0
7465,treatment,53.97,0,0.0,0
7466,control,0.0,0,0.0,0
7467,control,0.0,0,0.0,0
7468,control,50.44,0,0.0,0
7469,treatment,0.0,0,0.0,0
7470,treatment,183.35,0,0.0,0
7471,control,66.75,0,0.0,0
7472,treatment,0.0,0,0.0,0
7473,control,0.0,1,42.62,0
7474,treatment,0.0,0,0.0,0
7475,control,0.0,0,0.0,0
7476,treatment,66.87,0,0.0,0
7477,control,172.51,0,0.0,0
7478,control,67.57,1,52.17,0
7479,treatment,0.0,0,0.0,0
7480,control,0.0,0,0.0,0
7481,treatment,0.0,0,0.0,0
7482,treatment,0.0,0,0.0,0
7483,control,79.83,0,0.0,0
7484,treatment,156.73,1,76.68,0
7485,treatment,0.0,0,0.0,0
7486,treatment,208.98,0,0.0,0
7487,control,0.0,0,0.0,0
7488,control,0.0,0,0.0,0
7489,treatment,0.0,0,0.0,0
7490,control,165.13,1,105.7,0
7491,control,0.0,0,0.0,0
7492,control,66.27,0,0.0,0
7493,control,131.34,1,139.73,0
7494,control,0.0,1,54.51,0
7495,treatment,512.2,1,56.21,0
7497,treatment,0.0,0,0.0,0
7498,control,0.0,0,0.0,0
7499,treatment,63.13,0,0.0,0
7500,treatment,0.0,0,0.0,0
7501,control,0.0,0,0.0,0
7502,treatment,68.31,0,0.0,0
7503,treatment,0.0,0,0.0,0
7504,treatment,108.69,0,0.0,0
7505,control,144.17,1,116.6,0
7506,treatment,128.84,1,45.06,0
7507,control,0.0,0,0.0,0
7508,control,0.0,0,0.0,0
7509,treatment,154.28,1,41.91,0
7510,control,162.53,0,0.0,0
7511,control,0.0,0,0.0,0
7512,treatment,46.74,0,0.0,0
7513,treatment,0.0,0,0.0,0
7514,control,37.64,0,0.0,0
7515,control,235.63,0,0.0,0
7516,control,0.0,0,0.0,0
7517,control,0.0,0,0.0,0
7518,control,62.28,0,0.0,0
7519,treatment,0.0,0,0.0,0
7520,treatment,0.0,0,0.0,0
7521,control,0.0,0,0.0,0
7522,treatment,30.33,0,0.0,0
7523,treatment,0.0,0,0.0,0
7524,treatment,62.14,0,0.0,0
7525,control,36.27,0,0.0,0
7526,treatment,50.9,0,0.0,0
7527,control,0.0,0,0.0,0
7528,treatment,27.36,0,0.0,0
7529,treatment,0.0,0,0.0,0
7530,control,0.0,0,0.0,0
7531,treatment,0.0,0,0.0,0
7532,treatment,67.51,0,0.0,0
7533,control,87.47,0,0.0,0
7534,control,0.0,0,0.0,0
7535,control,0.0,1,31.91,0
7537,treatment,0.0,0,0.0,0
7538,control,62.57,0,0.0,0
7539,control,112.76,1,78.88,0
7540,treatment,0.0,0,0.0,0
7541,treatment,0.0,0,0.0,0
7542,control,0.0,0,0.0,0
7543,treatment,0.0,0,0.0,0
7544,control,0.0,0,0.0,0
7545,treatment,0.0,0,0.0,0
7546,control,53.43,0,0.0,0
7547,treatment,0.0,0,0.0,0
7548,treatment,0.0,0,0.0,0
7549,treatment,109.74,0,0.0,0
7550,treatment,0.0,0,0.0,0
7551,treatment,0.0,0,0.0,0
7552,control,71.34,0,0.0,0
7553,treatment,103.37,0,0.0,0
7554,control,105.48,0,0.0,0
7555,control,134.64,0,0.0,0
7556,treatment,90.78,0,0.0,0
7557,control,0.0,0,0.0,0
7558,control,38.44,0,0.0,0
7559,treatment,0.0,0,0.0,0
7560,control,191.44,0,0.0,0
7561,control,103.27,0,0.0,0
7562,control,0.0,0,0.0,0
7563,control,0.0,0,0.0,0
7564,treatment,0.0,0,0.0,0
7565,control,180.76,0,0.0,0
7566,treatment,135.53,0,0.0,0
7567,treatment,42.89,0,0.0,0
7568,treatment,0.0,0,0.0,0
7569,treatment,61.6,0,0.0,0
7570,control,0.0,0,0.0,0
7571,control,0.0,0,0.0,0
7572,control,148.1,0,0.0,0
7573,treatment,67.94,0,0.0,0
7574,control,0.0,0,0.0,0
7575,treatment,0.0,0,0.0,0
7576,control,38.6,1,54.29,0
7577,treatment,0.0,0,0.0,0
7578,control,0.0,0,0.0,0
7579,treatment,0.0,0,0.0,0
7580,control,142.12,0,0.0,0
7581,control,46.06,0,0.0,0
7582,control,0.0,0,0.0,0
7583,treatment,45.55,0,0.0,0
7584,control,61.14,0,0.0,0
7585,control,0.0,0,0.0,0
7586,treatment,169.58,0,0.0,0
7587,treatment,0.0,1,53.67,0
7588,treatment,0.0,0,0.0,0
7589,treatment,109.74,0,0.0,0
7590,treatment,62.1,0,0.0,0
7591,control,0.0,0,0.0,0
7592,control,0.0,1,80.61,0
7593,treatment,110.63,1,71.99,0
7594,treatment,116.77,0,0.0,0
7595,control,0.0,0,0.0,0
7596,control,0.0,0,0.0,0
7597,treatment,0.0,0,0.0,0
7598,treatment,278.59,0,0.0,0
7599,control,0.0,1,84.61,0
7600,treatment,26.84,0,0.0,0
7601,treatment,75.42,0,0.0,0
7602,control,0.0,0,0.0,0
7604,control,0.0,0,0.0,0
7605,treatment,0.0,0,0.0,0
7606,control,0.0,1,18.34,0
7607,control,164.54,0,0.0,0
7608,treatment,82.24,0,0.0,0
7609,control,0.0,0,0.0,0
7610,control,41.46,0,0.0,0
7611,control,32.65,0,0.0,0
7612,control,261.84,1,114.99,0
7613,control,0.0,0,0.0,0
7614,control,0.0,0,0.0,0
7615,treatment,48.01,0,0.0,0
7616,control,0.0,0,0.0,0
7617,treatment,91.72,0,0.0,0
7618,treatment,36.76,0,0.0,0
7619,treatment,0.0,0,0.0,0
7620,treatment,117.29,0,0.0,0
7621,treatment,0.0,0,0.0,0
7622,control,307.61,0,0.0,0
7623,control,0.0,0,0.0,0
7624,treatment,65.84,0,0.0,0
7625,control,0.0,0,0.0,0
7626,treatment,145.24,0,0.0,0
7627,control,47.94,0,0.0,0
7628,treatment,34.1,0,0.0,0
7629,treatment,99.89,0,0.0,0
7630,treatment,195.33,0,0.0,0
7631,control,46.56,0,0.0,0
7632,control,72.94,0,0.0,0
7633,treatment,0.0,0,0.0,0
7634,treatment,209.58,1,129.97,0
7635,control,0.0,0,0.0,0
7636,treatment,0.0,0,0.0,0
7637,treatment,404.74,1,47.41,0
7638,control,100.91,0,0.0,0
7640,treatment,0.0,0,0.0,0
7641,control,0.0,0,0.0,0
7642,control,0.0,0,0.0,0
7643,control,96.29,0,0.0,0
7644,treatment,130.86,0,0.0,0
7645,treatment,0.0,0,0.0,0
7646,treatment,0.0,0,0.0,0
7647,treatment,72.68,0,0.0,0
7648,control,0.0,0,0.0,0
7649,control,771.45,1,66.97,0
7650,control,0.0,0,0.0,0
7651,treatment,0.0,0,0.0,0
7652,treatment,0.0,0,0.0,0
7653,control,0.0,0,0.0,0
7654,control,169.61,0,0.0,0
7655,control,63.22,0,0.0,0
7656,treatment,0.0,0,0.0,0
7658,treatment,198.28,0,0.0,0
7659,control,0.0,0,0.0,0
7660,treatment,238.83,0,0.0,0
7661,control,45.16,0,0.0,0
7662,treatment,0.0,0,0.0,0
7663,treatment,127.45,0,0.0,0
7664,control,372.0,0,0.0,0
7665,treatment,465.79,0,0.0,0
7666,treatment,0.0,0,0.0,0
7667,treatment,116.33,0,0.0,0
7668,control,278.81,0,0.0,0
7669,treatment,28.24,0,0.0,0
7670,control,0.0,0,0.0,0
7671,treatment,0.0,0,0.0,0
7672,treatment,32.18,0,0.0,0
7673,treatment,0.0,0,0.0,0
7674,control,0.0,1,49.15,0
7675,control,71.77,0,0.0,0
7676,treatment,0.0,0,0.0,0
7677,treatment,411.97,0,0.0,0
7678,control,0.0,0,0.0,0
7679,treatment,0.0,0,0.0,0
7680,treatment,0.0,0,0.0,0
7681,control,45.8,1,112.94,0
7682,treatment,0.0,0,0.0,0
7683,control,0.0,1,40.52,0
7684,control,84.52,0,0.0,0
7685,control,259.45,0,0.0,0
7686,control,0.0,0,0.0,0
7687,control,116.65,1,68.15,0
7688,control,0.0,0,0.0,0
7689,treatment,0.0,0,0.0,0
7690,treatment,41.46,0,0.0,0
7691,treatment,71.33,0,0.0,0
7692,treatment,0.0,0,0.0,0
7693,control,171.9,0,0.0,0
7694,treatment,251.14,0,0.0,0
7695,treatment,819.24,0,0.0,0
7696,control,0.0,0,0.0,0
7697,treatment,0.0,0,0.0,0
7698,control,41.11,0,0.0,0
7699,treatment,0.0,0,0.0,0
7700,control,17.22,0,0.0,0
7701,treatment,55.81,0,0.0,0
7702,treatment,0.0,0,0.0,0
7703,control,68.96,0,0.0,0
7704,treatment,102.5,1,56.84,0
7705,treatment,0.0,0,0.0,0
7706,treatment,0.0,0,0.0,0
7707,treatment,146.85,0,0.0,0
7708,control,0.0,0,0.0,0
7709,treatment,0.0,0,0.0,0
7710,control,67.34,1,47.97,0
7711,control,0.0,0,0.0,0
7712,treatment,0.0,0,0.0,0
7713,treatment,0.0,0,0.0,0
7715,control,528.0,0,0.0,0
7716,treatment,0.0,0,0.0,0
7717,control,0.0,0,0.0,0
7718,control,0.0,0,0.0,0
7719,control,0.0,0,0.0,0
7720,control,543.02,0,0.0,0
7721,control,0.0,0,0.0,0
7722,treatment,30.07,0,0.0,0
7723,control,0.0,0,0.0,0
7724,treatment,0.0,0,0.0,0
7725,control,47.36,0,0.0,0
7726,control,579.4,1,211.11,0
7727,control,0.0,1,29.25,0
7728,treatment,87.44,0,0.0,0
7729,control,0.0,0,0.0,0
7730,treatment,0.0,0,0.0,0
7731,control,27.16,0,0.0,0
7732,treatment,173.2,1,57.89,0
7733,treatment,156.46,0,0.0,0
7734,treatment,41.97,0,0.0,0
7735,control,33.27,0,0.0,0
7736,treatment,0.0,0,0.0,0
7737,control,54.65,0,0.0,0
7738,control,33.78,1,11.09,0
7739,treatment,0.0,0,0.0,0
7740,control,80.71,0,0.0,0
7741,treatment,97.31,0,0.0,0
7742,treatment,35.49,0,0.0,0
7743,control,140.08,0,0.0,0
7744,control,84.35,0,0.0,0
7745,treatment,0.0,0,0.0,0
7746,treatment,34.73,0,0.0,0
7747,control,0.0,0,0.0,0
7748,treatment,41.65,0,0.0,0
7749,treatment,0.0,0,0.0,0
7750,treatment,0.0,0,0.0,0
7751,control,58.9,0,0.0,0
7752,control,0.0,0,0.0,0
7753,control,0.0,0,0.0,0
7754,control,0.0,1,67.47,0
7755,treatment,102.22,0,0.0,0
7756,control,0.0,0,0.0,0
7757,control,0.0,0,0.0,0
7758,treatment,64.72,0,0.0,0
7760,control,0.0,0,0.0,0
7761,control,77.73,0,0.0,0
7762,control,86.99,0,0.0,0
7763,treatment,0.0,1,54.92,0
7764,treatment,60.84,0,0.0,0
7765,control,87.98,0,0.0,0
7766,control,107.04,0,0.0,0
7767,control,0.0,0,0.0,0
7768,treatment,83.8,0,0.0,0
7769,control,284.66,1,64.87,0
7770,control,0.0,0,0.0,0
7771,treatment,239.54,1,121.89,0
7772,treatment,0.0,1,44.78,0
7773,treatment,0.0,0,0.0,0
7774,treatment,0.0,0,0.0,0
7775,control,40.35,0,0.0,0
7776,control,122.32,0,0.0,0
7777,treatment,0.0,0,0.0,0
7778,control,155.28,1,45.7,0
7779,treatment,187.27,0,0.0,0
7780,control,744.29,1,49.62,1
7781,control,754.31,1,47.56,0
7782,control,55.4,0,0.0,0
7783,treatment,0.0,0,0.0,0
7784,control,0.0,0,0.0,0
7785,control,0.0,0,0.0,0
7786,control,0.0,0,0.0,0
7787,control,0.0,0,0.0,0
7788,treatment,0.0,0,0.0,0
7789,control,0.0,0,0.0,0
7791,control,0.0,0,0.0,0
7792,control,0.0,0,0.0,0
7793,control,38.71,0,0.0,0
7794,control,64.98,0,0.0,0
7795,control,0.0,0,0.0,0
7796,control,137.75,0,0.0,0
7797,treatment,75.98,0,0.0,0
7798,treatment,30.85,0,0.0,0
7799,treatment,0.0,1,56.67,0
7800,control,82.6,1,31.54,0
7801,control,0.0,0,0.0,0
7802,control,0.0,1,66.93,1
7803,treatment,46.75,0,0.0,0
7804,control,53.08,0,0.0,0
7805,treatment,91.23,0,0.0,0
7806,treatment,0.0,0,0.0,0
7807,treatment,0.0,0,0.0,0
7808,control,0.0,0,0.0,0
7809,control,0.0,0,0.0,0
7810,treatment,208.94,0,0.0,0
7811,control,112.92,0,0.0,0
7812,control,31.88,0,0.0,0
7813,control,0.0,0,0.0,0
7815,treatment,116.25,1,54.97,0
7816,treatment,0.0,0,0.0,0
7817,treatment,0.0,0,0.0,0
7818,treatment,0.0,0,0.0,0
7819,treatment,0.0,0,0.0,0
7820,control,92.24,0,0.0,0
7821,treatment,434.94,0,0.0,0
7822,control,116.97,0,0.0,0
7823,treatment,0.0,0,0.0,0
7824,control,0.0,0,0.0,0
7825,treatment,36.67,0,0.0,0
7826,treatment,54.92,1,42.22,0
7827,treatment,0.0,0,0.0,0
7828,treatment,0.0,0,0.0,0
7829,treatment,483.61,0,0.0,0
7830,control,20.48,0,0.0,0
7831,treatment,126.41,1,53.0,0
7832,treatment,46.35,0,0.0,0
7833,treatment,137.58,0,0.0,0
7834,treatment,0.0,0,0.0,0
7835,treatment,171.47,0,0.0,0
7836,control,446.64,0,0.0,0
7837,treatment,277.91,0,0.0,0
7838,control,97.81,0,0.0,0
7839,control,60.45,0,0.0,0
7840,treatment,0.0,0,0.0,0
7841,control,0.0,1,18.41,0
7842,treatment,314.86,0,0.0,0
7843,control,260.24,0,0.0,0
7844,treatment,66.36,1,73.55,0
7845,control,0.0,0,0.0,0
7846,treatment,0.0,0,0.0,0
7847,control,112.91,0,0.0,0
7848,treatment,55.07,0,0.0,0
7849,control,42.57,0,0.0,0
7850,control,77.28,0,0.0,0
7851,treatment,46.64,0,0.0,0
7852,treatment,0.0,0,0.0,0
7853,control,0.0,0,0.0,0
7854,treatment,0.0,0,0.0,0
7855,treatment,115.98,0,0.0,0
7857,control,56.54,0,0.0,0
7858,control,73.39,0,0.0,0
7859,control,54.13,0,0.0,0
7860,treatment,23.65,0,0.0,0
7861,treatment,46.05,0,0.0,0
7862,treatment,0.0,0,0.0,0
7863,control,145.9,0,0.0,0
7864,treatment,65.91,0,0.0,0
7866,control,0.0,1,104.77,1
7867,control,0.0,0,0.0,0
7868,treatment,454.03,1,152.92,0
7869,treatment,0.0,0,0.0,0
7870,treatment,0.0,0,0.0,0
7871,treatment,0.0,0,0.0,0
7872,treatment,154.14,0,0.0,0
7873,treatment,0.0,0,0.0,0
7874,treatment,329.73,0,0.0,0
7875,treatment,30.23,0,0.0,0
7876,control,196.99,0,0.0,0
7877,control,0.0,0,0.0,0
7878,control,62.55,0,0.0,0
7879,treatment,188.27,0,0.0,0
7880,control,68.2,0,0.0,0
7881,treatment,41.65,0,0.0,0
7882,treatment,0.0,0,0.0,0
7883,treatment,222.8,0,0.0,0
7884,treatment,39.17,0,0.0,0
7885,treatment,0.0,0,0.0,0
7886,control,0.0,0,0.0,0
7887,treatment,39.9,0,0.0,0
7888,control,0.0,0,0.0,0
7889,control,54.36,0,0.0,0
7890,treatment,0.0,0,0.0,0
7891,treatment,214.82,0,0.0,0
7892,control,21.58,0,0.0,0
7893,treatment,0.0,0,0.0,0
7894,control,0.0,0,0.0,0
7895,treatment,0.0,1,46.75,0
7896,treatment,58.23,1,34.69,0
7897,treatment,0.0,0,0.0,0
7898,treatment,0.0,0,0.0,0
7899,control,135.84,1,55.21,0
7900,treatment,81.08,0,0.0,0
7901,treatment,0.0,0,0.0,0
7902,treatment,0.0,0,0.0,0
7903,control,331.19,1,106.58,0
7904,control,37.45,1,27.49,0
7905,control,73.03,0,0.0,0
7906,control,259.68,0,0.0,0
7907,control,32.09,1,84.62,0
7908,treatment,0.0,0,0.0,0
7909,treatment,144.37,0,0.0,0
7910,control,139.3,1,132.02,0
7911,control,70.59,0,0.0,0
7912,treatment,61.13,1,110.57,0
7913,treatment,0.0,1,95.19,0
7914,control,0.0,0,0.0,0
7915,control,47.43,1,28.36,0
7916,control,225.21,0,0.0,0
7917,control,35.43,0,0.0,0
7918,treatment,116.44,0,0.0,0
7919,treatment,0.0,0,0.0,0
7920,control,0.0,1,76.07,0
7921,control,86.68,0,0.0,0
7922,control,41.24,0,0.0,0
7923,treatment,0.0,0,0.0,0
7924,control,60.51,0,0.0,0
7925,control,0.0,0,0.0,0
7926,treatment,0.0,0,0.0,0
7927,treatment,81.5,1,24.6,0
7928,control,0.0,1,61.66,0
7929,treatment,0.0,0,0.0,0
7930,treatment,0.0,0,0.0,0
7931,treatment,277.36,1,168.3,0
7932,control,50.78,0,0.0,0
7933,control,38.96,0,0.0,0
7934,treatment,91.27,0,0.0,0
7936,control,140.69,0,0.0,0
7937,treatment,82.49,0,0.0,0
7938,control,0.0,0,0.0,0
7939,treatment,113.21,0,0.0,0
7940,control,64.96,0,0.0,0
7941,treatment,37.27,0,0.0,0
7942,treatment,103.77,0,0.0,0
7943,treatment,0.0,0,0.0,0
7944,treatment,0.0,1,22.19,0
7945,treatment,79.91,0,0.0,0
7946,treatment,117.9,0,0.0,0
7947,control,29.66,0,0.0,0
7948,treatment,0.0,0,0.0,0
7949,control,37.86,1,47.47,0
7950,control,44.03,0,0.0,0
7951,treatment,36.42,1,63.92,0
7952,control,128.26,0,0.0,0
7953,control,0.0,0,0.0,0
7954,treatment,60.85,0,0.0,0
7955,treatment,0.0,0,0.0,0
7956,treatment,69.56,0,0.0,0
7957,control,0.0,0,0.0,0
7958,control,0.0,1,34.85,0
7959,treatment,0.0,0,0.0,0
7960,control,0.0,0,0.0,0
7961,control,112.0,0,0.0,0
7962,treatment,0.0,0,0.0,0
7963,treatment,46.0,0,0.0,0
7964,treatment,56.37,0,0.0,0
7965,control,85.51,0,0.0,0
7966,control,0.0,1,69.25,0
7967,treatment,0.0,0,0.0,0
7968,treatment,89.37,0,0.0,0
7969,control,0.0,0,0.0,0
7970,treatment,67.81,1,45.64,0
7971,control,92.12,0,0.0,0
7972,control,62.22,1,40.99,0
7973,treatment,97.73,0,0.0,0
7974,treatment,164.96,0,0.0,0
7975,control,44.79,1,39.4,0
7976,control,0.0,0,0.0,0
7977,control,32.1,0,0.0,0
7978,control,49.32,0,0.0,0
7979,treatment,63.73,0,0.0,0
7980,treatment,23.76,1,52.05,0
7981,treatment,114.85,0,0.0,0
7982,treatment,0.0,0,0.0,0
7983,treatment,20.54,0,0.0,0
7984,treatment,58.15,0,0.0,0
7985,treatment,187.21,0,0.0,0
7986,treatment,0.0,0,0.0,0
7987,treatment,38.54,0,0.0,0
7988,treatment,124.04,0,0.0,0
7989,control,0.0,0,0.0,0
7990,control,0.0,0,0.0,0
7991,treatment,0.0,1,46.71,0
7992,treatment,52.03,0,0.0,0
7993,control,423.65,0,0.0,0
7994,treatment,0.0,0,0.0,0
7995,control,0.0,0,0.0,0
7996,treatment,0.0,0,0.0,0
7997,treatment,31.66,0,0.0,0
7998,control,0.0,0,0.0,0
7999,treatment,0.0,0,0.0,0
8001,treatment,27.93,0,0.0,0
8002,treatment,234.24,0,0.0,0
8003,treatment,0.0,0,0.0,0
8004,treatment,27.64,0,0.0,0
8006,treatment,0.0,0,0.0,0
8007,treatment,56.23,0,0.0,0
8008,control,0.0,0,0.0,0
8009,control,198.14,0,0.0,0
8010,control,37.07,0,0.0,0
8011,control,52.08,0,0.0,0
8012,treatment,277.83,1,29.07,0
8013,control,0.0,0,0.0,0
8014,control,38.63,0,0.0,0
8015,treatment,0.0,0,0.0,0
8016,treatment,0.0,0,0.0,0
8017,treatment,33.08,0,0.0,0
8018,control,41.0,0,0.0,0
8019,treatment,0.0,0,0.0,0
8020,treatment,0.0,0,0.0,0
8021,control,75.75,0,0.0,0
8022,control,94.54,0,0.0,0
8023,treatment,0.0,0,0.0,0
8024,treatment,230.27,0,0.0,0
8025,treatment,184.77,0,0.0,0
8026,control,0.0,0,0.0,0
8027,treatment,39.23,0,0.0,0
8028,treatment,0.0,1,54.0,0
8029,control,0.0,0,0.0,0
8030,control,32.81,1,51.9,0
8031,control,41.82,0,0.0,0
8032,control,0.0,0,0.0,0
8033,control,0.0,0,0.0,0
8034,control,22.42,0,0.0,0
8035,control,52.34,0,0.0,0
8036,treatment,157.49,0,0.0,0
8037,control,122.18,0,0.0,0
8038,control,0.0,1,119.14,0
8039,control,0.0,0,0.0,0
8040,control,411.8,0,0.0,0
8041,treatment,0.0,0,0.0,0
8042,control,0.0,0,0.0,0
8043,control,710.41,0,0.0,0
8044,control,28.66,0,0.0,0
8045,treatment,0.0,0,0.0,0
8046,control,0.0,0,0.0,0
8047,control,138.52,0,0.0,0
8048,control,58.19,0,0.0,0
8049,control,139.35,1,113.47,0
8050,control,0.0,0,0.0,0
8051,treatment,27.42,0,0.0,0
8052,treatment,161.68,0,0.0,0
8053,control,183.8,1,125.62,0
8054,treatment,61.54,0,0.0,0
8055,control,63.64,0,0.0,0
8057,treatment,34.81,0,0.0,0
8058,control,70.88,0,0.0,0
8059,treatment,25.49,0,0.0,0
8060,treatment,62.26,0,0.0,0
8061,control,0.0,0,0.0,0
8062,treatment,45.76,0,0.0,0
8063,treatment,0.0,0,0.0,0
8064,control,0.0,0,0.0,0
8065,treatment,0.0,1,63.5,0
8066,control,276.17,0,0.0,0
8067,control,0.0,0,0.0,0
8068,treatment,0.0,0,0.0,0
8069,treatment,199.98,0,0.0,0
8070,treatment,0.0,0,0.0,0
8071,control,88.15,0,0.0,0
8072,control,0.0,0,0.0,0
8073,control,51.24,1,26.75,0
8074,treatment,0.0,0,0.0,0
8075,treatment,0.0,0,0.0,0
8076,treatment,105.32,0,0.0,0
8077,control,108.4,0,0.0,0
8078,control,0.0,0,0.0,0
8079,treatment,0.0,0,0.0,0
8080,control,0.0,0,0.0,0
8081,control,37.75,0,0.0,0
8082,control,53.73,0,0.0,0
8083,treatment,0.0,0,0.0,0
8084,treatment,0.0,0,0.0,0
8085,control,53.68,0,0.0,0
8086,control,0.0,0,0.0,0
8087,control,0.0,0,0.0,0
8088,treatment,0.0,0,0.0,0
8089,treatment,52.22,1,47.01,0
8090,control,40.74,0,0.0,0
8091,treatment,0.0,0,0.0,0
8092,treatment,46.72,0,0.0,0
8093,treatment,0.0,0,0.0,0
8094,treatment,228.22,1,28.7,0
8095,control,194.67,0,0.0,0
8096,control,134.94,0,0.0,0
8097,control,0.0,0,0.0,0
8098,treatment,0.0,0,0.0,0
8099,treatment,0.0,0,0.0,0
8100,treatment,0.0,0,0.0,0
8101,treatment,374.34,1,102.7,0
8102,control,46.19,1,97.47,0
8103,treatment,164.77,1,89.65,0
8104,treatment,0.0,0,0.0,0
8105,treatment,143.61,0,0.0,0
8106,control,825.13,0,0.0,0
8107,treatment,69.15,0,0.0,0
8108,control,416.56,0,0.0,0
8109,treatment,265.99,1,72.87,0
8110,control,0.0,0,0.0,0
8111,treatment,165.37,0,0.0,0
8112,control,111.8,0,0.0,0
8113,treatment,71.81,0,0.0,0
8114,control,0.0,1,17.56,0
8115,control,1259.13,1,182.11,0
8116,treatment,64.83,0,0.0,0
8117,treatment,0.0,1,59.13,0
8118,control,289.56,1,65.1,1
8119,control,0.0,0,0.0,0
8120,control,0.0,0,0.0,0
8121,treatment,0.0,0,0.0,0
8122,control,134.9,0,0.0,0
8123,control,0.0,0,0.0,0
8125,control,42.15,0,0.0,0
8126,control,0.0,1,32.24,0
8127,treatment,35.27,0,0.0,0
8128,treatment,53.27,0,0.0,0
8129,control,63.91,0,0.0,0
8130,treatment,88.28,0,0.0,0
8131,treatment,54.15,0,0.0,0
8132,control,0.0,0,0.0,0
8133,treatment,0.0,0,0.0,0
8134,treatment,147.74,0,0.0,0
8135,control,0.0,0,0.0,0
8136,control,65.64,0,0.0,0
8137,control,52.81,0,0.0,0
8138,control,0.0,0,0.0,0
8139,treatment,101.57,0,0.0,0
8140,control,34.98,0,0.0,0
8141,treatment,392.8,1,36.89,0
8142,control,0.0,0,0.0,0
8143,control,167.59,0,0.0,0
8144,treatment,43.47,0,0.0,0
8145,treatment,0.0,0,0.0,0
8146,treatment,47.33,0,0.0,0
8147,control,0.0,0,0.0,0
8148,control,0.0,0,0.0,0
8149,control,3728.89,1,126.85,0
8150,treatment,44.35,0,0.0,0
8151,control,63.35,0,0.0,0
8152,control,0.0,0,0.0,0
8153,control,0.0,1,69.27,0
8154,treatment,0.0,0,0.0,0
8155,control,0.0,0,0.0,0
8156,treatment,0.0,0,0.0,0
8157,treatment,92.73,0,0.0,0
8158,treatment,45.01,0,0.0,0
8159,control,0.0,0,0.0,0
8160,control,0.0,0,0.0,0
8161,control,19.75,0,0.0,0
8162,control,81.32,0,0.0,0
8163,control,0.0,0,0.0,0
8164,treatment,81.24,1,25.23,0
8165,treatment,127.14,0,0.0,0
8166,control,62.85,0,0.0,0
8167,treatment,126.44,0,0.0,0
8168,treatment,0.0,0,0.0,0
8169,treatment,154.98,0,0.0,0
8170,treatment,0.0,0,0.0,0
8171,control,36.77,0,0.0,0
8172,treatment,255.88,1,130.49,0
8173,treatment,0.0,0,0.0,0
8174,treatment,0.0,0,0.0,0
8175,control,33.33,0,0.0,0
8176,control,63.1,0,0.0,0
8177,control,0.0,0,0.0,0
8178,treatment,56.21,1,66.55,0
8179,treatment,53.8,0,0.0,0
8180,control,306.78,1,110.89,1
8181,control,56.35,0,0.0,0
8182,treatment,160.06,1,52.59,0
8183,treatment,0.0,0,0.0,0
8184,control,43.51,0,0.0,0
8185,treatment,0.0,0,0.0,0
8186,control,0.0,0,0.0,0
8187,treatment,0.0,0,0.0,0
8188,treatment,0.0,0,0.0,0
8189,treatment,0.0,0,0.0,0
8190,control,37.53,0,0.0,0
8191,control,41.4,0,0.0,0
8192,control,77.78,1,77.97,0
8193,control,0.0,0,0.0,0
8194,control,72.44,0,0.0,0
8195,control,283.41,0,0.0,0
8196,treatment,0.0,0,0.0,0
8197,treatment,0.0,0,0.0,0
8198,control,61.59,0,0.0,0
8199,treatment,42.32,0,0.0,0
8200,control,305.43,0,0.0,0
8201,treatment,170.84,0,0.0,0
8202,treatment,0.0,1,59.89,0
8203,control,0.0,0,0.0,0
8204,treatment,189.68,1,89.72,0
8205,treatment,0.0,0,0.0,0
8206,treatment,0.0,0,0.0,0
8207,treatment,47.96,0,0.0,0
8208,treatment,77.76,0,0.0,0
8209,control,0.0,0,0.0,0
8210,control,0.0,0,0.0,0
8211,control,81.19,0,0.0,0
8212,control,94.49,0,0.0,0
8213,treatment,0.0,0,0.0,0
8215,control,0.0,0,0.0,0
8216,control,29.94,0,0.0,0
8217,control,126.06,1,67.34,0
8218,control,43.9,0,0.0,0
8219,control,30.29,0,0.0,0
8220,control,111.89,0,0.0,0
8221,control,0.0,0,0.0,0
8222,treatment,26.22,1,84.47,0
8223,control,408.51,1,27.82,0
8224,control,49.55,0,0.0,0
8225,control,56.8,0,0.0,0
8226,control,0.0,0,0.0,0
8227,control,0.0,0,0.0,0
8228,treatment,0.0,0,0.0,0
8229,control,53.43,0,0.0,0
8230,treatment,105.4,1,119.09,0
8231,control,0.0,0,0.0,0
8232,control,0.0,0,0.0,0
8233,control,38.73,0,0.0,0
8234,treatment,0.0,0,0.0,0
8235,treatment,0.0,0,0.0,0
8236,treatment,28.93,0,0.0,0
8237,control,60.62,0,0.0,0
8238,treatment,182.18,0,0.0,0
8239,treatment,64.96,0,0.0,0
8240,treatment,87.11,0,0.0,0
8241,treatment,0.0,0,0.0,0
8242,treatment,61.77,0,0.0,0
8243,treatment,62.08,0,0.0,0
8244,treatment,367.8,0,0.0,0
8245,control,0.0,0,0.0,0
8246,treatment,65.91,0,0.0,0
8247,control,0.0,0,0.0,0
8248,control,181.71,0,0.0,0
8249,control,196.22,0,0.0,0
8250,treatment,68.42,0,0.0,0
8251,treatment,0.0,0,0.0,0
8252,control,63.93,0,0.0,0
8253,treatment,24.03,0,0.0,0
8254,control,0.0,0,0.0,0
8255,control,45.82,0,0.0,0
8256,treatment,93.53,0,0.0,0
8257,control,40.96,0,0.0,0
8258,treatment,102.41,0,0.0,0
8259,treatment,110.88,0,0.0,0
8260,control,85.17,0,0.0,0
8261,control,0.0,0,0.0,0
8262,treatment,40.63,1,55.35,0
8263,control,0.0,0,0.0,0
8264,control,30.59,0,0.0,0
8265,control,339.85,1,53.67,0
8266,treatment,32.72,0,0.0,0
8267,treatment,219.27,0,0.0,0
8268,control,414.52,0,0.0,0
8269,control,32.39,0,0.0,0
8270,control,0.0,1,83.33,0
8271,control,214.7,0,0.0,0
8272,treatment,576.01,1,129.8,0
8273,control,0.0,0,0.0,0
8274,control,0.0,0,0.0,0
8275,control,38.16,0,0.0,0
8276,treatment,0.0,1,60.67,0
8277,control,0.0,0,0.0,0
8278,treatment,0.0,0,0.0,0
8279,control,0.0,0,0.0,0
8280,treatment,20.21,0,0.0,0
8281,treatment,0.0,0,0.0,0
8282,control,48.79,0,0.0,0
8283,treatment,180.14,1,85.78,0
8285,treatment,51.13,0,0.0,0
8286,treatment,0.0,0,0.0,0
8288,treatment,0.0,0,0.0,0
8289,control,0.0,0,0.0,0
8290,control,39.46,0,0.0,0
8291,control,117.98,0,0.0,0
8292,treatment,149.53,1,84.54,0
8293,control,190.02,0,0.0,0
8294,control,0.0,0,0.0,0
8295,control,0.0,0,0.0,0
8296,treatment,169.75,0,0.0,0
8297,treatment,0.0,0,0.0,0
8298,control,0.0,0,0.0,0
8299,control,0.0,1,41.56,0
8300,treatment,41.63,0,0.0,0
8301,treatment,0.0,0,0.0,0
8302,treatment,0.0,0,0.0,0
8303,treatment,0.0,0,0.0,0
8304,control,0.0,0,0.0,0
8305,treatment,0.0,0,0.0,0
8306,treatment,0.0,0,0.0,0
8307,treatment,0.0,1,47.63,1
8308,control,0.0,0,0.0,0
8309,treatment,0.0,0,0.0,0
8310,treatment,271.49,1,128.36,0
8311,control,0.0,0,0.0,0
8312,treatment,0.0,0,0.0,0
8313,control,0.0,0,0.0,0
8314,control,0.0,0,0.0,0
8315,treatment,0.0,0,0.0,0
8316,treatment,0.0,0,0.0,0
8317,control,0.0,0,0.0,0
8318,control,0.0,0,0.0,0
8319,control,39.1,0,0.0,0
8320,control,0.0,0,0.0,0
8321,treatment,0.0,0,0.0,0
8322,control,327.13,0,0.0,0
8323,treatment,0.0,0,0.0,0
8324,treatment,91.19,0,0.0,0
8325,control,0.0,0,0.0,0
8326,treatment,0.0,0,0.0,0
8327,control,91.19,0,0.0,0
8328,control,53.36,0,0.0,0
8329,control,0.0,0,0.0,0
8330,control,0.0,1,70.13,0
8331,treatment,57.91,0,0.0,0
8332,treatment,0.0,0,0.0,0
8333,control,0.0,0,0.0,0
8334,control,0.0,0,0.0,0
8335,treatment,37.22,0,0.0,0
8336,control,41.93,0,0.0,0
8337,treatment,60.46,0,0.0,0
8338,control,0.0,0,0.0,0
8339,treatment,0.0,0,0.0,0
8340,treatment,0.0,0,0.0,0
8341,treatment,0.0,0,0.0,0
8342,control,0.0,0,0.0,0
8343,treatment,46.84,0,0.0,0
8344,control,55.24,0,0.0,0
8345,control,0.0,0,0.0,0
8346,control,70.47,0,0.0,0
8347,treatment,56.13,0,0.0,0
8348,control,154.67,0,0.0,0
8349,treatment,42.07,0,0.0,0
8350,treatment,0.0,0,0.0,0
8351,control,31.35,0,0.0,0
8352,treatment,170.23,1,84.57,0
8353,control,0.0,0,0.0,0
8354,control,49.54,0,0.0,0
8355,control,0.0,0,0.0,0
8356,control,0.0,0,0.0,0
8357,control,0.0,1,33.94,0
8358,control,57.86,0,0.0,0
8359,treatment,55.42,0,0.0,0
8360,control,0.0,0,0.0,0
8361,treatment,0.0,0,0.0,0
8362,control,0.0,0,0.0,0
8363,treatment,0.0,0,0.0,0
8364,treatment,0.0,0,0.0,0
8365,control,0.0,0,0.0,0
8366,control,101.72,0,0.0,0
8367,control,40.46,0,0.0,0
8368,control,31.03,0,0.0,0
8369,control,0.0,0,0.0,0
8370,control,0.0,0,0.0,0
8371,control,0.0,0,0.0,0
8372,treatment,103.37,1,76.97,0
8373,control,0.0,0,0.0,0
8374,control,0.0,0,0.0,0
8375,treatment,138.7,1,117.73,0
8376,control,0.0,0,0.0,0
8377,treatment,0.0,0,0.0,0
8378,control,0.0,0,0.0,0
8379,treatment,187.02,0,0.0,0
8380,control,0.0,0,0.0,0
8381,control,204.31,0,0.0,0
8382,control,206.12,0,0.0,0
8383,treatment,49.32,0,0.0,0
8384,treatment,0.0,0,0.0,0
8385,treatment,326.97,1,73.17,0
8386,treatment,0.0,0,0.0,0
8387,treatment,302.6,1,52.64,0
8388,control,74.19,0,0.0,0
8389,control,0.0,0,0.0,0
8390,control,28.2,0,0.0,0
8391,control,0.0,0,0.0,0
8392,control,168.96,0,0.0,0
8394,control,0.0,0,0.0,0
8395,control,0.0,0,0.0,0
8396,treatment,0.0,0,0.0,0
8397,treatment,0.0,0,0.0,0
8398,control,198.65,0,0.0,0
8399,control,486.79,0,0.0,0
8400,control,0.0,0,0.0,0
8401,control,104.33,0,0.0,0
8402,control,0.0,0,0.0,0
8404,treatment,0.0,0,0.0,0
8405,treatment,102.11,1,78.1,0
8406,treatment,0.0,0,0.0,0
8407,treatment,31.74,0,0.0,0
8408,control,0.0,0,0.0,0
8409,control,72.33,1,41.2,0
8410,control,96.9,1,63.77,0
8411,treatment,22.62,0,0.0,0
8412,treatment,35.04,1,82.61,0
8413,treatment,72.58,0,0.0,0
8414,control,0.0,0,0.0,0
8415,control,0.0,0,0.0,0
8416,treatment,0.0,0,0.0,0
8417,control,0.0,1,28.42,0
8418,treatment,46.41,1,92.57,0
8419,treatment,52.04,0,0.0,0
8420,treatment,60.62,0,0.0,0
8421,treatment,55.76,0,0.0,0
8422,treatment,0.0,0,0.0,0
8423,treatment,55.76,0,0.0,0
8424,control,0.0,0,0.0,0
8425,treatment,30.34,0,0.0,0
8426,treatment,0.0,0,0.0,0
8427,control,199.69,0,0.0,0
8428,treatment,0.0,0,0.0,0
8429,control,0.0,0,0.0,0
8430,treatment,0.0,0,0.0,0
8431,treatment,27.21,0,0.0,0
8432,control,401.87,0,0.0,0
8433,treatment,257.02,1,82.61,0
8434,treatment,325.14,0,0.0,0
8435,treatment,41.42,1,31.65,0
8436,treatment,0.0,0,0.0,0
8437,treatment,69.51,0,0.0,0
8438,control,0.0,0,0.0,0
8439,control,0.0,0,0.0,0
8440,control,0.0,0,0.0,0
8441,treatment,38.63,0,0.0,0
8442,treatment,48.23,0,0.0,0
8443,treatment,0.0,0,0.0,0
8444,treatment,32.63,0,0.0,0
8445,treatment,40.67,0,0.0,0
8446,treatment,51.15,0,0.0,0
8447,treatment,50.63,0,0.0,0
8448,treatment,218.77,0,0.0,0
8449,treatment,0.0,0,0.0,0
8450,control,0.0,0,0.0,0
8451,control,142.15,0,0.0,0
8452,control,48.87,0,0.0,0
8453,treatment,118.66,0,0.0,0
8454,treatment,58.04,0,0.0,0
8455,treatment,0.0,0,0.0,0
8456,treatment,151.22,0,0.0,0
8457,control,0.0,0,0.0,0
8458,treatment,0.0,0,0.0,0
8459,treatment,0.0,0,0.0,0
8460,treatment,0.0,0,0.0,0
8461,control,168.03,0,0.0,0
8462,control,67.25,0,0.0,0
8464,treatment,53.47,0,0.0,0
8465,treatment,0.0,0,0.0,0
8466,treatment,0.0,0,0.0,0
8467,control,0.0,0,0.0,0
8468,control,56.7,0,0.0,0
8469,treatment,0.0,0,0.0,0
8470,control,0.0,0,0.0,0
8471,control,92.12,0,0.0,0
8472,treatment,0.0,0,0.0,0
8473,control,0.0,0,0.0,0
8474,treatment,69.17,0,0.0,0
8475,control,0.0,0,0.0,0
8476,control,77.13,0,0.0,0
8477,control,193.68,0,0.0,0
8478,control,64.96,0,0.0,0
8479,control,114.36,0,0.0,0
8480,control,0.0,0,0.0,0
8481,control,206.62,1,58.96,0
8482,treatment,0.0,0,0.0,0
8483,control,29.98,0,0.0,0
8484,control,36.39,0,0.0,0
8486,treatment,40.77,1,53.72,0
8487,treatment,0.0,0,0.0,0
8488,control,0.0,0,0.0,0
8489,control,0.0,0,0.0,0
8490,treatment,47.43,0,0.0,0
8491,control,253.92,0,0.0,0
8492,treatment,0.0,0,0.0,0
8493,treatment,37.1,0,0.0,0
8494,control,0.0,0,0.0,0
8495,control,0.0,0,0.0,0
8496,control,161.17,0,0.0,0
8497,control,105.77,0,0.0,0
8498,treatment,46.34,0,0.0,0
8499,treatment,0.0,0,0.0,0
8500,treatment,0.0,0,0.0,0
8501,control,69.26,0,0.0,0
8502,treatment,0.0,0,0.0,0
8503,control,31.76,0,0.0,0
8504,treatment,0.0,0,0.0,0
8505,control,0.0,0,0.0,0
8506,control,0.0,0,0.0,0
8507,treatment,102.81,0,0.0,0
8508,treatment,0.0,0,0.0,0
8509,treatment,0.0,1,37.87,0
8510,control,0.0,0,0.0,0
8511,treatment,137.0,0,0.0,0
8512,control,0.0,0,0.0,0
8513,treatment,0.0,0,0.0,0
8514,treatment,54.3,0,0.0,0
8515,control,0.0,0,0.0,0
8516,treatment,98.48,0,0.0,0
8517,treatment,0.0,0,0.0,0
8518,treatment,0.0,0,0.0,0
8519,treatment,67.76,0,0.0,0
8520,treatment,0.0,0,0.0,0
8521,treatment,84.29,0,0.0,0
8522,treatment,85.57,1,168.18,0
8523,treatment,0.0,0,0.0,0
8524,treatment,31.6,0,0.0,0
8525,treatment,74.45,0,0.0,0
8526,treatment,0.0,0,0.0,0
8527,treatment,326.36,1,44.59,0
8528,control,114.29,0,0.0,0
8529,control,0.0,0,0.0,0
8530,treatment,37.29,0,0.0,0
8531,control,46.64,1,58.52,0
8532,treatment,130.59,0,0.0,0
8533,treatment,0.0,0,0.0,0
8534,treatment,0.0,0,0.0,0
8535,treatment,0.0,1,78.42,0
8536,treatment,155.61,0,0.0,0
8537,control,0.0,0,0.0,0
8538,control,0.0,0,0.0,0
8539,treatment,0.0,0,0.0,0
8540,treatment,83.93,0,0.0,0
8541,treatment,98.5,0,0.0,0
8542,control,0.0,0,0.0,0
8543,treatment,0.0,1,45.89,0
8544,treatment,91.77,0,0.0,0
8545,control,172.26,0,0.0,0
8546,treatment,65.98,1,98.51,0
8547,control,0.0,0,0.0,0
8548,control,371.12,0,0.0,0
8549,treatment,0.0,0,0.0,0
8550,control,0.0,0,0.0,0
8551,control,0.0,0,0.0,0
8552,treatment,35.05,0,0.0,0
8553,control,147.27,0,0.0,0
8554,treatment,0.0,0,0.0,0
8555,control,36.45,0,0.0,0
8556,treatment,43.49,0,0.0,0
8557,treatment,137.28,0,0.0,0
8558,control,0.0,0,0.0,0
8559,control,0.0,0,0.0,0
8560,treatment,108.58,0,0.0,0
8561,control,0.0,0,0.0,0
8562,treatment,0.0,0,0.0,0
8563,control,0.0,1,42.49,0
8564,control,95.92,0,0.0,0
8565,control,0.0,0,0.0,0
8566,control,0.0,0,0.0,0
8567,control,51.05,0,0.0,0
8568,treatment,0.0,1,100.3,0
8569,treatment,0.0,0,0.0,0
8570,control,65.72,0,0.0,0
8571,control,204.3,0,0.0,0
8572,control,0.0,1,51.93,0
8573,treatment,66.75,0,0.0,0
8574,control,0.0,0,0.0,0
8575,treatment,40.14,0,0.0,0
8576,treatment,1791.78,1,65.5,0
8577,control,196.05,0,0.0,0
8578,control,178.91,0,0.0,0
8579,control,55.12,1,100.91,0
8580,treatment,298.31,0,0.0,0
8581,treatment,17.56,0,0.0,0
8582,control,0.0,1,54.52,0
8583,control,0.0,0,0.0,0
8584,control,33.73,0,0.0,0
8585,treatment,203.12,0,0.0,0
8586,control,32.2,0,0.0,0
8587,treatment,38.8,0,0.0,0
8588,treatment,0.0,0,0.0,0
8589,control,0.0,0,0.0,0
8590,control,0.0,0,0.0,0
8591,control,0.0,0,0.0,0
8592,control,0.0,0,0.0,0
8593,treatment,0.0,0,0.0,0
8594,control,0.0,0,0.0,0
8595,treatment,0.0,0,0.0,0
8596,treatment,16.52,0,0.0,0
8597,control,0.0,0,0.0,0
8598,treatment,0.0,0,0.0,0
8599,control,23.66,0,0.0,0
8600,control,114.99,0,0.0,0
8601,control,183.56,0,0.0,0
8602,treatment,0.0,0,0.0,0
8603,treatment,97.59,0,0.0,0
8604,treatment,0.0,0,0.0,0
8605,treatment,0.0,0,0.0,0
8606,treatment,0.0,0,0.0,0
8607,control,0.0,0,0.0,0
8608,control,0.0,0,0.0,0
8609,treatment,44.69,0,0.0,0
8610,control,0.0,0,0.0,0
8611,control,0.0,0,0.0,0
8612,treatment,0.0,0,0.0,0
8613,control,143.98,0,0.0,0
8614,control,0.0,1,18.24,0
8615,control,274.32,0,0.0,0
8616,treatment,65.15,1,128.34,0
8617,control,0.0,0,0.0,0
8618,treatment,0.0,0,0.0,0
8619,control,339.27,1,95.04,0
8620,treatment,0.0,1,71.6,0
8621,treatment,0.0,0,0.0,0
8622,control,0.0,0,0.0,0
8623,treatment,0.0,0,0.0,0
8624,treatment,0.0,0,0.0,0
8625,control,0.0,0,0.0,0
8626,treatment,29.15,0,0.0,0
8627,control,0.0,0,0.0,0
8628,control,368.08,1,56.64,0
8629,treatment,174.31,1,58.11,0
8630,treatment,53.22,0,0.0,0
8631,treatment,31.78,0,0.0,0
8632,treatment,32.11,0,0.0,0
8633,control,204.47,0,0.0,0
8634,treatment,24.13,0,0.0,0
8635,control,94.3,0,0.0,0
8636,treatment,28.74,0,0.0,0
8637,control,161.12,0,0.0,0
8638,control,670.56,0,0.0,0
8639,control,22.7,0,0.0,0
8640,control,0.0,0,0.0,0
8641,treatment,57.44,0,0.0,0
8642,treatment,62.37,0,0.0,0
8643,treatment,101.34,0,0.0,0
8645,control,0.0,1,60.15,0
8646,control,0.0,0,0.0,0
8647,control,0.0,0,0.0,0
8648,treatment,26.04,0,0.0,0
8649,control,0.0,0,0.0,0
8650,control,53.0,1,79.71,0
8651,treatment,0.0,0,0.0,0
8652,treatment,0.0,0,0.0,0
8653,treatment,0.0,0,0.0,0
8654,control,0.0,1,27.73,0
8655,control,57.3,0,0.0,0
8657,control,80.13,0,0.0,0
8658,control,0.0,0,0.0,0
8659,control,25.92,0,0.0,0
8660,control,224.89,1,54.84,0
8661,control,0.0,0,0.0,0
8662,treatment,51.64,0,0.0,0
8663,treatment,58.52,0,0.0,0
8664,control,210.2,0,0.0,0
8665,treatment,0.0,0,0.0,0
8666,control,43.91,0,0.0,0
8667,treatment,52.46,0,0.0,0
8668,treatment,0.0,0,0.0,0
8669,control,33.18,1,39.99,0
8670,control,56.39,0,0.0,0
8671,treatment,0.0,0,0.0,0
8672,treatment,132.68,0,0.0,0
8673,control,89.37,0,0.0,0
8674,control,60.94,0,0.0,0
8675,treatment,65.25,0,0.0,0
8676,control,0.0,0,0.0,0
8677,treatment,69.32,0,0.0,0
8678,control,0.0,0,0.0,0
8679,control,0.0,0,0.0,0
8680,control,0.0,0,0.0,0
8681,treatment,238.48,0,0.0,0
8682,control,52.72,0,0.0,0
8683,control,0.0,0,0.0,0
8684,treatment,0.0,0,0.0,0
8685,treatment,0.0,0,0.0,0
8686,control,81.73,1,93.07,0
8687,treatment,33.99,0,0.0,0
8688,treatment,97.31,0,0.0,0
8689,treatment,34.05,0,0.0,0
8690,treatment,0.0,0,0.0,0
8691,treatment,63.13,0,0.0,0
8692,treatment,0.0,0,0.0,0
8693,control,0.0,0,0.0,0
8694,treatment,27.14,0,0.0,0
8695,control,0.0,0,0.0,0
8696,control,0.0,0,0.0,0
8697,treatment,0.0,0,0.0,0
8698,treatment,64.81,0,0.0,0
8699,control,0.0,0,0.0,0
8700,control,0.0,0,0.0,0
8701,control,75.95,0,0.0,0
8702,treatment,0.0,0,0.0,0
8703,control,0.0,0,0.0,0
8704,control,0.0,0,0.0,0
8705,control,0.0,0,0.0,0
8706,treatment,50.8,0,0.0,0
8707,control,25.49,0,0.0,0
8708,control,0.0,0,0.0,0
8709,treatment,0.0,0,0.0,0
8710,control,0.0,0,0.0,0
8711,treatment,98.79,0,0.0,0
8712,control,0.0,0,0.0,0
8713,control,106.65,0,0.0,0
8714,control,0.0,0,0.0,0
8715,control,0.0,0,0.0,0
8716,treatment,200.46,0,0.0,0
8717,treatment,73.55,1,132.5,0
8718,treatment,185.59,0,0.0,0
8719,treatment,45.91,0,0.0,0
8720,control,40.67,0,0.0,0
8721,control,47.79,0,0.0,0
8722,treatment,124.29,0,0.0,0
8723,control,0.0,0,0.0,0
8724,control,168.93,1,55.57,0
8725,treatment,61.67,0,0.0,0
8726,treatment,0.0,0,0.0,0
8727,control,0.0,0,0.0,0
8728,control,85.06,0,0.0,0
8729,control,59.84,0,0.0,0
8730,control,0.0,0,0.0,0
8731,control,0.0,0,0.0,0
8732,treatment,0.0,0,0.0,0
8733,treatment,32.67,0,0.0,0
8734,control,60.25,0,0.0,0
8735,control,0.0,0,0.0,0
8736,treatment,716.67,1,64.97,0
8737,control,0.0,0,0.0,0
8738,control,290.32,1,45.25,0
8739,control,27.46,1,47.9,0
8740,treatment,0.0,0,0.0,0
8741,control,51.61,0,0.0,0
8742,control,297.33,0,0.0,0
8743,treatment,0.0,0,0.0,0
8744,treatment,44.38,0,0.0,0
8745,treatment,0.0,0,0.0,0
8746,control,0.0,0,0.0,0
8747,treatment,0.0,0,0.0,0
8748,treatment,0.0,0,0.0,0
8749,control,0.0,0,0.0,0
8750,control,103.0,0,0.0,0
8751,treatment,44.56,0,0.0,0
8752,control,50.53,0,0.0,0
8753,control,1863.86,1,54.11,0
8755,treatment,44.39,0,0.0,0
8756,control,0.0,0,0.0,0
8757,control,35.28,0,0.0,0
8758,treatment,0.0,0,0.0,0
8759,treatment,0.0,1,136.33,0
8760,treatment,69.0,0,0.0,0
8761,treatment,103.39,0,0.0,0
8762,treatment,35.86,0,0.0,0
8763,control,495.39,0,0.0,0
8764,control,0.0,0,0.0,0
8765,control,71.97,0,0.0,0
8767,control,0.0,0,0.0,0
8768,treatment,0.0,0,0.0,0
8769,treatment,0.0,0,0.0,0
8770,control,0.0,0,0.0,0
8771,treatment,50.38,0,0.0,0
8772,control,0.0,0,0.0,0
8773,control,0.0,0,0.0,0
8774,treatment,33.54,0,0.0,0
8775,treatment,69.5,0,0.0,0
8776,treatment,53.77,0,0.0,0
8777,treatment,0.0,0,0.0,0
8778,control,0.0,0,0.0,0
8779,treatment,311.46,0,0.0,0
8780,control,159.93,0,0.0,0
8781,treatment,0.0,0,0.0,0
8782,treatment,48.13,0,0.0,0
8783,control,504.49,0,0.0,0
8784,control,0.0,0,0.0,0
8785,control,0.0,0,0.0,0
8786,control,0.0,0,0.0,0
8787,control,0.0,0,0.0,0
8788,control,0.0,0,0.0,0
8789,control,0.0,0,0.0,0
8790,control,0.0,0,0.0,0
8791,control,0.0,0,0.0,0
8792,control,53.51,0,0.0,0
8793,control,53.66,0,0.0,0
8794,control,45.85,0,0.0,0
8795,control,0.0,0,0.0,0
8796,control,0.0,0,0.0,0
8797,treatment,203.8,0,0.0,0
8798,control,47.27,0,0.0,0
8799,treatment,62.77,0,0.0,0
8800,treatment,0.0,0,0.0,0
8801,control,0.0,0,0.0,0
8802,treatment,0.0,0,0.0,0
8803,treatment,48.6,0,0.0,0
8804,treatment,0.0,0,0.0,0
8805,treatment,43.42,0,0.0,0
8806,treatment,0.0,0,0.0,0
8807,control,396.56,1,22.08,0
8808,treatment,30.61,1,40.79,0
8809,control,0.0,0,0.0,0
8810,treatment,53.92,0,0.0,0
8811,control,0.0,0,0.0,0
8812,control,72.3,0,0.0,0
8813,treatment,0.0,0,0.0,0
8815,control,0.0,0,0.0,0
8816,control,93.55,0,0.0,0
8817,control,0.0,0,0.0,0
8818,treatment,190.39,0,0.0,0
8819,treatment,63.15,0,0.0,0
8820,control,0.0,0,0.0,0
8821,control,0.0,0,0.0,0
8822,treatment,0.0,0,0.0,0
8823,treatment,0.0,0,0.0,0
8824,control,40.76,0,0.0,0
8825,control,0.0,1,34.99,0
8826,control,59.41,0,0.0,0
8827,treatment,0.0,0,0.0,0
8828,control,97.33,0,0.0,0
8829,treatment,0.0,0,0.0,0
8830,control,0.0,0,0.0,0
8831,treatment,107.53,1,26.45,0
8832,treatment,45.73,0,0.0,0
8833,control,0.0,0,0.0,0
8834,treatment,101.82,0,0.0,0
8835,control,0.0,0,0.0,0
8836,treatment,211.44,0,0.0,0
8837,treatment,78.57,0,0.0,0
8838,control,0.0,0,0.0,0
8839,control,0.0,0,0.0,0
8840,treatment,0.0,0,0.0,0
8841,treatment,67.58,0,0.0,0
8842,control,0.0,0,0.0,0
8843,control,80.7,0,0.0,0
8844,treatment,0.0,0,0.0,0
8845,control,41.66,0,0.0,0
8846,control,141.05,0,0.0,0
8847,treatment,95.66,0,0.0,0
8848,control,0.0,0,0.0,0
8849,control,58.67,0,0.0,0
8850,treatment,0.0,0,0.0,0
8851,treatment,82.94,1,39.42,0
8852,control,0.0,0,0.0,0
8853,control,0.0,0,0.0,0
8854,control,91.01,0,0.0,0
8855,control,0.0,0,0.0,0
8856,treatment,20.45,0,0.0,0
8857,control,0.0,1,43.29,0
8858,control,0.0,0,0.0,0
8859,control,42.81,0,0.0,0
8860,control,0.0,0,0.0,0
8861,control,0.0,0,0.0,0
8862,treatment,48.4,0,0.0,0
8863,treatment,238.82,0,0.0,0
8864,control,0.0,1,28.27,1
8866,control,0.0,0,0.0,0
8867,treatment,0.0,0,0.0,0
8868,control,0.0,0,0.0,0
8869,control,0.0,0,0.0,0
8870,control,0.0,0,0.0,0
8871,treatment,0.0,0,0.0,0
8872,treatment,0.0,0,0.0,0
8873,control,35.0,0,0.0,0
8874,control,0.0,0,0.0,0
8875,control,0.0,0,0.0,0
8876,control,46.98,1,83.94,0
8877,control,157.46,0,0.0,0
8878,control,0.0,0,0.0,0
8879,control,94.77,0,0.0,0
8881,treatment,50.4,1,51.78,0
8882,treatment,0.0,0,0.0,0
8883,treatment,0.0,0,0.0,0
8884,control,0.0,1,64.89,0
8885,treatment,34.8,0,0.0,0
8886,control,144.0,0,0.0,0
8888,treatment,0.0,0,0.0,0
8889,treatment,77.86,0,0.0,0
8890,treatment,0.0,0,0.0,0
8891,control,80.56,0,0.0,0
8892,treatment,0.0,0,0.0,0
8894,control,36.8,0,0.0,0
8895,treatment,36.55,0,0.0,0
8896,treatment,0.0,0,0.0,0
8897,treatment,235.04,0,0.0,0
8898,treatment,126.14,1,39.06,0
8899,treatment,0.0,0,0.0,0
8900,treatment,0.0,0,0.0,0
8901,control,60.02,0,0.0,0
8902,control,0.0,0,0.0,0
8903,control,1209.11,1,118.46,0
8904,treatment,0.0,0,0.0,0
8905,treatment,0.0,0,0.0,0
8906,treatment,0.0,0,0.0,0
8907,treatment,0.0,0,0.0,0
8908,treatment,0.0,0,0.0,0
8909,control,0.0,1,54.33,0
8910,control,0.0,0,0.0,0
8911,control,0.0,0,0.0,0
8912,treatment,0.0,0,0.0,0
8913,control,161.61,0,0.0,0
8914,control,136.88,0,0.0,0
8915,control,0.0,0,0.0,0
8916,treatment,42.92,0,0.0,0
8917,control,0.0,0,0.0,0
8918,control,0.0,0,0.0,0
8919,control,0.0,0,0.0,0
8920,control,0.0,0,0.0,0
8921,treatment,51.62,0,0.0,0
8922,control,0.0,0,0.0,0
8923,control,0.0,0,0.0,0
8924,control,0.0,0,0.0,0
8925,treatment,0.0,0,0.0,0
8926,control,30.86,0,0.0,0
8927,treatment,0.0,0,0.0,0
8928,treatment,34.02,0,0.0,0
8929,control,0.0,0,0.0,0
8930,treatment,0.0,0,0.0,0
8931,treatment,0.0,0,0.0,0
8932,treatment,395.04,1,26.2,0
8933,treatment,0.0,0,0.0,0
8934,treatment,141.05,0,0.0,0
8935,control,0.0,0,0.0,0
8936,control,0.0,0,0.0,0
8937,control,0.0,0,0.0,0
8938,control,80.84,0,0.0,0
8939,treatment,0.0,0,0.0,0
8940,control,0.0,0,0.0,0
8941,treatment,0.0,0,0.0,0
8942,control,39.64,0,0.0,0
8943,control,202.0,0,0.0,0
8944,control,133.37,1,46.54,0
8945,control,0.0,0,0.0,0
8946,control,0.0,0,0.0,0
8947,control,43.45,0,0.0,0
8948,treatment,0.0,0,0.0,0
8949,control,0.0,0,0.0,0
8951,control,43.79,0,0.0,0
8952,control,0.0,0,0.0,0
8953,treatment,320.7,0,0.0,0
8954,control,0.0,0,0.0,0
8955,control,179.82,0,0.0,0
8956,control,0.0,0,0.0,0
8957,control,0.0,0,0.0,0
8958,treatment,0.0,0,0.0,0
8959,treatment,0.0,0,0.0,0
8960,treatment,483.55,0,0.0,0
8961,control,119.91,0,0.0,0
8962,control,0.0,0,0.0,0
8963,treatment,0.0,0,0.0,0
8964,control,40.46,0,0.0,0
8965,treatment,38.11,0,0.0,0
8966,control,112.95,0,0.0,0
8967,treatment,296.45,0,0.0,0
8968,treatment,0.0,0,0.0,0
8969,treatment,0.0,1,125.05,0
8970,treatment,0.0,0,0.0,0
8971,control,0.0,0,0.0,0
8972,treatment,165.82,1,78.81,0
8973,treatment,55.24,1,49.66,0
8974,control,0.0,0,0.0,0
8975,treatment,0.0,0,0.0,0
8976,treatment,0.0,1,32.41,0
8977,treatment,71.15,0,0.0,0
8978,control,224.11,0,0.0,0
8979,control,68.28,0,0.0,0
8980,treatment,0.0,0,0.0,0
8981,treatment,68.06,1,65.22,0
8982,control,0.0,0,0.0,0
8983,control,132.07,0,0.0,0
8984,control,69.01,0,0.0,0
8985,treatment,0.0,0,0.0,0
8986,treatment,75.11,0,0.0,0
8987,control,170.6,0,0.0,0
8988,treatment,104.02,0,0.0,0
8989,control,0.0,0,0.0,0
8990,control,0.0,0,0.0,0
8991,treatment,0.0,0,0.0,0
8992,control,27.86,0,0.0,0
8993,control,0.0,0,0.0,0
8994,control,0.0,0,0.0,0
8995,control,0.0,1,64.51,0
8996,treatment,87.16,0,0.0,0
8997,control,80.83,1,61.4,0
8998,control,0.0,0,0.0,0
8999,treatment,0.0,0,0.0,0
9000,treatment,0.0,0,0.0,0
9001,control,0.0,0,0.0,0
9002,control,0.0,0,0.0,0
9003,control,0.0,0,0.0,0
9004,treatment,51.84,0,0.0,0
9005,control,286.53,0,0.0,0
9006,control,24.24,0,0.0,0
9007,control,0.0,0,0.0,0
9008,control,0.0,0,0.0,0
9009,control,0.0,0,0.0,0
9010,treatment,0.0,0,0.0,0
9011,control,0.0,0,0.0,0
9012,control,267.6,0,0.0,0
9013,control,212.01,1,45.62,0
9014,control,0.0,0,0.0,0
9015,control,0.0,0,0.0,0
9016,treatment,0.0,0,0.0,0
9017,treatment,0.0,0,0.0,0
9018,control,23.08,0,0.0,0
9019,control,0.0,0,0.0,0
9020,treatment,0.0,0,0.0,0
9021,treatment,44.29,0,0.0,0
9022,control,175.54,0,0.0,0
9024,control,36.46,0,0.0,0
9025,treatment,0.0,1,40.97,0
9026,control,0.0,0,0.0,0
9027,control,0.0,0,0.0,0
9028,control,0.0,0,0.0,0
9029,control,0.0,0,0.0,0
9030,treatment,143.65,0,0.0,0
9031,control,0.0,0,0.0,0
9033,control,41.93,0,0.0,0
9034,control,0.0,0,0.0,0
9035,control,0.0,0,0.0,0
9036,treatment,0.0,0,0.0,0
9037,treatment,0.0,0,0.0,0
9038,treatment,30.53,0,0.0,0
9040,treatment,36.73,0,0.0,0
9041,treatment,0.0,0,0.0,0
9042,treatment,35.85,0,0.0,0
9043,treatment,0.0,0,0.0,0
9044,treatment,0.0,0,0.0,0
9045,treatment,139.0,0,0.0,0
9046,control,0.0,0,0.0,0
9047,control,0.0,0,0.0,0
9048,control,100.78,0,0.0,0
9049,control,0.0,0,0.0,0
9050,treatment,0.0,0,0.0,0
9051,treatment,73.13,0,0.0,0
9052,control,177.68,0,0.0,0
9054,control,0.0,0,0.0,0
9055,control,0.0,0,0.0,0
9056,treatment,0.0,0,0.0,0
9057,treatment,59.03,0,0.0,0
9058,treatment,0.0,0,0.0,0
9059,control,0.0,0,0.0,0
9060,control,0.0,0,0.0,0
9061,treatment,90.16,1,62.12,0
9062,control,0.0,0,0.0,0
9063,control,32.84,0,0.0,0
9064,control,40.19,0,0.0,0
9065,control,292.63,1,15.53,0
9066,treatment,43.24,0,0.0,0
9067,control,0.0,0,0.0,0
9068,treatment,117.96,0,0.0,0
9069,control,119.15,1,64.54,0
9070,control,0.0,0,0.0,0
9071,treatment,37.15,0,0.0,0
9072,control,340.43,0,0.0,0
9073,treatment,0.0,1,39.84,0
9074,treatment,38.61,0,0.0,0
9075,control,0.0,0,0.0,0
9076,control,0.0,0,0.0,0
9077,control,0.0,0,0.0,0
9078,control,53.07,0,0.0,0
9079,treatment,0.0,0,0.0,0
9081,control,0.0,0,0.0,0
9082,control,0.0,0,0.0,0
9083,control,245.46,0,0.0,0
9084,treatment,0.0,0,0.0,0
9085,control,182.3,0,0.0,0
9086,treatment,0.0,1,27.57,0
9087,control,0.0,0,0.0,0
9088,treatment,0.0,0,0.0,0
9089,treatment,0.0,0,0.0,0
9090,control,0.0,0,0.0,0
9091,control,43.69,0,0.0,0
9092,control,0.0,1,63.26,0
9093,control,43.72,0,0.0,0
9095,treatment,35.89,1,45.24,0
9096,treatment,63.63,0,0.0,0
9097,control,0.0,0,0.0,0
9098,control,0.0,0,0.0,0
9099,treatment,48.8,0,0.0,0
9100,control,44.8,0,0.0,0
9101,treatment,104.68,0,0.0,0
9102,control,53.18,0,0.0,0
9103,treatment,0.0,0,0.0,0
9104,control,0.0,0,0.0,0
9105,control,44.25,0,0.0,0
9106,control,0.0,0,0.0,0
9107,treatment,0.0,0,0.0,0
9108,control,32.25,0,0.0,0
9109,treatment,248.23,0,0.0,0
9110,treatment,0.0,0,0.0,0
9111,control,0.0,0,0.0,0
9112,treatment,23.54,0,0.0,0
9113,treatment,0.0,0,0.0,0
9114,treatment,0.0,0,0.0,0
9115,treatment,0.0,1,49.23,0
9116,treatment,227.14,0,0.0,0
9117,treatment,110.97,0,0.0,0
9118,control,0.0,0,0.0,0
9119,control,54.62,0,0.0,0
9120,treatment,0.0,0,0.0,0
9121,control,0.0,0,0.0,0
9122,treatment,36.38,1,63.92,0
9123,treatment,282.71,0,0.0,0
9124,treatment,0.0,0,0.0,0
9125,control,553.63,0,0.0,0
9126,treatment,0.0,0,0.0,0
9127,control,93.5,0,0.0,0
9128,treatment,0.0,0,0.0,0
9129,treatment,0.0,0,0.0,0
9130,treatment,0.0,0,0.0,0
9131,control,145.98,0,0.0,0
9132,treatment,0.0,0,0.0,0
9133,control,0.0,1,78.47,1
9134,control,109.83,0,0.0,0
9135,control,0.0,0,0.0,0
9136,treatment,50.33,0,0.0,0
9137,treatment,0.0,1,65.52,0
9139,treatment,0.0,1,91.28,0
9140,treatment,0.0,0,0.0,0
9141,control,0.0,0,0.0,0
9142,treatment,0.0,0,0.0,0
9143,control,255.22,1,143.44,0
9144,control,112.34,0,0.0,0
9145,treatment,37.91,0,0.0,0
9146,control,193.49,0,0.0,0
9147,treatment,0.0,0,0.0,0
9148,control,0.0,0,0.0,0
9149,control,0.0,0,0.0,0
9150,treatment,0.0,1,32.91,0
9151,control,283.72,0,0.0,0
9152,treatment,0.0,0,0.0,0
9153,control,291.75,0,0.0,0
9154,control,0.0,0,0.0,0
9155,control,0.0,0,0.0,0
9156,treatment,0.0,0,0.0,0
9157,treatment,0.0,0,0.0,0
9158,treatment,0.0,1,37.37,1
9159,control,91.59,1,125.44,0
9160,control,0.0,1,31.04,0
9161,control,47.36,0,0.0,0
9162,control,0.0,0,0.0,0
9163,treatment,0.0,0,0.0,0
9164,treatment,162.89,1,81.98,0
9165,control,72.61,1,22.42,0
9166,treatment,0.0,1,26.84,0
9167,control,378.4,1,60.21,0
9169,treatment,121.88,0,0.0,0
9170,treatment,0.0,0,0.0,0
9171,treatment,28.48,0,0.0,0
9172,control,0.0,0,0.0,0
9173,control,0.0,0,0.0,0
9174,treatment,63.34,0,0.0,0
9175,control,42.97,0,0.0,0
9176,control,83.82,0,0.0,0
9177,control,0.0,0,0.0,0
9178,treatment,0.0,0,0.0,0
9179,treatment,31.47,0,0.0,0
9180,control,118.2,0,0.0,0
9181,control,60.28,0,0.0,0
9182,control,56.53,1,65.18,0
9183,control,0.0,0,0.0,0
9184,treatment,186.92,0,0.0,0
9185,control,0.0,0,0.0,0
9186,control,48.02,0,0.0,0
9187,treatment,0.0,0,0.0,0
9188,control,0.0,0,0.0,0
9189,treatment,0.0,0,0.0,0
9190,treatment,0.0,0,0.0,0
9191,treatment,74.37,0,0.0,0
9192,treatment,0.0,0,0.0,0
9193,treatment,0.0,0,0.0,0
9194,treatment,0.0,0,0.0,0
9195,control,37.96,0,0.0,0
9196,treatment,241.48,0,0.0,0
9197,treatment,588.09,0,0.0,0
9198,treatment,0.0,0,0.0,0
9199,control,0.0,1,122.26,0
9200,control,53.8,0,0.0,0
9201,treatment,141.22,0,0.0,0
9202,control,0.0,0,0.0,0
9203,control,206.09,0,0.0,0
9204,treatment,0.0,0,0.0,0
9205,control,0.0,0,0.0,0
9207,control,0.0,0,0.0,0
9208,treatment,187.22,0,0.0,0
9209,treatment,96.96,0,0.0,0
9210,control,34.41,0,0.0,0
9211,control,0.0,0,0.0,0
9212,control,0.0,1,51.25,0
9213,treatment,68.71,0,0.0,0
9214,treatment,0.0,0,0.0,0
9215,control,119.96,0,0.0,0
9216,treatment,41.65,0,0.0,0
9217,control,148.27,0,0.0,0
9218,control,159.66,0,0.0,0
9219,treatment,0.0,0,0.0,0
9220,treatment,0.0,0,0.0,0
9221,control,0.0,0,0.0,0
9222,treatment,81.93,1,23.75,0
9223,control,394.42,1,61.61,0
9224,control,0.0,0,0.0,0
9225,treatment,0.0,0,0.0,0
9226,treatment,68.22,1,65.93,0
9227,treatment,66.87,0,0.0,0
9228,control,66.15,0,0.0,0
9229,control,0.0,0,0.0,0
9230,control,0.0,0,0.0,0
9231,control,0.0,0,0.0,0
9232,control,82.43,0,0.0,0
9233,treatment,0.0,0,0.0,0
9234,control,32.16,0,0.0,0
9235,treatment,0.0,0,0.0,0
9236,control,0.0,0,0.0,0
9237,treatment,217.98,0,0.0,0
9238,control,116.91,0,0.0,0
9239,treatment,0.0,0,0.0,0
9240,treatment,0.0,1,64.21,0
9241,treatment,0.0,1,30.68,0
9242,treatment,51.68,0,0.0,0
9243,treatment,296.28,0,0.0,0
9244,control,0.0,0,0.0,0
9245,control,0.0,0,0.0,0
9246,control,61.88,0,0.0,0
9247,control,0.0,0,0.0,0
9248,control,38.56,0,0.0,0
9249,treatment,158.74,0,0.0,0
9250,control,87.22,0,0.0,0
9251,control,45.0,0,0.0,0
9252,control,0.0,0,0.0,0
9253,treatment,166.01,0,0.0,0
9254,control,145.71,1,60.13,0
9255,treatment,0.0,0,0.0,0
9256,treatment,34.23,0,0.0,0
9257,control,137.5,0,0.0,0
9258,treatment,0.0,0,0.0,0
9259,treatment,0.0,0,0.0,0
9260,control,19.89,0,0.0,0
9261,control,0.0,0,0.0,0
9262,treatment,609.16,0,0.0,0
9263,control,18.21,0,0.0,0
9264,treatment,157.12,0,0.0,0
9265,treatment,59.05,0,0.0,0
9266,treatment,0.0,0,0.0,0
9267,control,264.19,1,30.92,0
9268,treatment,27.27,0,0.0,0
9269,treatment,0.0,0,0.0,0
9270,control,27.12,0,0.0,0
9271,treatment,0.0,0,0.0,0
9272,treatment,100.67,1,51.44,0
9273,treatment,104.65,0,0.0,0
9274,control,144.35,0,0.0,0
9275,control,42.41,0,0.0,0
9276,control,0.0,0,0.0,0
9277,treatment,69.17,0,0.0,0
9278,treatment,0.0,0,0.0,0
9279,control,0.0,0,0.0,0
9280,control,0.0,0,0.0,0
9281,control,116.98,0,0.0,0
9282,treatment,37.92,0,0.0,0
9283,treatment,1837.91,1,57.32,0
9284,control,143.97,1,100.82,0
9285,control,30.59,0,0.0,0
9286,control,208.84,0,0.0,0
9287,treatment,1041.22,1,65.55,0
9288,treatment,98.06,0,0.0,0
9290,control,57.22,0,0.0,0
9291,control,0.0,0,0.0,0
9292,control,0.0,0,0.0,0
9293,treatment,0.0,0,0.0,0
9294,control,62.91,0,0.0,0
9295,control,0.0,0,0.0,0
9296,control,0.0,0,0.0,0
9297,treatment,190.7,0,0.0,0
9298,treatment,0.0,0,0.0,0
9299,control,58.1,1,56.56,0
9300,control,0.0,0,0.0,0
9301,control,86.51,0,0.0,0
9303,control,392.17,0,0.0,0
9304,control,0.0,0,0.0,0
9305,treatment,0.0,0,0.0,0
9306,treatment,195.18,0,0.0,0
9307,control,21.2,0,0.0,0
9308,treatment,0.0,0,0.0,0
9309,control,0.0,0,0.0,0
9310,control,27.58,0,0.0,0
9311,control,41.12,1,75.51,0
9312,control,135.95,0,0.0,0
9313,treatment,0.0,1,58.38,0
9314,control,77.37,0,0.0,0
9315,treatment,70.17,1,41.11,1
9316,control,0.0,0,0.0,0
9317,control,0.0,0,0.0,0
9319,control,0.0,0,0.0,0
9320,control,0.0,0,0.0,0
9321,treatment,0.0,0,0.0,0
9322,control,127.01,0,0.0,0
9323,control,31.41,0,0.0,0
9324,control,0.0,0,0.0,0
9325,treatment,46.25,0,0.0,0
9326,control,0.0,0,0.0,0
9327,control,94.97,0,0.0,0
9328,control,0.0,1,94.92,0
9329,control,0.0,0,0.0,0
9330,control,81.51,0,0.0,0
9331,control,0.0,0,0.0,0
9332,control,0.0,0,0.0,0
9333,control,0.0,0,0.0,0
9334,control,88.51,0,0.0,0
9335,treatment,0.0,0,0.0,0
9336,treatment,60.54,0,0.0,0
9337,control,73.34,0,0.0,0
9338,treatment,51.19,0,0.0,0
9339,treatment,43.88,0,0.0,0
9340,treatment,31.06,0,0.0,0
9341,treatment,35.51,0,0.0,0
9342,treatment,0.0,1,114.22,0
9343,control,0.0,0,0.0,0
9344,control,45.96,0,0.0,0
9345,control,0.0,0,0.0,0
9346,control,0.0,0,0.0,0
9347,control,98.02,0,0.0,0
9348,treatment,0.0,0,0.0,0
9349,control,0.0,0,0.0,0
9350,treatment,67.48,0,0.0,0
9351,control,0.0,0,0.0,0
9352,treatment,177.45,0,0.0,0
9353,treatment,0.0,0,0.0,0
9354,control,0.0,0,0.0,0
9355,control,34.63,0,0.0,0
9356,treatment,0.0,0,0.0,0
9357,control,0.0,0,0.0,0
9358,treatment,0.0,0,0.0,0
9359,control,37.17,0,0.0,0
9360,control,184.23,1,37.34,0
9361,treatment,208.74,1,84.67,0
9362,treatment,0.0,0,0.0,0
9363,control,187.85,0,0.0,0
9364,treatment,0.0,0,0.0,0
9365,control,0.0,0,0.0,0
9366,treatment,69.06,0,0.0,0
9367,treatment,108.97,0,0.0,0
9368,treatment,65.22,0,0.0,0
9369,control,0.0,0,0.0,0
9370,treatment,39.24,0,0.0,0
9371,control,0.0,0,0.0,0
9372,control,67.11,0,0.0,0
9373,control,0.0,0,0.0,0
9374,treatment,58.05,0,0.0,0
9375,control,0.0,0,0.0,0
9376,control,67.04,1,111.86,0
9377,treatment,0.0,0,0.0,0
9378,control,42.86,0,0.0,0
9379,control,412.07,1,60.87,0
9380,control,0.0,0,0.0,0
9381,treatment,0.0,0,0.0,0
9382,control,0.0,0,0.0,0
9383,treatment,0.0,0,0.0,0
9384,control,0.0,0,0.0,0
9385,control,0.0,0,0.0,0
9386,control,0.0,0,0.0,0
9387,control,0.0,0,0.0,0
9388,control,150.58,0,0.0,0
9389,control,0.0,0,0.0,0
9390,control,0.0,0,0.0,0
9391,control,0.0,0,0.0,0
9393,treatment,0.0,0,0.0,0
9394,control,167.2,0,0.0,0
9395,treatment,69.34,0,0.0,0
9396,treatment,0.0,0,0.0,0
9397,control,170.28,0,0.0,0
9398,treatment,124.02,0,0.0,0
9399,control,215.58,0,0.0,0
9400,treatment,124.1,0,0.0,0
9401,treatment,25.45,0,0.0,0
9402,treatment,0.0,1,95.83,0
9403,treatment,129.02,0,0.0,0
9404,control,150.81,0,0.0,0
9405,control,157.31,0,0.0,0
9406,control,35.11,0,0.0,0
9407,treatment,101.67,0,0.0,0
9408,treatment,109.51,1,63.83,0
9409,treatment,29.78,0,0.0,0
9410,control,0.0,0,0.0,0
9411,treatment,0.0,0,0.0,0
9412,control,0.0,0,0.0,0
9413,treatment,118.23,0,0.0,0
9414,treatment,96.91,0,0.0,0
9415,treatment,60.98,0,0.0,0
9416,treatment,0.0,0,0.0,0
9417,treatment,34.34,0,0.0,0
9418,treatment,199.29,0,0.0,0
9419,control,0.0,1,104.18,0
9420,control,0.0,0,0.0,0
9421,control,130.16,0,0.0,0
9422,treatment,96.17,0,0.0,0
9423,control,42.27,0,0.0,0
9424,treatment,0.0,0,0.0,0
9425,treatment,285.37,1,38.72,0
9426,control,110.59,0,0.0,0
9427,control,0.0,0,0.0,0
9428,treatment,0.0,0,0.0,0
9429,treatment,41.67,0,0.0,0
9430,control,56.46,0,0.0,0
9431,control,0.0,0,0.0,0
9432,treatment,118.59,0,0.0,0
9433,treatment,0.0,0,0.0,0
9434,treatment,0.0,0,0.0,0
9435,treatment,49.15,0,0.0,0
9436,treatment,0.0,0,0.0,0
9437,control,0.0,1,77.67,0
9438,control,0.0,0,0.0,0
9439,treatment,0.0,0,0.0,0
9440,treatment,0.0,0,0.0,0
9441,control,0.0,0,0.0,0
9442,control,0.0,0,0.0,0
9443,treatment,0.0,0,0.0,0
9445,treatment,0.0,0,0.0,0
9446,control,0.0,0,0.0,0
9447,treatment,292.11,0,0.0,0
9448,control,0.0,0,0.0,0
9449,treatment,43.78,0,0.0,0
9450,treatment,0.0,0,0.0,0
9451,treatment,224.72,0,0.0,0
9452,control,0.0,0,0.0,0
9453,treatment,178.55,1,77.2,0
9454,treatment,0.0,0,0.0,0
9455,control,115.27,0,0.0,0
9456,control,0.0,0,0.0,0
9457,treatment,0.0,0,0.0,0
9458,control,27.19,1,47.37,0
9459,control,0.0,0,0.0,0
9460,treatment,78.22,0,0.0,0
9461,treatment,0.0,0,0.0,0
9462,treatment,0.0,0,0.0,0
9463,treatment,140.0,0,0.0,0
9464,control,159.42,0,0.0,0
9465,control,0.0,0,0.0,0
9466,control,0.0,0,0.0,0
9467,treatment,0.0,0,0.0,0
9468,treatment,62.48,0,0.0,0
9469,treatment,89.35,0,0.0,0
9470,control,0.0,0,0.0,0
9471,treatment,0.0,0,0.0,0
9473,treatment,0.0,0,0.0,0
9474,treatment,199.25,0,0.0,0
9475,control,51.56,0,0.0,0
9476,treatment,0.0,1,53.87,0
9477,treatment,195.68,1,69.18,0
9478,treatment,0.0,0,0.0,0
9479,control,0.0,0,0.0,0
9480,treatment,0.0,0,0.0,0
9481,control,0.0,0,0.0,0
9482,treatment,174.41,0,0.0,0
9483,treatment,103.05,1,72.29,0
9484,treatment,0.0,0,0.0,0
9485,treatment,47.83,0,0.0,0
9486,treatment,22.5,0,0.0,0
9487,treatment,0.0,0,0.0,0
9488,control,39.31,0,0.0,0
9490,treatment,0.0,0,0.0,0
9491,control,0.0,0,0.0,0
9492,treatment,285.88,1,251.34,0
9493,treatment,75.67,0,0.0,0
9494,control,117.09,0,0.0,0
9495,treatment,0.0,0,0.0,0
9496,control,206.57,0,0.0,0
9497,treatment,37.78,0,0.0,0
9498,treatment,0.0,0,0.0,0
9499,treatment,40.67,1,102.68,0
9500,control,0.0,0,0.0,0
9501,control,0.0,0,0.0,0
9502,control,345.87,1,35.14,0
9503,control,0.0,0,0.0,0
9505,treatment,0.0,0,0.0,0
9506,control,0.0,1,112.62,0
9507,treatment,0.0,0,0.0,0
9508,control,0.0,0,0.0,0
9509,control,0.0,0,0.0,0
9510,treatment,0.0,1,91.58,0
9511,control,0.0,0,0.0,0
9512,treatment,0.0,0,0.0,0
9513,control,0.0,0,0.0,0
9514,control,130.0,0,0.0,0
9515,control,0.0,0,0.0,0
9516,treatment,151.47,0,0.0,0
9517,control,100.44,0,0.0,0
9518,control,0.0,0,0.0,0
9519,control,160.4,0,0.0,0
9520,treatment,20.35,0,0.0,0
9521,control,179.11,0,0.0,0
9522,control,0.0,1,27.93,0
9523,control,0.0,0,0.0,0
9524,control,0.0,0,0.0,0
9525,control,46.74,0,0.0,0
9526,treatment,26.41,0,0.0,0
9527,control,0.0,0,0.0,0
9528,control,374.3,1,166.75,0
9529,control,0.0,0,0.0,0
9530,control,44.52,0,0.0,0
9531,treatment,407.96,0,0.0,0
9532,control,1181.16,0,0.0,0
9533,treatment,96.53,0,0.0,0
9534,control,0.0,0,0.0,0
9535,control,39.42,0,0.0,0
9536,treatment,0.0,1,56.88,0
9537,treatment,0.0,1,41.98,0
9538,control,225.92,0,0.0,0
9539,control,0.0,0,0.0,0
9540,treatment,84.69,0,0.0,0
9541,treatment,0.0,0,0.0,0
9542,control,52.6,0,0.0,0
9543,control,57.23,0,0.0,0
9544,treatment,0.0,0,0.0,0
9545,control,40.97,0,0.0,0
9546,treatment,0.0,0,0.0,0
9547,control,101.27,0,0.0,0
9548,control,0.0,0,0.0,0
9549,treatment,0.0,0,0.0,0
9550,treatment,61.81,0,0.0,0
9551,control,0.0,0,0.0,0
9552,control,0.0,0,0.0,0
9553,control,0.0,0,0.0,0
9554,treatment,0.0,0,0.0,0
9555,treatment,258.77,1,136.55,0
9556,treatment,0.0,0,0.0,0
9557,control,589.89,0,0.0,0
9559,treatment,0.0,0,0.0,0
9560,treatment,0.0,0,0.0,0
9561,control,42.17,0,0.0,0
9562,treatment,117.85,0,0.0,0
9563,treatment,63.41,0,0.0,0
9564,treatment,0.0,0,0.0,0
9565,treatment,0.0,0,0.0,0
9566,treatment,484.65,1,108.67,0
9567,control,0.0,1,34.6,0
9568,control,64.24,0,0.0,0
9569,treatment,409.32,0,0.0,0
9570,treatment,189.23,0,0.0,0
9571,treatment,75.22,0,0.0,0
9572,treatment,84.05,0,0.0,0
9573,treatment,0.0,0,0.0,0
9574,control,0.0,0,0.0,0
9575,control,0.0,0,0.0,0
9576,control,477.34,0,0.0,0
9577,control,252.86,0,0.0,0
9578,treatment,59.61,0,0.0,0
9579,treatment,157.53,0,0.0,0
9580,control,119.34,0,0.0,0
9581,control,0.0,0,0.0,0
9582,treatment,0.0,0,0.0,0
9583,treatment,66.64,0,0.0,0
9584,treatment,120.86,0,0.0,0
9585,control,64.72,0,0.0,0
9586,treatment,39.17,1,81.01,0
9587,treatment,38.62,0,0.0,0
9588,control,0.0,0,0.0,0
9589,control,56.67,0,0.0,0
9590,control,146.43,0,0.0,0
9591,treatment,64.72,1,58.27,0
9592,treatment,0.0,0,0.0,0
9593,control,0.0,0,0.0,0
9594,treatment,57.96,1,88.27,0
9595,treatment,0.0,0,0.0,0
9596,control,0.0,0,0.0,0
9597,control,39.93,0,0.0,0
9598,control,0.0,0,0.0,0
9599,control,336.2,0,0.0,0
9600,control,203.44,1,91.38,0
9601,control,0.0,0,0.0,0
9602,control,0.0,0,0.0,0
9603,control,0.0,0,0.0,0
9604,control,0.0,0,0.0,0
9605,control,52.45,0,0.0,0
9606,control,0.0,0,0.0,0
9607,treatment,42.2,1,149.85,0
9608,treatment,0.0,0,0.0,0
9609,control,0.0,0,0.0,0
9610,control,0.0,0,0.0,0
9611,control,52.81,0,0.0,0
9612,control,219.05,1,82.74,0
9613,control,0.0,0,0.0,0
9614,control,0.0,0,0.0,0
9615,treatment,58.29,1,100.7,0
9616,control,0.0,0,0.0,0
9617,treatment,184.94,0,0.0,0
9618,treatment,60.07,0,0.0,0
9619,treatment,276.54,0,0.0,0
9620,control,109.09,0,0.0,0
9621,control,124.9,0,0.0,0
9622,control,392.25,0,0.0,0
9623,treatment,0.0,0,0.0,0
9624,treatment,0.0,0,0.0,0
9625,treatment,0.0,0,0.0,0
9626,control,0.0,0,0.0,0
9627,control,0.0,0,0.0,0
9628,treatment,220.07,0,0.0,0
9629,control,0.0,0,0.0,0
9630,control,87.65,0,0.0,0
9631,control,293.67,1,133.19,0
9632,control,0.0,0,0.0,0
9633,control,24.61,0,0.0,0
9634,control,0.0,0,0.0,0
9635,control,0.0,0,0.0,0
9636,control,23.58,1,45.56,1
9637,control,0.0,0,0.0,0
9638,control,0.0,0,0.0,0
9639,control,0.0,0,0.0,0
9640,treatment,79.04,0,0.0,0
9641,control,0.0,0,0.0,0
9642,control,202.4,1,73.74,0
9643,treatment,123.93,0,0.0,0
9644,control,79.49,0,0.0,0
9645,control,0.0,0,0.0,0
9646,treatment,495.63,1,61.03,0
9647,treatment,0.0,0,0.0,0
9648,treatment,283.42,1,91.86,0
9649,treatment,225.14,0,0.0,0
9650,treatment,0.0,0,0.0,0
9651,control,121.63,0,0.0,0
9652,treatment,106.62,1,46.51,0
9653,control,55.8,0,0.0,0
9654,control,0.0,0,0.0,0
9655,control,0.0,0,0.0,0
9656,treatment,0.0,0,0.0,0
9657,treatment,0.0,0,0.0,0
9658,treatment,40.56,0,0.0,0
9659,treatment,26.1,0,0.0,0
9660,treatment,36.59,1,33.51,0
9661,control,0.0,0,0.0,0
9663,treatment,67.03,0,0.0,0
9664,control,0.0,0,0.0,0
9665,treatment,31.25,0,0.0,0
9666,treatment,144.48,1,53.23,0
9667,control,0.0,0,0.0,0
9668,treatment,0.0,0,0.0,0
9669,control,126.03,1,40.58,0
9670,treatment,0.0,0,0.0,0
9671,treatment,57.98,0,0.0,0
9672,control,0.0,0,0.0,0
9673,treatment,50.82,0,0.0,0
9674,control,62.28,0,0.0,0
9675,treatment,88.35,0,0.0,0
9676,control,52.24,0,0.0,0
9678,treatment,352.59,1,52.54,0
9679,control,0.0,0,0.0,0
9680,control,94.02,0,0.0,0
9681,treatment,0.0,0,0.0,0
9682,control,104.71,0,0.0,0
9683,treatment,0.0,0,0.0,0
9684,treatment,13.32,0,0.0,0
9685,treatment,0.0,0,0.0,0
9686,treatment,0.0,0,0.0,0
9687,control,0.0,0,0.0,0
9688,control,71.88,0,0.0,0
9689,treatment,0.0,1,147.85,0
9690,control,0.0,0,0.0,0
9691,treatment,0.0,0,0.0,0
9692,control,270.39,0,0.0,0
9693,treatment,472.2,0,0.0,0
9694,treatment,132.45,1,40.81,0
9695,treatment,41.58,0,0.0,0
9696,treatment,139.08,0,0.0,0
9697,treatment,0.0,1,42.18,0
9698,treatment,376.49,1,105.64,0
9699,treatment,0.0,1,79.85,0
9700,control,61.79,0,0.0,0
9701,control,0.0,0,0.0,0
9702,control,0.0,0,0.0,0
9704,control,0.0,0,0.0,0
9705,treatment,0.0,0,0.0,0
9706,control,0.0,0,0.0,0
9707,control,94.22,1,33.34,0
9708,treatment,0.0,0,0.0,0
9709,treatment,39.67,0,0.0,0
9710,control,0.0,0,0.0,0
9711,control,0.0,0,0.0,0
9712,control,254.99,1,44.22,0
9713,treatment,0.0,0,0.0,0
9714,control,435.81,0,0.0,0
9715,control,26.04,0,0.0,0
9716,treatment,0.0,0,0.0,0
9717,treatment,85.32,1,38.76,0
9718,control,0.0,0,0.0,0
9719,control,74.2,0,0.0,0
9721,treatment,585.82,0,0.0,0
9723,control,46.61,0,0.0,0
9724,control,119.01,0,0.0,0
9725,treatment,81.5,0,0.0,0
9726,control,19.54,0,0.0,0
9727,control,49.48,0,0.0,0
9728,control,63.96,0,0.0,0
9729,control,0.0,0,0.0,0
9730,control,0.0,0,0.0,0
9731,treatment,0.0,0,0.0,0
9732,control,52.79,1,39.25,0
9733,control,161.85,0,0.0,0
9734,control,0.0,0,0.0,0
9735,control,0.0,0,0.0,0
9736,control,59.64,0,0.0,0
9738,control,0.0,0,0.0,0
9739,treatment,0.0,0,0.0,0
9740,treatment,351.77,1,65.37,0
9741,control,40.9,0,0.0,0
9742,control,121.21,1,65.76,0
9743,treatment,0.0,1,65.25,0
9744,treatment,0.0,1,37.51,0
9746,control,130.51,0,0.0,0
9747,treatment,48.84,0,0.0,0
9748,treatment,33.4,0,0.0,0
9749,control,0.0,1,74.65,0
9750,treatment,21.04,0,0.0,0
9751,control,221.14,0,0.0,0
9752,treatment,0.0,0,0.0,0
9753,control,129.9,0,0.0,0
9754,control,1188.94,1,118.32,0
9755,treatment,112.62,0,0.0,0
9756,treatment,34.13,0,0.0,0
9757,treatment,0.0,0,0.0,0
9758,control,38.48,0,0.0,0
9759,control,0.0,0,0.0,0
9760,treatment,0.0,0,0.0,0
9761,treatment,78.01,0,0.0,0
9762,control,0.0,0,0.0,0
9763,control,0.0,0,0.0,0
9764,treatment,0.0,0,0.0,0
9765,treatment,84.63,0,0.0,0
9766,treatment,51.09,0,0.0,0
9767,treatment,0.0,0,0.0,0
9768,control,112.15,0,0.0,0
9769,control,35.68,0,0.0,0
9770,control,0.0,0,0.0,0
9771,treatment,82.77,0,0.0,0
9772,control,352.47,1,54.82,0
9773,control,0.0,0,0.0,0
9774,treatment,0.0,0,0.0,0
9775,treatment,0.0,0,0.0,0
9776,control,37.32,0,0.0,0
9777,control,59.72,1,46.52,0
9778,control,93.22,0,0.0,0
9779,control,22.56,0,0.0,0
9780,control,0.0,0,0.0,0
9781,treatment,65.63,0,0.0,0
9782,treatment,0.0,1,30.77,0
9783,control,142.32,0,0.0,0
9784,treatment,61.3,0,0.0,0
9785,treatment,0.0,0,0.0,0
9786,treatment,309.04,1,103.58,0
9787,control,461.16,1,43.16,0
9788,treatment,96.08,0,0.0,0
9789,control,0.0,0,0.0,0
9790,control,40.52,0,0.0,0
9791,treatment,0.0,0,0.0,0
9792,treatment,38.81,0,0.0,0
9793,treatment,101.12,0,0.0,0
9794,control,0.0,0,0.0,0
9795,treatment,0.0,1,38.8,0
9796,control,0.0,0,0.0,0
9797,control,0.0,0,0.0,0
9798,control,410.27,0,0.0,0
9799,control,0.0,1,32.86,0
9800,treatment,0.0,0,0.0,0
9801,treatment,0.0,0,0.0,0
9802,control,0.0,0,0.0,0
9803,treatment,0.0,0,0.0,0
9804,treatment,0.0,0,0.0,0
9805,control,36.44,1,45.45,0
9806,treatment,0.0,1,59.53,0
9807,control,135.66,1,188.13,0
9808,control,61.94,0,0.0,0
9809,treatment,0.0,0,0.0,0
9810,treatment,0.0,0,0.0,0
9811,treatment,20.64,0,0.0,0
9812,control,0.0,0,0.0,0
9813,control,84.05,0,0.0,0
9814,control,815.84,0,0.0,0
9815,control,0.0,0,0.0,0
9817,control,0.0,0,0.0,0
9818,control,75.1,0,0.0,0
9819,control,0.0,0,0.0,0
9820,treatment,0.0,0,0.0,0
9821,treatment,0.0,0,0.0,0
9822,treatment,63.93,0,0.0,0
9823,control,0.0,0,0.0,0
9824,control,0.0,0,0.0,0
9825,treatment,53.39,0,0.0,0
9826,treatment,0.0,0,0.0,0
9827,treatment,159.18,0,0.0,0
9828,treatment,67.61,0,0.0,0
9829,treatment,301.9,0,0.0,0
9830,treatment,30.83,0,0.0,0
9831,control,0.0,0,0.0,0
9832,treatment,1416.79,1,76.59,0
9833,treatment,0.0,0,0.0,0
9834,control,0.0,0,0.0,0
9835,treatment,0.0,0,0.0,0
9836,treatment,119.49,0,0.0,0
9837,treatment,27.17,0,0.0,0
9838,control,258.56,0,0.0,0
9839,treatment,0.0,0,0.0,0
9840,control,0.0,0,0.0,0
9841,control,124.38,0,0.0,0
9842,treatment,69.2,0,0.0,0
9843,treatment,0.0,0,0.0,0
9844,control,0.0,0,0.0,0
9845,treatment,275.11,0,0.0,0
9846,treatment,52.54,0,0.0,0
9847,treatment,0.0,1,23.27,0
9848,control,818.61,1,101.49,0
9849,control,49.88,1,103.1,0
9850,treatment,180.95,0,0.0,0
9851,treatment,0.0,1,27.86,0
9852,treatment,53.98,0,0.0,0
9853,treatment,233.03,0,0.0,0
9854,control,0.0,0,0.0,0
9855,treatment,47.65,1,137.55,0
9856,treatment,0.0,0,0.0,0
9857,control,87.03,1,68.67,0
9858,control,527.1,0,0.0,0
9859,control,0.0,0,0.0,0
9860,treatment,0.0,1,17.8,0
9861,control,47.69,0,0.0,0
9862,treatment,0.0,1,24.16,0
9863,treatment,24.97,0,0.0,0
9864,control,0.0,0,0.0,0
9866,treatment,0.0,0,0.0,0
9867,treatment,61.33,0,0.0,0
9868,treatment,45.14,0,0.0,0
9869,control,70.23,0,0.0,0
9870,treatment,0.0,0,0.0,0
9871,treatment,23.93,0,0.0,0
9872,treatment,44.6,0,0.0,0
9873,treatment,0.0,0,0.0,0
9874,control,0.0,0,0.0,0
9875,control,0.0,0,0.0,0
9876,control,29.08,0,0.0,0
9877,control,0.0,0,0.0,0
9878,treatment,0.0,0,0.0,0
9879,control,0.0,0,0.0,0
9880,treatment,200.2,0,0.0,0
9881,control,0.0,0,0.0,0
9882,treatment,36.29,0,0.0,0
9883,control,26.46,0,0.0,0
9884,control,52.88,0,0.0,0
9885,treatment,42.31,0,0.0,0
9886,control,0.0,0,0.0,0
9887,control,0.0,0,0.0,0
9888,treatment,556.89,1,137.6,0
9889,control,0.0,0,0.0,0
9891,treatment,94.35,0,0.0,0
9892,control,766.45,1,90.68,0
9893,treatment,0.0,0,0.0,0
9894,control,1308.39,1,69.21,0
9895,control,232.4,0,0.0,0
9896,treatment,61.34,0,0.0,0
9897,treatment,0.0,0,0.0,0
9898,treatment,0.0,0,0.0,0
9899,control,0.0,0,0.0,0
9900,treatment,0.0,0,0.0,0
9901,treatment,0.0,0,0.0,0
9902,treatment,29.35,0,0.0,0
9903,control,50.99,0,0.0,0
9904,control,75.0,0,0.0,0
9905,treatment,159.35,0,0.0,0
9906,treatment,0.0,0,0.0,0
9907,control,0.0,1,66.72,0
9908,control,0.0,0,0.0,0
9909,control,94.68,0,0.0,0
9910,treatment,56.14,0,0.0,0
9911,control,0.0,0,0.0,0
9913,control,0.0,0,0.0,0
9914,treatment,0.0,0,0.0,0
9915,control,0.0,0,0.0,0
9916,treatment,343.87,1,72.44,0
9917,control,474.49,1,54.12,0
9918,control,43.47,1,76.66,0
9919,treatment,0.0,0,0.0,0
9920,control,134.72,0,0.0,0
9921,treatment,103.03,0,0.0,0
9922,treatment,52.23,1,35.91,0
9923,control,129.36,0,0.0,0
9924,control,0.0,0,0.0,0
9925,control,76.46,0,0.0,0
9926,treatment,161.24,1,91.33,0
9927,control,38.18,0,0.0,0
9928,control,35.88,1,42.79,0
9929,treatment,0.0,0,0.0,0
9931,treatment,532.3,1,102.06,0
9932,control,0.0,0,0.0,0
9933,control,0.0,0,0.0,0
9934,treatment,39.4,0,0.0,0
9935,treatment,0.0,0,0.0,0
9936,treatment,0.0,0,0.0,0
9937,treatment,0.0,0,0.0,0
9938,treatment,0.0,0,0.0,0
9939,treatment,0.0,0,0.0,0
9940,treatment,0.0,0,0.0,0
9941,treatment,90.3,0,0.0,0
9942,treatment,38.0,1,66.3,0
9943,control,0.0,0,0.0,0
9944,treatment,0.0,0,0.0,0
9945,control,47.76,0,0.0,0
9946,control,0.0,0,0.0,0
9947,treatment,0.0,0,0.0,0
9948,control,234.42,0,0.0,0
9949,treatment,0.0,0,0.0,0
9950,treatment,0.0,0,0.0,0
9951,control,85.95,1,66.8,0
9952,treatment,0.0,0,0.0,0
9953,control,0.0,0,0.0,0
9954,treatment,82.92,0,0.0,0
9955,treatment,0.0,0,0.0,0
9956,control,0.0,0,0.0,0
9957,treatment,0.0,0,0.0,0
9958,control,0.0,0,0.0,0
9959,control,42.88,0,0.0,0
9960,control,113.42,0,0.0,0
9961,control,0.0,0,0.0,0
9962,treatment,54.46,0,0.0,0
9963,treatment,60.95,0,0.0,0
9964,control,0.0,0,0.0,0
9965,control,24.97,0,0.0,0
9966,treatment,0.0,1,78.47,0
9967,treatment,0.0,0,0.0,0
9968,treatment,101.09,0,0.0,0
9969,treatment,0.0,0,0.0,0
9970,treatment,948.27,0,0.0,0
9971,control,0.0,0,0.0,0
9972,control,0.0,0,0.0,0
9973,control,54.12,0,0.0,0
9974,control,0.0,0,0.0,0
9975,treatment,189.27,0,0.0,0
9976,control,0.0,0,0.0,0
9977,control,0.0,1,41.34,0
9978,treatment,38.42,0,0.0,0
9979,control,51.92,0,0.0,0
9980,treatment,0.0,0,0.0,0
9981,control,0.0,0,0.0,0
9982,control,0.0,0,0.0,0
9983,treatment,77.81,0,0.0,0
9984,treatment,0.0,0,0.0,0
9985,control,67.26,1,58.17,0
9987,control,0.0,0,0.0,0
9988,treatment,0.0,0,0.0,0
9989,control,39.09,0,0.0,0
9990,treatment,0.0,0,0.0,0
9991,control,85.58,0,0.0,0
9992,treatment,75.05,0,0.0,0
9993,treatment,0.0,0,0.0,0
9995,control,326.1,1,47.77,0
9996,treatment,151.32,1,128.9,0
9997,treatment,0.0,1,51.38,0
9998,control,160.35,0,0.0,0
9999,control,249.57,0,0.0,0
10000,control,0.0,0,0.0,0
10001,treatment,0.0,0,0.0,0
10002,treatment,0.0,0,0.0,0
10003,treatment,0.0,0,0.0,0
10004,control,503.96,0,0.0,0
10005,control,30.02,0,0.0,0
10006,control,43.1,1,57.92,0
10007,treatment,26.11,0,0.0,0
10008,control,168.16,0,0.0,0
10010,control,0.0,0,0.0,0
10011,treatment,26.16,0,0.0,0
10012,control,0.0,0,0.0,0
10013,treatment,81.67,0,0.0,0
10014,control,97.47,0,0.0,0
10015,control,345.96,1,49.86,0
10016,treatment,208.85,1,66.99,0
10018,control,0.0,0,0.0,0
10019,control,0.0,0,0.0,0
10020,control,67.89,0,0.0,0
10021,control,0.0,0,0.0,0
10022,control,0.0,0,0.0,0
10023,treatment,154.0,0,0.0,0
10024,treatment,91.94,0,0.0,0
10025,treatment,145.05,0,0.0,0
10026,treatment,0.0,0,0.0,0
10027,control,0.0,0,0.0,0
10028,treatment,69.49,0,0.0,0
10029,control,266.54,0,0.0,0
10030,treatment,49.5,0,0.0,0
10031,control,59.02,0,0.0,0
10032,control,379.05,0,0.0,0
10033,control,0.0,0,0.0,0
10034,treatment,70.8,0,0.0,0
10035,treatment,0.0,0,0.0,0
10036,treatment,178.82,0,0.0,0
10037,treatment,134.45,0,0.0,0
10038,treatment,0.0,0,0.0,0
10039,control,366.86,0,0.0,0
10040,control,0.0,0,0.0,0
10041,treatment,0.0,0,0.0,0
10042,treatment,0.0,0,0.0,0
10043,treatment,0.0,1,33.09,0
10044,treatment,356.34,0,0.0,0
10045,control,0.0,0,0.0,0
10046,treatment,0.0,1,116.29,0
10047,control,93.15,0,0.0,0
10048,treatment,0.0,0,0.0,0
10049,treatment,0.0,0,0.0,0
10050,treatment,136.72,0,0.0,0
10051,control,110.8,0,0.0,0
10052,treatment,33.41,0,0.0,0
10053,control,0.0,0,0.0,0
10054,treatment,143.8,0,0.0,0
10055,control,0.0,0,0.0,0
10056,control,98.28,0,0.0,0
10057,control,39.29,0,0.0,0
10058,control,180.58,0,0.0,0
10059,treatment,0.0,0,0.0,0
10060,control,0.0,0,0.0,0
10061,control,188.85,0,0.0,0
10062,control,0.0,0,0.0,0
10063,treatment,0.0,1,35.91,0
10064,control,315.19,1,33.94,0
10065,control,0.0,0,0.0,0
10066,control,0.0,0,0.0,0
10067,treatment,0.0,0,0.0,0
10068,control,0.0,0,0.0,0
10069,control,0.0,0,0.0,0
10070,control,0.0,0,0.0,0
10071,control,228.61,0,0.0,0
10072,treatment,197.04,1,67.68,0
10073,treatment,0.0,0,0.0,0
10074,treatment,0.0,0,0.0,0
10075,control,108.13,0,0.0,0
10076,treatment,79.91,0,0.0,0
10077,treatment,101.29,0,0.0,0
10078,treatment,39.86,0,0.0,0
10079,treatment,0.0,0,0.0,0
10080,control,93.81,0,0.0,0
10081,control,54.48,0,0.0,0
10082,treatment,0.0,0,0.0,0
10083,treatment,54.56,0,0.0,0
10084,treatment,187.1,0,0.0,0
10085,control,0.0,0,0.0,0
10086,treatment,0.0,0,0.0,0
10087,control,0.0,0,0.0,0
10088,control,0.0,0,0.0,0
10089,control,0.0,0,0.0,0
10090,treatment,0.0,0,0.0,0
10091,control,0.0,0,0.0,0
10092,control,160.15,0,0.0,0
10093,control,0.0,0,0.0,0
10094,control,0.0,1,26.4,0
10095,treatment,28.21,0,0.0,0
10096,control,134.62,1,19.8,0
10097,treatment,0.0,0,0.0,0
10098,treatment,0.0,0,0.0,0
10099,treatment,134.62,0,0.0,0
10100,control,50.15,0,0.0,0
10101,treatment,0.0,0,0.0,0
10102,control,0.0,0,0.0,0
10103,control,53.59,0,0.0,0
10104,control,0.0,0,0.0,0
10105,treatment,0.0,0,0.0,0
10106,treatment,0.0,0,0.0,0
10107,treatment,56.85,0,0.0,0
10108,control,101.4,1,81.71,0
10109,control,0.0,0,0.0,0
10110,treatment,0.0,0,0.0,0
10112,control,89.57,0,0.0,0
10113,control,23.39,0,0.0,0
10114,control,0.0,0,0.0,0
10115,treatment,0.0,0,0.0,0
10116,treatment,0.0,0,0.0,0
10117,control,0.0,0,0.0,0
10118,control,48.78,0,0.0,0
10119,treatment,0.0,0,0.0,0
10120,control,0.0,0,0.0,0
10121,treatment,220.03,1,73.51,0
10122,control,33.5,0,0.0,0
10123,treatment,43.54,0,0.0,0
10124,treatment,73.44,1,49.23,0
10126,control,0.0,0,0.0,0
10127,control,71.5,0,0.0,0
10128,treatment,51.3,0,0.0,0
10129,control,218.83,0,0.0,0
10130,control,49.89,0,0.0,0
10131,control,0.0,0,0.0,0
10132,treatment,77.86,0,0.0,0
10133,treatment,274.63,0,0.0,0
10134,treatment,0.0,0,0.0,0
10135,treatment,215.88,0,0.0,0
10136,control,53.27,0,0.0,0
10137,control,0.0,0,0.0,0
10138,treatment,0.0,0,0.0,0
10139,treatment,0.0,0,0.0,0
10140,control,0.0,0,0.0,0
10141,control,51.1,0,0.0,0
10142,control,75.79,0,0.0,0
10143,control,0.0,0,0.0,0
10144,control,0.0,0,0.0,0
10145,control,0.0,0,0.0,0
10146,control,0.0,0,0.0,0
10147,treatment,0.0,0,0.0,0
10148,treatment,0.0,0,0.0,0
10149,control,34.12,0,0.0,0
10150,treatment,45.98,0,0.0,0
10151,control,72.36,0,0.0,0
10152,control,53.52,0,0.0,0
10153,treatment,0.0,0,0.0,0
10155,control,0.0,0,0.0,0
10156,control,0.0,0,0.0,0
10157,treatment,0.0,0,0.0,0
10158,control,24.16,0,0.0,0
10159,treatment,0.0,0,0.0,0
10160,treatment,42.09,0,0.0,0
10161,treatment,0.0,0,0.0,0
10162,control,144.2,1,34.58,0
10163,control,0.0,0,0.0,0
10164,treatment,0.0,1,71.87,0
10165,control,0.0,0,0.0,0
10167,control,168.95,0,0.0,0
10168,control,0.0,0,0.0,0
10169,treatment,101.11,0,0.0,0
10170,treatment,38.06,0,0.0,0
10171,treatment,0.0,1,35.31,0
10172,control,59.81,0,0.0,0
10173,treatment,307.26,1,267.45,0
10174,treatment,0.0,0,0.0,0
10175,control,86.73,0,0.0,0
10176,treatment,65.76,0,0.0,0
10177,treatment,0.0,0,0.0,0
10178,control,111.68,0,0.0,0
10179,treatment,52.95,0,0.0,0
10180,control,101.42,0,0.0,0
10181,control,0.0,0,0.0,0
10182,control,31.56,0,0.0,0
10183,treatment,0.0,0,0.0,0
10184,treatment,0.0,0,0.0,0
10185,control,0.0,0,0.0,0
10186,control,0.0,0,0.0,0
10187,control,0.0,0,0.0,0
10188,control,45.59,0,0.0,0
10189,treatment,91.99,0,0.0,0
10190,treatment,361.94,0,0.0,0
10191,treatment,359.0,1,265.45,0
10192,treatment,45.95,1,86.12,0
10193,treatment,0.0,0,0.0,0
10194,control,0.0,0,0.0,0
10195,treatment,0.0,0,0.0,0
10196,control,104.88,1,35.71,0
10197,control,469.05,0,0.0,0
10198,treatment,115.92,0,0.0,0
10199,treatment,48.81,0,0.0,0
10200,treatment,43.21,0,0.0,0
10201,control,0.0,0,0.0,0
10202,control,0.0,0,0.0,0
10203,treatment,0.0,0,0.0,0
10204,control,0.0,0,0.0,0
10205,control,46.24,0,0.0,0
10206,control,0.0,0,0.0,0
10207,treatment,32.31,0,0.0,0
10208,treatment,0.0,0,0.0,0
10209,control,86.24,1,44.07,0
10210,control,0.0,0,0.0,0
10211,control,0.0,0,0.0,0
10212,treatment,170.8,0,0.0,0
10213,control,0.0,0,0.0,0
10214,treatment,40.89,0,0.0,0
10215,control,0.0,0,0.0,0
10216,control,0.0,0,0.0,0
10217,control,0.0,0,0.0,0
10218,control,0.0,0,0.0,0
10219,treatment,26.93,0,0.0,0
10220,control,0.0,0,0.0,0
10222,control,215.21,0,0.0,0
10223,control,0.0,0,0.0,0
10224,control,299.83,0,0.0,0
10225,treatment,0.0,0,0.0,0
10226,control,0.0,0,0.0,0
10227,treatment,28.51,0,0.0,0
10228,treatment,57.21,0,0.0,0
10229,control,0.0,0,0.0,0
10230,control,69.86,1,44.83,0
10231,treatment,0.0,1,89.14,0
10232,treatment,0.0,0,0.0,0
10233,treatment,84.4,0,0.0,0
10234,treatment,0.0,0,0.0,0
10235,treatment,44.55,0,0.0,0
10236,control,59.69,0,0.0,0
10237,control,86.58,0,0.0,0
10238,treatment,0.0,0,0.0,0
10239,control,0.0,0,0.0,0
10240,control,0.0,0,0.0,0
10241,treatment,0.0,0,0.0,0
10242,control,119.5,0,0.0,0
10243,control,0.0,0,0.0,0
10244,control,71.54,1,104.45,0
10245,treatment,0.0,0,0.0,0
10246,control,0.0,0,0.0,0
10247,control,0.0,0,0.0,0
10248,treatment,0.0,0,0.0,0
10249,control,99.53,0,0.0,0
10250,control,65.04,0,0.0,0
10251,treatment,0.0,0,0.0,0
10252,treatment,153.02,1,130.49,0
10253,control,66.67,0,0.0,0
10254,treatment,0.0,0,0.0,0
10255,control,330.75,0,0.0,0
10256,treatment,43.08,0,0.0,0
10257,treatment,156.96,1,35.37,0
10258,control,0.0,0,0.0,0
10259,treatment,0.0,0,0.0,0
10260,control,129.12,1,87.35,0
10261,treatment,0.0,0,0.0,0
10262,control,1246.01,0,0.0,0
10263,treatment,0.0,0,0.0,0
10264,control,73.77,0,0.0,0
10265,treatment,40.65,0,0.0,0
10266,control,0.0,0,0.0,0
10267,control,36.12,0,0.0,0
10268,treatment,0.0,0,0.0,0
10269,control,61.36,0,0.0,0
10270,treatment,349.03,1,40.98,0
10271,treatment,43.22,0,0.0,0
10272,treatment,42.66,0,0.0,0
10273,treatment,100.07,0,0.0,0
10274,control,0.0,1,63.26,0
10275,treatment,0.0,0,0.0,0
10276,control,113.5,0,0.0,0
10277,treatment,0.0,0,0.0,0
10278,treatment,181.25,0,0.0,0
10279,control,0.0,0,0.0,0
10280,control,450.87,0,0.0,0
10281,treatment,0.0,1,54.68,1
10282,treatment,0.0,1,71.05,0
10283,treatment,50.16,0,0.0,0
10284,control,64.2,0,0.0,0
10285,control,119.24,0,0.0,0
10286,control,0.0,0,0.0,0
10287,control,94.65,0,0.0,0
10288,treatment,0.0,0,0.0,0
10289,control,181.42,0,0.0,0
10290,treatment,0.0,0,0.0,0
10291,treatment,0.0,0,0.0,0
10292,control,29.14,0,0.0,0
10293,treatment,0.0,0,0.0,0
10294,treatment,0.0,0,0.0,0
10295,control,76.9,1,57.28,0
10296,control,50.49,0,0.0,0
10297,control,0.0,0,0.0,0
10298,control,71.16,0,0.0,0
10299,treatment,0.0,0,0.0,0
10300,treatment,0.0,0,0.0,0
10301,treatment,73.54,0,0.0,0
10302,control,0.0,0,0.0,0
10303,treatment,460.06,1,92.66,0
10304,treatment,0.0,0,0.0,0
10305,treatment,0.0,0,0.0,0
10306,treatment,126.36,0,0.0,0
10307,control,0.0,0,0.0,0
10308,control,151.38,0,0.0,0
10309,treatment,0.0,0,0.0,0
10310,treatment,66.03,0,0.0,0
10311,treatment,0.0,0,0.0,0
10312,treatment,0.0,0,0.0,0
10313,control,0.0,0,0.0,0
10314,control,0.0,0,0.0,0
10315,treatment,43.17,1,78.33,0
10316,control,0.0,0,0.0,0
10317,treatment,109.78,1,99.1,0
10318,control,226.67,0,0.0,0
10319,control,0.0,0,0.0,0
10320,control,0.0,0,0.0,0
10321,treatment,23.1,0,0.0,0
10322,control,0.0,0,0.0,0
10323,control,0.0,0,0.0,0
10324,control,0.0,0,0.0,0
10325,control,57.49,0,0.0,0
10326,control,105.76,0,0.0,0
10327,treatment,36.08,0,0.0,0
10328,treatment,168.91,0,0.0,0
10330,treatment,237.37,0,0.0,0
10331,treatment,0.0,0,0.0,0
10332,treatment,0.0,0,0.0,0
10333,treatment,0.0,0,0.0,0
10334,treatment,124.86,0,0.0,0
10335,treatment,247.0,0,0.0,0
10336,treatment,0.0,0,0.0,0
10337,treatment,0.0,0,0.0,0
10338,control,0.0,0,0.0,0
10339,treatment,0.0,0,0.0,0
10340,treatment,0.0,0,0.0,0
10341,treatment,0.0,0,0.0,0
10342,treatment,63.08,0,0.0,0
10343,control,0.0,0,0.0,0
10344,control,105.42,0,0.0,0
10345,treatment,0.0,0,0.0,0
10346,control,48.69,0,0.0,0
10347,control,0.0,0,0.0,0
10348,treatment,0.0,0,0.0,0
10349,treatment,181.12,1,224.64,0
10350,treatment,275.39,0,0.0,0
10351,control,39.51,0,0.0,0
10352,control,0.0,0,0.0,0
10353,treatment,0.0,0,0.0,0
10354,control,0.0,0,0.0,0
10355,treatment,0.0,0,0.0,0
10356,treatment,393.01,0,0.0,0
10357,control,59.01,0,0.0,0
10358,treatment,0.0,0,0.0,0
10359,treatment,226.77,0,0.0,0
10361,control,28.21,1,282.85,0
10362,control,285.59,0,0.0,0
10363,control,0.0,0,0.0,0
10364,control,0.0,0,0.0,0
10365,control,0.0,1,37.19,0
10366,treatment,0.0,0,0.0,0
10367,control,71.98,0,0.0,0
10368,treatment,0.0,0,0.0,0
10369,control,47.87,0,0.0,0
10370,treatment,176.62,0,0.0,0
10371,treatment,0.0,0,0.0,0
10372,control,52.4,0,0.0,0
10373,control,76.04,0,0.0,0
10374,control,205.72,0,0.0,0
10375,treatment,383.01,1,127.61,0
10376,treatment,0.0,0,0.0,0
10377,control,91.78,0,0.0,0
10378,control,302.62,1,202.45,0
10379,control,56.99,0,0.0,0
10380,control,0.0,0,0.0,0
10381,control,29.09,0,0.0,0
10382,control,112.24,0,0.0,0
10383,treatment,85.27,0,0.0,0
10384,treatment,0.0,0,0.0,0
10385,control,0.0,0,0.0,0
10386,control,0.0,0,0.0,0
10387,treatment,54.24,0,0.0,0
10388,treatment,78.77,0,0.0,0
10389,control,154.84,0,0.0,0
10390,control,183.14,0,0.0,0
10391,control,0.0,0,0.0,0
10392,treatment,243.47,0,0.0,0
10393,treatment,308.46,0,0.0,0
10394,treatment,180.24,1,69.97,0
10395,control,0.0,0,0.0,0
10396,control,0.0,1,44.14,0
10397,treatment,0.0,0,0.0,0
10398,treatment,72.63,0,0.0,0
10399,control,0.0,0,0.0,0
10400,control,37.43,0,0.0,0
10401,control,0.0,0,0.0,0
10402,control,0.0,0,0.0,0
10403,control,0.0,0,0.0,0
10404,control,201.19,1,44.5,0
10405,treatment,0.0,0,0.0,0
10406,treatment,0.0,0,0.0,0
10407,treatment,0.0,0,0.0,0
10408,control,0.0,0,0.0,0
10409,treatment,1908.54,1,110.61,0
10410,treatment,48.69,0,0.0,0
10412,control,0.0,0,0.0,0
10413,control,0.0,0,0.0,0
10414,treatment,0.0,0,0.0,0
10415,control,0.0,0,0.0,0
10416,control,0.0,0,0.0,0
10417,control,170.35,0,0.0,0
10418,treatment,0.0,0,0.0,0
10419,treatment,75.52,0,0.0,0
10420,treatment,389.32,1,74.0,0
10421,treatment,0.0,0,0.0,0
10422,treatment,73.34,0,0.0,0
10423,treatment,38.5,0,0.0,0
10424,treatment,0.0,0,0.0,0
10425,control,95.13,1,34.07,0
10426,control,0.0,0,0.0,0
10427,control,0.0,0,0.0,0
10428,control,40.79,0,0.0,0
10429,control,0.0,0,0.0,0
10430,treatment,256.9,1,51.18,0
10431,treatment,0.0,0,0.0,0
10432,treatment,30.03,0,0.0,0
10433,control,93.83,0,0.0,0
10434,control,273.59,0,0.0,0
10436,treatment,0.0,0,0.0,0
10437,treatment,0.0,0,0.0,0
10438,control,57.69,0,0.0,0
10439,control,99.49,0,0.0,0
10440,control,43.46,0,0.0,0
10441,control,0.0,0,0.0,0
10442,control,0.0,0,0.0,0
10443,treatment,0.0,0,0.0,0
10444,control,0.0,0,0.0,0
10445,treatment,105.34,0,0.0,0
10446,control,52.27,0,0.0,0
10447,treatment,0.0,0,0.0,0
10448,treatment,0.0,0,0.0,0
10449,control,0.0,0,0.0,0
10450,treatment,0.0,0,0.0,0
10451,control,83.04,0,0.0,0
10452,control,62.93,0,0.0,0
10453,control,217.88,0,0.0,0
10454,control,87.14,0,0.0,0
10455,control,0.0,0,0.0,0
10456,treatment,0.0,0,0.0,0
10457,treatment,0.0,0,0.0,0
10458,control,0.0,0,0.0,0
10459,control,97.17,0,0.0,0
10460,control,37.14,0,0.0,0
10461,treatment,241.8,0,0.0,0
10462,control,0.0,0,0.0,0
10463,treatment,0.0,0,0.0,0
10464,treatment,61.47,1,44.89,1
10465,control,0.0,0,0.0,0
10466,control,27.69,0,0.0,0
10467,control,50.73,0,0.0,0
10468,control,0.0,1,31.64,0
10469,treatment,0.0,0,0.0,0
10470,control,223.78,1,65.83,0
10471,treatment,0.0,0,0.0,0
10472,treatment,0.0,0,0.0,0
10473,control,0.0,0,0.0,0
10474,treatment,96.17,0,0.0,0
10475,control,27.35,0,0.0,0
10476,control,0.0,0,0.0,0
10477,treatment,89.42,1,41.29,0
10478,treatment,0.0,0,0.0,0
10479,treatment,0.0,0,0.0,0
10480,treatment,7614.63,1,94.25,0
10481,treatment,518.98,0,0.0,0
10482,treatment,36.7,0,0.0,0
10483,treatment,465.43,0,0.0,0
10484,treatment,102.15,1,92.22,0
10485,control,50.74,0,0.0,0
10486,control,0.0,0,0.0,0
10487,treatment,57.48,0,0.0,0
10488,treatment,48.87,0,0.0,0
10489,treatment,0.0,0,0.0,0
10490,control,59.53,1,91.88,0
10491,treatment,114.64,0,0.0,0
10492,treatment,0.0,0,0.0,0
10493,treatment,354.17,0,0.0,0
10494,treatment,0.0,0,0.0,0
10495,treatment,71.4,0,0.0,0
10496,treatment,77.59,0,0.0,0
10497,treatment,47.89,0,0.0,0
10498,control,44.96,0,0.0,0
10499,treatment,388.51,1,161.0,0
10500,treatment,325.53,1,114.74,0
10501,control,360.93,0,0.0,0
10503,treatment,77.53,0,0.0,0
10504,control,0.0,0,0.0,0
10505,treatment,0.0,0,0.0,0
10506,control,118.07,0,0.0,0
10507,control,36.09,0,0.0,0
10508,control,0.0,0,0.0,0
10509,control,0.0,0,0.0,0
10510,control,24.91,0,0.0,0
10511,control,116.84,0,0.0,0
10512,control,0.0,1,44.96,0
10513,control,0.0,0,0.0,0
10514,control,214.07,0,0.0,0
10515,control,0.0,0,0.0,0
10516,treatment,29.54,0,0.0,0
10517,control,0.0,0,0.0,0
10518,treatment,0.0,0,0.0,0
10519,treatment,39.26,0,0.0,0
10520,treatment,143.01,0,0.0,0
10521,control,0.0,0,0.0,0
10522,control,0.0,0,0.0,0
10523,treatment,213.76,0,0.0,0
10524,control,49.52,0,0.0,0
10525,control,0.0,0,0.0,0
10526,treatment,649.04,1,140.87,0
10527,treatment,552.86,0,0.0,0
10528,treatment,0.0,0,0.0,0
10529,control,0.0,1,105.98,0
10530,control,96.14,0,0.0,0
10531,control,0.0,0,0.0,0
10532,control,0.0,0,0.0,0
10533,treatment,0.0,0,0.0,0
10534,treatment,34.68,0,0.0,0
10535,treatment,471.21,0,0.0,0
10536,treatment,201.31,1,299.74,0
10537,treatment,0.0,0,0.0,0
10538,control,182.42,1,67.6,0
10539,treatment,0.0,0,0.0,0
10540,control,124.14,0,0.0,0
10541,control,0.0,0,0.0,0
10542,treatment,91.04,0,0.0,0
10543,treatment,0.0,0,0.0,0
10544,control,58.67,0,0.0,0
10545,treatment,0.0,0,0.0,0
10546,treatment,30.78,0,0.0,0
10547,treatment,0.0,0,0.0,0
10548,treatment,0.0,0,0.0,0
10549,treatment,268.68,0,0.0,0
10550,treatment,0.0,0,0.0,0
10551,treatment,0.0,0,0.0,0
10552,treatment,0.0,0,0.0,0
10553,control,0.0,0,0.0,0
10554,treatment,0.0,0,0.0,0
10555,control,223.57,0,0.0,0
10556,treatment,0.0,0,0.0,0
10557,control,60.08,0,0.0,0
10558,control,0.0,0,0.0,0
10559,treatment,232.36,0,0.0,0
10560,treatment,79.37,0,0.0,0
10561,treatment,187.26,0,0.0,0
10562,control,94.47,0,0.0,0
10563,control,347.23,1,53.39,1
10564,control,444.51,0,0.0,0
10565,control,0.0,0,0.0,0
10566,control,60.01,0,0.0,0
10567,treatment,0.0,0,0.0,0
10568,control,0.0,0,0.0,0
10569,control,106.42,0,0.0,0
10570,control,58.42,0,0.0,0
10571,treatment,32.54,0,0.0,0
10572,treatment,0.0,0,0.0,0
10573,treatment,583.31,1,121.58,1
10574,treatment,45.0,0,0.0,0
10575,treatment,111.58,0,0.0,0
10576,treatment,65.75,0,0.0,0
10577,control,0.0,1,36.28,0
10578,treatment,24.18,0,0.0,0
10579,treatment,66.39,1,60.93,0
10580,treatment,147.12,0,0.0,0
10581,control,0.0,0,0.0,0
10582,control,77.97,0,0.0,0
10583,treatment,0.0,0,0.0,0
10584,treatment,41.6,0,0.0,0
10585,treatment,105.47,0,0.0,0
10586,treatment,43.39,0,0.0,0
10587,control,76.65,1,19.85,0
10588,treatment,0.0,0,0.0,0
10589,treatment,0.0,0,0.0,0
10590,treatment,38.66,0,0.0,0
10591,control,0.0,1,72.44,0
10592,control,0.0,0,0.0,0
10593,treatment,0.0,0,0.0,0
10594,treatment,45.04,0,0.0,0
10595,treatment,270.96,0,0.0,0
10597,treatment,0.0,0,0.0,0
10598,control,60.26,0,0.0,0
10599,control,0.0,0,0.0,0
10600,control,67.57,0,0.0,0
10601,treatment,106.93,0,0.0,0
10602,treatment,21.36,0,0.0,0
10603,control,365.18,0,0.0,0
10604,control,48.11,0,0.0,0
10605,treatment,39.37,0,0.0,0
10606,control,221.78,0,0.0,0
10607,control,64.08,1,55.75,0
10608,treatment,175.79,0,0.0,0
10609,treatment,0.0,0,0.0,0
10610,treatment,116.24,0,0.0,0
10611,treatment,0.0,0,0.0,0
10612,control,0.0,0,0.0,0
10613,control,0.0,0,0.0,0
10614,treatment,0.0,0,0.0,0
10615,control,0.0,0,0.0,0
10616,control,0.0,0,0.0,0
10617,control,0.0,0,0.0,0
10618,treatment,185.83,1,118.82,0
10619,control,51.39,0,0.0,0
10620,control,51.47,0,0.0,0
10621,control,60.85,0,0.0,0
10622,treatment,103.39,0,0.0,0
10623,control,0.0,0,0.0,0
10624,control,0.0,0,0.0,0
10625,treatment,0.0,0,0.0,0
10626,treatment,0.0,0,0.0,0
10627,treatment,0.0,0,0.0,0
10628,treatment,47.45,0,0.0,0
10629,treatment,76.74,0,0.0,0
10630,treatment,111.27,0,0.0,0
10631,treatment,0.0,0,0.0,0
10632,control,335.28,1,125.18,0
10633,treatment,0.0,0,0.0,0
10634,treatment,183.22,0,0.0,0
10635,control,0.0,0,0.0,0
10636,control,63.37,0,0.0,0
10637,control,150.13,0,0.0,0
10638,treatment,160.18,0,0.0,0
10639,treatment,0.0,0,0.0,0
10640,control,40.55,0,0.0,0
10641,control,48.14,0,0.0,0
10642,treatment,0.0,0,0.0,0
10643,control,516.93,0,0.0,0
10644,treatment,0.0,1,39.47,0
10645,control,0.0,0,0.0,0
10646,treatment,0.0,0,0.0,0
10647,control,0.0,0,0.0,0
10648,treatment,106.46,0,0.0,0
10649,treatment,45.44,0,0.0,0
10650,treatment,31.38,0,0.0,0
10651,control,0.0,0,0.0,0
10652,control,0.0,0,0.0,0
10653,control,236.03,0,0.0,0
10654,treatment,0.0,0,0.0,0
10655,treatment,0.0,0,0.0,0
10656,treatment,23.33,0,0.0,0
10657,control,124.73,0,0.0,0
10658,treatment,0.0,0,0.0,0
10659,control,0.0,0,0.0,0
10660,control,0.0,0,0.0,0
10661,control,43.46,0,0.0,0
10662,control,0.0,0,0.0,0
10663,treatment,172.91,0,0.0,0
10664,control,0.0,0,0.0,0
10665,treatment,0.0,0,0.0,0
10666,control,94.31,0,0.0,0
10667,treatment,35.81,0,0.0,0
10668,treatment,0.0,0,0.0,0
10669,treatment,346.01,1,99.7,0
10670,treatment,45.5,0,0.0,0
10671,control,0.0,0,0.0,0
10672,treatment,0.0,1,63.93,0
10673,treatment,0.0,0,0.0,0
10674,treatment,0.0,0,0.0,0
10675,control,0.0,0,0.0,0
10676,control,0.0,0,0.0,0
10677,control,0.0,0,0.0,0
10678,treatment,0.0,0,0.0,0
10679,treatment,0.0,0,0.0,0
10680,control,0.0,0,0.0,0
10681,treatment,72.61,0,0.0,0
10682,control,0.0,0,0.0,0
10683,treatment,81.81,0,0.0,0
10684,treatment,63.68,1,62.3,0
10685,control,0.0,0,0.0,0
10686,control,98.42,0,0.0,0
10687,control,0.0,0,0.0,0
10688,control,34.45,0,0.0,0
10689,treatment,0.0,1,60.53,0
10690,control,845.73,1,36.02,0
10691,treatment,57.92,0,0.0,0
10692,treatment,93.71,0,0.0,0
10693,treatment,51.98,0,0.0,0
10694,control,124.14,0,0.0,0
10695,treatment,0.0,0,0.0,0
10696,treatment,77.18,0,0.0,0
10697,control,0.0,0,0.0,0
10698,control,81.36,0,0.0,0
10699,control,70.42,0,0.0,0
10700,treatment,119.03,0,0.0,0
10701,control,0.0,0,0.0,0
10702,treatment,41.79,0,0.0,0
10703,treatment,0.0,0,0.0,0
10704,control,0.0,1,24.66,0
10705,control,143.67,0,0.0,0
10706,treatment,196.76,0,0.0,0
10707,treatment,73.27,0,0.0,0
10708,control,35.09,0,0.0,0
10709,control,0.0,1,24.44,0
10710,control,41.71,0,0.0,0
10711,control,69.49,0,0.0,0
10712,control,31.95,1,48.98,0
10713,control,0.0,0,0.0,0
10714,treatment,153.03,0,0.0,0
10715,treatment,33.05,0,0.0,0
10716,control,0.0,0,0.0,0
10717,control,20.73,0,0.0,0
10718,control,0.0,0,0.0,0
10719,treatment,55.48,0,0.0,0
10720,control,47.79,0,0.0,0
10721,treatment,74.51,0,0.0,0
10722,control,50.11,0,0.0,0
10723,treatment,139.96,0,0.0,0
10724,control,0.0,0,0.0,0
10725,treatment,33.09,0,0.0,0
10726,control,0.0,0,0.0,0
10727,treatment,0.0,0,0.0,0
10728,control,0.0,0,0.0,0
10729,control,64.51,1,53.93,0
10730,control,0.0,0,0.0,0
10731,treatment,149.36,0,0.0,0
10732,control,0.0,0,0.0,0
10733,treatment,0.0,0,0.0,0
10734,control,0.0,0,0.0,0
10735,control,54.75,0,0.0,0
10736,treatment,0.0,0,0.0,0
10737,control,194.27,0,0.0,0
10738,treatment,0.0,0,0.0,0
10739,control,0.0,0,0.0,0
10740,treatment,0.0,0,0.0,0
10741,control,275.59,1,53.17,0
10742,treatment,76.32,1,72.69,0
10743,treatment,0.0,0,0.0,0
10744,control,193.88,0,0.0,0
10745,treatment,0.0,0,0.0,0
10746,treatment,59.86,0,0.0,0
10747,treatment,43.07,1,42.41,0
10748,treatment,0.0,1,11.4,0
10749,control,243.74,0,0.0,0
10750,treatment,0.0,0,0.0,0
10751,treatment,0.0,0,0.0,0
10752,treatment,101.69,0,0.0,0
10753,control,0.0,0,0.0,0
10754,control,0.0,0,0.0,0
10755,treatment,95.76,0,0.0,0
10756,control,0.0,0,0.0,0
10757,control,35.72,0,0.0,0
10758,control,185.37,0,0.0,0
10759,control,66.33,0,0.0,0
10760,treatment,32.13,0,0.0,0
10761,treatment,56.02,0,0.0,0
10762,treatment,35.55,0,0.0,0
10763,treatment,40.64,0,0.0,0
10764,control,504.07,0,0.0,0
10765,control,36.36,0,0.0,0
10766,treatment,0.0,0,0.0,0
10767,control,50.37,0,0.0,0
10768,control,0.0,0,0.0,0
10769,control,47.22,0,0.0,0
10770,treatment,0.0,0,0.0,0
10771,treatment,0.0,0,0.0,0
10772,treatment,0.0,1,53.73,0
10773,treatment,182.72,0,0.0,0
10774,control,0.0,0,0.0,0
10775,control,48.34,0,0.0,0
10776,control,0.0,0,0.0,0
10777,treatment,62.45,1,49.56,0
10778,control,0.0,0,0.0,0
10779,control,0.0,0,0.0,0
10780,treatment,70.51,0,0.0,0
10781,control,0.0,0,0.0,0
10782,treatment,38.84,0,0.0,0
10783,treatment,0.0,0,0.0,0
10784,control,0.0,0,0.0,0
10785,control,116.35,0,0.0,0
10786,treatment,0.0,0,0.0,0
10787,treatment,60.56,0,0.0,0
10788,treatment,49.43,1,90.93,0
10789,control,0.0,0,0.0,0
10790,treatment,99.51,0,0.0,0
10791,treatment,0.0,0,0.0,0
10792,treatment,32.1,1,51.34,0
10793,control,41.19,0,0.0,0
10794,treatment,33.02,0,0.0,0
10795,treatment,35.12,0,0.0,0
10796,control,54.18,0,0.0,0
10797,treatment,0.0,0,0.0,0
10798,control,69.19,0,0.0,0
10799,control,0.0,1,35.48,0
10800,control,109.99,0,0.0,0
10801,control,0.0,0,0.0,0
10802,control,0.0,0,0.0,0
10803,control,0.0,0,0.0,0
10804,control,0.0,1,28.82,0
10805,treatment,61.85,0,0.0,0
10806,control,0.0,0,0.0,0
10807,treatment,0.0,0,0.0,0
10808,control,201.64,0,0.0,0
10810,treatment,134.38,0,0.0,0
10811,control,0.0,0,0.0,0
10812,control,174.14,0,0.0,0
10813,treatment,143.65,0,0.0,0
10814,control,0.0,0,0.0,0
10815,treatment,0.0,0,0.0,0
10816,control,0.0,1,50.7,0
10817,treatment,0.0,0,0.0,0
10818,treatment,0.0,0,0.0,0
10819,control,89.27,0,0.0,0
10820,treatment,0.0,0,0.0,0
10821,control,0.0,0,0.0,0
10822,treatment,49.57,0,0.0,0
10823,treatment,0.0,0,0.0,0
10824,control,54.17,0,0.0,0
10825,treatment,0.0,0,0.0,0
10826,treatment,0.0,0,0.0,0
10827,treatment,0.0,0,0.0,0
10828,treatment,128.82,0,0.0,0
10829,treatment,33.8,0,0.0,0
10830,control,53.8,0,0.0,0
10831,treatment,0.0,0,0.0,0
10832,treatment,0.0,0,0.0,0
10833,control,0.0,0,0.0,0
10834,treatment,0.0,0,0.0,0
10835,treatment,422.29,0,0.0,0
10836,control,0.0,0,0.0,0
10837,treatment,0.0,0,0.0,0
10838,control,0.0,0,0.0,0
10839,control,67.23,0,0.0,0
10840,control,0.0,0,0.0,0
10841,control,0.0,0,0.0,0
10842,treatment,0.0,0,0.0,0
10843,treatment,0.0,0,0.0,0
10844,control,0.0,1,34.51,0
10845,control,51.21,0,0.0,0
10846,treatment,0.0,0,0.0,0
10848,treatment,77.67,0,0.0,0
10849,control,214.94,1,93.22,0
10850,treatment,0.0,0,0.0,0
10851,treatment,30.63,0,0.0,0
10852,control,0.0,0,0.0,0
10853,treatment,0.0,0,0.0,0
10854,control,0.0,0,0.0,0
10855,treatment,241.68,1,85.0,0
10856,control,0.0,0,0.0,0
10857,treatment,0.0,0,0.0,0
10858,treatment,99.22,1,24.49,0
10859,control,0.0,0,0.0,0
10860,control,0.0,0,0.0,0
10861,treatment,157.4,0,0.0,0
10862,treatment,29.14,0,0.0,0
10863,control,0.0,0,0.0,0
10864,control,0.0,0,0.0,0
10865,treatment,61.6,0,0.0,0
10866,control,53.89,0,0.0,0
10867,control,52.91,0,0.0,0
10868,treatment,100.25,0,0.0,0
10869,treatment,59.05,0,0.0,0
10870,treatment,0.0,1,63.2,0
10871,control,95.01,0,0.0,0
10872,treatment,0.0,0,0.0,0
10873,treatment,172.9,0,0.0,0
10874,treatment,44.23,0,0.0,0
10875,control,107.95,0,0.0,0
10876,control,0.0,0,0.0,0
10877,treatment,40.54,0,0.0,0
10878,control,0.0,0,0.0,0
10879,control,71.98,0,0.0,0
10880,treatment,0.0,0,0.0,0
10881,control,0.0,0,0.0,0
10882,treatment,57.08,0,0.0,0
10883,control,74.4,0,0.0,0
10884,control,394.6,0,0.0,0
10885,control,275.59,1,94.0,0
10886,control,0.0,0,0.0,0
10887,treatment,60.34,0,0.0,0
10888,treatment,176.08,0,0.0,0
10889,treatment,0.0,0,0.0,0
10890,control,41.64,0,0.0,0
10891,treatment,62.4,0,0.0,0
10892,control,0.0,0,0.0,0
10893,treatment,0.0,0,0.0,0
10895,treatment,108.04,0,0.0,0
10896,treatment,32.14,0,0.0,0
10897,control,0.0,0,0.0,0
10898,control,43.74,0,0.0,0
10899,treatment,173.46,1,53.3,0
10900,treatment,0.0,0,0.0,0
10901,control,23.14,0,0.0,0
10902,control,0.0,0,0.0,0
10903,treatment,185.02,0,0.0,0
10904,treatment,185.67,1,92.62,0
10905,control,0.0,0,0.0,0
10906,treatment,69.29,0,0.0,0
10907,control,0.0,0,0.0,0
10908,control,0.0,0,0.0,0
10909,treatment,69.65,0,0.0,0
10910,treatment,0.0,0,0.0,0
10911,control,152.83,0,0.0,0
10912,treatment,281.39,1,90.6,0
10913,treatment,59.04,0,0.0,0
10914,control,0.0,0,0.0,0
10915,control,0.0,0,0.0,0
10916,control,0.0,0,0.0,0
10917,treatment,0.0,0,0.0,0
10919,control,0.0,0,0.0,0
10920,treatment,125.47,0,0.0,0
10921,treatment,110.98,1,38.13,0
10922,treatment,54.23,1,47.74,0
10923,control,0.0,0,0.0,0
10924,treatment,83.02,1,44.36,0
10925,control,0.0,0,0.0,0
10926,treatment,75.48,0,0.0,0
10927,treatment,0.0,0,0.0,0
10928,treatment,182.37,0,0.0,0
10929,control,68.26,0,0.0,0
10930,control,54.86,0,0.0,0
10931,treatment,35.83,0,0.0,0
10932,treatment,0.0,0,0.0,0
10933,treatment,26.34,0,0.0,0
10934,treatment,100.47,0,0.0,0
10935,treatment,26.62,0,0.0,0
10936,control,0.0,0,0.0,0
10937,control,96.52,0,0.0,0
10938,treatment,0.0,0,0.0,0
10939,control,0.0,0,0.0,0
10940,treatment,0.0,0,0.0,0
10941,control,0.0,0,0.0,0
10942,treatment,0.0,0,0.0,0
10943,control,0.0,0,0.0,0
10944,control,0.0,0,0.0,0
10945,control,67.82,0,0.0,0
10946,treatment,188.07,0,0.0,0
10947,treatment,0.0,0,0.0,0
10948,control,59.48,0,0.0,0
10949,treatment,79.83,0,0.0,0
10950,treatment,0.0,0,0.0,0
10951,treatment,187.3,1,73.44,0
10952,treatment,0.0,0,0.0,0
10953,control,0.0,0,0.0,0
10954,treatment,0.0,0,0.0,0
10955,treatment,106.94,0,0.0,0
10956,treatment,138.71,0,0.0,0
10957,control,0.0,0,0.0,0
10958,treatment,77.85,0,0.0,0
10959,control,49.45,0,0.0,0
10960,treatment,334.42,1,90.6,0
10961,control,72.72,0,0.0,0
10962,control,48.1,0,0.0,0
10963,control,0.0,0,0.0,0
10964,control,73.7,0,0.0,0
10965,treatment,0.0,0,0.0,0
10966,control,0.0,0,0.0,0
10967,control,0.0,0,0.0,0
10968,treatment,48.91,0,0.0,0
10969,control,61.37,0,0.0,0
10970,treatment,0.0,0,0.0,0
10971,treatment,0.0,0,0.0,0
10972,control,299.21,1,58.65,0
10973,control,71.56,0,0.0,0
10974,treatment,64.76,0,0.0,0
10975,control,0.0,0,0.0,0
10976,control,55.36,0,0.0,0
10977,control,0.0,1,41.4,0
10978,treatment,68.31,1,28.12,0
10979,control,75.82,1,58.78,0
10980,treatment,107.29,0,0.0,0
10981,control,0.0,0,0.0,0
10982,treatment,160.41,1,62.51,0
10983,control,46.61,0,0.0,0
10984,treatment,310.71,1,76.18,0
10985,control,43.72,0,0.0,0
10986,treatment,58.61,0,0.0,0
10987,control,0.0,0,0.0,0
10988,control,0.0,0,0.0,0
10989,control,96.7,0,0.0,0
10990,treatment,0.0,0,0.0,0
10991,treatment,0.0,0,0.0,0
10992,control,460.17,0,0.0,0
10993,control,68.66,0,0.0,0
10994,treatment,0.0,0,0.0,0
10995,treatment,417.7,1,62.45,0
10996,treatment,33.71,0,0.0,0
10998,control,42.53,0,0.0,0
10999,treatment,82.84,1,65.14,0
11000,control,0.0,0,0.0,0
11001,control,0.0,0,0.0,0
11002,treatment,57.43,0,0.0,0
11003,treatment,0.0,0,0.0,0
11004,treatment,0.0,0,0.0,0
11005,treatment,0.0,0,0.0,0
11006,treatment,208.01,0,0.0,0
11007,control,0.0,0,0.0,0
11008,control,0.0,0,0.0,0
11009,treatment,0.0,0,0.0,0
11010,treatment,83.27,0,0.0,0
11011,treatment,0.0,0,0.0,0
11012,control,65.28,0,0.0,0
11013,control,91.35,0,0.0,0
11014,treatment,0.0,0,0.0,0
11015,treatment,0.0,0,0.0,0
11016,treatment,77.8,0,0.0,0
11017,control,19.97,0,0.0,0
11018,control,0.0,0,0.0,0
11019,control,158.6,0,0.0,0
11020,treatment,0.0,0,0.0,0
11021,control,0.0,0,0.0,0
11022,treatment,0.0,0,0.0,0
11023,control,0.0,0,0.0,0
11024,treatment,0.0,0,0.0,0
11025,treatment,200.65,0,0.0,0
11026,treatment,138.37,0,0.0,0
11028,control,98.73,1,53.35,0
11029,treatment,0.0,0,0.0,0
11030,treatment,0.0,0,0.0,0
11031,treatment,64.33,0,0.0,0
11032,treatment,0.0,0,0.0,0
11033,control,48.86,0,0.0,0
11034,treatment,0.0,0,0.0,0
11035,treatment,0.0,0,0.0,0
11036,treatment,116.17,0,0.0,0
11037,control,45.07,0,0.0,0
11038,control,0.0,0,0.0,0
11039,control,0.0,0,0.0,0
11040,treatment,0.0,0,0.0,0
11041,treatment,0.0,0,0.0,0
11042,control,33.58,0,0.0,0
11043,control,0.0,0,0.0,0
11044,control,0.0,0,0.0,0
11045,control,0.0,0,0.0,0
11046,treatment,0.0,0,0.0,0
11047,treatment,0.0,0,0.0,0
11048,control,123.94,1,47.38,0
11049,control,54.26,0,0.0,0
11050,control,41.33,0,0.0,0
11051,treatment,27.09,0,0.0,0
11052,control,0.0,0,0.0,0
11053,control,0.0,0,0.0,0
11054,treatment,0.0,0,0.0,0
11055,treatment,0.0,0,0.0,0
11056,treatment,0.0,0,0.0,0
11057,treatment,123.92,1,52.27,0
11059,control,129.01,0,0.0,0
11060,treatment,0.0,1,101.45,0
11061,control,0.0,0,0.0,0
11062,treatment,0.0,0,0.0,0
11063,treatment,0.0,0,0.0,0
11064,control,0.0,0,0.0,0
11065,control,389.33,0,0.0,0
11066,control,0.0,0,0.0,0
11067,control,0.0,0,0.0,0
11068,control,0.0,1,46.23,0
11069,treatment,0.0,0,0.0,0
11070,treatment,0.0,0,0.0,0
11071,treatment,0.0,0,0.0,0
11072,treatment,51.86,0,0.0,0
11073,treatment,0.0,0,0.0,0
11074,control,0.0,0,0.0,0
11075,control,233.01,1,30.77,0
11076,control,152.56,0,0.0,0
11077,treatment,0.0,0,0.0,0
11078,control,0.0,0,0.0,0
11079,control,0.0,0,0.0,0
11080,treatment,64.1,1,190.04,0
11081,treatment,48.02,0,0.0,0
11082,treatment,0.0,0,0.0,0
11083,control,0.0,0,0.0,0
11084,treatment,110.66,0,0.0,0
11085,control,0.0,0,0.0,0
11086,control,0.0,0,0.0,0
11087,control,120.83,1,251.83,0
11088,control,0.0,0,0.0,0
11089,control,60.42,0,0.0,0
11090,control,0.0,0,0.0,0
11091,control,0.0,0,0.0,0
11092,control,0.0,0,0.0,0
11093,treatment,42.38,0,0.0,0
11094,control,58.02,0,0.0,0
11095,treatment,0.0,0,0.0,0
11097,treatment,0.0,0,0.0,0
11098,treatment,0.0,0,0.0,0
11099,control,0.0,1,104.34,0
11100,control,0.0,0,0.0,0
11101,treatment,0.0,0,0.0,0
11102,control,58.03,0,0.0,0
11103,control,0.0,0,0.0,0
11104,treatment,52.52,0,0.0,0
11105,treatment,0.0,0,0.0,0
11106,control,0.0,0,0.0,0
11107,control,0.0,0,0.0,0
11108,treatment,95.37,0,0.0,0
11109,treatment,0.0,0,0.0,0
11110,control,93.29,0,0.0,0
11111,control,99.33,1,116.18,0
11112,control,0.0,0,0.0,0
11113,treatment,60.53,0,0.0,0
11114,control,54.13,0,0.0,0
11115,treatment,62.19,0,0.0,0
11116,control,31.49,0,0.0,0
11117,treatment,0.0,0,0.0,0
11118,treatment,262.11,0,0.0,0
11119,treatment,0.0,0,0.0,0
11120,control,44.85,0,0.0,0
11121,treatment,14.68,0,0.0,0
11122,control,0.0,0,0.0,0
11123,control,0.0,0,0.0,0
11124,treatment,340.78,1,40.19,0
11125,treatment,33.53,0,0.0,0
11126,control,0.0,0,0.0,0
11127,control,0.0,0,0.0,0
11128,control,58.5,0,0.0,0
11129,control,77.62,0,0.0,0
11130,treatment,0.0,0,0.0,0
11131,control,0.0,0,0.0,0
11132,control,31.19,0,0.0,0
11134,treatment,176.36,1,26.09,0
11135,treatment,0.0,0,0.0,0
11136,treatment,0.0,0,0.0,0
11137,control,0.0,0,0.0,0
11138,treatment,84.59,0,0.0,0
11139,control,0.0,0,0.0,0
11140,treatment,29.95,1,46.4,0
11141,control,0.0,0,0.0,0
11142,treatment,0.0,0,0.0,0
11143,control,37.71,0,0.0,0
11144,control,0.0,0,0.0,0
11145,control,739.78,1,147.08,0
11146,control,48.53,0,0.0,0
11147,treatment,85.6,0,0.0,0
11148,treatment,0.0,0,0.0,0
11149,control,180.5,0,0.0,0
11150,control,0.0,0,0.0,0
11151,control,0.0,0,0.0,0
11152,treatment,0.0,0,0.0,0
11153,control,67.05,0,0.0,0
11154,control,55.62,0,0.0,0
11155,treatment,27.47,0,0.0,0
11156,control,0.0,0,0.0,0
11157,treatment,0.0,0,0.0,0
11158,treatment,0.0,1,30.25,0
11159,control,41.69,1,127.2,0
11160,control,66.4,0,0.0,0
11161,treatment,48.91,0,0.0,0
11162,treatment,0.0,0,0.0,0
11163,control,32.2,0,0.0,0
11164,treatment,36.63,1,91.13,1
11165,treatment,40.59,0,0.0,0
11166,control,0.0,0,0.0,0
11167,treatment,43.73,0,0.0,0
11168,control,68.08,0,0.0,0
11169,control,37.04,0,0.0,0
11170,control,0.0,0,0.0,0
11171,treatment,0.0,0,0.0,0
11172,treatment,0.0,0,0.0,0
11173,treatment,38.71,0,0.0,0
11175,control,135.75,0,0.0,0
11176,treatment,119.17,0,0.0,0
11177,control,36.69,0,0.0,0
11178,treatment,0.0,1,38.77,0
11179,control,0.0,0,0.0,0
11180,control,0.0,0,0.0,0
11181,control,27.67,0,0.0,0
11182,treatment,0.0,0,0.0,0
11183,treatment,42.57,0,0.0,0
11184,treatment,0.0,1,60.5,0
11185,treatment,0.0,0,0.0,0
11186,control,106.96,0,0.0,0
11187,control,0.0,0,0.0,0
11188,treatment,43.71,0,0.0,0
11189,treatment,0.0,0,0.0,0
11190,treatment,0.0,0,0.0,0
11191,treatment,591.2,1,40.91,0
11192,control,0.0,0,0.0,0
11193,treatment,0.0,0,0.0,0
11194,control,0.0,0,0.0,0
11195,control,0.0,0,0.0,0
11196,control,0.0,0,0.0,0
11197,control,0.0,0,0.0,0
11198,control,86.1,0,0.0,0
11199,treatment,0.0,0,0.0,0
11200,treatment,54.32,0,0.0,0
11201,treatment,0.0,0,0.0,0
11202,control,31.49,0,0.0,0
11203,treatment,0.0,0,0.0,0
11204,control,0.0,0,0.0,0
11205,control,0.0,0,0.0,0
11206,treatment,0.0,0,0.0,0
11207,treatment,162.43,1,149.92,0
11208,treatment,88.07,0,0.0,0
11209,treatment,0.0,0,0.0,0
11210,control,351.28,0,0.0,0
11211,control,0.0,0,0.0,0
11212,treatment,130.11,1,68.11,0
11213,control,0.0,0,0.0,0
11214,control,97.82,0,0.0,0
11215,control,50.34,0,0.0,0
11216,control,0.0,0,0.0,0
11217,control,191.06,0,0.0,0
11218,control,0.0,0,0.0,0
11219,control,0.0,0,0.0,0
11220,treatment,0.0,1,55.42,0
11221,treatment,194.47,1,100.88,0
11222,control,0.0,0,0.0,0
11223,treatment,0.0,0,0.0,0
11224,control,0.0,0,0.0,0
11225,control,0.0,0,0.0,0
11226,treatment,72.92,0,0.0,0
11227,control,199.62,0,0.0,0
11228,treatment,0.0,0,0.0,0
11229,control,612.23,0,0.0,0
11230,control,0.0,0,0.0,0
11231,treatment,0.0,0,0.0,0
11232,control,281.96,1,135.43,0
11233,treatment,404.83,0,0.0,0
11234,treatment,0.0,0,0.0,0
11235,control,0.0,0,0.0,0
11236,control,0.0,0,0.0,0
11237,control,0.0,0,0.0,0
11238,treatment,0.0,0,0.0,0
11239,treatment,0.0,0,0.0,0
11240,control,38.69,0,0.0,0
11241,treatment,294.65,0,0.0,0
11242,treatment,0.0,0,0.0,0
11243,treatment,285.03,1,74.71,0
11244,control,277.19,0,0.0,0
11245,treatment,83.16,0,0.0,0
11246,control,33.35,0,0.0,0
11247,control,0.0,0,0.0,0
11248,treatment,146.84,0,0.0,0
11249,control,0.0,0,0.0,0
11250,treatment,0.0,0,0.0,0
11251,treatment,0.0,0,0.0,0
11252,control,222.4,0,0.0,0
11253,control,159.16,1,93.73,0
11254,treatment,0.0,0,0.0,0
11255,treatment,0.0,0,0.0,0
11256,treatment,645.15,1,195.42,0
11257,treatment,0.0,1,55.3,0
11258,treatment,0.0,0,0.0,0
11259,treatment,0.0,0,0.0,0
11260,control,100.35,0,0.0,0
11261,control,0.0,0,0.0,0
11262,control,0.0,0,0.0,0
11263,control,0.0,0,0.0,0
11264,treatment,107.36,0,0.0,0
11265,treatment,0.0,0,0.0,0
11266,treatment,125.32,0,0.0,0
11267,control,0.0,0,0.0,0
11268,control,0.0,0,0.0,0
11269,control,61.32,0,0.0,0
11270,treatment,0.0,0,0.0,0
11271,control,0.0,0,0.0,0
11272,control,80.01,0,0.0,0
11273,control,81.08,0,0.0,0
11274,control,54.57,0,0.0,0
11275,control,118.22,0,0.0,0
11276,control,0.0,0,0.0,0
11277,control,0.0,0,0.0,0
11278,treatment,0.0,0,0.0,0
11279,control,0.0,0,0.0,0
11280,treatment,0.0,0,0.0,0
11282,treatment,0.0,0,0.0,0
11283,control,244.63,1,93.05,0
11284,control,0.0,0,0.0,0
11285,control,68.82,0,0.0,0
11287,treatment,118.74,0,0.0,0
11288,control,34.74,0,0.0,0
11289,treatment,0.0,0,0.0,0
11290,treatment,0.0,0,0.0,0
11291,control,604.39,1,247.35,0
11292,control,0.0,0,0.0,0
11293,control,58.17,0,0.0,0
11294,control,43.47,0,0.0,0
11295,control,0.0,0,0.0,0
11296,control,40.5,0,0.0,0
11297,treatment,0.0,0,0.0,0
11298,treatment,607.8,1,78.15,0
11299,treatment,107.38,0,0.0,0
11300,treatment,19.26,0,0.0,0
11301,treatment,0.0,0,0.0,0
11302,control,82.06,0,0.0,0
11303,treatment,0.0,0,0.0,0
11304,control,75.16,0,0.0,0
11305,control,23.78,0,0.0,0
11306,control,163.48,1,97.2,0
11308,treatment,37.75,0,0.0,0
11309,treatment,0.0,0,0.0,0
11310,control,66.41,0,0.0,0
11311,control,249.02,0,0.0,0
11312,treatment,99.34,0,0.0,0
11313,treatment,0.0,0,0.0,0
11314,control,85.52,0,0.0,0
11315,treatment,0.0,0,0.0,0
11316,control,0.0,0,0.0,0
11317,treatment,63.91,0,0.0,0
11318,control,0.0,0,0.0,0
11319,control,0.0,0,0.0,0
11320,treatment,0.0,0,0.0,0
11321,control,0.0,0,0.0,0
11322,control,199.03,0,0.0,0
11323,treatment,242.92,1,52.31,0
11324,control,139.74,0,0.0,0
11325,treatment,121.25,0,0.0,0
11326,treatment,359.76,0,0.0,0
11327,control,0.0,0,0.0,0
11328,control,0.0,0,0.0,0
11329,control,251.67,0,0.0,0
11330,treatment,30.02,0,0.0,0
11331,control,24.8,0,0.0,0
11332,treatment,49.76,0,0.0,0
11333,control,60.57,0,0.0,0
11334,treatment,0.0,0,0.0,0
11335,treatment,28.86,0,0.0,0
11336,treatment,44.53,0,0.0,0
11337,control,0.0,0,0.0,0
11338,treatment,0.0,0,0.0,0
11339,treatment,129.23,1,81.84,0
11340,treatment,0.0,0,0.0,0
11341,control,0.0,0,0.0,0
11342,control,0.0,0,0.0,0
11343,treatment,0.0,0,0.0,0
11344,treatment,0.0,1,109.28,0
11345,control,0.0,1,65.87,0
11346,control,38.53,0,0.0,0
11347,control,0.0,0,0.0,0
11348,control,0.0,0,0.0,0
11349,treatment,62.93,0,0.0,0
11350,control,0.0,0,0.0,0
11351,treatment,0.0,0,0.0,0
11352,control,143.16,0,0.0,0
11353,control,0.0,1,60.89,0
11354,control,0.0,0,0.0,0
11355,control,0.0,0,0.0,0
11356,treatment,0.0,0,0.0,0
11357,treatment,106.2,1,37.84,0
11358,treatment,0.0,0,0.0,0
11359,control,0.0,0,0.0,0
11360,control,0.0,0,0.0,0
11361,control,46.08,0,0.0,0
11362,control,0.0,0,0.0,0
11363,treatment,0.0,0,0.0,0
11364,control,78.64,0,0.0,0
11365,treatment,0.0,0,0.0,0
11366,treatment,30.51,1,40.88,0
11367,control,0.0,0,0.0,0
11368,treatment,0.0,0,0.0,0
11369,treatment,25.39,0,0.0,0
11370,control,107.05,0,0.0,0
11371,control,0.0,0,0.0,0
11372,control,88.38,0,0.0,0
11373,treatment,0.0,1,76.0,0
11374,control,377.29,0,0.0,0
11375,treatment,64.31,0,0.0,0
11376,treatment,23.63,0,0.0,0
11377,control,0.0,0,0.0,0
11378,treatment,81.98,0,0.0,0
11379,control,154.84,0,0.0,0
11380,treatment,0.0,0,0.0,0
11381,control,0.0,0,0.0,0
11382,control,30.54,0,0.0,0
11384,control,53.53,0,0.0,0
11385,control,40.63,0,0.0,0
11386,control,49.58,0,0.0,0
11387,control,180.79,0,0.0,0
11388,treatment,0.0,0,0.0,0
11389,control,21.59,1,60.08,0
11390,control,80.8,0,0.0,0
11391,treatment,0.0,0,0.0,0
11392,control,103.68,1,191.61,0
11393,treatment,0.0,0,0.0,0
11394,control,0.0,0,0.0,0
11395,control,37.48,0,0.0,0
11396,control,21.35,0,0.0,0
11397,control,54.83,0,0.0,0
11398,treatment,177.8,0,0.0,0
11399,control,48.39,0,0.0,0
11400,control,0.0,0,0.0,0
11401,treatment,0.0,0,0.0,0
11402,control,0.0,0,0.0,0
11403,control,153.87,0,0.0,0
11404,control,153.92,0,0.0,0
11405,treatment,0.0,0,0.0,0
11406,control,0.0,0,0.0,0
11407,control,0.0,0,0.0,0
11408,control,0.0,0,0.0,0
11409,treatment,151.95,0,0.0,0
11410,control,0.0,0,0.0,0
11411,treatment,195.67,0,0.0,0
11412,treatment,0.0,0,0.0,0
11413,control,177.53,0,0.0,0
11414,treatment,0.0,0,0.0,0
11415,control,74.71,0,0.0,0
11416,control,0.0,0,0.0,0
11417,control,30.27,0,0.0,0
11418,treatment,0.0,0,0.0,0
11419,control,0.0,0,0.0,0
11420,control,0.0,0,0.0,0
11421,control,47.06,0,0.0,0
11422,control,0.0,0,0.0,0
11423,control,0.0,0,0.0,0
11424,control,0.0,0,0.0,0
11425,control,89.71,0,0.0,0
11426,treatment,111.71,0,0.0,0
11427,control,0.0,0,0.0,0
11428,control,38.2,0,0.0,0
11429,treatment,74.4,0,0.0,0
11430,treatment,0.0,0,0.0,0
11431,treatment,0.0,1,119.68,0
11432,control,0.0,0,0.0,0
11433,treatment,0.0,0,0.0,0
11434,treatment,0.0,1,52.15,0
11435,treatment,51.21,0,0.0,0
11436,treatment,258.4,1,79.78,0
11437,treatment,37.2,0,0.0,0
11438,treatment,0.0,0,0.0,0
11439,control,0.0,1,45.05,0
11440,treatment,0.0,0,0.0,0
11441,treatment,43.85,0,0.0,0
11442,control,0.0,0,0.0,0
11443,control,63.5,0,0.0,0
11444,treatment,93.33,0,0.0,0
11445,treatment,0.0,0,0.0,0
11446,control,0.0,0,0.0,0
11447,treatment,53.26,0,0.0,0
11448,control,0.0,0,0.0,0
11449,treatment,67.35,1,70.91,0
11450,treatment,0.0,0,0.0,0
11451,treatment,48.93,0,0.0,0
11452,control,77.76,0,0.0,0
11453,control,57.8,0,0.0,0
11454,treatment,129.96,0,0.0,0
11455,treatment,0.0,0,0.0,0
11456,treatment,63.95,0,0.0,0
11457,treatment,83.65,1,41.5,0
11458,control,37.88,0,0.0,0
11459,control,152.06,0,0.0,0
11460,control,0.0,0,0.0,0
11461,control,58.52,0,0.0,0
11462,control,0.0,0,0.0,0
11463,control,0.0,0,0.0,0
11464,control,195.55,1,62.91,0
11465,treatment,365.61,1,203.1,0
11466,control,191.98,0,0.0,0
11467,treatment,0.0,0,0.0,0
11468,treatment,0.0,0,0.0,0
11469,treatment,47.28,0,0.0,0
11470,treatment,0.0,0,0.0,0
11471,treatment,442.8,0,0.0,0
11472,treatment,0.0,0,0.0,0
11473,treatment,0.0,0,0.0,0
11474,treatment,73.12,0,0.0,0
11475,control,47.17,0,0.0,0
11476,control,0.0,0,0.0,0
11477,treatment,0.0,0,0.0,0
11478,control,0.0,0,0.0,0
11479,control,39.02,0,0.0,0
11480,control,57.45,0,0.0,0
11482,control,37.27,0,0.0,0
11483,treatment,0.0,0,0.0,0
11484,control,0.0,0,0.0,0
11485,control,0.0,0,0.0,0
11486,treatment,102.29,0,0.0,0
11487,control,0.0,0,0.0,0
11488,control,0.0,0,0.0,0
11489,treatment,0.0,0,0.0,0
11490,control,191.26,0,0.0,0
11491,treatment,0.0,0,0.0,0
11493,control,0.0,0,0.0,0
11494,treatment,368.23,0,0.0,0
11495,treatment,0.0,0,0.0,0
11496,control,0.0,0,0.0,0
11497,treatment,0.0,0,0.0,0
11498,control,0.0,0,0.0,0
11499,control,91.11,0,0.0,0
11500,control,0.0,0,0.0,0
11501,treatment,0.0,0,0.0,0
11502,control,111.21,0,0.0,0
11503,treatment,0.0,1,36.68,0
11504,treatment,0.0,0,0.0,0
11505,control,62.98,0,0.0,0
11506,treatment,0.0,0,0.0,0
11507,treatment,0.0,0,0.0,0
11508,treatment,13.44,0,0.0,0
11509,control,0.0,0,0.0,0
11510,control,0.0,0,0.0,0
11511,treatment,60.74,0,0.0,0
11512,control,0.0,0,0.0,0
11513,treatment,0.0,0,0.0,0
11514,treatment,0.0,0,0.0,0
11515,treatment,132.18,0,0.0,0
11516,control,0.0,0,0.0,0
11517,control,0.0,0,0.0,0
11518,control,25.99,0,0.0,0
11519,treatment,0.0,0,0.0,0
11520,treatment,0.0,1,134.21,0
11521,treatment,57.61,0,0.0,0
11522,control,66.88,0,0.0,0
11523,treatment,0.0,0,0.0,0
11524,treatment,0.0,0,0.0,0
11525,treatment,15.98,1,29.81,0
11526,control,0.0,0,0.0,0
11527,treatment,0.0,0,0.0,0
11528,control,160.6,0,0.0,0
11529,control,170.0,0,0.0,0
11530,treatment,59.37,0,0.0,0
11531,control,0.0,0,0.0,0
11532,treatment,33.79,0,0.0,0
11533,control,515.58,1,259.52,0
11534,treatment,300.97,0,0.0,0
11535,control,833.91,0,0.0,0
11536,treatment,142.16,0,0.0,0
11537,treatment,60.26,0,0.0,0
11538,treatment,0.0,0,0.0,0
11539,treatment,23.06,0,0.0,0
11540,treatment,0.0,0,0.0,0
11541,treatment,0.0,0,0.0,0
11542,treatment,72.24,0,0.0,0
11543,treatment,0.0,0,0.0,0
11544,treatment,382.67,0,0.0,0
11545,control,0.0,0,0.0,0
11546,treatment,0.0,0,0.0,0
11547,control,197.97,0,0.0,0
11548,treatment,377.48,0,0.0,0
11549,treatment,0.0,0,0.0,0
11550,treatment,0.0,0,0.0,0
11551,control,0.0,0,0.0,0
11552,treatment,0.0,0,0.0,0
11553,treatment,0.0,0,0.0,0
11554,control,212.26,1,68.76,0
11555,control,220.58,0,0.0,0
11556,treatment,0.0,0,0.0,0
11557,treatment,0.0,0,0.0,0
11558,control,44.14,0,0.0,0
11559,control,436.81,0,0.0,0
11560,control,204.49,0,0.0,0
11561,control,196.72,0,0.0,0
11562,treatment,0.0,0,0.0,0
11563,control,0.0,0,0.0,0
11564,control,0.0,0,0.0,0
11565,treatment,285.77,1,153.96,0
11566,treatment,72.22,0,0.0,0
11567,control,0.0,0,0.0,0
11568,treatment,0.0,0,0.0,0
11569,treatment,95.08,0,0.0,0
11570,treatment,0.0,0,0.0,0
11571,treatment,25.49,0,0.0,0
11572,control,264.73,1,30.35,0
11573,treatment,193.46,0,0.0,0
11574,treatment,198.23,1,23.92,0
11575,control,0.0,0,0.0,0
11576,control,0.0,1,28.11,0
11577,treatment,0.0,0,0.0,0
11578,control,0.0,0,0.0,0
11579,control,60.83,0,0.0,0
11580,control,61.4,0,0.0,0
11581,control,69.13,0,0.0,0
11582,control,124.42,0,0.0,0
11583,treatment,0.0,0,0.0,0
11584,control,0.0,0,0.0,0
11585,control,0.0,0,0.0,0
11587,treatment,0.0,1,75.89,0
11588,treatment,36.51,0,0.0,0
11589,control,0.0,0,0.0,0
11590,control,0.0,0,0.0,0
11591,control,0.0,0,0.0,0
11592,control,26.06,0,0.0,0
11593,treatment,0.0,0,0.0,0
11595,treatment,0.0,0,0.0,0
11596,control,0.0,0,0.0,0
11597,treatment,127.13,0,0.0,0
11598,treatment,0.0,0,0.0,0
11599,treatment,0.0,0,0.0,0
11600,control,0.0,0,0.0,0
11601,treatment,47.74,0,0.0,0
11602,treatment,0.0,0,0.0,0
11603,treatment,0.0,0,0.0,0
11604,control,0.0,0,0.0,0
11605,control,114.82,1,64.1,0
11606,control,0.0,0,0.0,0
11607,control,0.0,0,0.0,0
11608,control,0.0,0,0.0,0
11609,treatment,166.65,0,0.0,0
11610,control,0.0,0,0.0,0
11611,control,0.0,0,0.0,0
11612,treatment,46.16,0,0.0,0
11613,control,0.0,0,0.0,0
11614,control,0.0,0,0.0,0
11615,treatment,0.0,0,0.0,0
11616,treatment,70.71,0,0.0,0
11617,treatment,172.91,0,0.0,0
11618,control,0.0,0,0.0,0
11619,control,134.78,1,34.31,0
11620,control,0.0,0,0.0,0
11621,control,0.0,0,0.0,0
11622,treatment,0.0,0,0.0,0
11623,treatment,0.0,0,0.0,0
11624,control,41.85,0,0.0,0
11625,treatment,47.32,0,0.0,0
11626,control,0.0,0,0.0,0
11627,treatment,42.92,0,0.0,0
11628,control,0.0,0,0.0,0
11629,control,0.0,0,0.0,0
11630,treatment,166.66,1,131.53,0
11632,treatment,0.0,0,0.0,0
11633,control,0.0,0,0.0,0
11634,control,118.82,1,73.97,0
11635,control,823.92,0,0.0,0
11636,treatment,0.0,0,0.0,0
11637,treatment,0.0,0,0.0,0
11638,control,0.0,0,0.0,0
11639,control,33.11,0,0.0,0
11640,control,0.0,0,0.0,0
11641,treatment,0.0,0,0.0,0
11642,control,262.71,0,0.0,0
11643,treatment,117.71,0,0.0,0
11644,control,204.77,1,108.16,1
11645,control,0.0,0,0.0,0
11646,treatment,113.82,0,0.0,0
11647,treatment,171.07,0,0.0,0
11648,control,0.0,0,0.0,0
11649,treatment,32.84,0,0.0,0
11650,control,0.0,0,0.0,0
11651,control,98.54,0,0.0,0
11652,treatment,0.0,1,41.75,0
11653,control,0.0,0,0.0,0
11654,control,0.0,0,0.0,0
11655,control,70.61,0,0.0,0
11656,treatment,0.0,0,0.0,0
11657,treatment,0.0,0,0.0,0
11658,control,38.24,0,0.0,0
11659,treatment,80.27,0,0.0,0
11660,control,0.0,0,0.0,0
11661,treatment,30.56,0,0.0,0
11662,treatment,0.0,0,0.0,0
11663,treatment,114.25,0,0.0,0
11664,treatment,71.81,1,106.09,0
11665,control,315.63,0,0.0,0
11666,control,117.03,1,255.04,0
11667,control,147.09,1,69.3,0
11668,control,311.2,0,0.0,0
11669,control,38.74,0,0.0,0
11670,control,0.0,0,0.0,0
11671,treatment,0.0,0,0.0,0
11672,control,0.0,0,0.0,0
11673,control,0.0,0,0.0,0
11674,treatment,0.0,0,0.0,0
11675,control,0.0,1,61.01,0
11676,treatment,0.0,0,0.0,0
11677,treatment,0.0,0,0.0,0
11678,treatment,102.2,0,0.0,0
11679,control,0.0,0,0.0,0
11680,treatment,0.0,1,76.17,0
11681,treatment,0.0,0,0.0,0
11682,treatment,0.0,0,0.0,0
11683,control,171.25,0,0.0,0
11684,treatment,0.0,1,35.6,0
11685,control,0.0,0,0.0,0
11686,treatment,0.0,0,0.0,0
11687,control,34.0,0,0.0,0
11688,treatment,51.35,0,0.0,0
11689,control,0.0,0,0.0,0
11690,treatment,64.25,0,0.0,0
11691,control,0.0,0,0.0,0
11692,control,0.0,0,0.0,0
11693,treatment,407.14,0,0.0,0
11694,treatment,67.96,0,0.0,0
11695,control,0.0,0,0.0,0
11696,treatment,29.47,0,0.0,0
11697,control,0.0,0,0.0,0
11698,control,0.0,0,0.0,0
11699,control,0.0,0,0.0,0
11700,control,190.14,0,0.0,0
11701,control,0.0,0,0.0,0
11702,treatment,0.0,0,0.0,0
11703,treatment,315.3,0,0.0,0
11704,control,31.96,0,0.0,0
11705,control,0.0,0,0.0,0
11706,control,0.0,0,0.0,0
11707,treatment,0.0,0,0.0,0
11708,treatment,101.24,0,0.0,0
11709,control,0.0,0,0.0,0
11710,treatment,0.0,0,0.0,0
11711,control,84.66,0,0.0,0
11712,treatment,27.38,0,0.0,0
11713,control,0.0,0,0.0,0
11714,treatment,0.0,0,0.0,0
11715,treatment,34.84,0,0.0,0
11716,treatment,70.81,0,0.0,0
11717,treatment,60.5,0,0.0,0
11718,control,51.22,0,0.0,0
11719,control,0.0,0,0.0,0
11720,control,322.66,0,0.0,0
11721,control,322.12,0,0.0,0
11722,control,0.0,0,0.0,0
11723,treatment,47.86,0,0.0,0
11724,control,22.71,0,0.0,0
11725,control,0.0,0,0.0,0
11726,control,0.0,1,95.92,0
11727,control,64.58,0,0.0,0
11728,treatment,0.0,1,58.15,0
11729,treatment,0.0,0,0.0,0
11730,control,0.0,0,0.0,0
11731,treatment,0.0,0,0.0,0
11732,control,501.8,0,0.0,0
11733,control,187.59,0,0.0,0
11734,treatment,47.63,0,0.0,0
11735,treatment,77.31,1,90.8,0
11736,treatment,0.0,0,0.0,0
11737,control,0.0,0,0.0,0
11738,treatment,212.17,0,0.0,0
11739,treatment,0.0,0,0.0,0
11740,treatment,83.72,0,0.0,0
11741,control,63.14,0,0.0,0
11742,treatment,193.4,0,0.0,0
11743,control,0.0,0,0.0,0
11744,control,0.0,0,0.0,0
11745,treatment,0.0,0,0.0,0
11746,control,0.0,0,0.0,0
11747,treatment,248.7,0,0.0,0
11748,treatment,132.16,0,0.0,0
11749,treatment,0.0,0,0.0,0
11750,control,0.0,1,29.84,0
11751,control,0.0,1,41.63,0
11752,treatment,79.51,0,0.0,0
11753,control,0.0,0,0.0,0
11754,control,0.0,0,0.0,0
11755,control,36.48,0,0.0,0
11757,treatment,0.0,0,0.0,0
11758,treatment,0.0,0,0.0,0
11759,treatment,134.91,0,0.0,0
11760,treatment,0.0,0,0.0,0
11761,control,40.27,0,0.0,0
11762,treatment,262.51,0,0.0,0
11763,control,75.58,0,0.0,0
11764,control,296.88,0,0.0,0
11765,control,0.0,0,0.0,0
11766,control,177.47,0,0.0,0
11767,control,0.0,0,0.0,0
11768,control,29.73,0,0.0,0
11769,control,33.37,0,0.0,0
11770,control,0.0,0,0.0,0
11771,treatment,0.0,0,0.0,0
11772,treatment,0.0,0,0.0,0
11773,control,0.0,0,0.0,0
11774,control,230.14,0,0.0,0
11775,treatment,62.48,0,0.0,0
11776,treatment,0.0,0,0.0,0
11777,treatment,0.0,0,0.0,0
11778,treatment,0.0,0,0.0,0
11779,control,0.0,0,0.0,0
11780,treatment,54.24,0,0.0,0
11781,treatment,0.0,0,0.0,0
11782,control,0.0,0,0.0,0
11783,treatment,0.0,0,0.0,0
11784,control,0.0,0,0.0,0
11785,treatment,29.76,0,0.0,0
11786,control,0.0,0,0.0,0
11787,control,85.7,0,0.0,0
11788,control,80.58,0,0.0,0
11789,control,87.94,0,0.0,0
11790,control,51.84,0,0.0,0
11791,treatment,109.16,0,0.0,0
11793,treatment,76.01,0,0.0,0
11794,control,324.86,1,188.02,1
11795,control,0.0,0,0.0,0
11796,treatment,22.44,0,0.0,0
11797,treatment,0.0,0,0.0,0
11798,treatment,362.02,1,57.47,0
11799,treatment,0.0,0,0.0,0
11800,treatment,150.6,0,0.0,0
11801,treatment,57.38,0,0.0,0
11802,control,28.66,0,0.0,0
11803,treatment,0.0,0,0.0,0
11804,control,297.36,0,0.0,0
11805,control,0.0,0,0.0,0
11806,control,100.74,0,0.0,0
11808,control,0.0,0,0.0,0
11809,treatment,0.0,0,0.0,0
11810,treatment,0.0,0,0.0,0
11811,treatment,0.0,0,0.0,0
11812,control,0.0,0,0.0,0
11813,treatment,0.0,0,0.0,0
11814,treatment,58.09,0,0.0,0
11815,treatment,28.63,0,0.0,0
11816,treatment,0.0,0,0.0,0
11817,treatment,0.0,0,0.0,0
11818,treatment,0.0,0,0.0,0
11819,treatment,0.0,0,0.0,0
11820,control,0.0,0,0.0,0
11821,control,517.49,1,76.06,0
11822,treatment,40.07,0,0.0,0
11823,control,0.0,0,0.0,0
11825,control,0.0,0,0.0,0
11826,control,184.11,0,0.0,0
11827,treatment,0.0,0,0.0,0
11829,control,27.32,0,0.0,0
11830,treatment,111.02,0,0.0,0
11832,control,313.58,0,0.0,0
11833,treatment,51.01,0,0.0,0
11834,control,119.14,0,0.0,0
11835,treatment,11.87,0,0.0,0
11836,control,85.46,0,0.0,0
11837,control,74.52,0,0.0,0
11838,control,0.0,0,0.0,0
11840,control,47.23,0,0.0,0
11841,control,0.0,0,0.0,0
11842,control,110.65,0,0.0,0
11843,treatment,0.0,0,0.0,0
11844,control,289.45,1,91.32,0
11845,treatment,47.11,0,0.0,0
11846,control,0.0,0,0.0,0
11847,treatment,38.79,0,0.0,0
11848,control,43.07,0,0.0,0
11849,control,0.0,0,0.0,0
11851,treatment,101.85,0,0.0,0
11852,treatment,122.96,0,0.0,0
11853,treatment,0.0,0,0.0,0
11854,treatment,0.0,0,0.0,0
11855,control,0.0,0,0.0,0
11856,control,0.0,0,0.0,0
11857,treatment,119.84,0,0.0,0
11858,control,170.07,1,44.36,0
11859,treatment,40.77,0,0.0,0
11860,control,0.0,0,0.0,0
11861,treatment,0.0,0,0.0,0
11862,control,0.0,0,0.0,0
11863,treatment,0.0,0,0.0,0
11864,control,0.0,0,0.0,0
11865,treatment,192.46,0,0.0,0
11866,control,0.0,0,0.0,0
11867,treatment,195.83,0,0.0,0
11868,control,75.61,0,0.0,0
11869,control,0.0,0,0.0,0
11870,control,411.36,1,99.12,0
11871,control,59.94,0,0.0,0
11872,treatment,0.0,0,0.0,0
11873,control,185.45,0,0.0,0
11874,treatment,0.0,0,0.0,0
11875,control,0.0,0,0.0,0
11876,control,0.0,0,0.0,0
11877,treatment,0.0,0,0.0,0
11878,treatment,0.0,0,0.0,0
11879,treatment,59.3,0,0.0,0
11880,control,0.0,0,0.0,0
11881,treatment,177.08,0,0.0,0
11882,treatment,128.15,1,108.66,0
11883,treatment,0.0,0,0.0,0
11884,control,0.0,0,0.0,0
11885,control,48.5,0,0.0,0
11886,control,0.0,0,0.0,0
11887,treatment,0.0,0,0.0,0
11888,control,0.0,0,0.0,0
11889,treatment,0.0,0,0.0,0
11890,treatment,0.0,0,0.0,0
11891,control,0.0,0,0.0,0
11893,control,0.0,0,0.0,0
11894,treatment,21.97,0,0.0,0
11895,control,0.0,0,0.0,0
11896,control,92.46,0,0.0,0
11897,control,54.62,0,0.0,0
11898,treatment,381.18,1,19.88,0
11899,control,68.53,0,0.0,0
11900,treatment,120.27,0,0.0,0
11901,control,0.0,0,0.0,0
11902,control,0.0,0,0.0,0
11903,control,36.32,0,0.0,0
11904,treatment,0.0,0,0.0,0
11905,control,149.04,0,0.0,0
11906,treatment,0.0,0,0.0,0
11907,treatment,64.69,0,0.0,0
11908,control,0.0,1,67.85,0
11909,control,0.0,0,0.0,0
11910,treatment,0.0,0,0.0,0
11911,treatment,0.0,0,0.0,0
11912,control,0.0,0,0.0,0
11913,treatment,113.97,1,86.16,1
11914,control,45.59,1,43.83,0
11915,control,305.76,0,0.0,0
11916,treatment,0.0,0,0.0,0
11917,control,380.6,0,0.0,0
11918,control,29.62,0,0.0,0
11919,treatment,0.0,0,0.0,0
11921,control,0.0,0,0.0,0
11922,treatment,0.0,0,0.0,0
11923,control,0.0,0,0.0,0
11924,treatment,0.0,0,0.0,0
11925,treatment,50.81,0,0.0,0
11926,treatment,0.0,0,0.0,0
11927,control,0.0,0,0.0,0
11928,treatment,165.7,1,44.07,0
11929,control,0.0,0,0.0,0
11930,control,61.85,0,0.0,0
11931,treatment,0.0,0,0.0,0
11932,treatment,1101.94,0,0.0,0
11933,control,0.0,0,0.0,0
11934,control,84.37,0,0.0,0
11935,treatment,47.0,0,0.0,0
11936,treatment,0.0,0,0.0,0
11937,control,0.0,0,0.0,0
11938,control,50.72,0,0.0,0
11939,treatment,0.0,0,0.0,0
11940,control,24.32,0,0.0,0
11941,treatment,92.46,0,0.0,0
11942,control,0.0,0,0.0,0
11943,treatment,0.0,0,0.0,0
11944,treatment,0.0,0,0.0,0
11945,treatment,51.47,0,0.0,0
11946,treatment,67.29,0,0.0,0
11947,control,80.96,0,0.0,0
11948,control,0.0,0,0.0,0
11949,control,98.48,0,0.0,0
11950,treatment,0.0,0,0.0,0
11951,treatment,283.81,0,0.0,0
11952,control,0.0,0,0.0,0
11953,treatment,249.32,0,0.0,0
11954,treatment,79.81,0,0.0,0
11955,control,0.0,0,0.0,0
11956,control,0.0,0,0.0,0
11957,treatment,120.07,0,0.0,0
11958,control,339.7,0,0.0,0
11959,control,0.0,0,0.0,0
11960,control,223.58,1,75.87,0
11961,control,24.67,0,0.0,0
11962,treatment,59.03,0,0.0,0
11963,control,0.0,0,0.0,0
11964,treatment,315.61,1,36.32,0
11965,treatment,0.0,0,0.0,0
11966,control,88.81,0,0.0,0
11967,treatment,45.22,1,122.58,0
11968,treatment,0.0,0,0.0,0
11969,treatment,591.26,0,0.0,0
11970,treatment,43.69,1,65.08,0
11971,treatment,0.0,0,0.0,0
11972,treatment,0.0,0,0.0,0
11973,control,0.0,0,0.0,0
11974,treatment,0.0,0,0.0,0
11975,control,0.0,0,0.0,0
11976,control,0.0,0,0.0,0
11977,treatment,212.33,1,28.85,0
11978,control,0.0,0,0.0,0
11979,control,157.75,0,0.0,0
11980,treatment,72.05,0,0.0,0
11981,control,1758.32,0,0.0,0
11982,treatment,25.86,0,0.0,0
11983,control,46.32,0,0.0,0
11984,control,0.0,0,0.0,0
11985,control,0.0,0,0.0,0
11986,treatment,0.0,0,0.0,0
11987,treatment,0.0,0,0.0,0
11988,treatment,0.0,1,38.29,0
11989,control,0.0,0,0.0,0
11990,treatment,277.76,0,0.0,0
11991,treatment,0.0,0,0.0,0
11993,treatment,20.56,0,0.0,0
11994,control,507.53,0,0.0,0
11995,control,205.56,0,0.0,0
11996,treatment,0.0,0,0.0,0
11997,treatment,62.52,0,0.0,0
11998,control,223.78,1,26.57,0
11999,treatment,0.0,0,0.0,0
12000,control,0.0,0,0.0,0
12001,treatment,0.0,0,0.0,0
12002,control,0.0,0,0.0,0
12003,control,335.05,1,105.03,0
12004,control,0.0,0,0.0,0
12005,control,1445.35,1,231.98,0
12006,treatment,52.17,0,0.0,0
12007,treatment,33.91,0,0.0,0
12009,control,0.0,0,0.0,0
12010,control,88.58,0,0.0,0
12011,control,0.0,0,0.0,0
12012,control,0.0,0,0.0,0
12013,treatment,0.0,0,0.0,0
12014,treatment,0.0,0,0.0,0
12015,treatment,0.0,0,0.0,0
12016,control,0.0,0,0.0,0
12017,treatment,43.35,0,0.0,0
12018,control,0.0,0,0.0,0
12019,control,31.35,0,0.0,0
12020,control,0.0,0,0.0,0
12021,control,70.64,0,0.0,0
12022,treatment,145.03,1,66.57,0
12023,treatment,124.37,1,30.03,0
12024,control,110.55,0,0.0,0
12025,control,0.0,0,0.0,0
12026,control,119.23,0,0.0,0
12027,control,0.0,0,0.0,0
12028,control,0.0,0,0.0,0
12029,treatment,34.24,0,0.0,0
12030,treatment,0.0,0,0.0,0
12031,control,52.2,0,0.0,0
12032,treatment,28.63,0,0.0,0
12033,treatment,192.78,0,0.0,0
12034,control,56.38,0,0.0,0
12035,control,54.79,0,0.0,0
12036,treatment,154.17,0,0.0,0
12037,control,211.04,0,0.0,0
12038,treatment,0.0,0,0.0,0
12039,control,61.89,0,0.0,0
12040,treatment,0.0,0,0.0,0
12041,control,0.0,0,0.0,0
12042,treatment,37.94,0,0.0,0
12043,treatment,0.0,0,0.0,0
12044,control,58.05,1,75.28,0
12045,control,105.53,1,25.85,0
12046,control,0.0,0,0.0,0
12047,treatment,58.16,0,0.0,0
12048,treatment,39.57,0,0.0,0
12049,treatment,538.45,0,0.0,0
12050,treatment,0.0,0,0.0,0
12051,treatment,36.96,0,0.0,0
12052,control,0.0,0,0.0,0
12054,control,0.0,0,0.0,0
12055,control,82.73,0,0.0,0
12056,treatment,80.84,0,0.0,0
12057,control,0.0,0,0.0,0
12058,control,0.0,1,78.58,0
12059,control,100.67,1,65.49,0
12060,treatment,0.0,0,0.0,0
12061,control,0.0,0,0.0,0
12062,treatment,0.0,0,0.0,0
12063,treatment,319.15,0,0.0,0
12064,control,0.0,0,0.0,0
12065,control,0.0,0,0.0,0
12066,treatment,0.0,0,0.0,0
12067,control,353.12,0,0.0,0
12068,treatment,116.45,0,0.0,0
12069,treatment,0.0,1,90.26,0
12070,control,185.01,0,0.0,0
12071,control,0.0,0,0.0,0
12072,treatment,0.0,0,0.0,0
12073,control,88.95,0,0.0,0
12074,treatment,104.32,0,0.0,0
12075,treatment,0.0,0,0.0,0
12076,treatment,0.0,1,35.96,0
12077,control,74.27,0,0.0,0
12078,control,130.45,0,0.0,0
12079,control,81.06,1,19.28,1
12080,control,34.69,0,0.0,0
12081,treatment,0.0,0,0.0,0
12082,control,76.0,0,0.0,0
12083,control,53.41,0,0.0,0
12084,treatment,156.8,1,89.49,0
12085,treatment,59.72,0,0.0,0
12086,treatment,0.0,0,0.0,0
12087,control,0.0,0,0.0,0
12088,control,250.01,1,192.89,0
12089,treatment,153.31,0,0.0,0
12091,control,30.77,0,0.0,0
12092,control,48.14,0,0.0,0
12093,control,0.0,0,0.0,0
12094,control,215.69,1,18.73,0
12095,treatment,0.0,0,0.0,0
12096,treatment,100.16,0,0.0,0
12097,treatment,0.0,0,0.0,0
12098,treatment,0.0,0,0.0,0
12099,treatment,64.77,0,0.0,0
12100,treatment,103.78,0,0.0,0
12101,control,0.0,0,0.0,0
12102,treatment,0.0,0,0.0,0
12103,control,29.72,0,0.0,0
12104,control,0.0,0,0.0,0
12105,control,43.29,0,0.0,0
12106,treatment,107.19,0,0.0,0
12107,control,106.51,0,0.0,0
12108,treatment,336.01,0,0.0,0
12109,control,74.66,0,0.0,0
12110,control,0.0,0,0.0,0
12111,control,0.0,0,0.0,0
12112,control,108.65,0,0.0,0
12113,control,0.0,0,0.0,0
12114,control,0.0,0,0.0,0
12115,treatment,139.58,0,0.0,0
12116,treatment,31.45,0,0.0,0
12117,treatment,0.0,0,0.0,0
12118,control,0.0,0,0.0,0
12120,control,0.0,0,0.0,0
12121,treatment,28.28,0,0.0,0
12122,treatment,0.0,0,0.0,0
12123,control,0.0,0,0.0,0
12124,control,116.91,1,121.24,0
12125,treatment,30.24,0,0.0,0
12126,treatment,52.02,0,0.0,0
12127,treatment,185.48,1,70.71,0
12128,treatment,137.08,0,0.0,0
12129,control,0.0,0,0.0,0
12130,treatment,0.0,0,0.0,0
12131,treatment,0.0,0,0.0,0
12132,control,124.45,0,0.0,0
12133,treatment,116.77,0,0.0,0
12134,control,0.0,0,0.0,0
12135,treatment,31.39,0,0.0,0
12137,control,0.0,0,0.0,0
12138,control,0.0,0,0.0,0
12139,control,0.0,0,0.0,0
12140,control,0.0,0,0.0,0
12141,treatment,49.12,0,0.0,0
12142,control,310.76,1,76.53,0
12143,treatment,0.0,0,0.0,0
12144,control,47.04,1,139.1,0
12145,treatment,180.64,1,87.21,0
12146,control,0.0,0,0.0,0
12147,treatment,42.56,0,0.0,0
12148,control,73.59,0,0.0,0
12149,treatment,0.0,0,0.0,0
12150,treatment,66.19,1,84.44,0
12151,control,0.0,0,0.0,0
12152,control,31.33,0,0.0,0
12153,treatment,21.29,0,0.0,0
12154,control,0.0,0,0.0,0
12155,treatment,26.69,0,0.0,0
12156,treatment,0.0,0,0.0,0
12157,treatment,36.9,1,63.95,0
12158,control,23.44,0,0.0,0
12159,treatment,0.0,0,0.0,0
12160,control,0.0,0,0.0,0
12161,treatment,0.0,0,0.0,0
12162,treatment,0.0,0,0.0,0
12163,treatment,0.0,0,0.0,0
12164,control,123.35,0,0.0,0
12165,treatment,0.0,0,0.0,0
12167,control,0.0,0,0.0,0
12168,control,24.78,1,90.63,0
12169,treatment,0.0,0,0.0,0
12170,control,30.28,0,0.0,0
12171,control,0.0,0,0.0,0
12172,treatment,0.0,0,0.0,0
12173,treatment,0.0,0,0.0,0
12174,treatment,0.0,0,0.0,0
12175,treatment,0.0,0,0.0,0
12176,control,0.0,0,0.0,0
12177,treatment,24.47,0,0.0,0
12178,control,0.0,0,0.0,0
12179,control,0.0,1,29.82,0
12180,treatment,68.39,0,0.0,0
12181,treatment,0.0,1,65.83,0
12182,treatment,45.96,1,35.79,0
12183,control,30.99,0,0.0,0
12184,control,0.0,0,0.0,0
12185,control,0.0,0,0.0,0
12186,control,0.0,0,0.0,0
12187,control,0.0,0,0.0,0
12188,control,0.0,0,0.0,0
12189,control,22.33,0,0.0,0
12190,control,0.0,0,0.0,0
12191,treatment,66.19,0,0.0,0
12192,treatment,277.58,1,196.91,0
12193,control,108.49,0,0.0,0
12194,control,0.0,0,0.0,0
12195,control,0.0,0,0.0,0
12196,treatment,0.0,0,0.0,0
12197,treatment,46.24,0,0.0,0
12198,control,0.0,1,67.05,0
12199,control,59.99,0,0.0,0
12200,control,0.0,0,0.0,0
12201,control,300.82,1,82.18,0
12202,treatment,0.0,0,0.0,0
12203,control,0.0,0,0.0,0
12204,control,151.18,1,51.58,0
12205,control,0.0,0,0.0,0
12206,control,0.0,0,0.0,0
12207,control,0.0,0,0.0,0
12208,treatment,0.0,0,0.0,0
12209,control,73.55,0,0.0,0
12211,treatment,332.22,0,0.0,0
12212,treatment,0.0,0,0.0,0
12213,control,187.05,0,0.0,0
12214,control,75.46,0,0.0,0
12215,treatment,237.99,1,203.9,0
12216,treatment,0.0,0,0.0,0
12217,control,371.0,0,0.0,0
12218,treatment,113.86,0,0.0,0
12219,control,0.0,0,0.0,0
12220,treatment,52.1,0,0.0,0
12221,treatment,0.0,1,150.19,0
12222,treatment,84.55,0,0.0,0
12223,treatment,0.0,0,0.0,0
12224,control,0.0,0,0.0,0
12225,control,0.0,0,0.0,0
12226,treatment,266.55,1,174.8,0
12227,treatment,46.18,0,0.0,0
12228,treatment,414.63,1,115.5,0
12229,control,0.0,0,0.0,0
12230,control,0.0,0,0.0,0
12231,control,0.0,0,0.0,0
12232,control,22.68,0,0.0,0
12233,control,0.0,0,0.0,0
12234,control,86.46,0,0.0,0
12235,control,0.0,0,0.0,0
12236,treatment,0.0,0,0.0,0
12237,control,0.0,0,0.0,0
12238,control,47.8,0,0.0,0
12239,control,0.0,0,0.0,0
12240,control,200.77,0,0.0,0
12241,treatment,0.0,0,0.0,0
12242,treatment,0.0,0,0.0,0
12243,control,63.96,0,0.0,0
12244,treatment,77.83,1,42.89,0
12245,treatment,0.0,1,70.23,0
12246,treatment,67.16,0,0.0,0
12247,control,0.0,0,0.0,0
12248,treatment,0.0,0,0.0,0
12249,control,9.72,0,0.0,0
12250,control,40.67,0,0.0,0
12251,control,67.39,1,71.64,0
12252,control,102.78,0,0.0,0
12253,treatment,31.32,0,0.0,0
12254,treatment,0.0,0,0.0,0
12255,treatment,0.0,0,0.0,0
12256,control,70.96,0,0.0,0
12257,treatment,64.07,0,0.0,0
12258,control,137.82,1,90.31,0
12259,treatment,29.51,0,0.0,0
12260,treatment,77.16,0,0.0,0
12261,treatment,0.0,0,0.0,0
12262,control,0.0,0,0.0,0
12263,treatment,0.0,0,0.0,0
12264,treatment,58.4,0,0.0,0
12265,control,0.0,0,0.0,0
12266,treatment,92.35,0,0.0,0
12267,control,0.0,0,0.0,0
12268,control,0.0,0,0.0,0
12269,control,296.82,1,207.53,0
12270,treatment,0.0,0,0.0,0
12271,treatment,0.0,0,0.0,0
12272,control,618.25,0,0.0,0
12273,control,26.78,0,0.0,0
12274,control,222.87,0,0.0,0
12275,treatment,145.35,0,0.0,0
12276,treatment,45.86,0,0.0,0
12277,treatment,34.97,0,0.0,0
12278,control,140.59,1,67.27,0
12279,control,0.0,0,0.0,0
12280,control,0.0,0,0.0,0
12281,control,118.63,0,0.0,0
12282,control,0.0,0,0.0,0
12283,treatment,0.0,0,0.0,0
12284,treatment,0.0,0,0.0,0
12285,treatment,203.7,0,0.0,0
12286,control,0.0,0,0.0,0
12287,treatment,0.0,0,0.0,0
12288,treatment,0.0,0,0.0,0
12289,treatment,0.0,0,0.0,0
12290,treatment,0.0,0,0.0,0
12291,treatment,0.0,0,0.0,0
12292,control,42.56,1,50.58,0
12293,treatment,164.53,0,0.0,0
12294,control,49.68,0,0.0,0
12295,treatment,0.0,0,0.0,0
12296,control,45.93,0,0.0,0
12297,treatment,0.0,0,0.0,0
12298,treatment,82.09,1,93.25,0
12299,treatment,68.88,1,48.66,0
12300,treatment,153.24,0,0.0,0
12301,control,45.26,0,0.0,0
12302,treatment,162.21,0,0.0,0
12303,control,23.66,0,0.0,0
12304,treatment,100.13,0,0.0,0
12305,treatment,64.87,0,0.0,0
12306,control,0.0,0,0.0,0
12307,treatment,133.98,0,0.0,0
12308,treatment,67.92,0,0.0,0
12309,control,0.0,0,0.0,0
12310,control,0.0,0,0.0,0
12311,treatment,0.0,0,0.0,0
12312,treatment,45.06,0,0.0,0
12313,control,0.0,0,0.0,0
12314,control,188.7,1,148.04,1
12315,control,108.78,0,0.0,0
12316,treatment,0.0,0,0.0,0
12317,treatment,56.49,0,0.0,0
12318,control,77.51,0,0.0,0
12319,treatment,0.0,1,34.7,0
12320,control,0.0,0,0.0,0
12321,treatment,33.51,0,0.0,0
12322,control,0.0,0,0.0,0
12323,control,0.0,0,0.0,0
12324,control,0.0,0,0.0,0
12325,treatment,0.0,0,0.0,0
12326,treatment,0.0,0,0.0,0
12327,treatment,81.43,0,0.0,0
12328,control,0.0,0,0.0,0
12329,treatment,82.8,0,0.0,0
12331,control,0.0,0,0.0,0
12332,treatment,55.62,0,0.0,0
12333,treatment,22.81,0,0.0,0
12334,treatment,0.0,0,0.0,0
12335,treatment,41.13,0,0.0,0
12336,control,125.58,0,0.0,0
12337,control,63.67,0,0.0,0
12338,treatment,0.0,0,0.0,0
12339,control,260.06,0,0.0,0
12340,treatment,65.56,0,0.0,0
12341,treatment,216.59,0,0.0,0
12342,control,0.0,0,0.0,0
12343,control,0.0,0,0.0,0
12344,control,0.0,0,0.0,0
12345,control,0.0,0,0.0,0
12346,treatment,0.0,0,0.0,0
12347,control,39.39,1,43.79,0
12348,treatment,460.74,0,0.0,0
12349,control,22.67,0,0.0,0
12350,treatment,0.0,0,0.0,0
12351,treatment,58.93,0,0.0,0
12352,control,89.03,0,0.0,0
12353,treatment,0.0,0,0.0,0
12354,control,0.0,0,0.0,0
12355,treatment,0.0,0,0.0,0
12356,treatment,346.28,1,53.58,0
12357,control,0.0,0,0.0,0
12358,treatment,0.0,0,0.0,0
12359,treatment,0.0,0,0.0,0
12360,control,0.0,0,0.0,0
12361,control,378.08,0,0.0,0
12362,control,40.29,0,0.0,0
12363,control,161.22,0,0.0,0
12364,control,0.0,0,0.0,0
12365,treatment,0.0,0,0.0,0
12366,control,0.0,0,0.0,0
12367,treatment,0.0,0,0.0,0
12368,control,0.0,0,0.0,0
12369,treatment,0.0,0,0.0,0
12370,treatment,0.0,1,74.39,0
12371,control,0.0,0,0.0,0
12372,treatment,55.26,0,0.0,0
12373,treatment,0.0,0,0.0,0
12374,treatment,0.0,0,0.0,0
12375,treatment,0.0,1,40.47,0
12376,treatment,59.63,0,0.0,0
12377,control,276.88,0,0.0,0
12378,treatment,107.95,0,0.0,0
12379,treatment,0.0,0,0.0,0
12380,treatment,0.0,0,0.0,0
12381,treatment,0.0,0,0.0,0
12382,control,0.0,0,0.0,0
12383,control,61.93,0,0.0,0
12384,control,0.0,0,0.0,0
12385,treatment,0.0,0,0.0,0
12386,treatment,309.6,0,0.0,0
12387,treatment,138.94,0,0.0,0
12388,control,183.79,0,0.0,0
12390,treatment,48.8,0,0.0,0
12391,treatment,568.58,1,100.15,0
12392,control,307.45,0,0.0,0
12393,control,41.39,1,44.87,0
12394,control,53.65,0,0.0,0
12395,control,0.0,0,0.0,0
12396,control,777.33,0,0.0,0
12397,treatment,148.88,0,0.0,0
12398,control,180.32,0,0.0,0
12399,control,0.0,0,0.0,0
12400,control,0.0,0,0.0,0
12401,treatment,281.17,0,0.0,0
12402,control,0.0,0,0.0,0
12403,control,0.0,0,0.0,0
12404,treatment,0.0,1,32.91,0
12405,treatment,19.48,0,0.0,0
12406,control,84.24,0,0.0,0
12407,control,0.0,0,0.0,0
12408,treatment,18.33,0,0.0,0
12409,treatment,130.39,0,0.0,0
12410,treatment,26.48,0,0.0,0
12411,control,0.0,0,0.0,0
12412,control,0.0,1,22.36,0
12413,treatment,113.77,0,0.0,0
12414,treatment,310.0,0,0.0,0
12415,control,191.04,1,33.23,0
12416,treatment,0.0,0,0.0,0
12417,control,0.0,0,0.0,0
12418,control,0.0,0,0.0,0
12419,control,0.0,0,0.0,0
12420,control,0.0,0,0.0,0
12421,control,0.0,0,0.0,0
12422,treatment,0.0,0,0.0,0
12423,treatment,127.9,0,0.0,0
12424,control,0.0,0,0.0,0
12425,control,0.0,0,0.0,0
12426,treatment,0.0,0,0.0,0
12427,treatment,0.0,0,0.0,0
12428,control,0.0,0,0.0,0
12429,treatment,80.0,1,147.31,0
12430,treatment,0.0,0,0.0,0
12431,treatment,0.0,0,0.0,0
12432,control,65.32,0,0.0,0
12433,control,0.0,0,0.0,0
12434,treatment,117.19,0,0.0,0
12435,control,0.0,0,0.0,0
12436,treatment,0.0,0,0.0,0
12437,treatment,0.0,0,0.0,0
12438,treatment,0.0,0,0.0,0
12439,treatment,0.0,0,0.0,0
12440,treatment,0.0,1,30.29,0
12441,control,0.0,0,0.0,0
12442,control,0.0,0,0.0,0
12443,control,78.87,0,0.0,0
12444,treatment,162.3,0,0.0,0
12445,treatment,0.0,0,0.0,0
12446,control,56.74,0,0.0,0
12447,treatment,38.25,0,0.0,0
12448,treatment,0.0,0,0.0,0
12449,treatment,272.29,1,169.62,1
12450,treatment,0.0,0,0.0,0
12451,treatment,0.0,0,0.0,0
12452,treatment,0.0,0,0.0,0
12453,treatment,0.0,0,0.0,0
12454,treatment,0.0,0,0.0,0
12455,control,111.14,0,0.0,0
12456,control,78.87,0,0.0,0
12457,treatment,76.84,1,65.59,0
12458,treatment,282.06,0,0.0,0
12459,control,70.65,0,0.0,0
12460,control,0.0,0,0.0,0
12461,treatment,62.31,0,0.0,0
12462,control,0.0,0,0.0,0
12463,treatment,256.86,1,75.33,0
12464,control,0.0,0,0.0,0
12465,treatment,0.0,0,0.0,0
12466,control,0.0,0,0.0,0
12467,treatment,95.77,0,0.0,0
12468,treatment,0.0,0,0.0,0
12469,treatment,0.0,0,0.0,0
12470,control,507.83,1,61.91,0
12471,control,0.0,0,0.0,0
12472,control,52.15,1,40.18,0
12473,control,0.0,0,0.0,0
12474,control,283.87,1,59.18,1
12475,treatment,103.13,0,0.0,0
12476,control,30.63,0,0.0,0
12477,control,0.0,0,0.0,0
12478,control,0.0,1,43.02,0
12479,treatment,0.0,0,0.0,0
12480,treatment,310.42,0,0.0,0
12481,control,89.61,0,0.0,0
12482,control,0.0,0,0.0,0
12483,treatment,119.34,0,0.0,0
12484,treatment,0.0,0,0.0,0
12485,treatment,41.63,0,0.0,0
12486,control,0.0,0,0.0,0
12487,control,61.15,0,0.0,0
12488,treatment,0.0,0,0.0,0
12489,control,0.0,0,0.0,0
12490,control,74.87,1,48.99,0
12491,control,245.55,1,53.08,0
12492,control,750.27,0,0.0,0
12493,control,69.91,0,0.0,0
12494,control,37.95,0,0.0,0
12495,treatment,94.8,1,56.75,0
12496,control,145.08,0,0.0,0
12497,control,239.12,0,0.0,0
12498,control,0.0,0,0.0,0
12499,control,163.52,0,0.0,0
12500,control,0.0,0,0.0,0
12501,treatment,85.81,0,0.0,0
12502,treatment,0.0,0,0.0,0
12503,treatment,0.0,1,44.99,0
12504,treatment,57.98,0,0.0,0
12505,control,0.0,0,0.0,0
12506,control,48.17,0,0.0,0
12507,control,0.0,0,0.0,0
12508,control,33.4,1,29.52,0
12510,control,0.0,0,0.0,0
12511,control,49.45,0,0.0,0
12512,control,0.0,0,0.0,0
12513,treatment,0.0,0,0.0,0
12514,treatment,0.0,0,0.0,0
12515,treatment,0.0,0,0.0,0
12516,treatment,0.0,0,0.0,0
12517,control,0.0,0,0.0,0
12518,control,110.13,0,0.0,0
12519,control,20.41,0,0.0,0
12520,treatment,82.01,0,0.0,0
12521,control,0.0,0,0.0,0
12522,treatment,75.83,0,0.0,0
12523,control,63.6,0,0.0,0
12524,control,0.0,0,0.0,0
12526,treatment,61.62,1,95.65,0
12527,treatment,20.11,0,0.0,0
12528,treatment,0.0,1,24.36,1
12529,treatment,35.69,0,0.0,0
12530,treatment,2091.4,1,63.59,0
12531,control,0.0,0,0.0,0
12532,control,0.0,0,0.0,0
12533,control,0.0,0,0.0,0
12534,control,35.98,0,0.0,0
12535,treatment,59.89,0,0.0,0
12536,treatment,39.98,0,0.0,0
12537,treatment,49.11,0,0.0,0
12538,treatment,475.11,1,36.66,0
12539,control,181.8,0,0.0,0
12540,treatment,0.0,0,0.0,0
12541,control,55.09,0,0.0,0
12542,control,0.0,0,0.0,0
12543,control,0.0,0,0.0,0
12544,control,0.0,0,0.0,0
12545,control,62.7,0,0.0,0
12546,treatment,0.0,0,0.0,0
12547,treatment,38.54,0,0.0,0
12548,treatment,0.0,0,0.0,0
12549,control,139.3,0,0.0,0
12550,control,72.39,0,0.0,0
12551,treatment,126.08,0,0.0,0
12552,control,73.05,0,0.0,0
12553,treatment,0.0,0,0.0,0
12554,control,111.6,0,0.0,0
12555,treatment,69.34,0,0.0,0
12556,treatment,39.76,0,0.0,0
12557,treatment,0.0,1,107.69,0
12558,control,0.0,0,0.0,0
12559,treatment,0.0,0,0.0,0
12560,control,0.0,0,0.0,0
12561,control,0.0,0,0.0,0
12562,treatment,0.0,0,0.0,0
12563,control,112.53,0,0.0,0
12564,treatment,28.19,0,0.0,0
12565,treatment,110.21,0,0.0,0
12566,control,295.71,1,62.56,0
12567,treatment,0.0,0,0.0,0
12568,treatment,289.58,0,0.0,0
12569,control,116.68,0,0.0,0
12570,control,81.84,0,0.0,0
12571,control,36.53,0,0.0,0
12572,control,0.0,0,0.0,0
12573,treatment,0.0,0,0.0,0
12574,treatment,46.53,1,68.57,0
12575,treatment,64.47,0,0.0,0
12576,treatment,44.0,0,0.0,0
12577,treatment,31.59,0,0.0,0
12579,treatment,0.0,0,0.0,0
12580,control,0.0,1,67.5,0
12581,control,0.0,0,0.0,0
12582,control,0.0,0,0.0,0
12583,treatment,0.0,0,0.0,0
12584,treatment,73.19,0,0.0,0
12585,treatment,0.0,1,28.15,0
12586,treatment,100.8,0,0.0,0
12587,treatment,0.0,0,0.0,0
12588,control,200.07,0,0.0,0
12589,treatment,0.0,1,14.6,0
12590,treatment,0.0,0,0.0,0
12591,control,68.92,0,0.0,0
12592,treatment,0.0,1,22.01,0
12593,treatment,55.97,0,0.0,0
12594,treatment,0.0,0,0.0,0
12595,treatment,0.0,1,53.9,0
12596,treatment,0.0,0,0.0,0
12597,treatment,0.0,0,0.0,0
12598,treatment,119.66,0,0.0,0
12599,treatment,0.0,0,0.0,0
12600,treatment,85.93,0,0.0,0
12601,control,0.0,1,57.58,0
12602,control,0.0,0,0.0,0
12603,control,0.0,0,0.0,0
12604,treatment,0.0,0,0.0,0
12605,control,0.0,0,0.0,0
12606,treatment,80.36,0,0.0,0
12607,control,0.0,0,0.0,0
12608,control,0.0,0,0.0,0
12609,treatment,0.0,0,0.0,0
12610,control,165.59,1,75.92,0
12612,treatment,0.0,1,48.35,0
12613,treatment,74.08,0,0.0,0
12614,control,0.0,0,0.0,0
12615,control,0.0,0,0.0,0
12616,treatment,458.39,0,0.0,0
12617,treatment,0.0,0,0.0,0
12618,control,0.0,0,0.0,0
12619,treatment,0.0,0,0.0,0
12620,treatment,0.0,0,0.0,0
12621,control,0.0,1,19.6,0
12622,treatment,0.0,0,0.0,0
12623,treatment,171.52,0,0.0,0
12624,treatment,106.42,0,0.0,0
12625,control,69.21,0,0.0,0
12626,control,121.16,1,100.79,0
12627,control,0.0,0,0.0,0
12628,control,0.0,0,0.0,0
12629,treatment,0.0,1,19.23,0
12630,control,20.64,0,0.0,0
12631,control,569.17,1,113.65,0
12632,treatment,37.27,1,21.51,0
12633,treatment,79.87,0,0.0,0
12634,control,48.05,0,0.0,0
12635,treatment,77.08,0,0.0,0
12636,control,0.0,0,0.0,0
12637,treatment,49.24,0,0.0,0
12638,control,0.0,0,0.0,0
12639,control,0.0,0,0.0,0
12640,treatment,0.0,0,0.0,0
12641,control,36.6,1,71.41,0
12642,control,0.0,1,66.5,0
12643,control,43.91,0,0.0,0
12644,control,0.0,0,0.0,0
12645,treatment,0.0,0,0.0,0
12646,control,92.42,0,0.0,0
12647,treatment,59.02,0,0.0,0
12648,control,0.0,0,0.0,0
12649,treatment,69.05,0,0.0,0
12650,treatment,0.0,0,0.0,0
12651,control,0.0,0,0.0,0
12652,control,66.01,0,0.0,0
12653,control,215.18,1,67.52,0
12654,treatment,0.0,0,0.0,0
12655,control,0.0,0,0.0,0
12656,treatment,0.0,0,0.0,0
12657,control,71.32,0,0.0,0
12658,control,0.0,1,66.32,0
12659,treatment,35.37,0,0.0,0
12660,treatment,0.0,0,0.0,0
12661,treatment,361.56,1,61.62,0
12662,treatment,33.71,1,56.46,1
12663,treatment,177.38,1,37.51,0
12664,control,0.0,0,0.0,0
12665,control,0.0,0,0.0,0
12666,treatment,0.0,0,0.0,0
12667,control,0.0,0,0.0,0
12668,control,0.0,0,0.0,0
12669,control,190.9,0,0.0,0
12670,treatment,0.0,0,0.0,0
12671,control,485.24,0,0.0,0
12672,control,110.82,0,0.0,0
12673,control,55.9,0,0.0,0
12674,treatment,0.0,0,0.0,0
12675,treatment,59.01,0,0.0,0
12676,treatment,0.0,0,0.0,0
12677,treatment,60.86,0,0.0,0
12678,control,0.0,0,0.0,0
12679,control,59.02,0,0.0,0
12681,control,200.78,1,31.86,0
12682,control,435.88,0,0.0,0
12683,control,0.0,0,0.0,0
12684,treatment,0.0,0,0.0,0
12685,control,0.0,0,0.0,0
12686,control,46.18,0,0.0,0
12687,treatment,41.78,0,0.0,0
12688,control,0.0,0,0.0,0
12689,treatment,142.08,0,0.0,0
12690,treatment,0.0,0,0.0,0
12691,treatment,0.0,1,47.05,0
12692,control,0.0,0,0.0,0
12693,control,123.7,0,0.0,0
12694,treatment,184.27,0,0.0,0
12695,control,216.67,0,0.0,0
12696,control,0.0,0,0.0,0
12697,control,132.96,0,0.0,0
12698,treatment,42.27,0,0.0,0
12699,control,37.43,0,0.0,0
12700,control,0.0,0,0.0,0
12701,treatment,31.99,0,0.0,0
12702,treatment,0.0,1,77.94,0
12703,control,66.95,0,0.0,0
12704,treatment,51.14,0,0.0,0
12705,control,110.28,0,0.0,0
12706,control,0.0,0,0.0,0
12707,control,0.0,0,0.0,0
12708,treatment,299.06,0,0.0,0
12709,treatment,39.24,1,22.34,0
12710,treatment,0.0,0,0.0,0
12711,treatment,213.99,0,0.0,0
12712,treatment,44.8,0,0.0,0
12713,control,0.0,0,0.0,0
12714,treatment,197.96,0,0.0,0
12715,control,142.46,1,31.5,0
12716,control,52.59,0,0.0,0
12717,treatment,991.99,0,0.0,0
12718,control,34.95,0,0.0,0
12719,treatment,55.83,0,0.0,0
12720,treatment,0.0,0,0.0,0
12721,treatment,314.01,0,0.0,0
12722,treatment,0.0,0,0.0,0
12723,treatment,0.0,0,0.0,0
12724,treatment,0.0,0,0.0,0
12725,control,0.0,0,0.0,0
12726,control,236.74,1,74.11,0
12727,control,150.69,0,0.0,0
12728,treatment,0.0,0,0.0,0
12729,treatment,0.0,0,0.0,0
12730,control,0.0,1,18.43,0
12731,treatment,0.0,0,0.0,0
12732,treatment,0.0,0,0.0,0
12734,treatment,171.21,0,0.0,0
12735,control,0.0,0,0.0,0
12736,control,0.0,0,0.0,0
12737,control,83.8,0,0.0,0
12738,treatment,0.0,0,0.0,0
12739,control,0.0,0,0.0,0
12740,treatment,501.35,0,0.0,0
12741,control,66.39,0,0.0,0
12742,treatment,42.01,0,0.0,0
12743,control,117.35,0,0.0,0
12744,treatment,0.0,0,0.0,0
12745,control,0.0,0,0.0,0
12746,treatment,66.59,0,0.0,0
12747,control,0.0,0,0.0,0
12748,control,219.61,0,0.0,0
12749,treatment,68.92,0,0.0,0
12750,control,0.0,0,0.0,0
12751,control,0.0,0,0.0,0
12752,treatment,0.0,0,0.0,0
12753,treatment,121.28,0,0.0,0
12754,treatment,41.14,0,0.0,0
12755,treatment,217.45,1,22.73,0
12756,control,0.0,0,0.0,0
12757,control,0.0,1,83.04,0
12758,control,0.0,0,0.0,0
12759,treatment,0.0,0,0.0,0
12760,treatment,0.0,0,0.0,0
12761,treatment,95.52,0,0.0,0
12762,control,0.0,0,0.0,0
12763,control,59.12,0,0.0,0
12764,control,36.54,0,0.0,0
12765,treatment,0.0,0,0.0,0
12766,control,0.0,0,0.0,0
12767,treatment,39.6,0,0.0,0
12768,treatment,154.97,0,0.0,0
12769,control,42.24,0,0.0,0
12770,treatment,446.57,0,0.0,0
12771,treatment,37.64,0,0.0,0
12772,control,228.85,0,0.0,0
12773,control,255.99,0,0.0,0
12774,treatment,805.98,1,114.79,0
12775,treatment,0.0,0,0.0,0
12776,control,0.0,0,0.0,0
12777,treatment,353.53,0,0.0,0
12778,control,0.0,0,0.0,0
12779,control,123.13,0,0.0,0
12780,control,39.71,0,0.0,0
12781,treatment,0.0,0,0.0,0
12782,control,27.72,0,0.0,0
12783,control,49.61,0,0.0,0
12784,control,0.0,0,0.0,0
12785,control,49.17,0,0.0,0
12786,control,120.04,0,0.0,0
12787,control,0.0,0,0.0,0
12788,control,0.0,1,42.06,0
12790,treatment,0.0,0,0.0,0
12791,control,50.31,0,0.0,0
12792,control,0.0,0,0.0,0
12793,control,58.15,0,0.0,0
12794,control,134.34,1,132.21,1
12795,control,71.47,0,0.0,0
12796,treatment,35.97,1,62.55,0
12797,control,102.81,1,85.97,0
12798,control,0.0,0,0.0,0
12799,control,64.28,0,0.0,0
12800,control,276.18,0,0.0,0
12801,control,182.04,0,0.0,0
12802,control,42.77,0,0.0,0
12803,treatment,49.6,0,0.0,0
12804,treatment,42.16,0,0.0,0
12805,treatment,0.0,0,0.0,0
12806,treatment,0.0,0,0.0,0
12807,treatment,298.89,0,0.0,0
12808,treatment,63.98,0,0.0,0
12809,treatment,84.5,0,0.0,0
12810,control,43.69,1,48.07,0
12811,treatment,57.1,0,0.0,0
12812,treatment,0.0,0,0.0,0
12814,treatment,113.26,0,0.0,0
12815,treatment,0.0,0,0.0,0
12816,control,176.71,0,0.0,0
12817,treatment,0.0,0,0.0,0
12818,control,0.0,0,0.0,0
12819,control,119.45,0,0.0,0
12820,control,0.0,0,0.0,0
12821,control,0.0,0,0.0,0
12822,control,718.24,1,130.99,0
12823,treatment,140.27,1,110.89,0
12824,treatment,0.0,0,0.0,0
12825,control,0.0,0,0.0,0
12826,control,143.07,0,0.0,0
12827,treatment,41.12,0,0.0,0
12828,control,126.66,0,0.0,0
12829,treatment,180.99,0,0.0,0
12830,treatment,364.75,1,157.49,0
12831,control,35.23,0,0.0,0
12832,treatment,53.92,0,0.0,0
12833,control,0.0,0,0.0,0
12834,control,0.0,0,0.0,0
12835,control,0.0,0,0.0,0
12836,control,0.0,0,0.0,0
12837,treatment,44.12,0,0.0,0
12838,treatment,680.36,1,77.16,0
12839,treatment,0.0,1,113.41,0
12840,treatment,0.0,0,0.0,0
12841,control,0.0,0,0.0,0
12842,control,233.98,0,0.0,0
12843,control,62.18,0,0.0,0
12844,treatment,0.0,0,0.0,0
12845,control,0.0,0,0.0,0
12846,control,83.11,0,0.0,0
12847,treatment,0.0,0,0.0,0
12848,treatment,0.0,0,0.0,0
12849,control,0.0,1,24.1,0
12850,treatment,105.71,0,0.0,0
12851,treatment,57.61,0,0.0,0
12852,treatment,0.0,0,0.0,0
12853,treatment,32.54,0,0.0,0
12854,control,80.92,0,0.0,0
12855,control,377.51,0,0.0,0
12856,control,36.45,0,0.0,0
12857,treatment,490.82,0,0.0,0
12858,treatment,0.0,0,0.0,0
12859,control,54.27,0,0.0,0
12860,treatment,0.0,0,0.0,0
12861,control,39.13,0,0.0,0
12862,control,0.0,0,0.0,0
12863,treatment,41.35,0,0.0,0
12864,control,25.42,0,0.0,0
12865,treatment,212.08,0,0.0,0
12866,treatment,67.17,1,129.96,0
12867,control,0.0,1,41.15,0
12868,control,0.0,0,0.0,0
12869,control,52.24,0,0.0,0
12870,treatment,0.0,0,0.0,0
12871,control,0.0,0,0.0,0
12872,control,0.0,0,0.0,0
12873,treatment,48.03,0,0.0,0
12874,treatment,222.6,0,0.0,0
12875,treatment,43.92,0,0.0,0
12876,treatment,0.0,0,0.0,0
12877,treatment,1417.29,1,227.54,0
12878,treatment,0.0,0,0.0,0
12879,treatment,152.94,0,0.0,0
12880,control,0.0,0,0.0,0
12881,treatment,18.21,0,0.0,0
12882,treatment,33.15,0,0.0,0
12883,control,20.32,0,0.0,0
12884,treatment,0.0,0,0.0,0
12885,control,24.5,0,0.0,0
12886,control,75.37,1,52.2,0
12887,control,0.0,0,0.0,0
12888,treatment,0.0,0,0.0,0
12889,control,43.34,0,0.0,0
12890,control,0.0,0,0.0,0
12891,control,47.71,0,0.0,0
12892,control,24.29,0,0.0,0
12893,control,132.69,0,0.0,0
12894,control,265.59,0,0.0,0
12895,treatment,0.0,0,0.0,0
12896,control,129.66,0,0.0,0
12897,control,0.0,0,0.0,0
12898,control,0.0,0,0.0,0
12899,treatment,0.0,0,0.0,0
12900,treatment,0.0,0,0.0,0
12901,control,0.0,0,0.0,0
12902,control,42.05,0,0.0,0
12903,control,0.0,0,0.0,0
12904,control,0.0,0,0.0,0
12905,treatment,0.0,0,0.0,0
12906,treatment,0.0,0,0.0,0
12907,control,161.49,0,0.0,0
12908,treatment,0.0,0,0.0,0
12909,treatment,0.0,1,35.52,0
12910,treatment,0.0,0,0.0,0
12911,control,55.74,1,50.99,0
12912,control,0.0,0,0.0,0
12913,treatment,43.11,1,60.35,0
12914,control,71.12,0,0.0,0
12915,control,0.0,0,0.0,0
12916,treatment,0.0,0,0.0,0
12917,treatment,12.32,0,0.0,0
12918,treatment,0.0,0,0.0,0
12919,treatment,36.24,0,0.0,0
12920,control,310.68,0,0.0,0
12921,control,0.0,0,0.0,0
12922,treatment,0.0,0,0.0,0
12923,control,82.81,0,0.0,0
12924,treatment,87.21,1,51.82,0
12925,control,0.0,0,0.0,0
12926,treatment,0.0,0,0.0,0
12927,treatment,75.62,0,0.0,0
12928,treatment,0.0,0,0.0,0
12929,treatment,0.0,0,0.0,0
12930,control,75.98,0,0.0,0
12931,control,79.02,0,0.0,0
12932,treatment,44.76,0,0.0,0
12933,control,0.0,0,0.0,0
12934,control,87.03,0,0.0,0
12935,control,33.93,0,0.0,0
12936,treatment,123.29,0,0.0,0
12937,control,235.04,0,0.0,0
12938,treatment,68.43,0,0.0,0
12939,control,48.45,0,0.0,0
12940,control,0.0,0,0.0,0
12941,control,0.0,0,0.0,0
12942,treatment,0.0,0,0.0,0
12943,control,69.45,0,0.0,0
12944,control,0.0,0,0.0,0
12945,control,0.0,0,0.0,0
12946,control,239.25,0,0.0,0
12947,treatment,137.06,0,0.0,0
12948,control,0.0,0,0.0,0
12949,treatment,0.0,0,0.0,0
12950,control,0.0,0,0.0,0
12951,control,0.0,0,0.0,0
12952,treatment,69.16,0,0.0,0
12953,treatment,149.18,0,0.0,0
12954,treatment,140.95,1,94.86,0
12955,control,34.49,0,0.0,0
12956,control,263.55,0,0.0,0
12957,treatment,0.0,0,0.0,0
12958,control,162.83,1,31.16,0
12959,treatment,162.81,0,0.0,0
12960,control,74.08,0,0.0,0
12961,control,58.41,0,0.0,0
12962,treatment,0.0,0,0.0,0
12963,control,37.15,0,0.0,0
12965,treatment,21.12,0,0.0,0
12966,control,246.11,0,0.0,0
12967,control,88.38,0,0.0,0
12968,control,39.63,0,0.0,0
12969,treatment,0.0,0,0.0,0
12970,control,913.82,1,105.7,0
12971,control,101.24,0,0.0,0
12972,treatment,0.0,0,0.0,0
12973,treatment,77.94,0,0.0,0
12974,control,0.0,0,0.0,0
12975,control,66.78,0,0.0,0
12976,treatment,63.94,0,0.0,0
12977,treatment,38.94,0,0.0,0
12978,control,61.11,0,0.0,0
12979,treatment,0.0,0,0.0,0
12980,treatment,0.0,0,0.0,0
12981,treatment,0.0,0,0.0,0
12982,treatment,0.0,0,0.0,0
12983,control,0.0,0,0.0,0
12984,treatment,177.29,1,48.64,0
12985,control,0.0,0,0.0,0
12986,control,38.37,0,0.0,0
12987,control,37.9,0,0.0,0
12988,treatment,0.0,1,18.55,0
12989,control,0.0,0,0.0,0
12990,control,435.91,0,0.0,0
12991,control,39.84,0,0.0,0
12993,treatment,0.0,0,0.0,0
12994,control,18.29,0,0.0,0
12995,treatment,80.54,0,0.0,0
12996,control,30.31,0,0.0,0
12997,control,52.03,1,61.9,0
12998,control,0.0,0,0.0,0
12999,control,61.9,0,0.0,0
13000,control,0.0,0,0.0,0
13001,treatment,0.0,0,0.0,0
13002,control,0.0,1,49.21,0
13003,treatment,0.0,0,0.0,0
13004,treatment,0.0,0,0.0,0
13005,control,73.22,0,0.0,0
13006,control,36.0,0,0.0,0
13007,control,55.1,0,0.0,0
13009,control,0.0,0,0.0,0
13010,treatment,0.0,0,0.0,0
13011,treatment,0.0,0,0.0,0
13012,control,0.0,0,0.0,0
13013,control,202.68,0,0.0,0
13014,control,0.0,0,0.0,0
13015,control,0.0,0,0.0,0
13016,control,39.41,0,0.0,0
13017,treatment,307.51,0,0.0,0
13018,control,0.0,0,0.0,0
13019,treatment,0.0,0,0.0,0
13020,control,245.24,0,0.0,0
13021,treatment,0.0,0,0.0,0
13022,control,116.07,0,0.0,0
13023,treatment,0.0,0,0.0,0
13024,treatment,0.0,0,0.0,0
13025,control,82.55,0,0.0,0
13026,treatment,132.2,1,72.65,0
13027,treatment,54.57,1,53.55,0
13028,control,0.0,0,0.0,0
13029,treatment,552.94,1,40.1,0
13030,treatment,0.0,0,0.0,0
13031,control,0.0,0,0.0,0
13032,treatment,52.96,0,0.0,0
13033,control,0.0,0,0.0,0
13034,control,0.0,0,0.0,0
13035,treatment,38.48,1,74.68,0
13036,treatment,60.96,0,0.0,0
13037,treatment,0.0,0,0.0,0
13038,control,0.0,0,0.0,0
13039,control,96.2,0,0.0,0
13040,treatment,0.0,0,0.0,0
13041,control,42.32,0,0.0,0
13042,control,0.0,0,0.0,0
13043,control,0.0,0,0.0,0
13044,control,23.9,0,0.0,0
13045,control,0.0,0,0.0,0
13046,treatment,0.0,0,0.0,0
13047,control,0.0,0,0.0,0
13048,control,64.79,0,0.0,0
13049,control,43.61,0,0.0,0
13050,treatment,256.12,0,0.0,0
13051,treatment,42.96,0,0.0,0
13052,control,59.36,0,0.0,0
13053,control,0.0,0,0.0,0
13054,control,0.0,0,0.0,0
13055,control,0.0,0,0.0,0
13056,control,0.0,0,0.0,0
13057,control,0.0,0,0.0,0
13058,treatment,0.0,1,48.63,0
13059,control,0.0,0,0.0,0
13060,treatment,0.0,0,0.0,0
13061,control,521.09,0,0.0,0
13062,control,29.45,0,0.0,0
13063,control,0.0,0,0.0,0
13064,control,0.0,0,0.0,0
13065,treatment,33.87,0,0.0,0
13066,control,68.67,0,0.0,0
13067,control,67.29,0,0.0,0
13068,control,522.53,1,44.39,0
13069,control,0.0,0,0.0,0
13070,control,0.0,1,57.48,0
13071,treatment,0.0,0,0.0,0
13072,treatment,61.76,0,0.0,0
13073,control,98.07,0,0.0,0
13074,control,0.0,1,108.25,0
13075,control,0.0,0,0.0,0
13076,control,0.0,1,46.59,0
13077,control,142.28,0,0.0,0
13078,treatment,0.0,0,0.0,0
13079,treatment,0.0,0,0.0,0
13080,treatment,298.34,0,0.0,0
13081,treatment,60.55,0,0.0,0
13082,control,142.96,1,38.04,0
13083,control,0.0,0,0.0,0
13084,treatment,119.48,0,0.0,0
13085,control,20.48,0,0.0,0
13086,control,0.0,0,0.0,0
13087,control,58.4,0,0.0,0
13088,control,66.23,0,0.0,0
13089,control,195.94,0,0.0,0
13090,control,0.0,0,0.0,0
13091,control,0.0,0,0.0,0
13092,treatment,0.0,0,0.0,0
13093,treatment,0.0,0,0.0,0
13094,control,70.34,1,25.95,0
13095,control,0.0,0,0.0,0
13096,treatment,0.0,0,0.0,0
13097,control,0.0,1,90.09,0
13099,control,0.0,0,0.0,0
13100,control,220.96,0,0.0,0
13101,control,41.43,0,0.0,0
13102,control,199.25,0,0.0,0
13103,treatment,47.48,0,0.0,0
13104,treatment,81.34,0,0.0,0
13105,control,0.0,0,0.0,0
13106,control,0.0,1,49.03,0
13107,treatment,0.0,1,18.17,0
13108,control,33.8,0,0.0,0
13109,control,28.48,0,0.0,0
13110,treatment,64.3,0,0.0,0
13111,treatment,0.0,0,0.0,0
13112,treatment,468.31,0,0.0,0
13113,treatment,39.57,1,104.18,0
13114,treatment,37.28,0,0.0,0
13115,control,0.0,0,0.0,0
13116,treatment,0.0,0,0.0,0
13117,treatment,0.0,1,29.88,0
13118,treatment,0.0,0,0.0,0
13119,treatment,56.36,1,155.9,0
13120,treatment,0.0,0,0.0,0
13121,treatment,0.0,0,0.0,0
13122,control,0.0,0,0.0,0
13123,control,0.0,0,0.0,0
13124,treatment,0.0,0,0.0,0
13125,treatment,0.0,0,0.0,0
13126,treatment,36.88,0,0.0,0
13127,treatment,214.67,1,88.49,0
13128,treatment,0.0,0,0.0,0
13129,treatment,0.0,0,0.0,0
13130,control,0.0,0,0.0,0
13131,control,0.0,0,0.0,0
13132,treatment,55.62,0,0.0,0
13133,treatment,0.0,0,0.0,0
13134,control,0.0,0,0.0,0
13135,treatment,0.0,0,0.0,0
13136,treatment,0.0,0,0.0,0
13137,treatment,0.0,0,0.0,0
13138,treatment,0.0,0,0.0,0
13139,treatment,0.0,0,0.0,0
13140,treatment,0.0,0,0.0,0
13141,control,141.28,0,0.0,0
13142,control,0.0,0,0.0,0
13143,control,0.0,0,0.0,0
13145,control,38.6,0,0.0,0
13146,treatment,0.0,0,0.0,0
13147,treatment,0.0,1,43.68,0
13148,treatment,0.0,0,0.0,0
13149,control,0.0,0,0.0,0
13150,control,0.0,0,0.0,0
13151,treatment,0.0,1,73.25,0
13152,control,0.0,0,0.0,0
13153,control,69.41,0,0.0,0
13154,treatment,34.61,0,0.0,0
13155,control,0.0,0,0.0,0
13156,treatment,129.4,0,0.0,0
13157,treatment,63.62,0,0.0,0
13158,control,0.0,0,0.0,0
13159,treatment,27.6,0,0.0,0
13160,control,0.0,0,0.0,0
13161,treatment,89.0,1,58.63,0
13162,control,104.77,0,0.0,0
13163,control,0.0,0,0.0,0
13164,control,0.0,0,0.0,0
13165,control,0.0,0,0.0,0
13166,treatment,38.04,0,0.0,0
13167,treatment,49.56,0,0.0,0
13168,treatment,214.91,1,147.49,0
13169,control,0.0,0,0.0,0
13170,treatment,0.0,0,0.0,0
13171,treatment,15.51,0,0.0,0
13172,treatment,0.0,0,0.0,0
13173,treatment,100.82,0,0.0,0
13174,control,0.0,0,0.0,0
13175,control,129.52,0,0.0,0
13176,control,87.77,0,0.0,0
13177,treatment,0.0,0,0.0,0
13179,control,0.0,0,0.0,0
13180,control,205.63,0,0.0,0
13181,control,0.0,0,0.0,0
13182,treatment,0.0,0,0.0,0
13183,control,0.0,0,0.0,0
13184,control,0.0,0,0.0,0
13185,treatment,0.0,0,0.0,0
13186,control,37.58,0,0.0,0
13187,control,0.0,0,0.0,0
13188,control,260.22,0,0.0,0
13189,treatment,49.55,0,0.0,0
13190,treatment,36.86,0,0.0,0
13191,control,0.0,0,0.0,0
13192,control,0.0,0,0.0,0
13193,control,0.0,0,0.0,0
13194,treatment,230.37,1,85.47,0
13195,control,0.0,0,0.0,0
13196,treatment,47.39,0,0.0,0
13197,control,0.0,0,0.0,0
13198,treatment,0.0,0,0.0,0
13199,control,0.0,0,0.0,0
13200,treatment,710.55,0,0.0,0
13201,treatment,0.0,0,0.0,0
13202,control,167.41,0,0.0,0
13203,treatment,0.0,0,0.0,0
13204,treatment,0.0,1,92.52,0
13205,control,0.0,0,0.0,0
13206,control,0.0,0,0.0,0
13207,control,42.49,0,0.0,0
13208,control,0.0,0,0.0,0
13209,control,186.49,0,0.0,0
13210,treatment,0.0,0,0.0,0
13211,treatment,0.0,0,0.0,0
13212,control,0.0,0,0.0,0
13213,treatment,0.0,0,0.0,0
13214,control,0.0,0,0.0,0
13215,control,735.07,0,0.0,0
13216,treatment,301.96,0,0.0,0
13217,treatment,59.97,0,0.0,0
13218,control,0.0,0,0.0,0
13219,control,0.0,0,0.0,0
13220,control,53.77,0,0.0,0
13221,treatment,0.0,0,0.0,0
13222,treatment,0.0,0,0.0,0
13223,treatment,80.09,0,0.0,0
13224,treatment,45.97,0,0.0,0
13225,treatment,0.0,0,0.0,0
13226,control,0.0,0,0.0,0
13227,control,0.0,0,0.0,0
13228,control,32.54,0,0.0,0
13229,control,118.6,0,0.0,0
13230,treatment,114.22,0,0.0,0
13231,control,0.0,0,0.0,0
13232,treatment,38.84,0,0.0,0
13233,treatment,33.51,0,0.0,0
13234,control,128.5,0,0.0,0
13235,control,271.81,0,0.0,0
13236,treatment,0.0,0,0.0,0
13237,treatment,0.0,0,0.0,0
13238,control,0.0,0,0.0,0
13239,treatment,0.0,0,0.0,0
13240,treatment,0.0,0,0.0,0
13241,treatment,33.74,0,0.0,0
13242,control,0.0,0,0.0,0
13243,control,134.64,1,130.51,0
13244,treatment,0.0,0,0.0,0
13245,treatment,36.28,0,0.0,0
13246,treatment,36.09,0,0.0,0
13247,treatment,0.0,1,70.11,0
13248,treatment,110.08,0,0.0,0
13249,treatment,111.82,1,80.26,0
13250,control,0.0,0,0.0,0
13251,treatment,0.0,0,0.0,0
13252,treatment,35.49,1,49.64,0
13253,treatment,44.63,0,0.0,0
13254,control,35.77,0,0.0,0
13255,control,0.0,0,0.0,0
13256,control,0.0,0,0.0,0
13257,control,178.09,0,0.0,0
13258,control,143.85,1,34.25,0
13259,treatment,0.0,0,0.0,0
13260,control,45.32,0,0.0,0
13261,control,192.92,0,0.0,0
13262,treatment,25.03,0,0.0,0
13263,treatment,0.0,0,0.0,0
13264,treatment,28.24,0,0.0,0
13265,treatment,0.0,0,0.0,0
13266,treatment,0.0,1,50.97,1
13267,treatment,89.01,0,0.0,0
13268,control,39.61,0,0.0,0
13269,control,0.0,0,0.0,0
13270,treatment,41.39,0,0.0,0
13271,control,438.35,1,112.61,0
13273,control,49.11,0,0.0,0
13274,control,0.0,0,0.0,0
13275,control,0.0,1,55.18,0
13276,control,112.43,0,0.0,0
13277,control,81.54,1,38.12,0
13278,control,0.0,0,0.0,0
13279,control,0.0,0,0.0,0
13280,control,196.82,0,0.0,0
13281,control,22.05,0,0.0,0
13282,control,272.59,0,0.0,0
13283,control,0.0,0,0.0,0
13284,control,0.0,0,0.0,0
13285,treatment,80.37,0,0.0,0
13286,control,29.5,0,0.0,0
13287,control,104.48,0,0.0,0
13288,treatment,0.0,0,0.0,0
13289,treatment,0.0,0,0.0,0
13290,treatment,70.87,0,0.0,0
13291,treatment,32.82,0,0.0,0
13292,control,0.0,0,0.0,0
13293,control,0.0,0,0.0,0
13294,control,237.34,0,0.0,0
13295,treatment,20.53,0,0.0,0
13296,control,0.0,0,0.0,0
13297,control,67.88,0,0.0,0
13298,treatment,0.0,0,0.0,0
13299,treatment,128.44,0,0.0,0
13300,treatment,67.27,0,0.0,0
13301,treatment,0.0,0,0.0,0
13302,control,45.27,0,0.0,0
13303,control,25.15,0,0.0,0
13304,control,0.0,0,0.0,0
13305,control,98.7,0,0.0,0
13306,treatment,18.22,0,0.0,0
13307,treatment,0.0,0,0.0,0
13308,control,0.0,0,0.0,0
13309,treatment,87.51,1,40.29,0
13310,control,85.25,0,0.0,0
13311,control,761.95,1,167.87,1
13312,treatment,0.0,0,0.0,0
13313,treatment,41.59,0,0.0,0
13314,treatment,0.0,0,0.0,0
13315,treatment,43.28,0,0.0,0
13316,treatment,0.0,0,0.0,0
13317,treatment,53.14,0,0.0,0
13318,treatment,0.0,0,0.0,0
13319,control,27.93,0,0.0,0
13320,treatment,0.0,0,0.0,0
13321,treatment,0.0,0,0.0,0
13322,control,0.0,0,0.0,0
13323,treatment,29.79,1,54.41,0
13324,treatment,56.26,1,46.75,0
13325,control,0.0,0,0.0,0
13327,control,77.48,1,78.63,0
13328,treatment,165.45,0,0.0,0
13329,treatment,52.34,0,0.0,0
13330,treatment,219.23,0,0.0,0
13331,treatment,0.0,0,0.0,0
13332,control,142.69,0,0.0,0
13333,control,182.88,0,0.0,0
13334,treatment,0.0,0,0.0,0
13335,treatment,0.0,0,0.0,0
13336,treatment,0.0,0,0.0,0
13337,treatment,0.0,1,19.48,0
13338,treatment,0.0,0,0.0,0
13339,control,23.96,0,0.0,0
13340,treatment,0.0,0,0.0,0
13341,treatment,0.0,0,0.0,0
13342,treatment,0.0,0,0.0,0
13343,treatment,34.34,0,0.0,0
13344,control,62.03,0,0.0,0
13345,treatment,0.0,0,0.0,0
13346,control,0.0,0,0.0,0
13347,treatment,39.99,0,0.0,0
13348,treatment,0.0,0,0.0,0
13349,control,0.0,0,0.0,0
13350,treatment,0.0,0,0.0,0
13351,control,234.73,1,138.32,0
13352,treatment,480.25,0,0.0,0
13353,treatment,0.0,0,0.0,0
13354,treatment,150.3,0,0.0,0
13355,control,381.15,0,0.0,0
13356,treatment,31.1,0,0.0,0
13357,treatment,35.05,0,0.0,0
13358,control,0.0,0,0.0,0
13359,control,55.2,0,0.0,0
13360,control,180.18,0,0.0,0
13361,treatment,0.0,0,0.0,0
13362,treatment,389.76,0,0.0,0
13363,treatment,206.19,0,0.0,0
13364,treatment,0.0,1,50.54,0
13365,treatment,0.0,0,0.0,0
13366,treatment,284.84,0,0.0,0
13367,control,219.77,0,0.0,0
13368,treatment,41.36,0,0.0,0
13369,treatment,0.0,0,0.0,0
13370,treatment,47.59,0,0.0,0
13371,treatment,0.0,0,0.0,0
13372,control,292.51,1,124.7,0
13373,control,0.0,0,0.0,0
13374,treatment,0.0,0,0.0,0
13375,treatment,0.0,0,0.0,0
13376,control,143.29,1,72.56,0
13377,treatment,36.49,0,0.0,0
13378,treatment,59.44,0,0.0,0
13379,control,0.0,0,0.0,0
13380,treatment,49.83,0,0.0,0
13381,treatment,0.0,0,0.0,0
13382,control,68.52,1,78.03,1
13383,control,0.0,1,15.7,0
13384,control,0.0,0,0.0,0
13385,treatment,245.69,0,0.0,0
13386,control,73.61,0,0.0,0
13387,treatment,23.02,0,0.0,0
13388,treatment,503.76,0,0.0,0
13389,control,50.89,0,0.0,0
13390,treatment,89.15,0,0.0,0
13391,control,0.0,0,0.0,0
13392,treatment,53.13,0,0.0,0
13393,treatment,132.36,0,0.0,0
13394,treatment,59.77,0,0.0,0
13395,treatment,47.17,0,0.0,0
13396,treatment,0.0,0,0.0,0
13397,treatment,62.33,0,0.0,0
13398,treatment,0.0,1,57.76,0
13399,control,0.0,0,0.0,0
13400,control,52.13,0,0.0,0
13401,treatment,0.0,0,0.0,0
13402,control,0.0,0,0.0,0
13403,control,238.47,0,0.0,0
13404,treatment,0.0,0,0.0,0
13405,control,290.89,1,50.96,0
13406,control,0.0,0,0.0,0
13407,control,0.0,0,0.0,0
13408,control,0.0,0,0.0,0
13409,treatment,0.0,1,44.54,0
13410,control,130.69,0,0.0,0
13411,control,98.36,0,0.0,0
13412,control,0.0,0,0.0,0
13413,control,0.0,0,0.0,0
13414,treatment,31.09,0,0.0,0
13415,treatment,0.0,0,0.0,0
13416,control,51.84,0,0.0,0
13417,control,66.36,0,0.0,0
13418,treatment,41.52,0,0.0,0
13419,treatment,44.46,1,248.94,0
13420,control,0.0,0,0.0,0
13421,treatment,0.0,0,0.0,0
13422,control,0.0,0,0.0,0
13423,treatment,48.62,0,0.0,0
13424,control,100.39,0,0.0,0
13425,control,0.0,0,0.0,0
13426,treatment,83.31,0,0.0,0
13427,control,122.6,0,0.0,0
13428,control,0.0,0,0.0,0
13429,treatment,0.0,0,0.0,0
13430,treatment,0.0,0,0.0,0
13431,control,0.0,1,68.92,0
13432,treatment,0.0,0,0.0,0
13433,treatment,79.34,0,0.0,0
13434,control,0.0,0,0.0,0
13436,treatment,65.16,0,0.0,0
13437,treatment,0.0,0,0.0,0
13438,treatment,0.0,0,0.0,0
13439,control,0.0,0,0.0,0
13440,control,0.0,0,0.0,0
13441,control,0.0,0,0.0,0
13442,treatment,0.0,0,0.0,0
13443,treatment,180.07,0,0.0,0
13444,treatment,0.0,1,18.36,0
13445,control,0.0,0,0.0,0
13446,control,0.0,0,0.0,0
13447,treatment,0.0,0,0.0,0
13448,control,0.0,1,23.62,0
13449,control,55.48,0,0.0,0
13450,control,0.0,0,0.0,0
13451,control,64.84,1,68.82,0
13452,control,119.13,0,0.0,0
13453,control,54.62,0,0.0,0
13454,treatment,496.83,1,37.87,0
13455,treatment,72.77,0,0.0,0
13456,treatment,28.31,0,0.0,0
13457,control,244.89,1,79.86,0
13458,control,68.18,0,0.0,0
13459,control,146.89,0,0.0,0
13460,treatment,0.0,1,28.78,0
13461,control,0.0,0,0.0,0
13462,treatment,0.0,0,0.0,0
13463,control,0.0,0,0.0,0
13464,control,158.8,0,0.0,0
13465,treatment,0.0,0,0.0,0
13467,control,0.0,0,0.0,0
13468,treatment,0.0,0,0.0,0
13469,control,0.0,0,0.0,0
13470,treatment,0.0,0,0.0,0
13471,control,36.91,0,0.0,0
13472,control,411.17,1,32.66,1
13473,control,0.0,0,0.0,0
13474,treatment,0.0,0,0.0,0
13475,control,0.0,0,0.0,0
13476,control,0.0,0,0.0,0
13477,control,75.49,0,0.0,0
13478,treatment,0.0,1,44.51,0
13479,treatment,30.69,0,0.0,0
13480,treatment,79.71,1,72.54,0
13481,control,277.53,1,108.99,0
13482,control,240.72,0,0.0,0
13483,treatment,172.46,0,0.0,0
13484,treatment,72.02,1,44.52,0
13485,treatment,0.0,0,0.0,0
13486,treatment,207.13,0,0.0,0
13487,treatment,84.24,0,0.0,0
13488,control,0.0,0,0.0,0
13489,treatment,0.0,0,0.0,0
13490,treatment,0.0,0,0.0,0
13491,control,163.65,0,0.0,0
13493,treatment,0.0,1,84.64,0
13494,treatment,0.0,0,0.0,0
13495,treatment,0.0,0,0.0,0
13496,control,424.49,0,0.0,0
13497,control,1992.23,1,37.24,0
13498,treatment,123.37,0,0.0,0
13499,treatment,0.0,0,0.0,0
13500,treatment,124.23,0,0.0,0
13501,treatment,0.0,0,0.0,0
13502,treatment,64.67,0,0.0,0
13503,treatment,0.0,0,0.0,0
13504,control,72.99,0,0.0,0
13505,control,40.4,0,0.0,0
13506,control,125.85,1,55.16,0
13508,treatment,0.0,0,0.0,0
13509,treatment,40.28,0,0.0,0
13511,control,102.22,0,0.0,0
13512,control,293.6,0,0.0,0
13513,treatment,39.25,0,0.0,0
13514,control,23.4,1,49.69,0
13515,control,69.94,0,0.0,0
13516,treatment,0.0,0,0.0,0
13517,control,0.0,0,0.0,0
13518,treatment,0.0,0,0.0,0
13519,treatment,72.25,0,0.0,0
13520,control,81.1,0,0.0,0
13521,control,58.35,0,0.0,0
13522,control,0.0,0,0.0,0
13523,treatment,0.0,0,0.0,0
13524,control,61.03,0,0.0,0
13525,control,79.18,0,0.0,0
13526,treatment,0.0,0,0.0,0
13527,treatment,34.97,0,0.0,0
13528,control,0.0,0,0.0,0
13529,control,82.27,0,0.0,0
13530,treatment,0.0,0,0.0,0
13531,treatment,0.0,0,0.0,0
13532,treatment,0.0,0,0.0,0
13533,control,0.0,0,0.0,0
13534,treatment,0.0,0,0.0,0
13535,treatment,35.16,0,0.0,0
13536,control,100.2,0,0.0,0
13537,control,0.0,0,0.0,0
13538,control,44.47,0,0.0,0
13539,treatment,124.97,0,0.0,0
13540,treatment,80.18,0,0.0,0
13541,control,0.0,0,0.0,0
13542,control,120.9,1,77.71,0
13543,control,0.0,0,0.0,0
13544,treatment,0.0,0,0.0,0
13545,control,116.01,0,0.0,0
13546,treatment,433.52,1,46.33,0
13547,treatment,83.42,1,17.97,0
13548,control,65.02,0,0.0,0
13549,control,0.0,0,0.0,0
13550,control,88.5,0,0.0,0
13551,control,0.0,0,0.0,0
13552,treatment,246.87,0,0.0,0
13553,control,65.59,0,0.0,0
13554,treatment,338.12,1,81.52,0
13555,control,55.08,0,0.0,0
13556,control,0.0,0,0.0,0
13557,treatment,0.0,0,0.0,0
13558,control,98.49,0,0.0,0
13559,treatment,83.19,0,0.0,0
13560,control,0.0,1,37.82,0
13561,treatment,0.0,1,91.0,0
13562,treatment,151.17,0,0.0,0
13563,treatment,0.0,1,56.28,0
13564,control,0.0,0,0.0,0
13565,treatment,35.16,0,0.0,0
13567,control,0.0,0,0.0,0
13568,treatment,0.0,0,0.0,0
13569,control,0.0,0,0.0,0
13570,treatment,0.0,0,0.0,0
13571,treatment,132.06,0,0.0,0
13572,treatment,0.0,0,0.0,0
13573,treatment,25.12,0,0.0,0
13574,treatment,0.0,0,0.0,0
13575,treatment,57.37,0,0.0,0
13576,control,69.55,1,28.82,0
13577,control,0.0,0,0.0,0
13578,treatment,77.49,0,0.0,0
13579,control,103.89,1,47.56,0
13580,control,68.27,0,0.0,0
13581,control,0.0,0,0.0,0
13582,treatment,0.0,0,0.0,0
13583,control,66.6,0,0.0,0
13584,control,41.34,0,0.0,0
13585,treatment,0.0,0,0.0,0
13586,treatment,0.0,0,0.0,0
13587,treatment,0.0,0,0.0,0
13588,control,254.98,0,0.0,0
13589,treatment,0.0,0,0.0,0
13590,treatment,59.34,1,94.73,0
13591,treatment,0.0,0,0.0,0
13592,control,0.0,0,0.0,0
13593,control,69.47,0,0.0,0
13594,control,84.44,0,0.0,0
13595,control,0.0,0,0.0,0
13596,treatment,88.46,0,0.0,0
13597,control,57.93,0,0.0,0
13598,control,125.25,0,0.0,0
13599,treatment,52.32,0,0.0,0
13600,control,401.99,0,0.0,0
13601,treatment,0.0,0,0.0,0
13602,control,87.78,0,0.0,0
13603,treatment,0.0,0,0.0,0
13604,treatment,45.96,0,0.0,0
13606,treatment,0.0,0,0.0,0
13607,control,0.0,0,0.0,0
13608,treatment,71.79,0,0.0,0
13609,control,0.0,0,0.0,0
13610,control,64.52,0,0.0,0
13611,control,505.46,1,57.88,0
13612,control,0.0,0,0.0,0
13613,treatment,43.72,0,0.0,0
13614,treatment,41.62,0,0.0,0
13615,control,54.28,0,0.0,0
13616,control,41.64,0,0.0,0
13617,control,42.83,0,0.0,0
13618,treatment,107.43,0,0.0,0
13619,treatment,33.07,0,0.0,0
13620,control,151.11,0,0.0,0
13621,treatment,89.02,0,0.0,0
13622,treatment,0.0,0,0.0,0
13623,treatment,239.17,0,0.0,0
13624,control,0.0,0,0.0,0
13625,treatment,0.0,0,0.0,0
13626,control,25.4,0,0.0,0
13627,treatment,59.41,0,0.0,0
13628,treatment,182.79,0,0.0,0
13629,control,0.0,0,0.0,0
13630,control,0.0,0,0.0,0
13631,control,273.82,1,52.72,0
13632,treatment,491.31,0,0.0,0
13633,control,0.0,1,189.11,0
13634,treatment,56.21,0,0.0,0
13635,control,0.0,0,0.0,0
13636,treatment,44.61,0,0.0,0
13637,control,0.0,0,0.0,0
13638,treatment,66.89,0,0.0,0
13639,control,0.0,0,0.0,0
13640,control,0.0,0,0.0,0
13641,control,55.74,0,0.0,0
13642,treatment,0.0,0,0.0,0
13643,treatment,0.0,0,0.0,0
13644,treatment,0.0,0,0.0,0
13645,control,0.0,0,0.0,0
13646,control,38.61,0,0.0,0
13647,treatment,0.0,0,0.0,0
13648,treatment,226.71,0,0.0,0
13649,control,0.0,0,0.0,0
13650,control,103.81,1,91.07,0
13651,treatment,0.0,0,0.0,0
13652,control,0.0,0,0.0,0
13653,treatment,49.72,0,0.0,0
13654,control,184.24,0,0.0,0
13655,treatment,166.98,0,0.0,0
13656,control,32.58,0,0.0,0
13657,control,0.0,0,0.0,0
13658,treatment,0.0,0,0.0,0
13659,control,71.13,0,0.0,0
13660,control,0.0,0,0.0,0
13661,treatment,41.6,1,34.4,0
13662,control,0.0,0,0.0,0
13663,treatment,0.0,0,0.0,0
13664,control,0.0,0,0.0,0
13665,control,202.96,1,42.54,0
13666,control,0.0,0,0.0,0
13667,treatment,0.0,0,0.0,0
13668,treatment,0.0,0,0.0,0
13669,treatment,0.0,0,0.0,0
13670,control,45.63,0,0.0,0
13671,treatment,0.0,0,0.0,0
13672,treatment,0.0,0,0.0,0
13673,control,172.53,0,0.0,0
13674,treatment,108.89,0,0.0,0
13675,control,0.0,0,0.0,0
13676,control,0.0,0,0.0,0
13677,treatment,99.34,0,0.0,0
13678,treatment,0.0,0,0.0,0
13679,treatment,433.89,0,0.0,0
13680,control,165.57,0,0.0,0
13681,control,61.14,0,0.0,0
13682,treatment,0.0,0,0.0,0
13683,treatment,0.0,1,43.62,0
13684,treatment,0.0,0,0.0,0
13685,treatment,153.48,0,0.0,0
13686,treatment,97.57,0,0.0,0
13687,control,0.0,0,0.0,0
13688,treatment,35.89,0,0.0,0
13689,treatment,36.69,0,0.0,0
13690,treatment,0.0,0,0.0,0
13691,treatment,0.0,0,0.0,0
13692,control,0.0,0,0.0,0
13693,treatment,73.83,1,68.48,0
13694,treatment,43.79,1,74.81,0
13695,control,109.9,0,0.0,0
13696,control,59.61,0,0.0,0
13697,control,0.0,0,0.0,0
13698,treatment,32.0,0,0.0,0
13699,treatment,0.0,1,93.86,0
13700,treatment,83.32,1,155.76,0
13701,control,0.0,1,114.7,0
13702,control,0.0,0,0.0,0
13703,treatment,0.0,0,0.0,0
13704,treatment,429.79,0,0.0,0
13705,control,42.17,0,0.0,0
13706,control,245.49,0,0.0,0
13707,treatment,0.0,0,0.0,0
13708,control,0.0,0,0.0,0
13709,treatment,0.0,0,0.0,0
13710,control,0.0,1,90.41,0
13711,treatment,58.92,0,0.0,0
13712,treatment,0.0,1,64.91,0
13713,treatment,0.0,0,0.0,0
13714,control,0.0,0,0.0,0
13715,control,162.11,0,0.0,0
13716,treatment,0.0,0,0.0,0
13717,control,0.0,0,0.0,0
13718,control,179.32,0,0.0,0
13720,treatment,144.8,0,0.0,0
13721,treatment,0.0,0,0.0,0
13722,treatment,183.7,0,0.0,0
13723,control,65.12,0,0.0,0
13724,treatment,0.0,0,0.0,0
13725,control,0.0,0,0.0,0
13726,control,0.0,0,0.0,0
13727,control,42.84,0,0.0,0
13728,control,0.0,0,0.0,0
13729,control,69.31,0,0.0,0
13730,control,30.48,0,0.0,0
13731,control,25.83,0,0.0,0
13733,treatment,107.35,1,28.89,0
13734,treatment,0.0,0,0.0,0
13735,control,132.03,0,0.0,0
13736,control,215.58,0,0.0,0
13737,treatment,40.67,0,0.0,0
13738,control,168.85,0,0.0,0
13739,treatment,173.9,0,0.0,0
13740,treatment,28.81,0,0.0,0
13741,treatment,42.9,0,0.0,0
13742,treatment,0.0,0,0.0,0
13743,control,51.22,0,0.0,0
13744,treatment,56.95,1,46.63,0
13745,treatment,214.64,0,0.0,0
13746,control,0.0,0,0.0,0
13747,control,107.18,1,45.82,0
13748,control,40.46,0,0.0,0
13749,control,222.76,0,0.0,0
13750,control,30.33,0,0.0,0
13751,control,33.33,0,0.0,0
13752,treatment,56.1,0,0.0,0
13753,control,0.0,0,0.0,0
13754,treatment,0.0,0,0.0,0
13755,control,0.0,0,0.0,0
13756,control,0.0,0,0.0,0
13757,control,0.0,0,0.0,0
13758,control,0.0,0,0.0,0
13759,control,0.0,0,0.0,0
13760,control,0.0,1,58.18,0
13761,control,0.0,1,111.47,0
13762,control,0.0,0,0.0,0
13763,control,70.65,0,0.0,0
13764,control,0.0,0,0.0,0
13765,control,0.0,0,0.0,0
13766,treatment,0.0,0,0.0,0
13767,treatment,28.39,0,0.0,0
13768,control,0.0,0,0.0,0
13769,control,0.0,0,0.0,0
13770,treatment,0.0,0,0.0,0
13772,control,0.0,0,0.0,0
13773,treatment,0.0,0,0.0,0
13774,control,0.0,0,0.0,0
13775,treatment,0.0,0,0.0,0
13776,control,81.58,0,0.0,0
13777,control,0.0,0,0.0,0
13778,treatment,0.0,0,0.0,0
13779,treatment,87.49,0,0.0,0
13780,treatment,0.0,0,0.0,0
13781,control,40.2,0,0.0,0
13783,control,63.13,0,0.0,0
13784,treatment,67.59,0,0.0,0
13785,control,0.0,0,0.0,0
13786,control,41.7,0,0.0,0
13787,control,0.0,0,0.0,0
13788,control,54.56,0,0.0,0
13789,control,0.0,0,0.0,0
13790,treatment,128.03,0,0.0,0
13791,treatment,63.27,0,0.0,0
13792,control,0.0,0,0.0,0
13793,treatment,0.0,0,0.0,0
13794,treatment,0.0,0,0.0,0
13795,treatment,0.0,1,56.17,0
13796,treatment,46.69,0,0.0,0
13797,treatment,0.0,0,0.0,0
13798,treatment,39.11,0,0.0,0
13799,treatment,117.45,0,0.0,0
13800,control,0.0,1,79.63,0
13801,control,0.0,0,0.0,0
13802,treatment,185.4,0,0.0,0
13803,control,54.53,1,161.11,0
13804,treatment,48.53,1,123.08,0
13805,treatment,0.0,0,0.0,0
13806,control,481.13,1,71.6,0
13807,control,0.0,0,0.0,0
13808,control,36.73,0,0.0,0
13809,control,0.0,0,0.0,0
13810,control,133.83,0,0.0,0
13811,treatment,95.04,0,0.0,0
13812,control,0.0,0,0.0,0
13813,control,0.0,0,0.0,0
13814,control,35.31,0,0.0,0
13815,treatment,0.0,0,0.0,0
13816,control,55.03,1,67.45,0
13817,treatment,0.0,0,0.0,0
13818,control,0.0,0,0.0,0
13819,control,0.0,0,0.0,0
13820,control,32.64,0,0.0,0
13821,control,0.0,0,0.0,0
13823,control,0.0,0,0.0,0
13824,control,0.0,0,0.0,0
13825,treatment,0.0,0,0.0,0
13826,treatment,0.0,0,0.0,0
13827,treatment,90.32,0,0.0,0
13828,treatment,0.0,0,0.0,0
13829,control,0.0,0,0.0,0
13830,control,0.0,0,0.0,0
13831,control,0.0,0,0.0,0
13832,control,0.0,0,0.0,0
13833,control,0.0,0,0.0,0
13834,treatment,0.0,0,0.0,0
13835,treatment,235.47,1,92.59,0
13836,control,205.74,0,0.0,0
13837,control,61.63,0,0.0,0
13838,control,0.0,0,0.0,0
13839,treatment,0.0,0,0.0,0
13840,treatment,0.0,0,0.0,0
13841,control,0.0,0,0.0,0
13842,control,81.23,0,0.0,0
13843,treatment,0.0,0,0.0,0
13844,control,0.0,0,0.0,0
13845,treatment,0.0,0,0.0,0
13846,control,0.0,0,0.0,0
13847,treatment,0.0,0,0.0,0
13848,control,0.0,0,0.0,0
13849,treatment,0.0,0,0.0,0
13850,control,0.0,0,0.0,0
13851,treatment,146.08,0,0.0,0
13852,treatment,52.56,0,0.0,0
13853,control,0.0,0,0.0,0
13854,treatment,0.0,0,0.0,0
13855,treatment,0.0,0,0.0,0
13856,control,0.0,0,0.0,0
13857,control,191.75,0,0.0,0
13858,treatment,100.82,1,78.41,0
13859,control,27.2,0,0.0,0
13860,treatment,237.87,0,0.0,0
13861,control,145.79,0,0.0,0
13862,control,0.0,0,0.0,0
13863,treatment,29.34,0,0.0,0
13864,control,0.0,0,0.0,0
13865,treatment,85.89,0,0.0,0
13866,treatment,21.28,0,0.0,0
13867,control,0.0,0,0.0,0
13868,treatment,0.0,1,66.42,0
13869,control,0.0,0,0.0,0
13870,control,0.0,0,0.0,0
13871,control,95.05,0,0.0,0
13872,treatment,62.6,0,0.0,0
13873,treatment,71.92,1,87.78,0
13874,treatment,0.0,0,0.0,0
13875,treatment,326.59,0,0.0,0
13876,control,407.7,0,0.0,0
13877,treatment,104.31,0,0.0,0
13878,treatment,0.0,0,0.0,0
13879,control,0.0,0,0.0,0
13880,control,54.07,0,0.0,0
13881,control,39.2,0,0.0,0
13882,treatment,185.67,0,0.0,0
13883,control,0.0,0,0.0,0
13884,treatment,0.0,0,0.0,0
13885,control,0.0,0,0.0,0
13886,control,0.0,0,0.0,0
13887,treatment,0.0,0,0.0,0
13888,treatment,32.45,0,0.0,0
13889,control,156.85,0,0.0,0
13890,treatment,282.25,0,0.0,0
13891,treatment,26.14,0,0.0,0
13892,control,152.84,0,0.0,0
13893,control,42.41,0,0.0,0
13894,treatment,0.0,0,0.0,0
13895,control,0.0,0,0.0,0
13896,control,67.07,0,0.0,0
13897,control,0.0,0,0.0,0
13898,control,237.07,0,0.0,0
13899,control,171.24,1,97.49,0
13900,treatment,35.4,0,0.0,0
13901,treatment,0.0,0,0.0,0
13902,control,64.5,1,55.35,0
13903,control,30.89,0,0.0,0
13904,control,38.15,0,0.0,0
13905,control,0.0,0,0.0,0
13906,treatment,0.0,0,0.0,0
13907,treatment,185.04,1,83.64,0
13908,treatment,91.89,0,0.0,0
13909,treatment,0.0,0,0.0,0
13910,treatment,0.0,0,0.0,0
13911,control,29.21,1,135.81,0
13912,control,62.87,0,0.0,0
13913,control,0.0,0,0.0,0
13914,treatment,94.78,0,0.0,0
13915,control,0.0,1,56.25,0
13916,control,0.0,0,0.0,0
13917,control,0.0,0,0.0,0
13918,control,82.11,1,48.1,0
13919,treatment,0.0,0,0.0,0
13920,treatment,189.82,0,0.0,0
13921,control,106.65,1,60.42,0
13922,treatment,0.0,0,0.0,0
13923,treatment,138.92,0,0.0,0
13924,treatment,275.81,1,336.44,1
13925,treatment,0.0,0,0.0,0
13926,treatment,64.58,0,0.0,0
13927,control,0.0,0,0.0,0
13928,treatment,0.0,0,0.0,0
13929,control,61.87,0,0.0,0
13930,control,0.0,0,0.0,0
13931,control,0.0,0,0.0,0
13932,control,0.0,0,0.0,0
13933,treatment,0.0,1,105.24,0
13934,treatment,0.0,0,0.0,0
13935,control,116.22,0,0.0,0
13936,treatment,145.8,0,0.0,0
13937,treatment,38.28,0,0.0,0
13938,treatment,210.24,0,0.0,0
13939,control,0.0,0,0.0,0
13940,control,53.98,0,0.0,0
13941,treatment,0.0,0,0.0,0
13942,treatment,0.0,0,0.0,0
13943,treatment,0.0,0,0.0,0
13944,treatment,0.0,1,54.52,0
13945,control,0.0,0,0.0,0
13946,treatment,41.78,0,0.0,0
13947,treatment,31.76,0,0.0,0
13948,control,0.0,0,0.0,0
13949,control,116.09,0,0.0,0
13950,treatment,58.99,0,0.0,0
13951,treatment,0.0,0,0.0,0
13952,control,117.33,0,0.0,0
13953,control,107.44,1,46.22,0
13954,treatment,0.0,0,0.0,0
13955,treatment,0.0,0,0.0,0
13956,control,37.04,0,0.0,0
13957,treatment,0.0,0,0.0,0
13958,treatment,0.0,0,0.0,0
13959,treatment,50.61,1,28.3,0
13960,treatment,0.0,0,0.0,0
13961,treatment,0.0,0,0.0,0
13962,treatment,0.0,0,0.0,0
13963,control,0.0,0,0.0,0
13964,control,0.0,0,0.0,0
13965,treatment,0.0,0,0.0,0
13966,treatment,69.2,0,0.0,0
13967,treatment,23.54,0,0.0,0
13968,control,0.0,0,0.0,0
13969,control,76.31,0,0.0,0
13970,control,0.0,0,0.0,0
13971,control,60.56,0,0.0,0
13972,treatment,36.48,0,0.0,0
13973,treatment,358.22,0,0.0,0
13974,control,0.0,0,0.0,0
13975,control,0.0,0,0.0,0
13976,treatment,124.34,0,0.0,0
13977,control,0.0,0,0.0,0
13978,control,0.0,0,0.0,0
13979,treatment,56.13,0,0.0,0
13980,control,394.74,0,0.0,0
13981,treatment,94.79,0,0.0,0
13982,control,0.0,0,0.0,0
13983,control,17.35,0,0.0,0
13984,control,0.0,0,0.0,0
13985,control,0.0,0,0.0,0
13986,control,37.06,0,0.0,0
13987,treatment,0.0,0,0.0,0
13988,treatment,41.08,0,0.0,0
13989,treatment,0.0,0,0.0,0
13990,control,51.88,0,0.0,0
13991,control,53.58,1,130.45,0
13992,treatment,0.0,0,0.0,0
13993,control,19.45,0,0.0,0
13994,control,56.94,0,0.0,0
13995,treatment,517.46,1,148.47,0
13996,treatment,0.0,0,0.0,0
13997,control,0.0,0,0.0,0
13998,treatment,0.0,0,0.0,0
13999,control,0.0,0,0.0,0
14000,control,0.0,0,0.0,0
14001,control,53.64,0,0.0,0
14002,control,0.0,0,0.0,0
14003,treatment,0.0,0,0.0,0
14004,control,40.44,0,0.0,0
14005,treatment,0.0,0,0.0,0
14006,control,141.84,1,19.44,0
14007,control,81.75,1,20.73,0
14008,control,106.92,0,0.0,0
14009,treatment,0.0,0,0.0,0
14010,treatment,69.78,0,0.0,0
14011,control,17.07,0,0.0,0
14012,control,0.0,0,0.0,0
14013,control,0.0,0,0.0,0
14014,control,0.0,0,0.0,0
14015,control,50.94,0,0.0,0
14016,treatment,0.0,0,0.0,0
14017,control,0.0,0,0.0,0
14018,control,0.0,0,0.0,0
14019,treatment,0.0,1,9.86,0
14020,control,0.0,0,0.0,0
14021,treatment,0.0,0,0.0,0
14022,control,59.62,1,112.27,0
14023,treatment,163.48,0,0.0,0
14024,control,0.0,1,32.11,0
14025,treatment,52.08,1,23.79,0
14026,control,0.0,1,58.6,0
14027,treatment,0.0,0,0.0,0
14028,control,0.0,0,0.0,0
14029,treatment,0.0,0,0.0,0
14030,treatment,0.0,0,0.0,0
14031,control,0.0,0,0.0,0
14032,control,0.0,0,0.0,0
14033,control,49.33,0,0.0,0
14034,control,95.6,0,0.0,0
14035,treatment,0.0,0,0.0,0
14036,treatment,130.03,1,82.22,0
14037,treatment,0.0,0,0.0,0
14038,treatment,0.0,0,0.0,0
14039,control,0.0,0,0.0,0
14040,control,0.0,0,0.0,0
14041,treatment,0.0,0,0.0,0
14042,control,48.09,1,53.27,0
14043,treatment,0.0,0,0.0,0
14044,treatment,0.0,0,0.0,0
14045,control,37.09,0,0.0,0
14046,control,0.0,0,0.0,0
14047,treatment,0.0,0,0.0,0
14048,control,45.1,0,0.0,0
14049,treatment,227.3,0,0.0,0
14050,control,137.16,0,0.0,0
14051,control,41.79,0,0.0,0
14052,treatment,41.55,0,0.0,0
14053,control,0.0,0,0.0,0
14054,control,290.96,1,18.23,0
14055,treatment,0.0,0,0.0,0
14056,control,0.0,0,0.0,0
14057,treatment,190.35,0,0.0,0
14058,treatment,0.0,0,0.0,0
14059,control,0.0,1,63.75,0
14060,control,58.65,0,0.0,0
14061,treatment,106.2,0,0.0,0
14062,control,68.15,0,0.0,0
14063,control,0.0,0,0.0,0
14064,treatment,26.63,0,0.0,0
14065,control,120.72,0,0.0,0
14066,control,64.54,0,0.0,0
14067,treatment,89.88,0,0.0,0
14068,control,190.46,0,0.0,0
14069,treatment,27.55,0,0.0,0
14070,control,0.0,0,0.0,0
14071,treatment,45.96,0,0.0,0
14072,control,39.55,0,0.0,0
14073,control,0.0,0,0.0,0
14074,control,93.24,0,0.0,0
14075,treatment,0.0,0,0.0,0
14076,control,0.0,0,0.0,0
14077,treatment,48.5,0,0.0,0
14078,control,37.04,0,0.0,0
14079,treatment,0.0,1,27.74,0
14080,treatment,0.0,0,0.0,0
14081,treatment,0.0,1,70.57,0
14082,treatment,0.0,0,0.0,0
14083,control,0.0,0,0.0,0
14084,treatment,155.07,0,0.0,0
14085,control,73.43,0,0.0,0
14086,control,0.0,0,0.0,0
14087,control,0.0,0,0.0,0
14088,treatment,560.23,0,0.0,0
14090,control,0.0,0,0.0,0
14091,treatment,365.08,1,128.47,0
14092,treatment,467.06,0,0.0,0
14093,treatment,36.25,0,0.0,0
14094,treatment,0.0,0,0.0,0
14095,treatment,0.0,0,0.0,0
14096,treatment,0.0,0,0.0,0
14097,treatment,0.0,0,0.0,0
14098,treatment,0.0,0,0.0,0
14099,control,83.63,0,0.0,0
14100,control,0.0,0,0.0,0
14101,control,125.05,0,0.0,0
14102,treatment,0.0,0,0.0,0
14103,treatment,0.0,0,0.0,0
14104,control,0.0,0,0.0,0
14105,treatment,241.15,0,0.0,0
14106,control,0.0,0,0.0,0
14107,treatment,0.0,0,0.0,0
14108,control,46.17,0,0.0,0
14109,control,0.0,0,0.0,0
14110,control,0.0,1,31.85,0
14111,control,0.0,0,0.0,0
14112,control,0.0,1,66.25,0
14113,treatment,0.0,0,0.0,0
14114,treatment,0.0,0,0.0,0
14115,control,0.0,0,0.0,0
14116,treatment,0.0,0,0.0,0
14117,treatment,248.43,0,0.0,0
14118,control,93.78,1,43.35,0
14119,control,43.08,0,0.0,0
14120,treatment,119.32,0,0.0,0
14121,control,0.0,0,0.0,0
14122,treatment,67.92,0,0.0,0
14123,treatment,0.0,0,0.0,0
14124,control,0.0,0,0.0,0
14125,treatment,59.6,0,0.0,0
14126,treatment,0.0,0,0.0,0
14127,treatment,88.01,0,0.0,0
14128,control,0.0,0,0.0,0
14129,treatment,67.0,0,0.0,0
14130,treatment,0.0,0,0.0,0
14131,treatment,123.69,0,0.0,0
14132,treatment,474.36,0,0.0,0
14133,treatment,0.0,0,0.0,0
14134,control,0.0,0,0.0,0
14135,treatment,68.19,0,0.0,0
14136,control,104.52,0,0.0,0
14137,treatment,0.0,0,0.0,0
14138,treatment,42.59,0,0.0,0
14139,treatment,0.0,0,0.0,0
14140,treatment,0.0,1,148.67,0
14141,control,0.0,0,0.0,0
14142,control,96.34,0,0.0,0
14143,control,250.91,0,0.0,0
14144,treatment,46.17,0,0.0,0
14145,control,0.0,0,0.0,0
14146,treatment,0.0,0,0.0,0
14147,control,573.4,0,0.0,0
14148,treatment,145.01,0,0.0,0
14149,control,0.0,0,0.0,0
14150,treatment,0.0,0,0.0,0
14151,control,31.17,0,0.0,0
14152,control,0.0,0,0.0,0
14153,control,99.94,0,0.0,0
14154,treatment,0.0,0,0.0,0
14155,control,188.33,0,0.0,0
14156,control,0.0,0,0.0,0
14157,treatment,0.0,0,0.0,0
14158,control,0.0,1,15.54,0
14159,treatment,431.34,1,51.39,0
14160,treatment,0.0,0,0.0,0
14161,control,0.0,0,0.0,0
14162,control,51.18,1,133.4,0
14163,control,0.0,0,0.0,0
14164,treatment,0.0,0,0.0,0
14165,control,0.0,0,0.0,0
14166,control,235.07,0,0.0,0
14167,control,150.55,0,0.0,0
14168,control,0.0,0,0.0,0
14169,control,43.33,0,0.0,0
14170,control,26.21,0,0.0,0
14171,control,0.0,0,0.0,0
14173,control,0.0,0,0.0,0
14174,treatment,0.0,0,0.0,0
14175,treatment,29.38,0,0.0,0
14176,control,62.9,0,0.0,0
14177,treatment,0.0,0,0.0,0
14178,treatment,0.0,0,0.0,0
14179,treatment,0.0,0,0.0,0
14181,treatment,0.0,0,0.0,0
14182,control,420.14,0,0.0,0
14183,treatment,123.29,1,100.52,0
14184,control,187.24,1,145.53,0
14185,treatment,0.0,0,0.0,0
14186,treatment,0.0,0,0.0,0
14187,control,60.44,0,0.0,0
14188,control,0.0,0,0.0,0
14189,control,0.0,0,0.0,0
14190,treatment,65.58,0,0.0,0
14191,control,34.44,0,0.0,0
14192,control,0.0,0,0.0,0
14193,control,0.0,0,0.0,0
14194,control,44.63,0,0.0,0
14195,control,84.42,0,0.0,0
14196,control,28.59,0,0.0,0
14197,treatment,35.17,0,0.0,0
14198,control,0.0,0,0.0,0
14199,control,0.0,0,0.0,0
14201,control,0.0,0,0.0,0
14203,control,29.5,0,0.0,0
14204,control,0.0,0,0.0,0
14205,treatment,0.0,0,0.0,0
14206,control,0.0,0,0.0,0
14207,control,0.0,0,0.0,0
14208,control,195.0,0,0.0,0
14209,treatment,96.8,0,0.0,0
14210,control,109.37,1,42.99,0
14211,control,0.0,0,0.0,0
14212,control,81.87,0,0.0,0
14213,control,0.0,0,0.0,0
14214,control,0.0,0,0.0,0
14215,treatment,200.58,0,0.0,0
14216,control,0.0,0,0.0,0
14217,treatment,0.0,0,0.0,0
14218,control,0.0,0,0.0,0
14219,control,0.0,0,0.0,0
14220,control,66.19,0,0.0,0
14221,treatment,0.0,0,0.0,0
14222,treatment,94.45,1,60.65,1
14223,control,30.1,0,0.0,0
14224,treatment,0.0,1,23.11,0
14225,treatment,293.08,0,0.0,0
14226,control,156.3,0,0.0,0
14227,control,0.0,0,0.0,0
14228,control,0.0,0,0.0,0
14229,treatment,67.25,0,0.0,0
14230,treatment,37.71,0,0.0,0
14231,control,0.0,0,0.0,0
14232,treatment,0.0,0,0.0,0
14233,treatment,0.0,1,47.23,0
14234,control,0.0,0,0.0,0
14235,treatment,0.0,0,0.0,0
14236,control,228.41,0,0.0,0
14237,control,101.07,0,0.0,0
14238,treatment,0.0,0,0.0,0
14239,treatment,0.0,0,0.0,0
14240,control,0.0,0,0.0,0
14241,control,69.01,0,0.0,0
14242,treatment,0.0,1,52.64,0
14243,treatment,0.0,0,0.0,0
14244,treatment,0.0,0,0.0,0
14245,control,0.0,0,0.0,0
14246,treatment,0.0,0,0.0,0
14247,control,0.0,0,0.0,0
14248,control,0.0,0,0.0,0
14249,treatment,0.0,0,0.0,0
14250,treatment,0.0,0,0.0,0
14251,control,159.14,0,0.0,0
14252,treatment,0.0,0,0.0,0
14253,control,0.0,0,0.0,0
14254,treatment,134.04,1,39.78,0
14255,treatment,0.0,0,0.0,0
14256,treatment,0.0,0,0.0,0
14257,control,383.88,0,0.0,0
14258,treatment,327.84,0,0.0,0
14259,control,91.59,1,47.07,0
14260,control,25.15,1,28.41,0
14261,treatment,77.4,1,94.47,0
14262,treatment,207.91,1,69.99,0
14263,control,37.85,0,0.0,0
14264,control,52.12,1,55.13,0
14265,control,0.0,0,0.0,0
14266,treatment,181.49,1,48.12,0
14267,treatment,0.0,0,0.0,0
14268,control,0.0,0,0.0,0
14269,control,0.0,1,103.65,0
14270,treatment,0.0,0,0.0,0
14271,control,0.0,0,0.0,0
14272,control,63.49,0,0.0,0
14273,control,46.8,0,0.0,0
14274,treatment,0.0,0,0.0,0
14275,control,0.0,0,0.0,0
14276,control,114.29,0,0.0,0
14277,treatment,0.0,0,0.0,0
14278,control,473.81,1,113.55,0
14279,treatment,0.0,0,0.0,0
14280,treatment,34.71,0,0.0,0
14281,control,130.49,1,58.2,0
14282,treatment,103.85,1,173.22,0
14283,control,0.0,0,0.0,0
14284,control,30.72,0,0.0,0
14285,control,77.14,0,0.0,0
14286,treatment,0.0,0,0.0,0
14287,control,0.0,0,0.0,0
14288,control,115.68,0,0.0,0
14289,control,62.24,0,0.0,0
14290,control,0.0,0,0.0,0
14291,control,107.88,0,0.0,0
14292,treatment,0.0,0,0.0,0
14293,treatment,144.7,0,0.0,0
14294,control,47.29,0,0.0,0
14295,treatment,0.0,0,0.0,0
14296,control,98.32,0,0.0,0
14297,treatment,0.0,0,0.0,0
14298,control,37.8,0,0.0,0
14299,treatment,63.09,1,37.56,0
14300,treatment,0.0,1,29.59,0
14301,treatment,0.0,0,0.0,0
14302,treatment,0.0,0,0.0,0
14303,treatment,74.26,0,0.0,0
14304,control,0.0,0,0.0,0
14305,treatment,0.0,0,0.0,0
14306,treatment,0.0,0,0.0,0
14307,treatment,135.72,0,0.0,0
14308,control,0.0,0,0.0,0
14309,treatment,0.0,0,0.0,0
14310,treatment,162.93,0,0.0,0
14311,control,123.78,0,0.0,0
14312,control,0.0,0,0.0,0
14313,control,0.0,0,0.0,0
14315,treatment,0.0,0,0.0,0
14316,control,43.49,0,0.0,0
14318,control,0.0,0,0.0,0
14319,control,34.78,0,0.0,0
14320,control,196.72,0,0.0,0
14321,treatment,0.0,0,0.0,0
14322,treatment,111.47,0,0.0,0
14323,treatment,0.0,0,0.0,0
14324,treatment,0.0,0,0.0,0
14325,treatment,0.0,0,0.0,0
14326,control,140.66,0,0.0,0
14327,control,39.1,0,0.0,0
14328,treatment,47.68,0,0.0,0
14329,control,0.0,0,0.0,0
14330,control,0.0,0,0.0,0
14331,control,0.0,0,0.0,0
14332,control,0.0,0,0.0,0
14333,control,90.23,0,0.0,0
14334,control,187.33,0,0.0,0
14335,treatment,180.83,0,0.0,0
14336,control,0.0,0,0.0,0
14337,treatment,0.0,0,0.0,0
14338,treatment,100.63,1,90.31,0
14339,control,260.7,1,36.15,0
14340,treatment,159.06,0,0.0,0
14341,control,0.0,0,0.0,0
14342,treatment,86.9,1,123.21,0
14343,treatment,0.0,0,0.0,0
14344,control,114.79,1,85.52,0
14345,treatment,0.0,0,0.0,0
14346,treatment,0.0,0,0.0,0
14347,control,0.0,0,0.0,0
14348,control,91.25,0,0.0,0
14349,treatment,59.08,0,0.0,0
14350,control,0.0,0,0.0,0
14351,treatment,0.0,0,0.0,0
14352,control,38.63,0,0.0,0
14353,treatment,31.43,0,0.0,0
14354,control,0.0,0,0.0,0
14355,control,83.13,0,0.0,0
14356,control,0.0,0,0.0,0
14357,treatment,80.43,0,0.0,0
14358,treatment,0.0,0,0.0,0
14359,control,0.0,0,0.0,0
14360,treatment,58.65,0,0.0,0
14361,control,59.76,0,0.0,0
14362,treatment,0.0,0,0.0,0
14363,treatment,71.39,0,0.0,0
14364,treatment,0.0,0,0.0,0
14365,treatment,58.72,0,0.0,0
14366,control,100.54,1,120.29,0
14367,control,0.0,0,0.0,0
14368,treatment,98.21,0,0.0,0
14369,treatment,59.03,0,0.0,0
14370,treatment,70.7,0,0.0,0
14371,control,111.9,0,0.0,0
14372,treatment,0.0,0,0.0,0
14373,control,31.46,0,0.0,0
14374,treatment,0.0,0,0.0,0
14375,treatment,0.0,0,0.0,0
14376,control,0.0,0,0.0,0
14377,control,246.15,0,0.0,0
14378,control,0.0,0,0.0,0
14379,control,45.31,0,0.0,0
14380,control,0.0,0,0.0,0
14381,treatment,65.61,1,86.09,0
14382,control,72.91,0,0.0,0
14383,treatment,0.0,0,0.0,0
14384,control,59.11,0,0.0,0
14385,control,0.0,0,0.0,0
14386,control,0.0,0,0.0,0
14387,treatment,0.0,0,0.0,0
14388,treatment,290.52,0,0.0,0
14389,control,30.27,0,0.0,0
14390,treatment,0.0,0,0.0,0
14391,treatment,287.57,0,0.0,0
14392,treatment,0.0,0,0.0,0
14393,control,35.59,1,56.12,0
14394,control,140.63,0,0.0,0
14395,control,0.0,0,0.0,0
14396,treatment,0.0,0,0.0,0
14397,treatment,0.0,0,0.0,0
14398,treatment,0.0,0,0.0,0
14399,treatment,0.0,0,0.0,0
14400,treatment,88.13,1,77.91,0
14401,treatment,183.56,1,37.76,0
14402,control,100.03,0,0.0,0
14403,control,0.0,0,0.0,0
14404,control,0.0,0,0.0,0
14405,control,0.0,0,0.0,0
14406,control,0.0,0,0.0,0
14407,treatment,78.06,0,0.0,0
14408,treatment,38.82,0,0.0,0
14409,treatment,0.0,0,0.0,0
14410,control,38.49,0,0.0,0
14411,treatment,0.0,0,0.0,0
14412,treatment,0.0,0,0.0,0
14413,control,41.91,0,0.0,0
14414,treatment,99.75,0,0.0,0
14415,control,0.0,0,0.0,0
14416,treatment,0.0,1,20.88,0
14417,control,0.0,0,0.0,0
14418,treatment,0.0,0,0.0,0
14420,treatment,0.0,0,0.0,0
14421,control,55.13,0,0.0,0
14422,control,116.29,0,0.0,0
14423,treatment,0.0,0,0.0,0
14424,control,0.0,0,0.0,0
14425,treatment,31.64,0,0.0,0
14426,treatment,0.0,1,71.72,0
14427,treatment,0.0,0,0.0,0
14428,control,395.95,0,0.0,0
14429,control,401.25,0,0.0,0
14430,control,0.0,0,0.0,0
14431,treatment,414.85,1,60.07,0
14432,control,69.04,0,0.0,0
14433,treatment,0.0,0,0.0,0
14434,control,0.0,0,0.0,0
14435,treatment,0.0,0,0.0,0
14436,treatment,41.66,0,0.0,0
14437,treatment,0.0,0,0.0,0
14438,treatment,210.56,0,0.0,0
14439,control,66.15,0,0.0,0
14440,treatment,0.0,0,0.0,0
14441,treatment,33.4,1,56.87,0
14442,control,0.0,0,0.0,0
14443,control,100.35,0,0.0,0
14444,control,38.54,0,0.0,0
14445,treatment,99.36,0,0.0,0
14446,treatment,0.0,0,0.0,0
14447,control,0.0,0,0.0,0
14448,treatment,0.0,0,0.0,0
14449,treatment,66.6,0,0.0,0
14450,treatment,53.13,0,0.0,0
14451,control,292.79,0,0.0,0
14452,treatment,68.2,0,0.0,0
14453,control,0.0,0,0.0,0
14454,treatment,0.0,0,0.0,0
14455,control,0.0,0,0.0,0
14456,treatment,218.32,0,0.0,0
14457,control,0.0,0,0.0,0
14458,treatment,0.0,0,0.0,0
14459,control,218.16,0,0.0,0
14461,treatment,0.0,0,0.0,0
14462,control,47.94,0,0.0,0
14463,control,78.65,0,0.0,0
14464,treatment,0.0,0,0.0,0
14465,treatment,0.0,0,0.0,0
14466,control,0.0,0,0.0,0
14467,control,171.44,0,0.0,0
14468,control,0.0,0,0.0,0
14469,treatment,0.0,0,0.0,0
14470,treatment,0.0,0,0.0,0
14471,treatment,183.48,1,115.96,0
14472,control,47.02,0,0.0,0
14473,control,0.0,0,0.0,0
14474,control,33.88,0,0.0,0
14475,treatment,0.0,0,0.0,0
14476,control,0.0,0,0.0,0
14477,control,47.22,0,0.0,0
14478,control,83.75,0,0.0,0
14479,treatment,55.22,0,0.0,0
14480,control,159.9,0,0.0,0
14481,control,0.0,0,0.0,0
14482,treatment,0.0,0,0.0,0
14483,treatment,186.52,0,0.0,0
14484,control,0.0,1,54.51,0
14485,treatment,0.0,0,0.0,0
14486,control,0.0,0,0.0,0
14487,treatment,0.0,0,0.0,0
14488,treatment,0.0,0,0.0,0
14489,control,19.52,0,0.0,0
14490,treatment,0.0,0,0.0,0
14491,treatment,0.0,0,0.0,0
14492,control,116.58,0,0.0,0
14493,control,236.24,0,0.0,0
14494,control,120.63,0,0.0,0
14495,control,0.0,0,0.0,0
14496,treatment,32.54,0,0.0,0
14497,treatment,0.0,0,0.0,0
14498,control,0.0,0,0.0,0
14499,treatment,52.64,0,0.0,0
14500,treatment,0.0,0,0.0,0
14501,control,45.22,0,0.0,0
14502,treatment,0.0,0,0.0,0
14503,control,0.0,0,0.0,0
14504,treatment,34.76,1,66.71,0
14505,control,0.0,0,0.0,0
14506,control,245.92,1,127.14,0
14507,control,0.0,0,0.0,0
14508,control,248.36,1,77.29,0
14509,control,240.96,0,0.0,0
14510,treatment,70.85,1,86.49,0
14511,control,0.0,0,0.0,0
14512,control,211.21,0,0.0,0
14513,treatment,53.35,0,0.0,0
14514,treatment,32.18,0,0.0,0
14515,control,0.0,0,0.0,0
14516,treatment,0.0,0,0.0,0
14517,control,0.0,0,0.0,0
14518,control,78.93,0,0.0,0
14520,control,0.0,0,0.0,0
14521,control,150.15,0,0.0,0
14522,control,46.68,0,0.0,0
14523,treatment,0.0,0,0.0,0
14524,control,158.15,0,0.0,0
14525,treatment,0.0,0,0.0,0
14527,treatment,0.0,0,0.0,0
14528,treatment,0.0,0,0.0,0
14529,treatment,0.0,0,0.0,0
14530,treatment,0.0,0,0.0,0
14531,treatment,0.0,1,62.81,0
14532,treatment,66.56,0,0.0,0
14533,control,317.21,0,0.0,0
14534,control,0.0,0,0.0,0
14535,treatment,37.2,0,0.0,0
14536,treatment,0.0,0,0.0,0
14537,treatment,101.82,0,0.0,0
14538,control,333.66,0,0.0,0
14539,control,0.0,0,0.0,0
14540,treatment,0.0,0,0.0,0
14541,control,0.0,0,0.0,0
14542,treatment,43.61,0,0.0,0
14543,treatment,0.0,0,0.0,0
14544,control,0.0,0,0.0,0
14545,treatment,40.01,0,0.0,0
14546,control,0.0,0,0.0,0
14547,control,0.0,0,0.0,0
14548,control,0.0,0,0.0,0
14549,control,40.94,0,0.0,0
14550,treatment,0.0,0,0.0,0
14551,treatment,0.0,0,0.0,0
14552,treatment,32.22,0,0.0,0
14553,treatment,0.0,1,91.14,0
14554,control,0.0,0,0.0,0
14555,treatment,0.0,0,0.0,0
14556,control,23.74,0,0.0,0
14557,treatment,33.04,0,0.0,0
14558,treatment,0.0,0,0.0,0
14559,treatment,0.0,1,82.27,0
14560,control,0.0,0,0.0,0
14561,control,129.05,0,0.0,0
14562,control,0.0,0,0.0,0
14563,control,0.0,0,0.0,0
14564,control,0.0,0,0.0,0
14565,treatment,0.0,0,0.0,0
14566,control,0.0,0,0.0,0
14567,control,51.97,0,0.0,0
14568,control,40.6,1,36.45,0
14570,treatment,37.51,0,0.0,0
14571,control,0.0,0,0.0,0
14572,treatment,109.74,0,0.0,0
14573,control,0.0,0,0.0,0
14574,treatment,0.0,0,0.0,0
14575,treatment,0.0,0,0.0,0
14576,treatment,86.13,0,0.0,0
14577,treatment,564.44,0,0.0,0
14578,control,0.0,0,0.0,0
14580,treatment,51.92,0,0.0,0
14581,control,0.0,0,0.0,0
14582,treatment,117.12,0,0.0,0
14583,treatment,71.09,1,92.28,0
14584,treatment,0.0,0,0.0,0
14585,treatment,0.0,0,0.0,0
14586,treatment,67.79,0,0.0,0
14587,treatment,0.0,0,0.0,0
14588,treatment,41.94,0,0.0,0
14589,control,0.0,0,0.0,0
14590,control,207.52,0,0.0,0
14591,treatment,0.0,0,0.0,0
14592,treatment,0.0,0,0.0,0
14593,treatment,88.05,0,0.0,0
14594,control,393.21,0,0.0,0
14595,control,91.56,0,0.0,0
14596,control,118.06,1,144.7,0
14597,control,34.43,0,0.0,0
14598,treatment,124.82,0,0.0,0
14599,treatment,28.13,0,0.0,0
14600,control,0.0,0,0.0,0
14601,treatment,0.0,0,0.0,0
14602,treatment,546.82,1,110.22,0
14603,control,0.0,0,0.0,0
14604,treatment,0.0,0,0.0,0
14605,treatment,0.0,0,0.0,0
14606,control,104.03,0,0.0,0
14607,control,0.0,0,0.0,0
14608,treatment,513.96,1,74.46,0
14609,control,49.16,0,0.0,0
14610,treatment,0.0,1,68.37,0
14611,control,0.0,0,0.0,0
14612,treatment,103.98,0,0.0,0
14613,control,67.09,0,0.0,0
14614,control,0.0,1,14.49,0
14615,treatment,43.4,0,0.0,0
14617,treatment,71.68,0,0.0,0
14618,treatment,185.96,0,0.0,0
14619,control,0.0,0,0.0,0
14620,control,0.0,0,0.0,0
14621,control,0.0,0,0.0,0
14622,control,45.93,0,0.0,0
14623,control,63.01,0,0.0,0
14625,control,31.88,0,0.0,0
14626,control,0.0,0,0.0,0
14627,treatment,0.0,0,0.0,0
14628,control,0.0,0,0.0,0
14629,control,31.69,1,42.47,0
14630,control,297.62,0,0.0,0
14631,treatment,0.0,0,0.0,0
14632,control,60.4,0,0.0,0
14633,control,194.32,0,0.0,0
14634,control,0.0,0,0.0,0
14635,treatment,0.0,0,0.0,0
14636,control,123.58,0,0.0,0
14637,control,0.0,0,0.0,0
14638,treatment,0.0,1,31.78,0
14639,control,0.0,1,76.62,1
14640,control,0.0,0,0.0,0
14641,control,0.0,0,0.0,0
14642,treatment,87.16,0,0.0,0
14643,treatment,424.61,0,0.0,0
14644,treatment,0.0,1,45.64,0
14645,control,45.29,0,0.0,0
14646,control,45.57,0,0.0,0
14647,control,177.32,1,54.47,0
14648,treatment,39.87,0,0.0,0
14649,control,37.87,0,0.0,0
14650,control,47.0,0,0.0,0
14651,control,0.0,1,17.97,1
14652,treatment,0.0,0,0.0,0
14653,treatment,0.0,0,0.0,0
14654,treatment,0.0,1,40.34,0
14655,treatment,30.54,0,0.0,0
14656,control,0.0,0,0.0,0
14657,control,0.0,0,0.0,0
14658,treatment,0.0,0,0.0,0
14659,treatment,34.58,0,0.0,0
14661,control,0.0,0,0.0,0
14662,treatment,0.0,0,0.0,0
14663,treatment,0.0,0,0.0,0
14664,treatment,0.0,0,0.0,0
14665,treatment,0.0,0,0.0,0
14666,control,96.26,1,34.8,0
14667,control,122.02,0,0.0,0
14668,treatment,134.32,1,39.41,0
14669,control,0.0,0,0.0,0
14670,control,0.0,0,0.0,0
14671,control,0.0,0,0.0,0
14672,treatment,0.0,0,0.0,0
14673,treatment,0.0,0,0.0,0
14674,treatment,0.0,0,0.0,0
14675,treatment,0.0,0,0.0,0
14676,control,280.41,0,0.0,0
14677,control,0.0,0,0.0,0
14678,treatment,0.0,0,0.0,0
14679,control,0.0,0,0.0,0
14680,treatment,0.0,0,0.0,0
14681,treatment,51.36,0,0.0,0
14682,control,21.16,0,0.0,0
14683,control,134.77,0,0.0,0
14684,treatment,0.0,0,0.0,0
14685,treatment,197.34,1,108.8,0
14686,control,169.97,0,0.0,0
14687,treatment,0.0,0,0.0,0
14688,treatment,0.0,0,0.0,0
14689,treatment,52.13,0,0.0,0
14690,control,0.0,0,0.0,0
14691,treatment,290.76,1,83.15,0
14692,treatment,56.75,0,0.0,0
14693,treatment,36.31,0,0.0,0
14694,control,50.07,1,57.88,0
14695,control,61.77,0,0.0,0
14696,treatment,185.39,1,16.83,1
14697,control,56.4,1,53.18,0
14698,control,0.0,0,0.0,0
14699,control,54.45,0,0.0,0
14701,control,51.11,0,0.0,0
14702,treatment,85.58,0,0.0,0
14703,treatment,0.0,1,94.17,0
14704,treatment,114.64,0,0.0,0
14705,control,0.0,1,17.99,0
14706,treatment,28.23,0,0.0,0
14707,treatment,275.38,1,128.9,0
14708,control,53.62,0,0.0,0
14709,treatment,0.0,0,0.0,0
14710,control,0.0,0,0.0,0
14711,control,74.59,0,0.0,0
14712,control,0.0,0,0.0,0
14713,control,31.67,1,110.44,0
14714,control,0.0,0,0.0,0
14715,control,33.01,0,0.0,0
14716,treatment,0.0,0,0.0,0
14717,control,40.66,0,0.0,0
14718,treatment,0.0,0,0.0,0
14719,treatment,59.99,0,0.0,0
14720,treatment,0.0,0,0.0,0
14721,control,341.44,1,50.4,0
14722,treatment,0.0,1,9.18,0
14723,treatment,98.14,0,0.0,0
14724,control,0.0,0,0.0,0
14725,treatment,84.21,0,0.0,0
14726,control,0.0,0,0.0,0
14728,control,0.0,0,0.0,0
14730,treatment,92.37,0,0.0,0
14731,control,66.73,1,65.2,0
14732,treatment,0.0,1,46.9,0
14733,control,1452.87,0,0.0,0
14734,treatment,25.72,1,105.28,0
14735,control,0.0,1,57.49,0
14736,treatment,0.0,0,0.0,0
14737,control,0.0,0,0.0,0
14738,treatment,46.26,0,0.0,0
14739,treatment,81.74,0,0.0,0
14740,treatment,0.0,0,0.0,0
14741,treatment,0.0,0,0.0,0
14742,control,0.0,0,0.0,0
14743,treatment,35.14,0,0.0,0
14744,treatment,0.0,0,0.0,0
14745,treatment,55.46,0,0.0,0
14746,control,38.92,0,0.0,0
14747,control,63.39,0,0.0,0
14748,control,65.58,0,0.0,0
14749,control,76.04,0,0.0,0
14750,treatment,58.42,0,0.0,0
14752,control,158.92,0,0.0,0
14753,control,187.46,0,0.0,0
14754,treatment,0.0,0,0.0,0
14755,control,80.98,0,0.0,0
14756,treatment,42.06,0,0.0,0
14757,treatment,37.91,0,0.0,0
14758,control,0.0,0,0.0,0
14759,control,0.0,0,0.0,0
14760,control,0.0,0,0.0,0
14761,treatment,0.0,0,0.0,0
14762,treatment,0.0,0,0.0,0
14763,treatment,0.0,0,0.0,0
14764,control,93.21,0,0.0,0
14765,control,49.43,0,0.0,0
14766,treatment,287.44,1,42.68,0
14767,control,0.0,1,88.05,0
14768,control,0.0,0,0.0,0
14769,treatment,108.24,0,0.0,0
14770,treatment,0.0,0,0.0,0
14771,control,0.0,0,0.0,0
14772,control,0.0,0,0.0,0
14773,control,74.79,0,0.0,0
14774,treatment,95.92,0,0.0,0
14775,control,0.0,0,0.0,0
14776,control,0.0,0,0.0,0
14777,treatment,0.0,0,0.0,0
14778,control,47.79,0,0.0,0
14779,control,0.0,0,0.0,0
14780,treatment,42.91,0,0.0,0
14781,control,44.0,0,0.0,0
14782,control,0.0,0,0.0,0
14783,treatment,102.82,1,115.43,0
14784,control,0.0,0,0.0,0
14785,treatment,0.0,1,59.13,0
14786,control,0.0,1,51.61,0
14787,control,111.79,1,62.87,0
14788,treatment,79.6,0,0.0,0
14789,treatment,0.0,0,0.0,0
14790,control,107.48,0,0.0,0
14791,control,0.0,0,0.0,0
14792,treatment,0.0,1,33.55,0
14793,treatment,0.0,0,0.0,0
14794,treatment,18.29,0,0.0,0
14795,treatment,131.4,0,0.0,0
14796,control,120.43,0,0.0,0
14797,treatment,0.0,0,0.0,0
14798,control,0.0,0,0.0,0
14799,control,0.0,0,0.0,0
14800,control,0.0,0,0.0,0
14801,control,0.0,0,0.0,0
14802,control,0.0,1,88.75,0
14803,treatment,0.0,0,0.0,0
14804,treatment,0.0,0,0.0,0
14805,control,62.35,0,0.0,0
14806,treatment,0.0,0,0.0,0
14807,control,0.0,0,0.0,0
14808,control,0.0,0,0.0,0
14809,treatment,233.92,0,0.0,0
14810,control,0.0,0,0.0,0
14811,treatment,209.92,0,0.0,0
14812,treatment,0.0,0,0.0,0
14813,control,267.62,0,0.0,0
14814,treatment,0.0,0,0.0,0
14815,control,0.0,0,0.0,0
14816,control,582.19,0,0.0,0
14817,control,0.0,0,0.0,0
14818,control,30.43,0,0.0,0
14819,control,0.0,0,0.0,0
14820,treatment,0.0,0,0.0,0
14821,treatment,0.0,0,0.0,0
14822,control,30.98,0,0.0,0
14823,treatment,108.65,0,0.0,0
14824,treatment,375.21,1,69.55,0
14825,treatment,0.0,0,0.0,0
14826,control,0.0,0,0.0,0
14827,control,0.0,0,0.0,0
14828,treatment,0.0,0,0.0,0
14829,treatment,761.55,0,0.0,0
14830,control,29.19,0,0.0,0
14831,treatment,0.0,0,0.0,0
14832,control,0.0,0,0.0,0
14833,treatment,541.44,1,139.38,0
14834,control,0.0,0,0.0,0
14835,control,0.0,0,0.0,0
14836,treatment,71.79,0,0.0,0
14837,treatment,0.0,0,0.0,0
14838,treatment,0.0,0,0.0,0
14839,control,0.0,0,0.0,0
14840,control,0.0,0,0.0,0
14841,treatment,28.31,0,0.0,0
14842,control,0.0,0,0.0,0
14843,treatment,75.68,0,0.0,0
14844,control,37.88,0,0.0,0
14845,control,39.04,1,29.75,0
14846,control,64.93,0,0.0,0
14847,control,0.0,1,50.04,0
14848,control,0.0,0,0.0,0
14849,treatment,182.54,0,0.0,0
14850,treatment,0.0,0,0.0,0
14851,control,48.15,0,0.0,0
14852,control,55.72,0,0.0,0
14853,treatment,0.0,0,0.0,0
14854,control,0.0,0,0.0,0
14855,control,24.31,0,0.0,0
14856,control,34.82,0,0.0,0
14857,treatment,36.41,0,0.0,0
14858,control,0.0,0,0.0,0
14859,treatment,34.51,0,0.0,0
14860,control,142.69,0,0.0,0
14861,control,0.0,0,0.0,0
14862,control,98.99,0,0.0,0
14863,treatment,204.57,1,54.19,0
14864,treatment,79.32,1,75.52,0
14865,treatment,0.0,1,42.88,0
14866,treatment,31.54,0,0.0,0
14867,control,0.0,0,0.0,0
14868,control,0.0,1,98.3,0
14869,control,0.0,0,0.0,0
14870,treatment,84.38,0,0.0,0
14871,control,0.0,0,0.0,0
14872,treatment,47.54,1,32.04,0
14873,control,42.44,0,0.0,0
14874,treatment,0.0,0,0.0,0
14875,treatment,0.0,0,0.0,0
14876,treatment,159.47,0,0.0,0
14877,treatment,118.8,0,0.0,0
14878,treatment,67.48,0,0.0,0
14879,control,0.0,0,0.0,0
14880,control,146.47,0,0.0,0
14881,treatment,0.0,1,60.27,1
14882,treatment,38.06,0,0.0,0
14883,treatment,0.0,0,0.0,0
14884,control,27.71,0,0.0,0
14885,treatment,0.0,0,0.0,0
14886,control,73.17,0,0.0,0
14887,control,25.38,0,0.0,0
14888,control,402.48,0,0.0,0
14889,control,72.71,0,0.0,0
14890,treatment,0.0,0,0.0,0
14891,control,106.37,0,0.0,0
14892,treatment,22.02,0,0.0,0
14893,control,0.0,0,0.0,0
14894,control,0.0,0,0.0,0
14895,control,0.0,0,0.0,0
14896,treatment,0.0,0,0.0,0
14897,treatment,76.23,1,66.52,0
14898,treatment,0.0,0,0.0,0
14899,treatment,0.0,1,98.46,0
14900,treatment,113.56,1,30.23,0
14901,treatment,89.32,0,0.0,0
14902,control,82.98,0,0.0,0
14903,control,0.0,0,0.0,0
14904,control,0.0,0,0.0,0
14905,treatment,96.38,0,0.0,0
14906,control,0.0,0,0.0,0
14907,control,190.13,0,0.0,0
14908,treatment,0.0,0,0.0,0
14909,treatment,0.0,0,0.0,0
14910,control,0.0,0,0.0,0
14911,control,0.0,0,0.0,0
14912,control,57.0,0,0.0,0
14913,treatment,44.64,0,0.0,0
14914,control,0.0,0,0.0,0
14915,treatment,0.0,0,0.0,0
14916,treatment,135.9,0,0.0,0
14917,control,29.88,0,0.0,0
14918,control,91.85,0,0.0,0
14919,control,197.97,1,92.37,0
14920,treatment,0.0,0,0.0,0
14921,control,0.0,0,0.0,0
14922,control,71.59,1,41.73,0
14924,treatment,0.0,0,0.0,0
14925,control,55.81,0,0.0,0
14927,treatment,334.22,0,0.0,0
14928,control,70.55,0,0.0,0
14929,treatment,111.21,0,0.0,0
14930,treatment,38.96,0,0.0,0
14931,control,167.52,0,0.0,0
14932,treatment,67.83,0,0.0,0
14933,treatment,0.0,1,102.59,0
14934,treatment,74.67,1,124.91,0
14935,treatment,0.0,0,0.0,0
14936,treatment,143.5,0,0.0,0
14937,control,0.0,0,0.0,0
14938,control,55.08,0,0.0,0
14939,treatment,0.0,0,0.0,0
14940,treatment,54.56,0,0.0,0
14941,treatment,0.0,0,0.0,0
14942,control,196.11,0,0.0,0
14943,control,48.14,0,0.0,0
14944,treatment,0.0,0,0.0,0
14945,control,143.95,0,0.0,0
14946,control,0.0,0,0.0,0
14947,treatment,97.16,0,0.0,0
14948,treatment,103.49,0,0.0,0
14949,treatment,73.58,0,0.0,0
14950,treatment,0.0,0,0.0,0
14951,treatment,0.0,0,0.0,0
14952,treatment,0.0,0,0.0,0
14953,control,0.0,0,0.0,0
14954,control,258.56,0,0.0,0
14955,control,0.0,0,0.0,0
14956,control,0.0,0,0.0,0
14957,control,0.0,0,0.0,0
14958,control,35.59,0,0.0,0
14959,treatment,80.94,0,0.0,0
14960,control,0.0,0,0.0,0
14961,control,242.35,0,0.0,0
14962,treatment,40.63,0,0.0,0
14963,control,72.21,1,69.75,0
14964,control,80.77,0,0.0,0
14965,control,0.0,1,103.22,0
14966,treatment,0.0,0,0.0,0
14967,treatment,0.0,0,0.0,0
14968,control,30.92,0,0.0,0
14969,treatment,0.0,0,0.0,0
14970,control,469.4,0,0.0,0
14971,control,0.0,0,0.0,0
14972,control,57.85,0,0.0,0
14973,control,0.0,0,0.0,0
14975,treatment,0.0,0,0.0,0
14976,control,27.59,0,0.0,0
14977,control,54.54,0,0.0,0
14978,control,25.86,0,0.0,0
14979,treatment,200.56,0,0.0,0
14980,treatment,415.6,1,156.41,0
14981,control,59.95,0,0.0,0
14982,treatment,0.0,0,0.0,0
14983,control,0.0,0,0.0,0
14984,treatment,64.18,0,0.0,0
14985,treatment,330.99,1,45.9,0
14986,control,0.0,0,0.0,0
14987,control,0.0,1,113.68,0
14988,treatment,0.0,0,0.0,0
14989,treatment,28.71,0,0.0,0
14990,treatment,108.77,0,0.0,0
14991,control,0.0,0,0.0,0
14992,treatment,0.0,0,0.0,0
14993,control,0.0,0,0.0,0
14994,control,0.0,0,0.0,0
14995,control,144.93,0,0.0,0
14996,treatment,0.0,0,0.0,0
14997,control,37.46,0,0.0,0
14998,treatment,35.55,1,73.87,0
14999,control,321.65,0,0.0,0
15000,treatment,50.06,0,0.0,0
15001,control,129.52,0,0.0,0
15002,control,49.84,0,0.0,0
15003,treatment,66.52,0,0.0,0
15004,control,0.0,0,0.0,0
15005,control,0.0,0,0.0,0
15006,control,0.0,0,0.0,0
15007,treatment,123.26,0,0.0,0
15008,control,0.0,0,0.0,0
15009,treatment,0.0,0,0.0,0
15010,control,56.74,0,0.0,0
15011,control,0.0,0,0.0,0
15012,treatment,0.0,0,0.0,0
15013,treatment,0.0,0,0.0,0
15014,control,149.03,0,0.0,0
15015,treatment,0.0,0,0.0,0
15016,control,13.85,0,0.0,0
15017,control,53.71,0,0.0,0
15018,control,0.0,0,0.0,0
15019,control,0.0,0,0.0,0
15020,treatment,0.0,1,48.95,0
15022,treatment,0.0,0,0.0,0
15023,control,73.19,0,0.0,0
15024,treatment,45.42,1,115.5,0
15025,treatment,0.0,0,0.0,0
15026,control,0.0,0,0.0,0
15027,treatment,0.0,0,0.0,0
15028,treatment,90.79,0,0.0,0
15029,control,0.0,1,12.65,1
15030,treatment,190.53,0,0.0,0
15031,treatment,229.5,1,22.9,0
15032,control,30.13,0,0.0,0
15033,treatment,103.4,1,79.36,0
15034,control,0.0,0,0.0,0
15036,treatment,197.59,1,68.56,0
15037,control,50.92,0,0.0,0
15038,control,46.88,0,0.0,0
15039,control,148.49,0,0.0,0
15040,control,39.82,0,0.0,0
15041,treatment,42.73,0,0.0,0
15042,control,0.0,0,0.0,0
15043,control,0.0,0,0.0,0
15044,control,225.32,1,57.32,0
15045,control,1712.8,0,0.0,0
15046,control,191.32,0,0.0,0
15047,treatment,46.04,0,0.0,0
15048,treatment,41.2,0,0.0,0
15049,control,0.0,0,0.0,0
15050,control,0.0,0,0.0,0
15051,control,0.0,0,0.0,0
15052,control,0.0,1,83.51,0
15053,treatment,0.0,0,0.0,0
15054,control,82.91,0,0.0,0
15055,control,58.55,0,0.0,0
15056,control,30.1,0,0.0,0
15058,treatment,0.0,0,0.0,0
15059,control,69.78,0,0.0,0
15060,control,167.06,0,0.0,0
15061,control,0.0,0,0.0,0
15062,treatment,56.57,0,0.0,0
15063,treatment,0.0,0,0.0,0
15064,control,0.0,0,0.0,0
15065,treatment,267.76,0,0.0,0
15066,control,138.66,0,0.0,0
15067,treatment,45.79,0,0.0,0
15068,control,0.0,0,0.0,0
15069,control,37.28,1,100.42,0
15070,control,0.0,1,56.21,0
15071,control,0.0,0,0.0,0
15072,treatment,128.87,0,0.0,0
15073,treatment,0.0,0,0.0,0
15074,treatment,0.0,0,0.0,0
15075,treatment,0.0,0,0.0,0
15076,treatment,0.0,0,0.0,0
15077,treatment,49.9,0,0.0,0
15078,control,0.0,0,0.0,0
15079,treatment,0.0,0,0.0,0
15080,treatment,0.0,0,0.0,0
15081,treatment,54.04,0,0.0,0
15082,treatment,0.0,0,0.0,0
15083,control,76.4,1,52.24,0
15084,treatment,0.0,0,0.0,0
15085,treatment,0.0,0,0.0,0
15086,control,19.82,0,0.0,0
15087,treatment,0.0,0,0.0,0
15088,treatment,148.0,0,0.0,0
15089,control,0.0,1,90.78,0
15090,control,0.0,0,0.0,0
15091,control,57.05,0,0.0,0
15092,treatment,89.94,0,0.0,0
15093,treatment,140.08,0,0.0,0
15094,treatment,45.49,0,0.0,0
15095,treatment,293.85,0,0.0,0
15097,treatment,164.41,0,0.0,0
15098,treatment,232.94,0,0.0,0
15099,control,37.18,0,0.0,0
15100,control,53.41,0,0.0,0
15101,control,0.0,0,0.0,0
15102,control,53.01,0,0.0,0
15103,control,50.0,0,0.0,0
15104,treatment,81.85,0,0.0,0
15105,control,143.99,0,0.0,0
15106,control,0.0,0,0.0,0
15107,control,39.68,0,0.0,0
15108,treatment,0.0,0,0.0,0
15109,treatment,0.0,0,0.0,0
15110,treatment,91.83,0,0.0,0
15111,control,103.55,0,0.0,0
15112,treatment,259.94,0,0.0,0
15113,control,89.53,0,0.0,0
15114,control,0.0,0,0.0,0
15115,control,0.0,0,0.0,0
15116,control,0.0,0,0.0,0
15117,treatment,48.55,0,0.0,0
15118,control,0.0,1,53.58,0
15119,treatment,43.85,0,0.0,0
15120,control,24.72,0,0.0,0
15121,control,0.0,0,0.0,0
15122,treatment,0.0,0,0.0,0
15123,treatment,22.55,0,0.0,0
15124,control,17.15,0,0.0,0
15125,control,154.76,0,0.0,0
15126,treatment,73.94,0,0.0,0
15127,control,0.0,0,0.0,0
15128,treatment,0.0,0,0.0,0
15129,control,80.41,1,78.94,0
15131,control,62.55,0,0.0,0
15132,control,0.0,0,0.0,0
15133,treatment,78.23,0,0.0,0
15134,control,0.0,0,0.0,0
15135,control,194.79,0,0.0,0
15136,treatment,38.89,1,96.85,0
15137,treatment,85.79,0,0.0,0
15138,treatment,0.0,0,0.0,0
15139,treatment,0.0,0,0.0,0
15140,treatment,124.05,0,0.0,0
15141,treatment,0.0,0,0.0,0
15142,control,0.0,0,0.0,0
15143,treatment,25.39,0,0.0,0
15144,control,295.86,0,0.0,0
15145,treatment,0.0,0,0.0,0
15146,control,243.15,0,0.0,0
15147,treatment,170.28,0,0.0,0
15148,control,71.61,0,0.0,0
15149,treatment,0.0,1,34.5,0
15150,treatment,0.0,0,0.0,0
15151,control,48.89,1,88.2,0
15152,treatment,255.89,0,0.0,0
15153,treatment,56.4,1,56.1,0
15154,treatment,82.44,1,112.86,0
15155,treatment,53.57,0,0.0,0
15156,treatment,444.09,1,323.95,0
15157,control,0.0,0,0.0,0
15158,control,0.0,0,0.0,0
15159,control,0.0,0,0.0,0
15160,treatment,0.0,0,0.0,0
15161,control,74.58,0,0.0,0
15162,treatment,291.73,0,0.0,0
15163,treatment,0.0,0,0.0,0
15164,treatment,128.91,0,0.0,0
15165,treatment,301.4,1,143.8,0
15166,control,0.0,0,0.0,0
15167,control,77.19,1,42.36,0
15168,treatment,0.0,0,0.0,0
15169,control,75.14,0,0.0,0
15170,treatment,100.55,0,0.0,0
15171,control,40.82,0,0.0,0
15172,control,0.0,0,0.0,0
15173,treatment,47.45,0,0.0,0
15174,control,0.0,1,36.55,0
15175,control,0.0,0,0.0,0
15176,treatment,48.31,0,0.0,0
15177,treatment,0.0,0,0.0,0
15178,control,305.63,1,71.6,1
15179,control,0.0,0,0.0,0
15180,control,113.91,0,0.0,0
15181,treatment,0.0,0,0.0,0
15182,control,0.0,0,0.0,0
15183,control,0.0,0,0.0,0
15184,treatment,0.0,0,0.0,0
15185,treatment,0.0,0,0.0,0
15187,treatment,0.0,0,0.0,0
15188,control,355.95,1,86.09,0
15189,control,154.14,0,0.0,0
15191,treatment,0.0,0,0.0,0
15192,control,0.0,0,0.0,0
15193,control,55.11,0,0.0,0
15194,control,0.0,0,0.0,0
15195,control,42.22,0,0.0,0
15196,treatment,0.0,0,0.0,0
15197,treatment,0.0,0,0.0,0
15198,control,926.87,0,0.0,0
15199,treatment,57.83,1,122.37,0
15200,control,0.0,0,0.0,0
15201,treatment,611.34,1,73.97,0
15202,control,0.0,0,0.0,0
15203,treatment,0.0,0,0.0,0
15204,control,58.85,0,0.0,0
15205,control,0.0,0,0.0,0
15206,treatment,56.2,0,0.0,0
15208,treatment,0.0,0,0.0,0
15209,control,179.41,0,0.0,0
15210,treatment,40.11,1,29.47,0
15211,treatment,228.09,0,0.0,0
15212,treatment,59.6,0,0.0,0
15213,control,0.0,0,0.0,0
15214,control,129.69,1,68.98,0
15215,treatment,90.66,0,0.0,0
15216,control,0.0,0,0.0,0
15217,treatment,40.9,0,0.0,0
15218,treatment,87.2,0,0.0,0
15219,control,158.79,0,0.0,0
15220,treatment,57.19,0,0.0,0
15221,treatment,0.0,0,0.0,0
15222,control,0.0,0,0.0,0
15223,treatment,177.12,0,0.0,0
15224,control,0.0,0,0.0,0
15225,treatment,223.64,0,0.0,0
15226,treatment,89.98,0,0.0,0
15227,control,0.0,1,53.24,0
15228,control,534.06,1,51.54,0
15229,treatment,0.0,0,0.0,0
15230,treatment,62.25,0,0.0,0
15231,control,0.0,0,0.0,0
15232,control,285.88,1,70.08,0
15233,control,0.0,0,0.0,0
15234,treatment,0.0,0,0.0,0
15235,control,104.85,1,77.55,0
15236,treatment,0.0,0,0.0,0
15237,treatment,0.0,0,0.0,0
15238,treatment,46.32,0,0.0,0
15239,treatment,155.29,0,0.0,0
15240,control,392.5,0,0.0,0
15241,treatment,27.56,0,0.0,0
15242,treatment,0.0,0,0.0,0
15243,treatment,0.0,0,0.0,0
15244,treatment,0.0,0,0.0,0
15245,treatment,85.57,0,0.0,0
15246,control,0.0,0,0.0,0
15247,treatment,0.0,0,0.0,0
15248,control,0.0,0,0.0,0
15249,control,48.49,0,0.0,0
15250,treatment,0.0,0,0.0,0
15251,control,0.0,0,0.0,0
15252,treatment,104.11,0,0.0,0
15253,treatment,627.05,1,114.56,0
15254,control,0.0,0,0.0,0
15255,control,293.05,0,0.0,0
15257,control,67.78,0,0.0,0
15258,control,42.77,0,0.0,0
15259,control,70.87,0,0.0,0
15260,treatment,0.0,0,0.0,0
15261,treatment,0.0,0,0.0,0
15262,control,0.0,0,0.0,0
15263,treatment,44.22,0,0.0,0
15264,treatment,0.0,0,0.0,0
15265,control,0.0,0,0.0,0
15266,treatment,0.0,0,0.0,0
15267,treatment,0.0,0,0.0,0
15268,treatment,0.0,0,0.0,0
15269,treatment,65.3,0,0.0,0
15270,control,0.0,0,0.0,0
15271,control,0.0,0,0.0,0
15272,control,0.0,0,0.0,0
15273,control,0.0,0,0.0,0
15274,treatment,0.0,0,0.0,0
15275,control,30.75,0,0.0,0
15276,control,0.0,1,58.92,0
15277,control,29.78,0,0.0,0
15278,control,127.54,0,0.0,0
15279,treatment,0.0,0,0.0,0
15281,control,0.0,0,0.0,0
15282,control,48.45,1,49.33,0
15283,treatment,0.0,0,0.0,0
15284,control,0.0,0,0.0,0
15285,treatment,23.82,0,0.0,0
15286,treatment,0.0,0,0.0,0
15287,treatment,1721.48,1,128.07,0
15288,control,34.95,0,0.0,0
15289,treatment,0.0,0,0.0,0
15290,control,28.0,0,0.0,0
15291,treatment,0.0,0,0.0,0
15292,treatment,0.0,1,78.52,0
15293,treatment,0.0,0,0.0,0
15294,control,0.0,0,0.0,0
15295,treatment,112.51,0,0.0,0
15296,control,113.37,0,0.0,0
15297,treatment,0.0,0,0.0,0
15298,control,0.0,1,97.05,0
15299,treatment,0.0,0,0.0,0
15300,treatment,0.0,0,0.0,0
15301,treatment,0.0,0,0.0,0
15302,treatment,0.0,0,0.0,0
15303,control,0.0,1,23.56,0
15304,treatment,56.48,0,0.0,0
15305,control,0.0,0,0.0,0
15306,control,65.06,0,0.0,0
15307,control,70.75,0,0.0,0
15308,treatment,0.0,0,0.0,0
15309,treatment,0.0,0,0.0,0
15310,control,48.1,0,0.0,0
15311,treatment,0.0,0,0.0,0
15312,treatment,292.42,0,0.0,0
15313,treatment,0.0,0,0.0,0
15314,control,127.93,0,0.0,0
15315,control,0.0,0,0.0,0
15316,treatment,0.0,0,0.0,0
15317,treatment,0.0,0,0.0,0
15318,treatment,107.0,0,0.0,0
15319,control,99.22,0,0.0,0
15320,treatment,0.0,0,0.0,0
15321,control,42.36,0,0.0,0
15322,treatment,95.3,0,0.0,0
15323,control,51.56,0,0.0,0
15324,control,0.0,0,0.0,0
15325,treatment,0.0,0,0.0,0
15326,treatment,30.28,1,37.72,0
15327,control,1751.14,1,135.97,0
15328,control,165.07,0,0.0,0
15329,control,0.0,0,0.0,0
15330,treatment,82.81,0,0.0,0
15331,control,0.0,0,0.0,0
15332,control,74.69,0,0.0,0
15333,control,25.08,0,0.0,0
15334,treatment,231.57,0,0.0,0
15335,treatment,36.15,0,0.0,0
15336,treatment,626.74,1,75.11,0
15337,control,0.0,0,0.0,0
15338,control,88.53,1,27.86,0
15339,control,0.0,0,0.0,0
15340,control,0.0,0,0.0,0
15341,control,91.69,0,0.0,0
15342,control,82.28,1,59.46,0
15343,control,153.14,1,142.29,0
15344,treatment,0.0,0,0.0,0
15345,control,0.0,0,0.0,0
15346,treatment,336.58,0,0.0,0
15347,treatment,41.41,0,0.0,0
15348,control,37.82,1,230.27,0
15349,treatment,0.0,0,0.0,0
15350,control,0.0,0,0.0,0
15351,control,0.0,0,0.0,0
15352,treatment,0.0,0,0.0,0
15353,control,99.68,0,0.0,0
15354,treatment,0.0,0,0.0,0
15355,treatment,0.0,0,0.0,0
15356,control,0.0,0,0.0,0
15357,control,0.0,1,106.42,0
15358,control,0.0,0,0.0,0
15359,control,0.0,0,0.0,0
15360,control,119.21,0,0.0,0
15361,treatment,0.0,0,0.0,0
15362,control,0.0,0,0.0,0
15363,treatment,0.0,0,0.0,0
15364,treatment,0.0,0,0.0,0
15365,control,356.64,1,70.59,0
15366,control,80.7,0,0.0,0
15367,treatment,0.0,0,0.0,0
15368,treatment,192.12,1,260.31,0
15369,control,92.63,0,0.0,0
15370,treatment,122.65,0,0.0,0
15371,control,0.0,1,67.15,0
15372,control,26.38,1,23.84,0
15373,treatment,116.05,0,0.0,0
15374,control,0.0,0,0.0,0
15375,control,0.0,0,0.0,0
15376,control,0.0,0,0.0,0
15377,control,37.66,0,0.0,0
15378,treatment,0.0,1,19.86,0
15379,control,0.0,1,90.08,0
15380,control,73.96,1,90.05,0
15381,control,713.5,0,0.0,0
15382,treatment,0.0,0,0.0,0
15383,treatment,319.72,0,0.0,0
15384,control,34.83,0,0.0,0
15385,control,0.0,0,0.0,0
15386,treatment,0.0,0,0.0,0
15387,treatment,81.44,1,22.56,0
15388,control,25.11,0,0.0,0
15389,control,70.6,0,0.0,0
15390,control,0.0,0,0.0,0
15391,control,0.0,0,0.0,0
15392,control,0.0,0,0.0,0
15393,treatment,106.11,0,0.0,0
15394,treatment,0.0,1,46.96,1
15396,treatment,35.79,0,0.0,0
15398,control,32.11,0,0.0,0
15399,treatment,0.0,0,0.0,0
15400,control,366.96,1,61.69,0
15401,treatment,181.73,0,0.0,0
15402,treatment,132.25,0,0.0,0
15403,treatment,94.25,0,0.0,0
15404,control,0.0,0,0.0,0
15406,control,145.48,0,0.0,0
15407,control,175.65,0,0.0,0
15408,treatment,514.84,0,0.0,0
15409,control,0.0,0,0.0,0
15410,treatment,0.0,0,0.0,0
15411,treatment,47.15,0,0.0,0
15412,treatment,0.0,0,0.0,0
15413,control,0.0,0,0.0,0
15414,treatment,0.0,0,0.0,0
15415,control,0.0,0,0.0,0
15416,control,0.0,0,0.0,0
15417,control,39.34,0,0.0,0
15418,control,0.0,0,0.0,0
15419,control,0.0,0,0.0,0
15420,control,0.0,0,0.0,0
15421,control,0.0,0,0.0,0
15422,control,172.22,0,0.0,0
15423,treatment,41.7,0,0.0,0
15424,control,29.61,0,0.0,0
15425,control,0.0,0,0.0,0
15426,treatment,38.82,0,0.0,0
15428,control,113.37,0,0.0,0
15429,treatment,46.55,0,0.0,0
15430,treatment,0.0,1,77.35,0
15431,treatment,202.71,1,220.4,0
15432,control,0.0,0,0.0,0
15433,control,75.79,0,0.0,0
15434,treatment,0.0,1,38.69,0
15435,treatment,28.12,1,80.71,0
15436,control,97.23,0,0.0,0
15437,treatment,127.86,1,38.13,0
15438,treatment,0.0,0,0.0,0
15439,control,91.86,0,0.0,0
15440,control,0.0,0,0.0,0
15441,control,0.0,0,0.0,0
15442,control,48.0,0,0.0,0
15443,control,0.0,0,0.0,0
15444,treatment,34.16,0,0.0,0
15445,control,45.06,0,0.0,0
15446,treatment,0.0,1,49.46,0
15447,treatment,279.67,0,0.0,0
15448,treatment,183.24,0,0.0,0
15449,treatment,49.61,0,0.0,0
15450,control,520.45,0,0.0,0
15451,control,0.0,0,0.0,0
15452,control,0.0,0,0.0,0
15453,treatment,538.56,0,0.0,0
15454,treatment,38.64,0,0.0,0
15455,treatment,68.01,0,0.0,0
15456,control,260.82,1,98.69,0
15457,control,0.0,0,0.0,0
15458,control,0.0,0,0.0,0
15459,treatment,39.47,0,0.0,0
15460,control,168.99,1,43.99,0
15461,treatment,0.0,0,0.0,0
15462,treatment,0.0,0,0.0,0
15463,control,0.0,0,0.0,0
15464,control,56.17,0,0.0,0
15465,treatment,0.0,0,0.0,0
15466,control,254.93,0,0.0,0
15467,control,39.42,0,0.0,0
15468,control,28.47,0,0.0,0
15469,control,61.6,1,38.7,0
15470,control,0.0,0,0.0,0
15471,control,79.3,0,0.0,0
15472,treatment,0.0,0,0.0,0
15473,treatment,26.66,1,82.83,0
15474,control,47.49,0,0.0,0
15475,control,0.0,0,0.0,0
15476,treatment,0.0,0,0.0,0
15477,treatment,78.3,0,0.0,0
15478,control,49.43,0,0.0,0
15479,control,0.0,0,0.0,0
15480,treatment,0.0,0,0.0,0
15481,control,0.0,0,0.0,0
15482,treatment,233.59,0,0.0,0
15483,control,422.91,1,73.68,0
15484,treatment,27.32,0,0.0,0
15485,control,48.62,0,0.0,0
15486,control,52.52,0,0.0,0
15487,control,0.0,0,0.0,0
15488,control,0.0,1,55.31,0
15489,treatment,0.0,0,0.0,0
15490,control,0.0,0,0.0,0
15491,treatment,519.0,0,0.0,0
15492,treatment,0.0,0,0.0,0
15493,treatment,0.0,0,0.0,0
15494,control,0.0,0,0.0,0
15495,treatment,56.95,0,0.0,0
15496,treatment,0.0,0,0.0,0
15497,treatment,0.0,0,0.0,0
15498,treatment,47.27,1,72.99,0
15499,treatment,38.2,0,0.0,0
15500,treatment,0.0,0,0.0,0
15501,control,172.14,0,0.0,0
15502,control,0.0,1,49.95,0
15503,control,83.95,0,0.0,0
15504,control,21.9,0,0.0,0
15505,control,242.25,1,79.47,0
15506,treatment,0.0,0,0.0,0
15507,treatment,0.0,0,0.0,0
15508,treatment,230.8,0,0.0,0
15509,control,75.87,0,0.0,0
15510,treatment,0.0,0,0.0,0
15511,treatment,0.0,0,0.0,0
15512,control,84.82,0,0.0,0
15513,treatment,0.0,0,0.0,0
15514,control,0.0,1,68.11,0
15515,treatment,297.78,1,82.42,0
15516,treatment,736.85,1,124.29,0
15517,control,0.0,0,0.0,0
15518,control,0.0,0,0.0,0
15519,treatment,353.83,0,0.0,0
15520,control,16.43,0,0.0,0
15521,control,0.0,0,0.0,0
15522,control,0.0,0,0.0,0
15523,control,156.18,0,0.0,0
15524,treatment,346.47,0,0.0,0
15525,control,0.0,0,0.0,0
15526,control,44.48,0,0.0,0
15527,treatment,0.0,0,0.0,0
15528,control,0.0,0,0.0,0
15529,treatment,68.85,0,0.0,0
15530,control,0.0,0,0.0,0
15531,treatment,0.0,0,0.0,0
15532,control,0.0,0,0.0,0
15533,control,0.0,0,0.0,0
15534,control,163.22,0,0.0,0
15535,treatment,0.0,0,0.0,0
15536,treatment,13.74,0,0.0,0
15537,control,0.0,0,0.0,0
15538,control,0.0,0,0.0,0
15539,treatment,0.0,0,0.0,0
15540,control,0.0,1,76.63,0
15541,control,132.39,0,0.0,0
15542,control,0.0,0,0.0,0
15543,control,0.0,0,0.0,0
15544,treatment,0.0,0,0.0,0
15545,treatment,0.0,0,0.0,0
15546,treatment,0.0,0,0.0,0
15547,control,0.0,0,0.0,0
15548,control,81.94,1,69.05,0
15549,treatment,241.36,1,48.11,0
15550,control,145.19,0,0.0,0
15551,control,0.0,0,0.0,0
15552,treatment,47.78,0,0.0,0
15553,control,0.0,0,0.0,0
15554,control,349.93,0,0.0,0
15555,treatment,60.55,0,0.0,0
15556,treatment,39.89,0,0.0,0
15557,control,0.0,0,0.0,0
15558,control,55.85,0,0.0,0
15559,control,48.76,0,0.0,0
15560,treatment,79.16,0,0.0,0
15561,control,0.0,0,0.0,0
15562,control,130.1,0,0.0,0
15563,control,51.92,1,65.61,0
15564,control,0.0,1,36.4,0
15566,treatment,0.0,0,0.0,0
15567,control,42.18,0,0.0,0
15568,control,95.05,1,58.38,0
15569,control,54.75,0,0.0,0
15570,treatment,300.26,0,0.0,0
15571,treatment,123.98,0,0.0,0
15572,treatment,0.0,1,86.15,0
15573,treatment,335.97,1,134.6,0
15574,control,192.16,1,44.58,0
15575,control,0.0,0,0.0,0
15576,control,48.96,0,0.0,0
15577,treatment,50.34,0,0.0,0
15578,control,0.0,0,0.0,0
15579,control,0.0,0,0.0,0
15580,control,0.0,0,0.0,0
15581,treatment,0.0,0,0.0,0
15582,control,118.19,0,0.0,0
15583,treatment,20.83,0,0.0,0
15584,control,0.0,0,0.0,0
15585,treatment,36.77,0,0.0,0
15586,control,82.7,0,0.0,0
15587,control,0.0,0,0.0,0
15588,treatment,104.17,0,0.0,0
15589,control,0.0,0,0.0,0
15590,treatment,0.0,0,0.0,0
15591,control,0.0,0,0.0,0
15592,treatment,0.0,0,0.0,0
15593,treatment,773.82,1,89.03,0
15594,control,0.0,0,0.0,0
15595,control,27.31,0,0.0,0
15596,treatment,0.0,0,0.0,0
15597,control,59.93,0,0.0,0
15598,control,162.5,0,0.0,0
15599,control,0.0,0,0.0,0
15600,treatment,0.0,0,0.0,0
15601,treatment,0.0,0,0.0,0
15602,control,185.01,0,0.0,0
15603,control,0.0,0,0.0,0
15604,treatment,59.17,0,0.0,0
15605,treatment,0.0,0,0.0,0
15606,control,121.09,0,0.0,0
15607,treatment,45.0,0,0.0,0
15608,control,89.48,0,0.0,0
15609,control,55.58,0,0.0,0
15610,control,59.26,0,0.0,0
15611,treatment,0.0,0,0.0,0
15612,control,0.0,0,0.0,0
15613,treatment,0.0,0,0.0,0
15614,treatment,103.94,0,0.0,0
15615,treatment,52.22,0,0.0,0
15616,treatment,59.2,0,0.0,0
15617,treatment,124.01,0,0.0,0
15618,control,0.0,0,0.0,0
15620,treatment,178.04,1,88.2,1
15621,treatment,0.0,0,0.0,0
15622,treatment,0.0,0,0.0,0
15623,treatment,0.0,0,0.0,0
15624,control,58.08,1,141.12,0
15625,treatment,193.33,0,0.0,0
15626,treatment,0.0,0,0.0,0
15627,treatment,0.0,0,0.0,0
15628,control,501.32,0,0.0,0
15629,treatment,202.01,1,40.39,0
15630,control,82.15,1,128.96,0
15631,control,50.89,0,0.0,0
15632,treatment,109.1,1,65.88,0
15633,treatment,37.31,0,0.0,0
15634,control,0.0,0,0.0,0
15635,treatment,0.0,0,0.0,0
15636,control,0.0,0,0.0,0
15638,treatment,0.0,0,0.0,0
15639,treatment,141.19,0,0.0,0
15640,control,143.16,1,100.67,0
15641,control,123.83,1,56.44,0
15642,control,79.53,0,0.0,0
15643,control,0.0,1,91.72,0
15644,control,0.0,0,0.0,0
15645,control,32.14,0,0.0,0
15646,control,760.65,1,115.78,0
15647,control,0.0,0,0.0,0
15648,treatment,0.0,0,0.0,0
15649,control,89.87,0,0.0,0
15650,treatment,306.4,1,108.4,0
15651,control,0.0,0,0.0,0
15652,treatment,0.0,1,31.89,0
15653,treatment,0.0,0,0.0,0
15654,control,0.0,0,0.0,0
15655,control,0.0,0,0.0,0
15656,control,0.0,0,0.0,0
15657,treatment,479.72,0,0.0,0
15658,control,0.0,0,0.0,0
15659,control,0.0,0,0.0,0
15660,control,0.0,0,0.0,0
15661,treatment,0.0,0,0.0,0
15662,control,31.98,0,0.0,0
15663,control,54.79,0,0.0,0
15664,control,46.39,0,0.0,0
15665,control,0.0,0,0.0,0
15666,control,201.51,0,0.0,0
15667,treatment,0.0,0,0.0,0
15669,control,0.0,0,0.0,0
15670,treatment,84.55,0,0.0,0
15671,treatment,0.0,0,0.0,0
15672,control,329.7,1,56.81,0
15673,treatment,0.0,0,0.0,0
15674,control,62.42,0,0.0,0
15675,treatment,0.0,0,0.0,0
15676,control,0.0,0,0.0,0
15677,control,45.86,0,0.0,0
15678,treatment,0.0,0,0.0,0
15679,treatment,177.61,0,0.0,0
15680,control,0.0,0,0.0,0
15681,treatment,119.22,1,56.17,0
15682,control,0.0,0,0.0,0
15683,control,0.0,0,0.0,0
15684,control,0.0,1,33.63,0
15685,control,74.22,0,0.0,0
15686,control,0.0,0,0.0,0
15688,treatment,0.0,0,0.0,0
15689,control,39.94,0,0.0,0
15690,treatment,0.0,0,0.0,0
15691,treatment,60.61,0,0.0,0
15692,treatment,25.85,0,0.0,0
15693,control,0.0,0,0.0,0
15694,treatment,0.0,0,0.0,0
15695,treatment,0.0,0,0.0,0
15696,control,53.24,0,0.0,0
15697,control,116.14,0,0.0,0
15698,treatment,160.79,0,0.0,0
15699,treatment,207.56,0,0.0,0
15700,treatment,420.51,0,0.0,0
15701,treatment,0.0,0,0.0,0
15702,treatment,0.0,0,0.0,0
15703,control,0.0,0,0.0,0
15704,control,152.41,1,37.99,0
15705,control,0.0,0,0.0,0
15706,control,61.7,0,0.0,0
15707,treatment,128.75,0,0.0,0
15708,treatment,0.0,0,0.0,0
15709,treatment,77.54,0,0.0,0
15710,control,59.24,0,0.0,0
15711,control,82.8,0,0.0,0
15712,control,0.0,1,40.86,0
15713,treatment,65.18,0,0.0,0
15714,treatment,0.0,0,0.0,0
15715,control,99.46,1,38.08,0
15716,treatment,0.0,0,0.0,0
15717,control,86.23,0,0.0,0
15718,treatment,688.04,1,69.82,0
15719,control,0.0,0,0.0,0
15720,treatment,29.02,0,0.0,0
15721,control,321.96,1,49.62,0
15722,treatment,46.73,0,0.0,0
15723,treatment,0.0,1,44.99,0
15725,treatment,68.13,1,148.62,0
15726,control,104.92,0,0.0,0
15727,treatment,20.99,1,65.98,0
15728,treatment,82.98,0,0.0,0
15729,control,0.0,0,0.0,0
15730,treatment,67.75,0,0.0,0
15731,treatment,100.9,0,0.0,0
15732,control,114.07,0,0.0,0
15733,control,136.53,0,0.0,0
15734,control,0.0,0,0.0,0
15735,control,0.0,0,0.0,0
15736,treatment,0.0,0,0.0,0
15737,control,25.29,0,0.0,0
15738,control,132.41,0,0.0,0
15739,control,52.85,0,0.0,0
15740,treatment,0.0,0,0.0,0
15741,treatment,0.0,0,0.0,0
15742,treatment,171.36,1,106.81,0
15743,control,0.0,1,60.27,0
15744,control,0.0,0,0.0,0
15745,treatment,51.53,0,0.0,0
15746,control,0.0,0,0.0,0
15747,control,0.0,0,0.0,0
15748,treatment,158.08,0,0.0,0
15749,control,0.0,0,0.0,0
15750,control,29.22,0,0.0,0
15751,treatment,0.0,0,0.0,0
15752,treatment,0.0,0,0.0,0
15753,control,132.58,1,61.99,0
15754,control,500.29,1,90.42,0
15755,control,0.0,0,0.0,0
15756,treatment,291.21,1,26.78,0
15757,control,508.29,1,143.64,0
15758,treatment,0.0,0,0.0,0
15759,control,130.78,1,61.55,0
15760,control,163.35,0,0.0,0
15761,control,0.0,0,0.0,0
15762,control,41.77,0,0.0,0
15763,treatment,0.0,0,0.0,0
15764,treatment,0.0,0,0.0,0
15765,control,0.0,1,31.55,1
15766,treatment,67.84,0,0.0,0
15767,treatment,0.0,0,0.0,0
15768,treatment,79.58,0,0.0,0
15769,treatment,112.27,0,0.0,0
15770,treatment,0.0,0,0.0,0
15771,treatment,0.0,0,0.0,0
15772,control,0.0,0,0.0,0
15773,treatment,0.0,1,42.72,0
15774,treatment,610.84,1,88.37,0
15775,treatment,0.0,0,0.0,0
15776,control,0.0,0,0.0,0
15777,control,61.42,0,0.0,0
15778,control,0.0,0,0.0,0
15779,control,46.76,0,0.0,0
15780,treatment,0.0,0,0.0,0
15782,treatment,27.81,0,0.0,0
15783,treatment,39.25,0,0.0,0
15784,treatment,0.0,0,0.0,0
15785,treatment,0.0,0,0.0,0
15786,treatment,0.0,0,0.0,0
15787,treatment,0.0,0,0.0,0
15788,treatment,88.88,0,0.0,0
15789,control,0.0,1,50.97,0
15790,control,0.0,0,0.0,0
15791,control,95.6,1,56.42,0
15792,treatment,71.38,0,0.0,0
15793,treatment,0.0,0,0.0,0
15794,control,0.0,0,0.0,0
15795,control,378.7,0,0.0,0
15796,treatment,55.91,0,0.0,0
15797,control,107.74,0,0.0,0
15798,treatment,0.0,0,0.0,0
15799,control,0.0,0,0.0,0
15800,treatment,0.0,0,0.0,0
15801,treatment,130.26,0,0.0,0
15802,control,0.0,0,0.0,0
15803,control,0.0,0,0.0,0
15804,treatment,402.19,1,192.03,0
15805,control,0.0,0,0.0,0
15806,treatment,62.57,0,0.0,0
15807,control,28.75,0,0.0,0
15808,treatment,43.2,0,0.0,0
15809,treatment,0.0,0,0.0,0
15810,treatment,103.43,1,96.87,1
15811,treatment,33.87,0,0.0,0
15812,treatment,0.0,0,0.0,0
15813,treatment,193.38,0,0.0,0
15814,treatment,0.0,0,0.0,0
15815,control,88.36,0,0.0,0
15816,control,0.0,0,0.0,0
15817,control,49.98,0,0.0,0
15818,control,61.84,0,0.0,0
15819,treatment,63.46,1,98.14,0
15820,control,0.0,0,0.0,0
15821,treatment,0.0,0,0.0,0
15823,treatment,0.0,1,19.85,0
15824,treatment,90.83,0,0.0,0
15825,treatment,0.0,0,0.0,0
15826,control,412.87,1,91.12,0
15827,control,36.42,0,0.0,0
15828,treatment,61.94,0,0.0,0
15829,treatment,0.0,0,0.0,0
15830,treatment,187.67,1,60.59,0
15831,treatment,0.0,0,0.0,0
15832,control,0.0,0,0.0,0
15833,control,54.97,1,128.34,0
15835,control,0.0,0,0.0,0
15836,control,242.7,0,0.0,0
15837,treatment,377.76,0,0.0,0
15838,treatment,0.0,0,0.0,0
15839,control,67.74,1,46.9,0
15840,control,0.0,0,0.0,0
15841,control,117.49,1,48.62,0
15842,treatment,0.0,0,0.0,0
15844,treatment,50.93,0,0.0,0
15845,treatment,0.0,0,0.0,0
15846,treatment,207.92,1,87.42,0
15847,control,37.44,0,0.0,0
15848,control,88.15,0,0.0,0
15849,control,34.81,0,0.0,0
15850,treatment,0.0,0,0.0,0
15851,control,89.29,0,0.0,0
15852,control,54.61,0,0.0,0
15853,control,42.89,0,0.0,0
15854,treatment,0.0,0,0.0,0
15855,treatment,135.46,0,0.0,0
15856,treatment,691.4,1,181.06,0
15857,control,0.0,0,0.0,0
15858,treatment,0.0,0,0.0,0
15859,control,72.31,0,0.0,0
15860,treatment,0.0,0,0.0,0
15861,control,0.0,0,0.0,0
15862,control,0.0,0,0.0,0
15863,control,0.0,0,0.0,0
15864,control,0.0,0,0.0,0
15865,control,0.0,0,0.0,0
15866,control,0.0,0,0.0,0
15867,control,0.0,0,0.0,0
15868,control,0.0,0,0.0,0
15869,treatment,0.0,0,0.0,0
15870,control,28.14,0,0.0,0
15871,control,0.0,0,0.0,0
15872,treatment,0.0,0,0.0,0
15873,treatment,0.0,0,0.0,0
15874,treatment,0.0,0,0.0,0
15875,control,0.0,0,0.0,0
15876,control,43.12,0,0.0,0
15877,control,0.0,0,0.0,0
15878,control,0.0,0,0.0,0
15879,treatment,65.71,0,0.0,0
15880,treatment,0.0,0,0.0,0
15881,treatment,0.0,0,0.0,0
15882,control,0.0,0,0.0,0
15883,treatment,0.0,0,0.0,0
15884,control,163.71,0,0.0,0
15885,treatment,52.69,0,0.0,0
15886,control,61.53,0,0.0,0
15887,treatment,0.0,0,0.0,0
15888,control,0.0,0,0.0,0
15889,control,0.0,0,0.0,0
15890,treatment,0.0,0,0.0,0
15891,control,0.0,1,63.81,0
15892,treatment,0.0,0,0.0,0
15893,treatment,0.0,0,0.0,0
15894,control,0.0,0,0.0,0
15895,treatment,0.0,0,0.0,0
15896,control,0.0,0,0.0,0
15897,control,20.1,1,28.79,0
15898,treatment,0.0,0,0.0,0
15899,control,0.0,0,0.0,0
15900,treatment,33.62,0,0.0,0
15901,control,0.0,0,0.0,0
15902,treatment,0.0,0,0.0,0
15903,control,0.0,0,0.0,0
15904,treatment,31.36,0,0.0,0
15905,control,0.0,0,0.0,0
15906,control,0.0,0,0.0,0
15907,treatment,0.0,0,0.0,0
15908,control,94.58,0,0.0,0
15909,treatment,37.98,0,0.0,0
15910,control,38.77,0,0.0,0
15911,treatment,0.0,0,0.0,0
15912,treatment,0.0,0,0.0,0
15913,treatment,0.0,0,0.0,0
15914,control,0.0,0,0.0,0
15915,control,0.0,0,0.0,0
15916,treatment,0.0,0,0.0,0
15917,control,84.75,0,0.0,0
15918,treatment,0.0,0,0.0,0
15919,control,0.0,1,28.9,0
15920,treatment,229.69,1,78.72,0
15921,treatment,0.0,1,25.72,0
15922,control,0.0,0,0.0,0
15923,control,0.0,0,0.0,0
15924,control,59.05,1,58.11,0
15925,treatment,0.0,0,0.0,0
15926,treatment,73.14,0,0.0,0
15927,treatment,0.0,0,0.0,0
15928,treatment,86.44,0,0.0,0
15929,treatment,0.0,0,0.0,0
15930,treatment,0.0,0,0.0,0
15931,control,62.82,0,0.0,0
15932,control,0.0,0,0.0,0
15933,treatment,60.34,0,0.0,0
15934,control,90.42,0,0.0,0
15935,treatment,42.94,0,0.0,0
15936,treatment,0.0,0,0.0,0
15937,treatment,212.0,0,0.0,0
15938,treatment,0.0,0,0.0,0
15939,treatment,0.0,0,0.0,0
15940,treatment,0.0,0,0.0,0
15941,control,0.0,0,0.0,0
15942,control,144.22,0,0.0,0
15943,treatment,151.7,1,42.66,0
15944,control,87.1,0,0.0,0
15945,treatment,0.0,0,0.0,0
15946,control,71.78,0,0.0,0
15947,treatment,0.0,1,52.19,0
15948,treatment,30.97,0,0.0,0
15949,control,0.0,0,0.0,0
15950,treatment,44.66,0,0.0,0
15951,treatment,0.0,0,0.0,0
15952,treatment,68.21,0,0.0,0
15953,control,191.28,0,0.0,0
15954,treatment,0.0,0,0.0,0
15955,control,335.82,0,0.0,0
15956,treatment,0.0,0,0.0,0
15957,control,39.55,0,0.0,0
15958,treatment,0.0,0,0.0,0
15959,treatment,217.16,0,0.0,0
15960,treatment,58.02,0,0.0,0
15961,control,0.0,0,0.0,0
15962,treatment,0.0,0,0.0,0
15963,control,0.0,0,0.0,0
15965,control,0.0,0,0.0,0
15966,treatment,0.0,0,0.0,0
15967,control,127.73,0,0.0,0
15968,treatment,389.65,0,0.0,0
15969,treatment,0.0,0,0.0,0
15970,treatment,0.0,0,0.0,0
15971,control,65.41,0,0.0,0
15972,treatment,0.0,0,0.0,0
15973,control,44.26,1,24.01,0
15974,control,99.35,0,0.0,0
15975,control,176.22,1,27.68,0
15976,treatment,0.0,0,0.0,0
15977,treatment,27.45,0,0.0,0
15978,treatment,0.0,0,0.0,0
15979,control,191.99,0,0.0,0
15981,treatment,0.0,1,31.52,0
15982,treatment,98.19,0,0.0,0
15983,control,0.0,0,0.0,0
15984,control,105.68,1,49.31,0
15985,treatment,40.79,0,0.0,0
15986,treatment,0.0,0,0.0,0
15987,control,0.0,1,72.15,0
15988,control,48.35,0,0.0,0
15989,treatment,0.0,0,0.0,0
15990,treatment,0.0,1,90.26,0
15991,control,27.74,0,0.0,0
15992,control,0.0,0,0.0,0
15993,control,20.54,0,0.0,0
15994,treatment,0.0,0,0.0,0
15995,treatment,0.0,0,0.0,0
15996,control,0.0,0,0.0,0
15997,treatment,32.87,0,0.0,0
15998,control,0.0,0,0.0,0
15999,treatment,424.19,0,0.0,0
16000,treatment,402.82,0,0.0,0
16001,treatment,35.44,0,0.0,0
16002,treatment,88.67,0,0.0,0
16003,control,130.28,0,0.0,0
16004,treatment,35.14,0,0.0,0
16005,treatment,0.0,0,0.0,0
16006,treatment,0.0,0,0.0,0
16007,control,45.05,0,0.0,0
16008,control,0.0,1,67.85,0
16009,control,0.0,0,0.0,0
16010,treatment,0.0,0,0.0,0
16011,treatment,191.16,0,0.0,0
16012,treatment,0.0,0,0.0,0
16013,treatment,48.84,0,0.0,0
16014,treatment,0.0,0,0.0,0
16015,control,0.0,0,0.0,0
16016,treatment,0.0,0,0.0,0
16017,control,0.0,0,0.0,0
16018,treatment,0.0,0,0.0,0
16020,treatment,0.0,0,0.0,0
16021,control,0.0,0,0.0,0
16022,control,29.64,0,0.0,0
16023,treatment,631.78,0,0.0,0
16024,treatment,0.0,0,0.0,0
16025,control,0.0,0,0.0,0
16026,treatment,0.0,0,0.0,0
16027,treatment,35.38,0,0.0,0
16028,treatment,0.0,0,0.0,0
16029,control,150.32,1,40.89,0
16030,treatment,0.0,1,21.45,0
16031,treatment,0.0,0,0.0,0
16032,control,75.33,1,142.57,0
16033,control,0.0,0,0.0,0
16034,control,0.0,0,0.0,0
16035,treatment,0.0,0,0.0,0
16036,treatment,0.0,0,0.0,0
16037,treatment,0.0,0,0.0,0
16038,control,303.55,1,79.04,0
16039,treatment,0.0,0,0.0,0
16040,treatment,0.0,0,0.0,0
16041,control,62.03,0,0.0,0
16042,treatment,83.49,0,0.0,0
16043,control,0.0,0,0.0,0
16044,control,0.0,0,0.0,0
16045,control,26.38,0,0.0,0
16047,control,0.0,0,0.0,0
16048,control,0.0,0,0.0,0
16049,treatment,68.31,0,0.0,0
16050,control,0.0,0,0.0,0
16051,control,0.0,0,0.0,0
16052,treatment,107.15,0,0.0,0
16054,control,0.0,0,0.0,0
16055,control,0.0,0,0.0,0
16056,control,56.69,0,0.0,0
16057,control,0.0,0,0.0,0
16058,treatment,0.0,0,0.0,0
16059,control,107.76,0,0.0,0
16060,control,0.0,0,0.0,0
16061,treatment,311.18,0,0.0,0
16062,control,69.74,0,0.0,0
16063,treatment,37.12,0,0.0,0
16064,control,130.56,0,0.0,0
16065,control,0.0,0,0.0,0
16066,treatment,0.0,1,19.87,0
16067,control,79.86,1,93.09,0
16068,control,46.42,0,0.0,0
16069,control,0.0,0,0.0,0
16070,treatment,0.0,0,0.0,0
16071,treatment,0.0,0,0.0,0
16072,treatment,0.0,0,0.0,0
16073,control,23.47,0,0.0,0
16074,control,0.0,0,0.0,0
16075,treatment,0.0,0,0.0,0
16076,control,0.0,0,0.0,0
16077,treatment,0.0,0,0.0,0
16078,treatment,0.0,0,0.0,0
16079,control,86.82,0,0.0,0
16080,treatment,0.0,0,0.0,0
16081,treatment,0.0,0,0.0,0
16082,control,0.0,0,0.0,0
16083,treatment,0.0,0,0.0,0
16084,treatment,134.31,0,0.0,0
16085,treatment,37.18,0,0.0,0
16086,control,62.48,0,0.0,0
16087,control,0.0,0,0.0,0
16088,treatment,38.28,0,0.0,0
16089,control,29.79,0,0.0,0
16090,control,201.34,0,0.0,0
16091,control,33.38,0,0.0,0
16092,treatment,0.0,0,0.0,0
16093,treatment,0.0,0,0.0,0
16094,treatment,14.15,1,34.6,0
16095,control,108.21,0,0.0,0
16096,treatment,53.5,0,0.0,0
16097,treatment,0.0,0,0.0,0
16098,control,37.92,0,0.0,0
16099,treatment,0.0,0,0.0,0
16100,treatment,0.0,0,0.0,0
16101,control,64.79,0,0.0,0
16102,treatment,66.1,0,0.0,0
16103,control,39.12,0,0.0,0
16104,control,50.99,0,0.0,0
16105,control,0.0,0,0.0,0
16106,treatment,0.0,1,15.93,0
16107,treatment,50.18,0,0.0,0
16108,treatment,0.0,0,0.0,0
16109,control,0.0,0,0.0,0
16110,treatment,0.0,0,0.0,0
16111,treatment,307.13,0,0.0,0
16112,treatment,0.0,0,0.0,0
16113,treatment,0.0,1,74.6,0
16114,control,0.0,0,0.0,0
16115,treatment,0.0,0,0.0,0
16116,treatment,0.0,0,0.0,0
16117,control,38.45,0,0.0,0
16118,treatment,0.0,0,0.0,0
16119,treatment,73.27,1,70.78,0
16120,treatment,58.53,0,0.0,0
16121,treatment,25.38,0,0.0,0
16122,treatment,0.0,0,0.0,0
16123,treatment,0.0,0,0.0,0
16124,control,0.0,0,0.0,0
16125,control,0.0,1,61.4,0
16126,control,0.0,0,0.0,0
16127,control,149.07,0,0.0,0
16128,control,101.8,0,0.0,0
16129,control,0.0,0,0.0,0
16130,control,115.77,0,0.0,0
16131,treatment,0.0,0,0.0,0
16132,control,62.34,0,0.0,0
16133,treatment,97.16,0,0.0,0
16134,treatment,27.81,1,77.04,0
16135,treatment,18.82,0,0.0,0
16136,control,328.03,1,184.41,0
16137,control,0.0,0,0.0,0
16138,treatment,0.0,0,0.0,0
16139,treatment,0.0,0,0.0,0
16140,treatment,47.92,0,0.0,0
16141,control,43.15,0,0.0,0
16142,control,189.98,0,0.0,0
16143,control,180.13,1,102.66,0
16144,control,109.72,0,0.0,0
16145,control,83.28,0,0.0,0
16146,treatment,0.0,0,0.0,0
16147,treatment,0.0,0,0.0,0
16148,treatment,28.6,1,58.38,0
16149,treatment,44.4,0,0.0,0
16150,control,47.97,1,234.51,0
16151,treatment,53.2,0,0.0,0
16152,treatment,0.0,0,0.0,0
16153,control,0.0,0,0.0,0
16154,control,0.0,0,0.0,0
16155,control,0.0,0,0.0,0
16156,control,0.0,0,0.0,0
16157,treatment,0.0,0,0.0,0
16158,control,331.06,0,0.0,0
16159,control,85.53,0,0.0,0
16160,treatment,68.48,0,0.0,0
16161,treatment,0.0,0,0.0,0
16162,treatment,49.64,0,0.0,0
16163,control,0.0,0,0.0,0
16164,control,0.0,0,0.0,0
16165,control,0.0,0,0.0,0
16166,treatment,291.53,0,0.0,0
16167,control,156.31,0,0.0,0
16168,control,37.43,0,0.0,0
16169,treatment,0.0,1,40.49,0
16170,control,0.0,0,0.0,0
16171,treatment,0.0,0,0.0,0
16172,control,108.74,0,0.0,0
16173,control,49.68,0,0.0,0
16174,control,0.0,0,0.0,0
16175,treatment,0.0,0,0.0,0
16176,treatment,395.3,0,0.0,0
16177,treatment,0.0,1,21.47,0
16178,control,27.44,0,0.0,0
16179,control,0.0,0,0.0,0
16180,treatment,113.58,0,0.0,0
16181,treatment,655.61,0,0.0,0
16182,control,45.03,0,0.0,0
16183,control,226.6,0,0.0,0
16184,treatment,0.0,0,0.0,0
16185,treatment,440.34,0,0.0,0
16186,control,404.55,1,51.4,0
16187,treatment,0.0,1,68.89,0
16188,control,0.0,0,0.0,0
16189,control,46.97,0,0.0,0
16190,treatment,28.79,0,0.0,0
16191,treatment,27.12,1,28.35,0
16192,treatment,66.14,0,0.0,0
16193,control,0.0,0,0.0,0
16194,treatment,0.0,0,0.0,0
16195,treatment,0.0,0,0.0,0
16196,treatment,0.0,0,0.0,0
16197,treatment,35.65,0,0.0,0
16198,treatment,213.19,1,82.68,0
16199,control,0.0,1,38.41,0
16200,control,0.0,0,0.0,0
16201,treatment,0.0,0,0.0,0
16202,treatment,0.0,0,0.0,0
16203,control,76.0,0,0.0,0
16204,treatment,0.0,0,0.0,0
16205,control,0.0,0,0.0,0
16206,control,149.16,0,0.0,0
16207,control,0.0,0,0.0,0
16208,treatment,104.69,0,0.0,0
16209,control,0.0,0,0.0,0
16210,control,0.0,0,0.0,0
16211,control,0.0,1,72.08,0
16212,control,35.53,1,56.78,0
16213,treatment,108.04,0,0.0,0
16216,treatment,56.45,0,0.0,0
16217,treatment,0.0,0,0.0,0
16218,control,0.0,0,0.0,0
16219,treatment,0.0,0,0.0,0
16220,control,138.04,0,0.0,0
16221,control,0.0,0,0.0,0
16222,treatment,0.0,0,0.0,0
16223,control,30.42,0,0.0,0
16224,control,0.0,0,0.0,0
16225,treatment,0.0,0,0.0,0
16226,control,0.0,1,60.45,0
16227,control,0.0,0,0.0,0
16228,control,61.42,0,0.0,0
16229,control,66.37,0,0.0,0
16230,control,230.26,0,0.0,0
16231,control,0.0,0,0.0,0
16232,control,58.12,0,0.0,0
16233,control,0.0,0,0.0,0
16234,treatment,155.14,0,0.0,0
16235,control,0.0,0,0.0,0
16236,control,61.51,0,0.0,0
16237,treatment,0.0,0,0.0,0
16238,treatment,0.0,0,0.0,0
16239,treatment,80.03,0,0.0,0
16240,treatment,217.09,0,0.0,0
16241,control,0.0,0,0.0,0
16242,control,69.8,1,34.54,0
16243,treatment,0.0,0,0.0,0
16244,control,45.46,0,0.0,0
16245,treatment,0.0,0,0.0,0
16246,control,41.8,0,0.0,0
16247,control,107.92,0,0.0,0
16248,treatment,62.13,0,0.0,0
16249,control,0.0,0,0.0,0
16250,treatment,0.0,0,0.0,0
16251,control,0.0,0,0.0,0
16252,control,0.0,0,0.0,0
16254,treatment,45.2,0,0.0,0
16255,treatment,55.81,0,0.0,0
16256,treatment,0.0,0,0.0,0
16257,control,139.23,1,107.11,0
16258,treatment,0.0,0,0.0,0
16259,control,38.64,0,0.0,0
16260,treatment,164.92,0,0.0,0
16261,treatment,108.14,0,0.0,0
16262,treatment,88.42,0,0.0,0
16263,treatment,79.85,0,0.0,0
16264,control,103.38,0,0.0,0
16265,control,58.85,0,0.0,0
16266,treatment,39.28,0,0.0,0
16267,control,47.43,0,0.0,0
16268,control,0.0,0,0.0,0
16269,control,66.14,1,83.09,0
16271,treatment,94.33,0,0.0,0
16272,control,0.0,0,0.0,0
16273,treatment,0.0,0,0.0,0
16274,control,0.0,0,0.0,0
16275,treatment,40.25,0,0.0,0
16276,treatment,0.0,0,0.0,0
16277,control,60.49,0,0.0,0
16278,treatment,0.0,0,0.0,0
16279,control,0.0,0,0.0,0
16280,treatment,0.0,0,0.0,0
16281,control,52.96,1,102.69,0
16282,control,0.0,0,0.0,0
16283,control,165.11,0,0.0,0
16284,control,72.73,0,0.0,0
16285,treatment,0.0,0,0.0,0
16286,control,0.0,0,0.0,0
16287,control,0.0,0,0.0,0
16288,control,0.0,0,0.0,0
16289,treatment,42.31,0,0.0,0
16290,control,91.9,0,0.0,0
16291,treatment,55.46,0,0.0,0
16292,treatment,99.8,0,0.0,0
16293,control,42.68,0,0.0,0
16294,control,0.0,0,0.0,0
16295,treatment,116.26,0,0.0,0
16296,control,0.0,0,0.0,0
16297,control,92.57,1,54.92,0
16298,treatment,117.12,1,62.1,0
16299,control,0.0,0,0.0,0
16300,treatment,0.0,0,0.0,0
16301,treatment,339.79,1,39.66,0
16302,control,60.1,0,0.0,0
16303,treatment,0.0,1,38.32,0
16304,control,0.0,0,0.0,0
16305,treatment,0.0,0,0.0,0
16306,treatment,47.6,0,0.0,0
16307,treatment,0.0,0,0.0,0
16308,control,32.46,0,0.0,0
16309,control,46.79,0,0.0,0
16310,treatment,0.0,0,0.0,0
16311,treatment,0.0,0,0.0,0
16312,control,0.0,0,0.0,0
16313,control,0.0,0,0.0,0
16314,treatment,50.09,0,0.0,0
16315,control,60.94,0,0.0,0
16316,treatment,0.0,0,0.0,0
16317,treatment,86.1,0,0.0,0
16318,control,0.0,0,0.0,0
16319,control,193.78,0,0.0,0
16320,treatment,58.93,1,136.62,0
16321,control,0.0,0,0.0,0
16322,control,0.0,0,0.0,0
16323,treatment,0.0,0,0.0,0
16324,treatment,0.0,0,0.0,0
16325,treatment,57.84,0,0.0,0
16326,treatment,0.0,0,0.0,0
16327,treatment,0.0,0,0.0,0
16328,treatment,351.42,1,153.53,0
16329,control,37.4,0,0.0,0
16330,treatment,0.0,0,0.0,0
16331,control,157.57,0,0.0,0
16332,treatment,0.0,0,0.0,0
16333,treatment,0.0,0,0.0,0
16334,treatment,49.8,0,0.0,0
16335,treatment,0.0,0,0.0,0
16336,treatment,0.0,0,0.0,0
16337,control,85.94,0,0.0,0
16338,control,73.32,1,48.82,1
16339,control,220.02,0,0.0,0
16340,control,89.66,0,0.0,0
16341,treatment,0.0,0,0.0,0
16342,control,0.0,0,0.0,0
16343,treatment,0.0,0,0.0,0
16344,control,249.26,1,85.53,0
16345,control,0.0,0,0.0,0
16346,control,426.5,0,0.0,0
16347,control,0.0,0,0.0,0
16348,control,135.42,0,0.0,0
16349,treatment,0.0,0,0.0,0
16350,control,0.0,0,0.0,0
16351,control,0.0,0,0.0,0
16352,treatment,0.0,0,0.0,0
16353,control,410.49,0,0.0,0
16354,treatment,41.9,0,0.0,0
16355,treatment,0.0,0,0.0,0
16356,control,0.0,1,98.58,0
16357,control,0.0,0,0.0,0
16358,control,18.33,0,0.0,0
16359,control,35.12,1,30.15,0
16360,treatment,378.65,0,0.0,0
16361,control,0.0,0,0.0,0
16362,control,38.33,0,0.0,0
16363,control,0.0,0,0.0,0
16364,treatment,0.0,0,0.0,0
16365,treatment,0.0,0,0.0,0
16366,control,0.0,1,28.59,0
16367,treatment,0.0,1,60.38,0
16368,treatment,0.0,0,0.0,0
16369,control,332.77,0,0.0,0
16370,treatment,1168.97,0,0.0,0
16371,control,0.0,0,0.0,0
16372,treatment,154.4,1,59.85,0
16373,control,0.0,0,0.0,0
16374,control,0.0,0,0.0,0
16375,treatment,197.83,0,0.0,0
16376,control,38.19,0,0.0,0
16377,treatment,174.45,0,0.0,0
16378,control,0.0,0,0.0,0
16379,control,75.76,0,0.0,0
16380,control,54.11,0,0.0,0
16381,treatment,80.95,1,64.93,0
16382,treatment,109.87,1,75.53,0
16383,treatment,71.6,1,37.78,0
16384,control,0.0,0,0.0,0
16385,control,0.0,0,0.0,0
16386,control,0.0,0,0.0,0
16387,treatment,205.76,0,0.0,0
16388,control,31.5,0,0.0,0
16389,treatment,65.83,1,73.34,0
16390,control,0.0,1,73.33,0
16391,treatment,0.0,0,0.0,0
16392,treatment,225.33,1,98.13,0
16393,control,64.7,0,0.0,0
16394,treatment,327.28,1,106.83,0
16395,treatment,34.45,0,0.0,0
16396,treatment,0.0,0,0.0,0
16397,treatment,0.0,0,0.0,0
16398,control,169.53,0,0.0,0
16399,control,0.0,0,0.0,0
16400,treatment,49.02,0,0.0,0
16401,treatment,106.55,0,0.0,0
16402,treatment,0.0,0,0.0,0
16403,treatment,0.0,0,0.0,0
16404,treatment,0.0,0,0.0,0
16405,treatment,158.22,0,0.0,0
16406,control,0.0,0,0.0,0
16407,control,51.11,0,0.0,0
16408,treatment,0.0,0,0.0,0
16409,treatment,0.0,0,0.0,0
16410,control,0.0,0,0.0,0
16411,treatment,0.0,0,0.0,0
16412,control,0.0,0,0.0,0
16413,control,76.44,0,0.0,0
16414,control,111.29,0,0.0,0
16415,treatment,0.0,0,0.0,0
16416,control,132.42,1,43.53,0
16417,control,0.0,0,0.0,0
16418,control,108.1,0,0.0,0
16419,treatment,0.0,1,53.3,0
16420,treatment,0.0,0,0.0,0
16421,control,67.64,0,0.0,0
16422,control,0.0,0,0.0,0
16423,control,34.98,1,95.74,0
16424,treatment,0.0,0,0.0,0
16425,control,0.0,0,0.0,0
16426,control,0.0,0,0.0,0
16427,control,88.93,0,0.0,0
16428,treatment,0.0,0,0.0,0
16429,treatment,42.66,0,0.0,0
16430,control,60.26,0,0.0,0
16431,treatment,0.0,0,0.0,0
16432,control,289.37,1,74.34,0
16433,control,0.0,0,0.0,0
16434,control,0.0,0,0.0,0
16435,control,198.17,1,19.09,0
16437,treatment,0.0,0,0.0,0
16438,treatment,0.0,0,0.0,0
16439,control,0.0,0,0.0,0
16440,treatment,79.18,0,0.0,0
16441,treatment,242.18,0,0.0,0
16442,control,0.0,0,0.0,0
16443,treatment,0.0,0,0.0,0
16444,treatment,0.0,0,0.0,0
16445,treatment,0.0,0,0.0,0
16446,treatment,0.0,0,0.0,0
16447,control,488.55,0,0.0,0
16448,control,114.07,1,41.17,0
16449,control,0.0,1,136.97,0
16450,treatment,0.0,0,0.0,0
16451,control,0.0,0,0.0,0
16452,treatment,0.0,0,0.0,0
16453,treatment,167.48,0,0.0,0
16454,treatment,0.0,0,0.0,0
16455,treatment,225.46,0,0.0,0
16456,treatment,703.14,0,0.0,0
16457,control,39.26,0,0.0,0
16458,control,0.0,1,98.66,0
16459,treatment,32.97,1,110.68,0
16460,treatment,19.27,0,0.0,0
16461,control,0.0,0,0.0,0
16462,treatment,37.27,0,0.0,0
16463,treatment,94.13,0,0.0,0
16464,control,58.59,0,0.0,0
16465,treatment,86.94,0,0.0,0
16466,control,0.0,0,0.0,0
16467,treatment,0.0,0,0.0,0
16468,treatment,0.0,0,0.0,0
16469,treatment,207.92,0,0.0,0
16470,control,0.0,0,0.0,0
16471,treatment,0.0,0,0.0,0
16472,control,0.0,0,0.0,0
16473,control,0.0,1,19.79,0
16474,treatment,54.21,0,0.0,0
16475,control,0.0,0,0.0,0
16476,treatment,0.0,0,0.0,0
16477,control,0.0,1,45.7,0
16478,control,46.88,0,0.0,0
16479,treatment,0.0,0,0.0,0
16480,control,923.89,1,203.36,0
16481,treatment,226.55,0,0.0,0
16482,treatment,37.5,0,0.0,0
16483,treatment,29.88,0,0.0,0
16484,control,105.4,0,0.0,0
16485,control,114.96,1,83.6,0
16486,treatment,313.53,1,62.17,0
16487,control,69.67,0,0.0,0
16488,control,32.66,0,0.0,0
16489,control,50.17,0,0.0,0
16490,treatment,0.0,0,0.0,0
16491,control,152.39,0,0.0,0
16492,control,0.0,0,0.0,0
16493,treatment,0.0,0,0.0,0
16494,control,59.92,0,0.0,0
16495,treatment,0.0,0,0.0,0
16496,control,0.0,0,0.0,0
16497,treatment,0.0,0,0.0,0
16498,treatment,100.88,0,0.0,0
16499,control,0.0,0,0.0,0
16500,treatment,0.0,0,0.0,0
16501,control,121.97,0,0.0,0
16502,control,78.68,0,0.0,0
16503,control,0.0,0,0.0,0
16504,treatment,0.0,0,0.0,0
16505,control,107.59,0,0.0,0
16506,treatment,0.0,0,0.0,0
16507,treatment,73.4,0,0.0,0
16508,treatment,0.0,0,0.0,0
16509,control,44.51,0,0.0,0
16510,control,0.0,0,0.0,0
16511,treatment,0.0,0,0.0,0
16512,treatment,0.0,0,0.0,0
16513,control,36.52,0,0.0,0
16514,treatment,0.0,0,0.0,0
16515,control,52.42,0,0.0,0
16516,control,0.0,0,0.0,0
16517,treatment,29.42,0,0.0,0
16518,treatment,0.0,0,0.0,0
16519,treatment,0.0,0,0.0,0
16520,control,113.71,0,0.0,0
16521,control,92.96,1,84.85,0
16522,treatment,0.0,0,0.0,0
16523,treatment,445.06,0,0.0,0
16524,control,0.0,0,0.0,0
16525,treatment,75.62,0,0.0,0
16526,control,71.61,0,0.0,0
16527,control,0.0,0,0.0,0
16528,treatment,0.0,0,0.0,0
16530,control,0.0,0,0.0,0
16531,control,42.42,0,0.0,0
16532,treatment,0.0,0,0.0,0
16533,treatment,0.0,0,0.0,0
16534,treatment,0.0,0,0.0,0
16535,treatment,0.0,0,0.0,0
16536,control,98.77,1,63.3,0
16537,control,0.0,1,40.2,1
16538,control,48.38,0,0.0,0
16539,treatment,0.0,0,0.0,0
16540,treatment,149.68,0,0.0,0
16541,control,0.0,0,0.0,0
16542,control,0.0,0,0.0,0
16543,treatment,0.0,1,30.92,0
16544,treatment,0.0,0,0.0,0
16545,treatment,86.28,0,0.0,0
16546,treatment,0.0,0,0.0,0
16547,treatment,0.0,0,0.0,0
16548,control,0.0,0,0.0,0
16549,control,0.0,0,0.0,0
16550,control,173.5,0,0.0,0
16551,treatment,0.0,0,0.0,0
16552,control,0.0,0,0.0,0
16554,control,0.0,0,0.0,0
16555,treatment,35.27,0,0.0,0
16556,treatment,37.78,1,86.11,0
16557,control,97.04,0,0.0,0
16558,treatment,28.56,0,0.0,0
16559,treatment,278.69,0,0.0,0
16560,control,59.23,0,0.0,0
16561,control,122.32,1,43.69,0
16562,treatment,0.0,0,0.0,0
16563,treatment,0.0,0,0.0,0
16564,treatment,404.64,0,0.0,0
16565,treatment,53.98,1,61.28,1
16566,control,0.0,0,0.0,0
16567,control,72.22,0,0.0,0
16568,control,0.0,0,0.0,0
16569,control,99.12,0,0.0,0
16570,control,0.0,0,0.0,0
16571,treatment,144.11,1,47.92,0
16572,treatment,0.0,0,0.0,0
16573,treatment,0.0,0,0.0,0
16574,treatment,0.0,0,0.0,0
16575,control,0.0,0,0.0,0
16576,treatment,102.63,1,96.3,0
16577,control,0.0,0,0.0,0
16578,treatment,106.34,0,0.0,0
16579,treatment,46.91,0,0.0,0
16580,treatment,51.02,0,0.0,0
16581,control,0.0,1,59.02,0
16582,control,0.0,0,0.0,0
16583,treatment,0.0,0,0.0,0
16584,control,29.2,0,0.0,0
16585,treatment,0.0,0,0.0,0
16586,control,0.0,0,0.0,0
16587,treatment,98.19,1,99.93,0
16588,treatment,0.0,0,0.0,0
16589,control,0.0,0,0.0,0
16590,treatment,0.0,0,0.0,0
16591,control,0.0,0,0.0,0
16592,control,201.75,0,0.0,0
16593,treatment,49.53,0,0.0,0
16594,treatment,60.7,0,0.0,0
16595,treatment,0.0,0,0.0,0
16596,control,94.79,1,53.18,0
16597,control,0.0,0,0.0,0
16598,treatment,0.0,0,0.0,0
16599,control,0.0,0,0.0,0
16600,control,222.43,0,0.0,0
16601,control,0.0,0,0.0,0
16602,treatment,179.72,0,0.0,0
16603,treatment,31.89,0,0.0,0
16604,control,168.7,0,0.0,0
16605,control,50.76,0,0.0,0
16606,treatment,82.29,0,0.0,0
16607,treatment,0.0,0,0.0,0
16608,control,0.0,0,0.0,0
16609,treatment,118.03,0,0.0,0
16610,treatment,0.0,0,0.0,0
16611,control,44.84,0,0.0,0
16612,treatment,42.62,0,0.0,0
16613,control,0.0,0,0.0,0
16614,treatment,0.0,0,0.0,0
16615,control,128.47,0,0.0,0
16616,treatment,0.0,0,0.0,0
16617,control,0.0,1,51.96,0
16618,treatment,0.0,0,0.0,0
16619,control,70.75,0,0.0,0
16620,control,98.37,1,66.52,0
16621,treatment,0.0,0,0.0,0
16622,control,118.07,0,0.0,0
16623,treatment,0.0,0,0.0,0
16624,control,19.5,0,0.0,0
16625,treatment,110.65,1,40.47,0
16626,control,53.83,0,0.0,0
16627,treatment,0.0,0,0.0,0
16628,control,0.0,1,45.29,0
16629,treatment,250.31,0,0.0,0
16630,control,65.95,0,0.0,0
16631,treatment,41.9,0,0.0,0
16632,control,46.52,0,0.0,0
16633,treatment,55.16,0,0.0,0
16634,treatment,157.07,0,0.0,0
16635,control,111.16,0,0.0,0
16636,treatment,0.0,0,0.0,0
16637,treatment,37.94,0,0.0,0
16638,control,0.0,0,0.0,0
16639,control,0.0,0,0.0,0
16640,control,0.0,0,0.0,0
16641,treatment,0.0,0,0.0,0
16642,treatment,30.21,0,0.0,0
16643,control,52.59,0,0.0,0
16644,control,101.62,0,0.0,0
16645,control,0.0,0,0.0,0
16646,control,0.0,0,0.0,0
16647,treatment,60.34,0,0.0,0
16648,control,226.15,0,0.0,0
16649,treatment,34.11,0,0.0,0
16650,treatment,0.0,0,0.0,0
16651,control,57.47,0,0.0,0
16652,treatment,63.22,0,0.0,0
16653,treatment,53.19,0,0.0,0
16654,treatment,98.36,0,0.0,0
16656,control,0.0,0,0.0,0
16657,control,498.69,0,0.0,0
16658,treatment,272.27,0,0.0,0
16659,treatment,0.0,0,0.0,0
16660,treatment,0.0,0,0.0,0
16661,treatment,58.44,1,28.75,0
16662,treatment,0.0,0,0.0,0
16663,treatment,44.66,0,0.0,0
16664,control,0.0,0,0.0,0
16665,treatment,142.41,0,0.0,0
16666,control,0.0,0,0.0,0
16667,treatment,0.0,0,0.0,0
16668,treatment,58.3,0,0.0,0
16669,treatment,0.0,1,28.05,0
16670,control,74.08,0,0.0,0
16671,control,44.49,0,0.0,0
16672,treatment,0.0,0,0.0,0
16673,treatment,50.88,0,0.0,0
16674,treatment,3533.93,1,193.92,0
16675,treatment,0.0,0,0.0,0
16676,treatment,0.0,0,0.0,0
16677,treatment,64.51,0,0.0,0
16678,treatment,0.0,0,0.0,0
16679,control,56.26,0,0.0,0
16680,treatment,163.19,0,0.0,0
16681,control,0.0,0,0.0,0
16682,control,0.0,0,0.0,0
16683,control,0.0,0,0.0,0
16684,treatment,0.0,0,0.0,0
16685,control,92.37,0,0.0,0
16686,control,0.0,1,39.24,0
16687,control,75.54,0,0.0,0
16688,treatment,0.0,0,0.0,0
16689,treatment,273.71,1,55.29,0
16690,treatment,67.83,0,0.0,0
16691,treatment,0.0,0,0.0,0
16692,control,0.0,0,0.0,0
16693,control,0.0,0,0.0,0
16694,treatment,58.81,0,0.0,0
16695,control,0.0,0,0.0,0
16696,control,80.22,0,0.0,0
16697,control,296.27,1,71.94,0
16698,treatment,0.0,0,0.0,0
16699,treatment,0.0,0,0.0,0
16700,control,0.0,0,0.0,0
16701,treatment,0.0,0,0.0,0
16702,treatment,0.0,0,0.0,0
16703,treatment,41.89,0,0.0,0
16704,control,427.82,0,0.0,0
16705,control,81.34,0,0.0,0
16706,control,0.0,0,0.0,0
16707,control,0.0,0,0.0,0
16708,control,0.0,0,0.0,0
16709,treatment,0.0,0,0.0,0
16710,treatment,0.0,0,0.0,0
16711,treatment,0.0,0,0.0,0
16712,treatment,180.45,0,0.0,0
16713,treatment,0.0,0,0.0,0
16714,control,0.0,0,0.0,0
16715,treatment,0.0,0,0.0,0
16716,control,0.0,0,0.0,0
16717,control,137.52,0,0.0,0
16718,control,0.0,0,0.0,0
16719,treatment,22.02,0,0.0,0
16720,treatment,0.0,0,0.0,0
16721,control,83.18,0,0.0,0
16722,control,329.43,0,0.0,0
16723,treatment,228.02,0,0.0,0
16724,control,0.0,0,0.0,0
16725,control,91.17,0,0.0,0
16726,control,35.73,0,0.0,0
16727,control,105.65,0,0.0,0
16728,treatment,190.03,0,0.0,0
16729,control,0.0,0,0.0,0
16730,control,0.0,0,0.0,0
16731,control,108.4,1,38.13,0
16732,control,0.0,1,143.11,0
16733,control,75.7,0,0.0,0
16734,control,87.6,1,109.86,0
16735,treatment,0.0,0,0.0,0
16736,control,52.52,0,0.0,0
16737,control,0.0,1,77.14,0
16738,treatment,33.17,0,0.0,0
16739,treatment,0.0,0,0.0,0
16740,treatment,597.69,1,94.4,0
16741,control,0.0,0,0.0,0
16742,control,0.0,0,0.0,0
16743,treatment,103.52,0,0.0,0
16744,control,35.06,0,0.0,0
16745,treatment,14.49,0,0.0,0
16746,treatment,0.0,0,0.0,0
16747,control,40.33,0,0.0,0
16748,control,244.91,0,0.0,0
16749,treatment,0.0,0,0.0,0
16750,treatment,0.0,0,0.0,0
16751,treatment,0.0,0,0.0,0
16752,treatment,108.74,0,0.0,0
16753,control,58.41,1,34.72,0
16754,treatment,59.05,0,0.0,0
16755,control,0.0,0,0.0,0
16756,control,101.66,0,0.0,0
16757,control,59.19,0,0.0,0
16758,control,36.27,1,200.12,0
16759,treatment,133.11,1,42.65,0
16760,treatment,35.29,0,0.0,0
16761,treatment,0.0,1,45.84,0
16762,control,98.55,0,0.0,0
16763,treatment,48.13,0,0.0,0
16764,treatment,0.0,0,0.0,0
16765,treatment,99.64,0,0.0,0
16766,control,0.0,0,0.0,0
16767,treatment,106.67,1,33.94,0
16768,control,98.17,0,0.0,0
16769,treatment,0.0,0,0.0,0
16770,control,41.18,0,0.0,0
16771,control,37.83,0,0.0,0
16772,control,0.0,0,0.0,0
16773,control,141.97,0,0.0,0
16774,control,0.0,0,0.0,0
16775,treatment,32.74,0,0.0,0
16776,control,108.39,0,0.0,0
16777,control,0.0,0,0.0,0
16778,control,0.0,0,0.0,0
16779,treatment,99.81,1,26.78,1
16780,treatment,184.47,0,0.0,0
16781,control,0.0,0,0.0,0
16782,treatment,0.0,0,0.0,0
16783,treatment,0.0,0,0.0,0
16784,control,0.0,0,0.0,0
16785,treatment,0.0,0,0.0,0
16786,control,37.34,0,0.0,0
16787,control,0.0,0,0.0,0
16788,treatment,35.26,0,0.0,0
16789,control,121.21,0,0.0,0
16790,treatment,55.44,0,0.0,0
16791,control,256.51,0,0.0,0
16792,treatment,0.0,0,0.0,0
16793,control,0.0,0,0.0,0
16794,control,0.0,0,0.0,0
16795,control,98.8,0,0.0,0
16796,control,0.0,0,0.0,0
16797,control,36.47,0,0.0,0
16798,treatment,0.0,0,0.0,0
16799,control,0.0,0,0.0,0
16800,treatment,0.0,0,0.0,0
16801,control,0.0,0,0.0,0
16802,treatment,131.27,0,0.0,0
16803,treatment,40.86,0,0.0,0
16804,control,109.81,1,41.31,0
16805,treatment,0.0,0,0.0,0
16806,control,0.0,0,0.0,0
16807,treatment,64.18,0,0.0,0
16808,treatment,152.13,1,40.03,0
16809,treatment,0.0,0,0.0,0
16810,treatment,94.78,0,0.0,0
16811,control,0.0,0,0.0,0
16812,treatment,36.4,0,0.0,0
16813,treatment,0.0,0,0.0,0
16814,control,40.93,1,110.06,0
16815,treatment,371.34,0,0.0,0
16816,control,0.0,0,0.0,0
16817,treatment,93.14,0,0.0,0
16818,control,95.98,0,0.0,0
16819,control,0.0,0,0.0,0
16820,treatment,0.0,0,0.0,0
16821,control,0.0,0,0.0,0
16822,treatment,0.0,0,0.0,0
16823,treatment,67.03,0,0.0,0
16824,treatment,69.97,0,0.0,0
16825,treatment,252.05,1,68.26,0
16826,control,299.38,0,0.0,0
16827,control,19.87,0,0.0,0
16828,treatment,0.0,0,0.0,0
16829,treatment,0.0,0,0.0,0
16830,treatment,42.09,0,0.0,0
16831,treatment,0.0,0,0.0,0
16832,treatment,0.0,0,0.0,0
16833,treatment,109.93,1,82.05,0
16834,treatment,64.72,0,0.0,0
16835,control,100.1,0,0.0,0
16836,control,0.0,0,0.0,0
16837,treatment,0.0,0,0.0,0
16838,control,49.3,0,0.0,0
16839,control,0.0,0,0.0,0
16840,control,0.0,0,0.0,0
16841,treatment,196.6,0,0.0,0
16842,treatment,64.45,0,0.0,0
16843,control,0.0,0,0.0,0
16844,control,94.74,0,0.0,0
16845,control,0.0,1,21.4,0
16846,control,130.27,1,71.29,0
16847,control,45.82,0,0.0,0
16848,control,0.0,0,0.0,0
16849,treatment,0.0,0,0.0,0
16850,treatment,23.85,0,0.0,0
16851,control,0.0,0,0.0,0
16852,control,181.33,1,60.59,0
16853,treatment,59.37,0,0.0,0
16854,control,623.49,1,80.71,0
16855,treatment,0.0,0,0.0,0
16856,control,0.0,1,45.72,0
16857,treatment,0.0,0,0.0,0
16858,control,0.0,0,0.0,0
16859,control,56.79,0,0.0,0
16860,treatment,37.86,0,0.0,0
16861,control,0.0,0,0.0,0
16862,treatment,132.06,0,0.0,0
16863,treatment,0.0,0,0.0,0
16864,treatment,0.0,0,0.0,0
16865,treatment,0.0,0,0.0,0
16866,treatment,69.54,0,0.0,0
16867,treatment,45.01,0,0.0,0
16868,control,96.52,0,0.0,0
16869,control,121.82,0,0.0,0
16870,control,79.48,0,0.0,0
16871,treatment,117.83,0,0.0,0
16872,treatment,0.0,0,0.0,0
16873,control,0.0,0,0.0,0
16874,control,83.77,0,0.0,0
16875,treatment,107.83,0,0.0,0
16876,control,257.26,0,0.0,0
16877,control,72.44,0,0.0,0
16878,treatment,53.94,0,0.0,0
16879,treatment,215.24,0,0.0,0
16880,treatment,46.23,0,0.0,0
16882,control,22.0,0,0.0,0
16883,control,59.48,0,0.0,0
16884,control,0.0,0,0.0,0
16885,treatment,66.3,0,0.0,0
16887,control,0.0,0,0.0,0
16888,treatment,33.37,0,0.0,0
16889,control,459.27,1,86.14,0
16890,control,26.95,1,68.41,0
16891,control,0.0,0,0.0,0
16892,treatment,41.71,1,43.96,0
16893,treatment,0.0,0,0.0,0
16894,control,77.66,0,0.0,0
16895,treatment,0.0,0,0.0,0
16896,treatment,48.74,0,0.0,0
16897,control,102.71,0,0.0,0
16898,treatment,0.0,0,0.0,0
16900,treatment,45.48,0,0.0,0
16901,control,317.13,0,0.0,0
16902,control,69.5,0,0.0,0
16903,treatment,0.0,0,0.0,0
16904,control,0.0,0,0.0,0
16905,treatment,137.48,0,0.0,0
16906,treatment,61.16,0,0.0,0
16907,treatment,274.11,1,158.09,0
16908,control,74.2,0,0.0,0
16909,control,0.0,0,0.0,0
16910,control,0.0,0,0.0,0
16911,control,52.16,0,0.0,0
16912,treatment,42.47,0,0.0,0
16913,treatment,64.23,0,0.0,0
16914,control,71.21,0,0.0,0
16915,treatment,0.0,0,0.0,0
16916,treatment,33.55,1,78.73,0
16918,treatment,0.0,0,0.0,0
16919,control,42.66,0,0.0,0
16920,control,0.0,0,0.0,0
16921,control,89.94,0,0.0,0
16922,control,0.0,1,27.64,0
16923,control,99.33,0,0.0,0
16924,control,0.0,0,0.0,0
16925,control,0.0,0,0.0,0
16926,treatment,70.95,0,0.0,0
16927,control,59.74,0,0.0,0
16928,control,190.09,1,93.83,0
16929,control,0.0,0,0.0,0
16930,control,374.41,0,0.0,0
16931,control,28.6,0,0.0,0
16932,treatment,52.0,0,0.0,0
16933,control,92.91,1,23.84,0
16934,control,0.0,0,0.0,0
16935,control,0.0,0,0.0,0
16936,control,81.63,0,0.0,0
16937,control,62.31,0,0.0,0
16938,control,0.0,1,226.96,0
16939,treatment,0.0,0,0.0,0
16940,control,0.0,0,0.0,0
16941,treatment,0.0,0,0.0,0
16942,treatment,39.79,1,52.82,0
16943,control,78.14,0,0.0,0
16944,treatment,0.0,0,0.0,0
16945,treatment,0.0,0,0.0,0
16946,control,119.34,1,53.27,1
16947,control,49.02,0,0.0,0
16949,treatment,0.0,0,0.0,0
16950,control,0.0,1,25.17,0
16951,treatment,0.0,0,0.0,0
16952,treatment,0.0,0,0.0,0
16953,control,0.0,0,0.0,0
16954,treatment,48.5,0,0.0,0
16955,treatment,24.01,0,0.0,0
16956,treatment,56.98,0,0.0,0
16957,treatment,0.0,0,0.0,0
16958,treatment,133.49,1,136.35,0
16959,control,0.0,0,0.0,0
16960,control,164.08,0,0.0,0
16961,control,88.19,0,0.0,0
16962,control,0.0,0,0.0,0
16963,treatment,126.91,1,75.97,0
16964,control,0.0,0,0.0,0
16965,control,0.0,0,0.0,0
16966,control,0.0,0,0.0,0
16967,control,27.5,0,0.0,0
16968,control,152.0,0,0.0,0
16969,treatment,67.02,1,82.8,0
16970,control,76.07,0,0.0,0
16971,treatment,0.0,0,0.0,0
16972,control,0.0,0,0.0,0
16973,control,67.21,0,0.0,0
16974,control,0.0,1,47.86,0
16975,control,0.0,0,0.0,0
16976,treatment,0.0,0,0.0,0
16977,treatment,0.0,0,0.0,0
16978,control,15.38,0,0.0,0
16979,control,63.85,0,0.0,0
16980,treatment,206.0,0,0.0,0
16981,control,0.0,1,59.13,0
16982,treatment,46.5,0,0.0,0
16983,treatment,0.0,0,0.0,0
16984,treatment,59.92,0,0.0,0
16985,control,0.0,0,0.0,0
16986,control,0.0,0,0.0,0
16989,control,0.0,0,0.0,0
16990,control,26.18,0,0.0,0
16991,control,62.54,0,0.0,0
16992,control,43.42,0,0.0,0
16993,control,0.0,0,0.0,0
16994,treatment,0.0,0,0.0,0
16995,control,24.54,0,0.0,0
16996,treatment,34.0,1,115.14,0
16997,treatment,288.23,1,85.92,0
16998,control,111.42,0,0.0,0
16999,treatment,0.0,0,0.0,0
17000,control,269.15,1,37.06,0
17001,control,0.0,0,0.0,0
17002,control,0.0,0,0.0,0
17003,control,0.0,0,0.0,0
17004,treatment,0.0,0,0.0,0
17005,control,43.33,0,0.0,0
17006,control,0.0,0,0.0,0
17007,control,0.0,0,0.0,0
17008,control,37.28,0,0.0,0
17009,treatment,0.0,0,0.0,0
17010,control,0.0,0,0.0,0
17011,treatment,0.0,1,40.32,0
17012,control,185.91,1,48.82,0
17013,control,0.0,0,0.0,0
17014,treatment,0.0,0,0.0,0
17015,control,124.66,0,0.0,0
17016,treatment,0.0,0,0.0,0
17017,control,0.0,0,0.0,0
17018,treatment,0.0,0,0.0,0
17019,treatment,0.0,0,0.0,0
17020,treatment,0.0,0,0.0,0
17021,control,133.44,0,0.0,0
17022,treatment,108.97,0,0.0,0
17023,treatment,230.75,1,78.18,0
17024,treatment,0.0,0,0.0,0
17025,control,0.0,1,437.62,0
17026,control,53.51,0,0.0,0
17027,control,0.0,0,0.0,0
17028,treatment,0.0,0,0.0,0
17029,treatment,99.53,0,0.0,0
17030,treatment,0.0,1,72.43,0
17031,treatment,48.86,0,0.0,0
17032,control,41.15,0,0.0,0
17033,treatment,0.0,0,0.0,0
17034,control,0.0,0,0.0,0
17035,treatment,0.0,0,0.0,0
17036,control,0.0,0,0.0,0
17037,control,0.0,0,0.0,0
17038,control,209.35,1,86.98,0
17039,control,0.0,0,0.0,0
17040,control,67.84,0,0.0,0
17041,treatment,0.0,0,0.0,0
17042,control,123.61,0,0.0,0
17043,control,193.52,0,0.0,0
17044,treatment,0.0,0,0.0,0
17045,control,0.0,0,0.0,0
17046,control,0.0,0,0.0,0
17047,treatment,167.37,1,43.6,0
17049,control,51.24,0,0.0,0
17050,treatment,277.54,0,0.0,0
17051,treatment,173.95,0,0.0,0
17052,treatment,0.0,0,0.0,0
17053,treatment,0.0,0,0.0,0
17054,treatment,27.78,0,0.0,0
17055,treatment,47.74,0,0.0,0
17056,control,44.81,0,0.0,0
17057,control,0.0,0,0.0,0
17058,treatment,59.4,1,47.81,0
17059,control,0.0,0,0.0,0
17060,control,0.0,0,0.0,0
17061,control,0.0,0,0.0,0
17062,treatment,0.0,0,0.0,0
17063,control,39.14,0,0.0,0
17064,control,0.0,0,0.0,0
17066,treatment,0.0,0,0.0,0
17067,treatment,0.0,0,0.0,0
17068,control,45.66,0,0.0,0
17069,treatment,0.0,0,0.0,0
17070,treatment,77.92,0,0.0,0
17071,treatment,41.04,0,0.0,0
17072,treatment,0.0,0,0.0,0
17073,control,52.51,0,0.0,0
17074,control,0.0,0,0.0,0
17075,control,0.0,0,0.0,0
17076,treatment,0.0,0,0.0,0
17077,treatment,0.0,0,0.0,0
17078,treatment,0.0,0,0.0,0
17079,control,0.0,0,0.0,0
17080,control,49.71,0,0.0,0
17081,treatment,0.0,0,0.0,0
17082,control,134.41,0,0.0,0
17083,control,0.0,0,0.0,0
17084,treatment,199.96,1,78.26,0
17085,treatment,81.35,0,0.0,0
17086,treatment,0.0,0,0.0,0
17087,treatment,0.0,0,0.0,0
17088,treatment,62.46,0,0.0,0
17089,control,0.0,0,0.0,0
17090,treatment,0.0,0,0.0,0
17091,control,0.0,0,0.0,0
17092,control,0.0,0,0.0,0
17093,control,0.0,1,63.33,0
17094,treatment,66.1,1,53.71,0
17095,control,0.0,0,0.0,0
17096,treatment,0.0,0,0.0,0
17097,treatment,0.0,0,0.0,0
17098,control,0.0,1,53.21,0
17099,treatment,0.0,0,0.0,0
17100,treatment,42.74,0,0.0,0
17101,treatment,0.0,0,0.0,0
17102,treatment,38.33,0,0.0,0
17103,control,142.87,0,0.0,0
17104,control,138.61,0,0.0,0
17105,control,0.0,0,0.0,0
17106,control,342.42,0,0.0,0
17107,control,0.0,0,0.0,0
17108,treatment,46.8,0,0.0,0
17109,control,0.0,0,0.0,0
17110,control,95.62,0,0.0,0
17111,control,396.98,1,166.82,0
17112,control,0.0,1,40.3,0
17113,treatment,63.62,0,0.0,0
17115,treatment,0.0,0,0.0,0
17116,control,235.99,0,0.0,0
17117,control,55.0,0,0.0,0
17118,treatment,65.01,0,0.0,0
17119,treatment,0.0,0,0.0,0
17120,control,62.72,0,0.0,0
17121,treatment,173.26,0,0.0,0
17122,treatment,0.0,0,0.0,0
17123,treatment,0.0,0,0.0,0
17124,control,29.18,0,0.0,0
17125,treatment,0.0,0,0.0,0
17126,treatment,110.11,0,0.0,0
17127,control,0.0,0,0.0,0
17128,control,0.0,0,0.0,0
17129,control,0.0,0,0.0,0
17130,control,68.57,0,0.0,0
17131,treatment,48.73,0,0.0,0
17132,treatment,274.83,0,0.0,0
17133,control,0.0,0,0.0,0
17134,treatment,0.0,0,0.0,0
17135,control,0.0,0,0.0,0
17136,control,0.0,0,0.0,0
17137,treatment,0.0,0,0.0,0
17138,control,0.0,0,0.0,0
17139,treatment,0.0,0,0.0,0
17140,control,100.58,0,0.0,0
17141,treatment,90.23,0,0.0,0
17142,control,0.0,0,0.0,0
17143,control,0.0,0,0.0,0
17144,control,77.32,0,0.0,0
17145,treatment,42.73,0,0.0,0
17146,treatment,0.0,0,0.0,0
17148,control,102.5,1,26.87,0
17149,treatment,39.12,0,0.0,0
17150,control,61.19,0,0.0,0
17151,control,0.0,0,0.0,0
17152,control,118.6,1,119.99,0
17153,treatment,0.0,0,0.0,0
17154,treatment,75.72,0,0.0,0
17155,control,42.21,0,0.0,0
17156,treatment,50.56,0,0.0,0
17157,treatment,167.68,0,0.0,0
17158,control,112.87,0,0.0,0
17159,treatment,48.52,0,0.0,0
17160,control,48.19,0,0.0,0
17161,treatment,710.51,1,140.37,0
17162,treatment,0.0,0,0.0,0
17163,treatment,0.0,0,0.0,0
17164,treatment,0.0,0,0.0,0
17165,control,0.0,0,0.0,0
17166,treatment,46.33,1,88.25,0
17167,treatment,0.0,0,0.0,0
17168,control,0.0,0,0.0,0
17169,control,0.0,0,0.0,0
17170,treatment,0.0,0,0.0,0
17171,control,37.47,0,0.0,0
17172,treatment,0.0,0,0.0,0
17173,control,0.0,0,0.0,0
17174,control,57.99,0,0.0,0
17175,control,0.0,0,0.0,0
17176,treatment,40.65,0,0.0,0
17177,control,60.97,0,0.0,0
17178,treatment,94.3,0,0.0,0
17179,control,114.91,1,41.48,0
17180,treatment,27.72,0,0.0,0
17181,control,52.16,0,0.0,0
17182,treatment,0.0,0,0.0,0
17183,control,0.0,0,0.0,0
17184,treatment,94.86,1,108.25,0
17185,treatment,38.03,0,0.0,0
17186,treatment,35.0,0,0.0,0
17187,treatment,0.0,0,0.0,0
17188,control,0.0,0,0.0,0
17189,control,0.0,0,0.0,0
17190,treatment,148.98,0,0.0,0
17191,treatment,44.1,0,0.0,0
17192,treatment,0.0,0,0.0,0
17193,control,0.0,0,0.0,0
17194,treatment,0.0,0,0.0,0
17195,control,0.0,0,0.0,0
17196,treatment,61.07,0,0.0,0
17197,control,147.98,1,88.28,0
17198,control,0.0,0,0.0,0
17199,control,0.0,1,81.49,0
17200,control,47.94,0,0.0,0
17201,control,69.57,0,0.0,0
17202,control,117.03,0,0.0,0
17203,treatment,0.0,0,0.0,0
17204,treatment,0.0,0,0.0,0
17205,treatment,75.39,0,0.0,0
17206,treatment,36.31,0,0.0,0
17207,control,37.12,0,0.0,0
17208,control,50.32,0,0.0,0
17209,control,0.0,0,0.0,0
17210,treatment,0.0,1,62.1,0
17211,treatment,0.0,0,0.0,0
17212,treatment,0.0,0,0.0,0
17213,treatment,0.0,0,0.0,0
17214,treatment,0.0,0,0.0,0
17216,treatment,0.0,0,0.0,0
17217,control,60.49,0,0.0,0
17218,control,43.16,0,0.0,0
17219,control,0.0,0,0.0,0
17220,control,42.78,0,0.0,0
17221,treatment,37.62,0,0.0,0
17222,treatment,0.0,0,0.0,0
17223,control,0.0,0,0.0,0
17224,control,0.0,0,0.0,0
17225,treatment,0.0,0,0.0,0
17226,treatment,0.0,0,0.0,0
17227,treatment,165.5,1,51.37,0
17228,treatment,0.0,0,0.0,0
17229,control,0.0,0,0.0,0
17230,treatment,86.18,0,0.0,0
17231,control,75.3,0,0.0,0
17232,control,253.76,0,0.0,0
17233,treatment,510.31,0,0.0,0
17234,treatment,0.0,0,0.0,0
17235,treatment,39.34,0,0.0,0
17236,control,35.9,1,52.88,0
17237,control,0.0,0,0.0,0
17238,treatment,83.61,0,0.0,0
17239,control,115.59,0,0.0,0
17240,control,59.04,0,0.0,0
17241,control,0.0,0,0.0,0
17242,control,0.0,0,0.0,0
17243,treatment,83.5,1,51.98,0
17244,treatment,0.0,0,0.0,0
17245,control,0.0,0,0.0,0
17246,treatment,103.68,0,0.0,0
17247,control,318.99,0,0.0,0
17248,treatment,0.0,0,0.0,0
17249,control,242.54,1,44.69,0
17250,treatment,0.0,0,0.0,0
17251,control,0.0,0,0.0,0
17252,treatment,157.4,0,0.0,0
17253,treatment,0.0,0,0.0,0
17254,treatment,36.35,0,0.0,0
17255,control,131.36,0,0.0,0
17256,treatment,0.0,0,0.0,0
17257,control,0.0,0,0.0,0
17258,control,0.0,0,0.0,0
17259,treatment,219.79,0,0.0,0
17260,control,83.03,0,0.0,0
17261,control,0.0,0,0.0,0
17262,treatment,109.55,1,79.97,0
17263,control,49.51,0,0.0,0
17264,control,0.0,0,0.0,0
17265,treatment,0.0,0,0.0,0
17266,treatment,267.65,1,98.84,0
17267,treatment,82.94,0,0.0,0
17268,control,0.0,0,0.0,0
17269,treatment,0.0,0,0.0,0
17270,control,28.21,0,0.0,0
17271,treatment,57.99,1,72.89,0
17272,treatment,0.0,0,0.0,0
17273,treatment,0.0,0,0.0,0
17274,control,19.88,0,0.0,0
17275,control,0.0,1,33.31,0
17276,control,0.0,0,0.0,0
17277,control,106.19,0,0.0,0
17278,control,57.45,0,0.0,0
17279,treatment,0.0,0,0.0,0
17281,treatment,0.0,0,0.0,0
17282,treatment,0.0,0,0.0,0
17283,control,40.89,0,0.0,0
17284,control,0.0,0,0.0,0
17285,treatment,19.61,0,0.0,0
17286,treatment,65.71,0,0.0,0
17287,treatment,40.14,0,0.0,0
17288,treatment,0.0,1,89.67,0
17289,treatment,0.0,0,0.0,0
17290,treatment,128.21,0,0.0,0
17291,treatment,0.0,0,0.0,0
17292,control,0.0,0,0.0,0
17293,treatment,0.0,1,33.14,0
17294,treatment,85.18,0,0.0,0
17295,treatment,165.27,0,0.0,0
17296,control,0.0,0,0.0,0
17297,control,20.65,0,0.0,0
17298,control,153.43,0,0.0,0
17299,treatment,91.63,0,0.0,0
17300,control,0.0,0,0.0,0
17301,treatment,59.16,0,0.0,0
17302,control,355.43,1,42.17,0
17303,treatment,41.34,0,0.0,0
17304,treatment,27.65,0,0.0,0
17305,control,127.0,0,0.0,0
17306,treatment,0.0,0,0.0,0
17307,control,0.0,0,0.0,0
17308,control,0.0,0,0.0,0
17309,control,0.0,0,0.0,0
17310,control,167.77,0,0.0,0
17311,control,65.54,0,0.0,0
17312,control,64.56,0,0.0,0
17313,treatment,0.0,0,0.0,0
17314,control,35.02,0,0.0,0
17315,control,472.27,0,0.0,0
17316,control,0.0,0,0.0,0
17317,control,0.0,0,0.0,0
17318,treatment,44.59,0,0.0,0
17319,control,31.1,0,0.0,0
17320,treatment,61.29,0,0.0,0
17321,control,63.59,0,0.0,0
17322,control,70.97,0,0.0,0
17323,treatment,34.94,0,0.0,0
17324,treatment,0.0,0,0.0,0
17325,treatment,0.0,1,36.63,0
17326,control,0.0,0,0.0,0
17327,treatment,0.0,0,0.0,0
17328,control,0.0,1,46.85,0
17329,control,0.0,0,0.0,0
17330,treatment,37.66,1,38.75,0
17331,control,31.39,1,19.51,0
17332,control,0.0,0,0.0,0
17333,control,136.27,0,0.0,0
17334,control,0.0,1,40.56,0
17335,treatment,0.0,0,0.0,0
17336,treatment,348.55,0,0.0,0
17337,control,0.0,0,0.0,0
17338,control,215.89,0,0.0,0
17339,control,0.0,0,0.0,0
17340,treatment,242.97,1,107.6,1
17341,control,166.69,1,26.74,0
17342,control,0.0,0,0.0,0
17343,treatment,55.73,0,0.0,0
17344,treatment,0.0,0,0.0,0
17345,control,51.33,0,0.0,0
17346,control,254.56,0,0.0,0
17347,control,0.0,0,0.0,0
17348,control,0.0,0,0.0,0
17349,treatment,100.06,0,0.0,0
17350,treatment,143.1,0,0.0,0
17351,treatment,0.0,0,0.0,0
17352,treatment,0.0,0,0.0,0
17353,treatment,63.08,0,0.0,0
17354,control,0.0,0,0.0,0
17355,treatment,0.0,0,0.0,0
17356,treatment,43.95,1,85.83,0
17357,treatment,0.0,0,0.0,0
17358,control,524.97,0,0.0,0
17359,control,58.84,1,54.52,0
17360,treatment,0.0,0,0.0,0
17361,control,0.0,0,0.0,0
17362,control,0.0,0,0.0,0
17363,treatment,44.61,0,0.0,0
17364,treatment,69.99,0,0.0,0
17365,treatment,45.29,0,0.0,0
17366,control,48.44,0,0.0,0
17367,control,0.0,0,0.0,0
17368,control,225.0,0,0.0,0
17369,treatment,105.0,1,215.25,0
17371,treatment,221.35,0,0.0,0
17372,control,250.81,0,0.0,0
17373,control,74.76,0,0.0,0
17374,treatment,29.2,0,0.0,0
17375,control,92.66,0,0.0,0
17376,control,33.8,1,84.82,0
17377,treatment,312.7,1,80.75,0
17378,treatment,152.44,0,0.0,0
17379,treatment,0.0,0,0.0,0
17380,treatment,271.12,1,45.68,0
17381,treatment,148.91,0,0.0,0
17382,treatment,144.55,0,0.0,0
17383,control,153.65,0,0.0,0
17384,treatment,0.0,0,0.0,0
17385,control,42.0,0,0.0,0
17386,treatment,0.0,0,0.0,0
17387,control,413.85,1,33.82,0
17388,treatment,0.0,0,0.0,0
17389,treatment,44.4,0,0.0,0
17390,treatment,0.0,0,0.0,0
17391,control,0.0,0,0.0,0
17392,treatment,0.0,0,0.0,0
17393,control,0.0,0,0.0,0
17394,control,0.0,0,0.0,0
17395,treatment,88.83,0,0.0,0
17396,treatment,0.0,0,0.0,0
17397,control,0.0,0,0.0,0
17398,control,27.84,1,43.8,0
17399,treatment,0.0,0,0.0,0
17400,treatment,33.1,0,0.0,0
17401,treatment,44.4,0,0.0,0
17402,control,0.0,0,0.0,0
17403,treatment,0.0,0,0.0,0
17404,treatment,53.04,0,0.0,0
17405,control,0.0,0,0.0,0
17406,control,0.0,1,56.9,0
17407,control,39.15,0,0.0,0
17408,control,80.48,0,0.0,0
17409,control,0.0,0,0.0,0
17410,control,116.66,1,65.0,0
17411,treatment,61.53,0,0.0,0
17412,treatment,0.0,0,0.0,0
17413,control,0.0,0,0.0,0
17414,control,0.0,0,0.0,0
17415,control,0.0,0,0.0,0
17416,treatment,0.0,0,0.0,0
17417,control,0.0,0,0.0,0
17418,treatment,83.6,0,0.0,0
17419,control,56.12,0,0.0,0
17420,treatment,0.0,0,0.0,0
17421,treatment,0.0,0,0.0,0
17422,treatment,0.0,0,0.0,0
17423,treatment,0.0,0,0.0,0
17424,control,47.36,0,0.0,0
17425,control,0.0,0,0.0,0
17426,treatment,42.99,0,0.0,0
17427,treatment,0.0,1,79.58,0
17428,treatment,29.97,0,0.0,0
17429,treatment,0.0,0,0.0,0
17430,treatment,325.65,0,0.0,0
17431,control,32.96,0,0.0,0
17432,treatment,0.0,0,0.0,0
17433,treatment,0.0,0,0.0,0
17435,control,0.0,0,0.0,0
17436,treatment,210.26,0,0.0,0
17437,treatment,24.77,0,0.0,0
17438,control,175.07,0,0.0,0
17439,control,0.0,0,0.0,0
17440,treatment,0.0,0,0.0,0
17441,control,0.0,0,0.0,0
17442,treatment,0.0,0,0.0,0
17443,control,0.0,1,70.2,0
17444,control,0.0,0,0.0,0
17445,treatment,0.0,0,0.0,0
17446,control,0.0,0,0.0,0
17447,control,42.2,0,0.0,0
17448,treatment,49.92,0,0.0,0
17449,control,0.0,0,0.0,0
17450,treatment,0.0,0,0.0,0
17451,control,0.0,0,0.0,0
17452,treatment,115.74,0,0.0,0
17453,control,0.0,0,0.0,0
17454,treatment,231.58,0,0.0,0
17455,control,16.55,1,30.12,0
17456,treatment,152.77,1,125.86,0
17457,treatment,0.0,1,24.34,0
17458,control,52.16,1,79.99,0
17459,control,0.0,0,0.0,0
17460,control,59.93,0,0.0,0
17461,control,308.36,1,25.24,0
17462,treatment,0.0,0,0.0,0
17463,control,0.0,0,0.0,0
17464,treatment,25.88,0,0.0,0
17465,control,0.0,0,0.0,0
17466,treatment,54.3,0,0.0,0
17467,control,0.0,0,0.0,0
17468,treatment,0.0,0,0.0,0
17469,control,44.53,0,0.0,0
17470,control,108.08,0,0.0,0
17471,control,0.0,0,0.0,0
17472,control,0.0,0,0.0,0
17473,control,105.8,0,0.0,0
17474,control,40.91,0,0.0,0
17475,treatment,61.66,0,0.0,0
17476,treatment,527.58,0,0.0,0
17477,control,0.0,0,0.0,0
17478,treatment,36.74,0,0.0,0
17479,control,37.14,0,0.0,0
17480,control,0.0,0,0.0,0
17481,treatment,147.99,1,95.86,0
17482,treatment,0.0,0,0.0,0
17483,treatment,0.0,0,0.0,0
17484,control,80.22,0,0.0,0
17485,treatment,302.11,0,0.0,0
17486,control,0.0,0,0.0,0
17487,treatment,0.0,0,0.0,0
17488,treatment,110.06,0,0.0,0
17489,control,196.79,0,0.0,0
17490,treatment,40.39,0,0.0,0
17491,treatment,0.0,0,0.0,0
17492,treatment,198.78,0,0.0,0
17493,control,0.0,0,0.0,0
17494,treatment,84.52,0,0.0,0
17495,control,0.0,0,0.0,0
17496,control,0.0,0,0.0,0
17497,control,0.0,0,0.0,0
17498,control,904.55,1,70.95,0
17499,control,0.0,0,0.0,0
17500,control,0.0,1,46.91,0
17501,control,0.0,0,0.0,0
17503,treatment,0.0,0,0.0,0
17504,treatment,35.03,0,0.0,0
17505,treatment,0.0,0,0.0,0
17506,treatment,0.0,0,0.0,0
17507,treatment,117.61,0,0.0,0
17508,treatment,0.0,1,135.28,0
17509,control,0.0,0,0.0,0
17510,control,104.84,1,82.31,0
17511,control,0.0,0,0.0,0
17512,control,0.0,0,0.0,0
17513,control,0.0,0,0.0,0
17514,treatment,0.0,0,0.0,0
17516,treatment,47.77,0,0.0,0
17517,treatment,80.2,0,0.0,0
17518,control,36.29,0,0.0,0
17519,control,212.02,1,92.74,1
17520,treatment,0.0,0,0.0,0
17522,control,0.0,0,0.0,0
17523,control,141.94,0,0.0,0
17524,control,0.0,0,0.0,0
17525,treatment,0.0,0,0.0,0
17526,treatment,0.0,0,0.0,0
17527,treatment,0.0,0,0.0,0
17528,treatment,68.66,0,0.0,0
17529,treatment,0.0,0,0.0,0
17530,treatment,123.67,0,0.0,0
17531,control,0.0,0,0.0,0
17532,treatment,0.0,0,0.0,0
17533,treatment,0.0,0,0.0,0
17534,treatment,0.0,1,28.29,0
17535,treatment,0.0,0,0.0,0
17536,control,0.0,0,0.0,0
17537,treatment,0.0,0,0.0,0
17538,control,0.0,0,0.0,0
17539,treatment,0.0,0,0.0,0
17540,control,0.0,0,0.0,0
17541,control,25.44,0,0.0,0
17542,control,0.0,0,0.0,0
17543,treatment,298.01,0,0.0,0
17544,control,164.89,0,0.0,0
17545,treatment,99.56,0,0.0,0
17546,control,0.0,0,0.0,0
17547,control,0.0,1,35.47,0
17548,treatment,67.04,0,0.0,0
17549,control,67.53,0,0.0,0
17550,control,0.0,0,0.0,0
17551,control,0.0,0,0.0,0
17552,treatment,0.0,0,0.0,0
17553,treatment,95.11,0,0.0,0
17554,treatment,0.0,0,0.0,0
17555,treatment,0.0,0,0.0,0
17556,control,403.61,1,99.32,0
17557,control,43.47,1,51.05,0
17558,treatment,35.95,0,0.0,0
17559,treatment,0.0,0,0.0,0
17560,treatment,0.0,0,0.0,0
17561,control,83.54,0,0.0,0
17562,control,112.76,0,0.0,0
17563,treatment,59.44,0,0.0,0
17564,treatment,50.38,0,0.0,0
17565,control,53.16,0,0.0,0
17566,treatment,0.0,0,0.0,0
17567,treatment,84.34,0,0.0,0
17568,treatment,63.83,1,38.08,0
17569,treatment,0.0,0,0.0,0
17570,control,0.0,0,0.0,0
17571,control,152.85,1,61.81,0
17572,treatment,0.0,0,0.0,0
17573,control,40.72,0,0.0,0
17574,treatment,0.0,0,0.0,0
17575,treatment,0.0,0,0.0,0
17576,control,0.0,0,0.0,0
17577,treatment,30.94,0,0.0,0
17578,control,0.0,0,0.0,0
17579,treatment,76.34,0,0.0,0
17580,treatment,99.35,1,91.25,0
17581,control,0.0,0,0.0,0
17582,treatment,32.0,0,0.0,0
17583,treatment,0.0,0,0.0,0
17584,treatment,0.0,0,0.0,0
17585,treatment,0.0,0,0.0,0
17586,treatment,0.0,0,0.0,0
17587,control,149.93,0,0.0,0
17588,control,0.0,0,0.0,0
17589,treatment,0.0,0,0.0,0
17590,control,212.27,1,111.73,0
17591,treatment,95.24,0,0.0,0
17592,treatment,190.96,0,0.0,0
17593,control,0.0,0,0.0,0
17594,treatment,0.0,0,0.0,0
17595,control,0.0,1,16.52,0
17596,treatment,0.0,0,0.0,0
17597,treatment,0.0,0,0.0,0
17598,control,202.01,0,0.0,0
17599,treatment,72.44,0,0.0,0
17600,control,43.29,0,0.0,0
17601,treatment,49.02,0,0.0,0
17602,treatment,81.36,0,0.0,0
17603,treatment,0.0,1,31.99,0
17604,control,58.14,0,0.0,0
17605,control,24.44,0,0.0,0
17606,treatment,37.58,0,0.0,0
17607,control,21.5,0,0.0,0
17608,treatment,56.03,0,0.0,0
17609,control,0.0,0,0.0,0
17610,treatment,0.0,0,0.0,0
17611,control,0.0,0,0.0,0
17612,control,0.0,0,0.0,0
17613,control,0.0,0,0.0,0
17614,treatment,0.0,0,0.0,0
17615,treatment,66.37,0,0.0,0
17616,control,0.0,1,81.54,0
17617,control,44.9,0,0.0,0
17618,treatment,38.88,0,0.0,0
17619,treatment,41.9,0,0.0,0
17620,treatment,0.0,0,0.0,0
17621,treatment,0.0,0,0.0,0
17622,treatment,0.0,0,0.0,0
17623,treatment,0.0,0,0.0,0
17624,treatment,132.04,0,0.0,0
17625,control,0.0,0,0.0,0
17627,treatment,211.5,0,0.0,0
17628,treatment,71.05,0,0.0,0
17629,treatment,0.0,0,0.0,0
17630,treatment,0.0,1,44.07,0
17631,control,0.0,0,0.0,0
17632,treatment,179.36,1,54.7,0
17633,control,0.0,0,0.0,0
17634,control,48.27,0,0.0,0
17635,control,73.0,0,0.0,0
17636,control,56.13,0,0.0,0
17637,treatment,0.0,0,0.0,0
17638,control,0.0,0,0.0,0
17639,treatment,85.46,1,121.8,0
17640,treatment,0.0,0,0.0,0
17641,treatment,42.31,1,41.72,0
17642,control,51.42,1,37.0,0
17643,treatment,0.0,0,0.0,0
17644,treatment,174.08,0,0.0,0
17645,treatment,0.0,0,0.0,0
17646,treatment,19.78,0,0.0,0
17647,treatment,57.77,0,0.0,0
17648,control,0.0,0,0.0,0
17649,control,70.85,0,0.0,0
17650,treatment,0.0,0,0.0,0
17651,control,0.0,0,0.0,0
17652,treatment,64.7,0,0.0,0
17653,control,0.0,0,0.0,0
17655,treatment,214.69,0,0.0,0
17656,control,0.0,0,0.0,0
17657,treatment,0.0,0,0.0,0
17658,control,0.0,0,0.0,0
17659,control,31.19,0,0.0,0
17660,control,0.0,0,0.0,0
17661,control,0.0,0,0.0,0
17662,treatment,0.0,0,0.0,0
17663,treatment,74.22,1,75.81,0
17664,treatment,56.07,0,0.0,0
17665,control,192.06,0,0.0,0
17666,control,0.0,0,0.0,0
17667,control,51.91,0,0.0,0
17668,treatment,0.0,0,0.0,0
17669,treatment,0.0,0,0.0,0
17670,control,85.95,0,0.0,0
17671,control,0.0,0,0.0,0
17672,control,368.1,0,0.0,0
17673,treatment,0.0,0,0.0,0
17674,treatment,0.0,0,0.0,0
17675,treatment,0.0,0,0.0,0
17676,control,0.0,1,23.84,0
17677,treatment,456.84,1,58.27,0
17678,control,153.12,0,0.0,0
17679,treatment,0.0,1,29.61,0
17680,treatment,0.0,0,0.0,0
17681,control,0.0,0,0.0,0
17682,control,58.51,1,59.16,0
17683,control,76.06,0,0.0,0
17684,treatment,61.91,0,0.0,0
17685,control,0.0,0,0.0,0
17686,control,0.0,0,0.0,0
17687,control,0.0,0,0.0,0
17688,treatment,84.79,1,62.36,0
17689,treatment,47.44,0,0.0,0
17690,control,350.79,1,104.02,0
17691,control,61.85,0,0.0,0
17692,control,0.0,0,0.0,0
17693,control,83.21,0,0.0,0
17694,control,0.0,0,0.0,0
17695,control,0.0,0,0.0,0
17696,treatment,0.0,0,0.0,0
17697,control,126.89,0,0.0,0
17698,treatment,90.9,1,161.42,0
17699,treatment,240.16,0,0.0,0
17700,treatment,64.33,0,0.0,0
17701,control,147.31,0,0.0,0
17702,control,0.0,0,0.0,0
17703,control,0.0,0,0.0,0
17704,treatment,42.25,0,0.0,0
17705,control,0.0,0,0.0,0
17706,control,0.0,0,0.0,0
17707,treatment,0.0,0,0.0,0
17708,control,250.76,0,0.0,0
17709,treatment,157.88,0,0.0,0
17710,control,0.0,0,0.0,0
17711,treatment,0.0,0,0.0,0
17712,control,0.0,0,0.0,0
17713,treatment,55.79,0,0.0,0
17714,control,0.0,0,0.0,0
17715,control,0.0,1,51.08,0
17716,control,29.27,0,0.0,0
17717,control,0.0,1,102.18,0
17718,treatment,0.0,0,0.0,0
17719,control,0.0,0,0.0,0
17720,control,68.55,0,0.0,0
17721,control,185.39,1,29.21,0
17723,treatment,61.05,0,0.0,0
17724,treatment,123.23,0,0.0,0
17725,treatment,47.1,0,0.0,0
17726,treatment,0.0,0,0.0,0
17727,treatment,110.29,1,63.45,0
17728,treatment,220.15,0,0.0,0
17729,control,77.07,0,0.0,0
17730,treatment,0.0,1,65.08,1
17731,treatment,0.0,0,0.0,0
17732,control,205.19,0,0.0,0
17733,treatment,0.0,0,0.0,0
17734,control,0.0,0,0.0,0
17735,control,0.0,0,0.0,0
17736,treatment,110.55,0,0.0,0
17737,treatment,124.96,0,0.0,0
17738,control,0.0,0,0.0,0
17739,control,0.0,0,0.0,0
17740,control,250.81,0,0.0,0
17741,treatment,0.0,1,14.1,0
17742,treatment,0.0,0,0.0,0
17743,treatment,0.0,0,0.0,0
17744,control,237.51,0,0.0,0
17745,treatment,0.0,0,0.0,0
17746,control,0.0,0,0.0,0
17747,control,28.82,0,0.0,0
17748,control,124.78,0,0.0,0
17749,treatment,0.0,0,0.0,0
17750,treatment,0.0,0,0.0,0
17751,control,53.62,0,0.0,0
17752,control,0.0,0,0.0,0
17753,treatment,0.0,0,0.0,0
17754,treatment,0.0,0,0.0,0
17755,control,0.0,0,0.0,0
17756,treatment,0.0,0,0.0,0
17757,control,0.0,0,0.0,0
17758,treatment,97.19,0,0.0,0
17759,control,0.0,0,0.0,0
17760,control,121.47,0,0.0,0
17761,control,88.37,0,0.0,0
17762,treatment,39.89,0,0.0,0
17763,control,38.29,0,0.0,0
17764,control,0.0,0,0.0,0
17765,treatment,422.14,1,48.79,0
17766,control,76.15,0,0.0,0
17767,treatment,0.0,0,0.0,0
17768,control,35.67,0,0.0,0
17769,treatment,75.97,0,0.0,0
17770,control,47.39,0,0.0,0
17771,control,26.94,0,0.0,0
17772,control,0.0,0,0.0,0
17773,control,0.0,0,0.0,0
17774,treatment,140.17,0,0.0,0
17775,treatment,0.0,0,0.0,0
17776,control,0.0,0,0.0,0
17777,control,107.9,1,53.26,0
17778,control,87.07,0,0.0,0
17779,control,0.0,0,0.0,0
17780,control,70.22,0,0.0,0
17781,control,51.36,0,0.0,0
17783,control,0.0,0,0.0,0
17784,treatment,0.0,0,0.0,0
17785,control,39.8,0,0.0,0
17786,control,0.0,0,0.0,0
17787,control,38.77,0,0.0,0
17788,treatment,0.0,0,0.0,0
17789,treatment,0.0,0,0.0,0
17790,treatment,0.0,1,33.09,0
17791,treatment,0.0,0,0.0,0
17792,treatment,230.79,1,42.43,0
17793,treatment,69.4,0,0.0,0
17794,treatment,54.29,0,0.0,0
17795,treatment,0.0,0,0.0,0
17796,control,49.05,0,0.0,0
17797,treatment,0.0,1,27.54,0
17798,treatment,0.0,0,0.0,0
17799,treatment,0.0,0,0.0,0
17800,control,0.0,0,0.0,0
17801,control,0.0,0,0.0,0
17802,treatment,0.0,0,0.0,0
17803,control,40.74,0,0.0,0
17804,treatment,0.0,0,0.0,0
17805,control,0.0,1,111.08,0
17806,treatment,25.63,0,0.0,0
17807,treatment,37.74,0,0.0,0
17808,treatment,49.22,0,0.0,0
17809,control,40.36,0,0.0,0
17810,treatment,0.0,0,0.0,0
17811,treatment,0.0,0,0.0,0
17812,treatment,0.0,0,0.0,0
17813,treatment,113.26,0,0.0,0
17814,control,0.0,0,0.0,0
17815,control,60.43,0,0.0,0
17816,control,70.05,0,0.0,0
17817,treatment,42.38,0,0.0,0
17818,control,0.0,0,0.0,0
17819,treatment,0.0,1,43.34,0
17820,treatment,234.27,0,0.0,0
17821,control,0.0,0,0.0,0
17822,control,0.0,0,0.0,0
17823,control,49.17,0,0.0,0
17824,control,0.0,0,0.0,0
17825,control,181.12,0,0.0,0
17826,treatment,0.0,0,0.0,0
17827,control,179.19,0,0.0,0
17828,treatment,0.0,0,0.0,0
17829,treatment,1351.57,1,152.85,0
17830,control,15.67,0,0.0,0
17831,control,437.05,0,0.0,0
17832,control,16.57,0,0.0,0
17833,treatment,184.96,1,55.67,0
17834,control,0.0,0,0.0,0
17835,treatment,0.0,0,0.0,0
17836,treatment,320.01,0,0.0,0
17837,treatment,0.0,0,0.0,0
17838,control,66.6,0,0.0,0
17839,treatment,0.0,0,0.0,0
17840,treatment,0.0,0,0.0,0
17841,treatment,68.07,0,0.0,0
17842,control,0.0,0,0.0,0
17843,treatment,0.0,1,63.35,0
17844,control,46.7,1,21.01,0
17845,control,60.31,0,0.0,0
17846,control,0.0,0,0.0,0
17847,control,0.0,0,0.0,0
17848,treatment,0.0,1,39.01,0
17849,control,0.0,0,0.0,0
17850,treatment,0.0,0,0.0,0
17851,control,385.54,1,126.49,0
17852,control,209.64,0,0.0,0
17853,control,106.25,0,0.0,0
17854,treatment,1537.64,0,0.0,0
17855,treatment,0.0,0,0.0,0
17856,control,77.64,0,0.0,0
17857,control,0.0,0,0.0,0
17858,treatment,0.0,0,0.0,0
17859,control,49.19,0,0.0,0
17860,treatment,37.87,0,0.0,0
17861,treatment,0.0,0,0.0,0
17862,control,0.0,0,0.0,0
17863,control,56.3,0,0.0,0
17864,treatment,267.18,0,0.0,0
17865,treatment,0.0,0,0.0,0
17867,control,0.0,0,0.0,0
17868,control,0.0,0,0.0,0
17869,control,40.81,0,0.0,0
17870,control,0.0,0,0.0,0
17871,control,0.0,0,0.0,0
17872,control,0.0,0,0.0,0
17873,control,39.67,0,0.0,0
17874,treatment,0.0,0,0.0,0
17875,treatment,0.0,0,0.0,0
17876,treatment,0.0,0,0.0,0
17877,control,169.32,0,0.0,0
17878,control,0.0,0,0.0,0
17879,treatment,0.0,0,0.0,0
17880,control,43.29,0,0.0,0
17881,control,0.0,0,0.0,0
17882,control,0.0,0,0.0,0
17883,control,107.17,0,0.0,0
17884,treatment,0.0,0,0.0,0
17885,treatment,93.64,0,0.0,0
17886,treatment,0.0,0,0.0,0
17887,treatment,36.22,0,0.0,0
17888,control,0.0,0,0.0,0
17889,treatment,0.0,0,0.0,0
17890,treatment,50.98,0,0.0,0
17891,treatment,0.0,0,0.0,0
17892,control,0.0,0,0.0,0
17893,control,0.0,0,0.0,0
17894,control,0.0,0,0.0,0
17895,treatment,69.43,0,0.0,0
17896,treatment,63.09,0,0.0,0
17897,control,0.0,0,0.0,0
17898,treatment,0.0,0,0.0,0
17899,control,35.6,0,0.0,0
17900,control,0.0,0,0.0,0
17901,treatment,0.0,0,0.0,0
17902,treatment,189.82,1,85.65,0
17903,control,0.0,0,0.0,0
17904,treatment,0.0,0,0.0,0
17905,control,0.0,1,68.22,0
17906,control,79.85,0,0.0,0
17907,treatment,0.0,0,0.0,0
17908,treatment,0.0,0,0.0,0
17909,control,264.73,0,0.0,0
17910,control,0.0,0,0.0,0
17912,treatment,32.27,0,0.0,0
17913,treatment,0.0,1,58.2,0
17914,control,0.0,0,0.0,0
17915,treatment,0.0,0,0.0,0
17916,control,79.82,0,0.0,0
17917,control,79.05,0,0.0,0
17918,control,35.26,0,0.0,0
17919,control,65.97,0,0.0,0
17920,control,94.22,0,0.0,0
17921,treatment,0.0,0,0.0,0
17922,treatment,48.58,0,0.0,0
17923,treatment,70.39,1,34.84,0
17924,control,0.0,0,0.0,0
17925,control,0.0,0,0.0,0
17926,control,0.0,0,0.0,0
17927,treatment,0.0,0,0.0,0
17928,treatment,0.0,0,0.0,0
17929,treatment,388.52,0,0.0,0
17930,treatment,25.76,0,0.0,0
17931,treatment,83.34,0,0.0,0
17932,control,0.0,0,0.0,0
17933,control,0.0,0,0.0,0
17934,control,0.0,0,0.0,0
17935,control,81.25,0,0.0,0
17936,treatment,0.0,0,0.0,0
17937,control,38.26,0,0.0,0
17938,treatment,39.34,0,0.0,0
17939,control,68.38,1,43.61,0
17940,control,41.16,0,0.0,0
17941,treatment,0.0,0,0.0,0
17942,control,66.69,0,0.0,0
17943,treatment,0.0,0,0.0,0
17944,treatment,0.0,0,0.0,0
17945,control,33.99,1,134.02,0
17946,treatment,308.83,0,0.0,0
17947,control,0.0,0,0.0,0
17948,control,0.0,0,0.0,0
17950,control,131.39,0,0.0,0
17951,treatment,0.0,0,0.0,0
17952,treatment,0.0,0,0.0,0
17953,control,51.75,0,0.0,0
17954,treatment,0.0,0,0.0,0
17955,treatment,184.88,0,0.0,0
17956,treatment,36.1,0,0.0,0
17957,control,99.44,0,0.0,0
17958,control,0.0,0,0.0,0
17959,control,84.11,0,0.0,0
17960,control,65.4,0,0.0,0
17961,treatment,0.0,0,0.0,0
17962,treatment,0.0,0,0.0,0
17963,treatment,0.0,0,0.0,0
17964,control,221.3,0,0.0,0
17965,control,0.0,1,100.78,0
17966,treatment,62.71,1,34.32,0
17967,control,0.0,0,0.0,0
17968,treatment,70.75,0,0.0,0
17969,treatment,148.44,0,0.0,0
17970,treatment,0.0,0,0.0,0
17971,control,1065.08,1,84.73,0
17973,control,0.0,0,0.0,0
17974,control,0.0,0,0.0,0
17975,control,0.0,0,0.0,0
17976,control,0.0,0,0.0,0
17977,control,32.27,0,0.0,0
17978,treatment,0.0,1,62.87,0
17979,treatment,194.41,0,0.0,0
17980,treatment,0.0,0,0.0,0
17981,control,53.17,0,0.0,0
17982,treatment,0.0,0,0.0,0
17983,treatment,0.0,0,0.0,0
17984,control,67.12,0,0.0,0
17985,treatment,0.0,0,0.0,0
17986,treatment,0.0,0,0.0,0
17987,control,0.0,0,0.0,0
17988,treatment,0.0,0,0.0,0
17989,control,0.0,0,0.0,0
17990,control,146.77,0,0.0,0
17991,control,44.09,0,0.0,0
17992,treatment,53.29,0,0.0,0
17993,treatment,36.51,0,0.0,0
17994,treatment,0.0,0,0.0,0
17995,treatment,203.55,0,0.0,0
17996,control,31.61,0,0.0,0
17997,control,0.0,0,0.0,0
17998,treatment,0.0,0,0.0,0
17999,treatment,0.0,0,0.0,0
18000,control,0.0,0,0.0,0
18001,treatment,30.9,0,0.0,0
18002,control,0.0,0,0.0,0
18003,control,0.0,0,0.0,0
18004,treatment,95.13,0,0.0,0
18005,control,0.0,0,0.0,0
18006,control,106.16,0,0.0,0
18007,control,0.0,0,0.0,0
18008,treatment,0.0,0,0.0,0
18009,control,59.36,0,0.0,0
18010,control,0.0,0,0.0,0
18011,control,247.52,0,0.0,0
18012,control,0.0,0,0.0,0
18013,control,0.0,1,69.48,0
18014,treatment,30.83,0,0.0,0
18015,treatment,35.0,0,0.0,0
18016,control,124.17,0,0.0,0
18017,treatment,0.0,0,0.0,0
18018,treatment,198.12,0,0.0,0
18019,treatment,0.0,0,0.0,0
18020,treatment,0.0,0,0.0,0
18021,treatment,0.0,0,0.0,0
18022,treatment,0.0,0,0.0,0
18023,control,72.51,0,0.0,0
18024,control,0.0,0,0.0,0
18025,treatment,84.12,0,0.0,0
18026,control,0.0,0,0.0,0
18027,control,0.0,0,0.0,0
18028,control,62.35,0,0.0,0
18029,control,0.0,0,0.0,0
18030,treatment,0.0,0,0.0,0
18031,control,51.98,0,0.0,0
18032,control,0.0,0,0.0,0
18033,control,617.09,0,0.0,0
18034,treatment,484.48,1,118.97,0
18035,treatment,72.94,0,0.0,0
18036,control,100.32,0,0.0,0
18037,control,0.0,0,0.0,0
18038,control,187.68,0,0.0,0
18039,control,0.0,0,0.0,0
18040,control,0.0,0,0.0,0
18041,control,56.03,0,0.0,0
18042,control,54.93,0,0.0,0
18043,treatment,0.0,0,0.0,0
18044,control,0.0,0,0.0,0
18045,control,255.4,1,141.65,0
18046,treatment,34.89,0,0.0,0
18047,treatment,31.74,0,0.0,0
18048,control,143.71,0,0.0,0
18049,control,45.16,0,0.0,0
18050,treatment,43.7,0,0.0,0
18051,control,114.68,0,0.0,0
18052,control,0.0,0,0.0,0
18053,treatment,0.0,0,0.0,0
18054,treatment,138.03,0,0.0,0
18055,control,354.25,0,0.0,0
18056,control,0.0,0,0.0,0
18057,treatment,54.26,0,0.0,0
18058,treatment,31.71,0,0.0,0
18059,treatment,0.0,0,0.0,0
18060,treatment,0.0,0,0.0,0
18061,control,40.56,0,0.0,0
18062,control,0.0,0,0.0,0
18063,treatment,65.5,0,0.0,0
18064,treatment,0.0,0,0.0,0
18065,treatment,0.0,0,0.0,0
18066,control,0.0,0,0.0,0
18067,control,0.0,0,0.0,0
18068,treatment,0.0,0,0.0,0
18069,treatment,0.0,0,0.0,0
18070,treatment,339.41,1,88.18,0
18071,treatment,0.0,0,0.0,0
18072,treatment,74.81,0,0.0,0
18073,treatment,0.0,0,0.0,0
18074,control,0.0,0,0.0,0
18075,treatment,44.09,0,0.0,0
18076,treatment,0.0,0,0.0,0
18077,treatment,0.0,0,0.0,0
18078,treatment,0.0,0,0.0,0
18079,control,0.0,1,43.42,0
18080,control,220.88,0,0.0,0
18081,treatment,143.84,0,0.0,0
18082,control,109.56,0,0.0,0
18083,control,97.65,0,0.0,0
18084,treatment,110.48,0,0.0,0
18085,control,114.17,0,0.0,0
18086,treatment,0.0,0,0.0,0
18087,control,0.0,0,0.0,0
18088,control,0.0,0,0.0,0
18089,treatment,0.0,0,0.0,0
18090,treatment,0.0,0,0.0,0
18091,control,47.68,0,0.0,0
18092,control,0.0,0,0.0,0
18093,control,40.09,0,0.0,0
18094,treatment,0.0,0,0.0,0
18095,control,0.0,0,0.0,0
18096,control,0.0,0,0.0,0
18097,control,123.94,0,0.0,0
18098,treatment,0.0,0,0.0,0
18099,control,108.43,0,0.0,0
18100,control,0.0,1,88.94,0
18101,treatment,77.5,1,51.65,0
18102,treatment,0.0,0,0.0,0
18103,control,0.0,0,0.0,0
18104,treatment,0.0,0,0.0,0
18105,control,0.0,0,0.0,0
18106,treatment,211.6,0,0.0,0
18107,control,0.0,0,0.0,0
18108,control,35.51,0,0.0,0
18109,treatment,425.14,0,0.0,0
18110,treatment,0.0,0,0.0,0
18111,treatment,0.0,0,0.0,0
18112,treatment,0.0,0,0.0,0
18113,control,0.0,0,0.0,0
18114,treatment,0.0,0,0.0,0
18115,treatment,0.0,0,0.0,0
18116,control,337.57,1,103.52,0
18117,control,0.0,0,0.0,0
18118,treatment,49.89,0,0.0,0
18119,control,57.95,0,0.0,0
18120,control,73.33,0,0.0,0
18121,treatment,148.65,0,0.0,0
18122,control,77.25,0,0.0,0
18123,treatment,141.23,1,39.22,0
18124,treatment,0.0,0,0.0,0
18125,control,0.0,0,0.0,0
18126,treatment,0.0,0,0.0,0
18127,treatment,0.0,0,0.0,0
18128,control,0.0,0,0.0,0
18129,control,0.0,0,0.0,0
18130,treatment,42.59,0,0.0,0
18131,control,150.38,0,0.0,0
18132,treatment,91.34,1,41.49,0
18133,control,39.86,0,0.0,0
18134,control,118.39,0,0.0,0
18135,control,0.0,1,31.25,0
18136,treatment,55.29,0,0.0,0
18137,treatment,0.0,1,44.35,0
18138,treatment,244.18,0,0.0,0
18139,control,0.0,0,0.0,0
18140,treatment,36.85,0,0.0,0
18141,control,0.0,0,0.0,0
18142,treatment,0.0,0,0.0,0
18143,treatment,0.0,0,0.0,0
18144,treatment,106.8,0,0.0,0
18145,treatment,0.0,0,0.0,0
18146,treatment,19.65,0,0.0,0
18147,treatment,0.0,0,0.0,0
18148,control,94.14,0,0.0,0
18149,treatment,0.0,0,0.0,0
18150,control,0.0,0,0.0,0
18151,control,78.95,0,0.0,0
18152,treatment,106.89,0,0.0,0
18153,treatment,90.74,0,0.0,0
18154,control,75.11,0,0.0,0
18155,control,0.0,0,0.0,0
18156,treatment,74.77,0,0.0,0
18157,treatment,0.0,0,0.0,0
18158,treatment,55.58,1,44.69,0
18159,control,70.17,0,0.0,0
18160,control,24.34,0,0.0,0
18161,treatment,0.0,1,63.72,0
18162,control,0.0,0,0.0,0
18163,control,48.0,0,0.0,0
18164,control,85.22,0,0.0,0
18165,treatment,179.45,0,0.0,0
18166,treatment,0.0,0,0.0,0
18167,control,127.42,0,0.0,0
18168,control,0.0,1,37.28,0
18169,control,0.0,0,0.0,0
18170,control,0.0,0,0.0,0
18171,treatment,0.0,0,0.0,0
18172,treatment,0.0,0,0.0,0
18173,treatment,99.91,0,0.0,0
18174,control,0.0,0,0.0,0
18175,control,0.0,0,0.0,0
18176,control,124.85,0,0.0,0
18177,treatment,26.82,0,0.0,0
18178,treatment,0.0,0,0.0,0
18179,treatment,0.0,0,0.0,0
18180,treatment,38.22,1,78.79,0
18181,control,0.0,0,0.0,0
18182,control,66.68,0,0.0,0
18183,control,0.0,0,0.0,0
18184,treatment,101.5,0,0.0,0
18185,control,0.0,0,0.0,0
18186,control,42.67,0,0.0,0
18187,treatment,0.0,0,0.0,0
18188,control,98.95,0,0.0,0
18189,treatment,0.0,0,0.0,0
18190,treatment,48.94,0,0.0,0
18191,control,0.0,0,0.0,0
18192,control,74.0,0,0.0,0
18193,treatment,0.0,0,0.0,0
18194,treatment,150.68,0,0.0,0
18195,control,649.13,1,103.62,0
18196,treatment,0.0,0,0.0,0
18197,control,0.0,0,0.0,0
18198,control,113.48,0,0.0,0
18199,treatment,56.04,0,0.0,0
18200,control,31.49,0,0.0,0
18201,treatment,142.23,0,0.0,0
18202,control,0.0,0,0.0,0
18203,control,0.0,0,0.0,0
18204,control,0.0,0,0.0,0
18205,control,0.0,0,0.0,0
18206,treatment,0.0,0,0.0,0
18207,treatment,54.15,0,0.0,0
18208,treatment,33.02,0,0.0,0
18209,treatment,0.0,0,0.0,0
18210,control,86.36,0,0.0,0
18211,control,0.0,0,0.0,0
18212,treatment,0.0,0,0.0,0
18213,control,89.17,0,0.0,0
18214,treatment,59.56,0,0.0,0
18215,control,0.0,0,0.0,0
18216,treatment,0.0,0,0.0,0
18217,control,0.0,0,0.0,0
18218,treatment,0.0,0,0.0,0
18219,control,0.0,0,0.0,0
18220,treatment,99.0,0,0.0,0
18221,control,132.74,1,41.9,0
18222,control,0.0,0,0.0,0
18223,treatment,95.99,0,0.0,0
18224,control,0.0,0,0.0,0
18225,treatment,0.0,0,0.0,0
18226,treatment,0.0,0,0.0,0
18227,control,215.56,1,57.13,0
18228,control,0.0,0,0.0,0
18229,treatment,63.98,0,0.0,0
18230,control,0.0,1,50.61,0
18231,treatment,0.0,0,0.0,0
18232,control,0.0,0,0.0,0
18233,control,54.09,0,0.0,0
18234,control,44.14,0,0.0,0
18235,treatment,0.0,0,0.0,0
18236,control,105.06,0,0.0,0
18237,control,156.41,0,0.0,0
18238,control,168.45,1,56.14,0
18239,control,89.29,0,0.0,0
18240,control,0.0,0,0.0,0
18241,control,0.0,0,0.0,0
18242,treatment,0.0,0,0.0,0
18243,treatment,64.79,0,0.0,0
18245,control,109.16,0,0.0,0
18246,control,59.54,0,0.0,0
18247,treatment,0.0,0,0.0,0
18248,control,146.26,0,0.0,0
18249,control,97.43,0,0.0,0
18250,control,59.26,0,0.0,0
18251,control,152.89,0,0.0,0
18252,treatment,0.0,0,0.0,0
18253,control,45.54,0,0.0,0
18254,control,200.36,0,0.0,0
18255,treatment,25.34,0,0.0,0
18256,treatment,0.0,0,0.0,0
18257,treatment,0.0,0,0.0,0
18258,treatment,0.0,0,0.0,0
18259,control,84.64,0,0.0,0
18260,treatment,0.0,0,0.0,0
18261,control,53.59,0,0.0,0
18262,control,77.95,1,39.36,0
18263,treatment,0.0,0,0.0,0
18264,treatment,0.0,0,0.0,0
18265,treatment,0.0,0,0.0,0
18266,control,44.21,0,0.0,0
18267,treatment,0.0,0,0.0,0
18268,treatment,123.36,1,149.35,0
18270,treatment,0.0,0,0.0,0
18271,control,118.49,0,0.0,0
18272,treatment,0.0,0,0.0,0
18273,treatment,68.97,0,0.0,0
18274,control,139.73,0,0.0,0
18275,control,249.88,0,0.0,0
18276,control,83.81,0,0.0,0
18277,treatment,51.98,0,0.0,0
18278,control,0.0,1,80.48,0
18279,control,0.0,0,0.0,0
18280,treatment,123.22,0,0.0,0
18281,treatment,0.0,0,0.0,0
18282,treatment,0.0,0,0.0,0
18283,control,0.0,0,0.0,0
18284,control,44.49,0,0.0,0
18285,treatment,0.0,0,0.0,0
18286,treatment,0.0,0,0.0,0
18287,control,0.0,0,0.0,0
18289,treatment,107.89,0,0.0,0
18290,treatment,0.0,0,0.0,0
18291,treatment,0.0,1,35.26,0
18292,treatment,0.0,0,0.0,0
18293,treatment,0.0,0,0.0,0
18294,treatment,0.0,0,0.0,0
18295,treatment,0.0,0,0.0,0
18296,control,0.0,0,0.0,0
18297,control,0.0,0,0.0,0
18298,control,0.0,0,0.0,0
18299,treatment,0.0,0,0.0,0
18300,treatment,0.0,0,0.0,0
18301,control,0.0,0,0.0,0
18302,control,0.0,0,0.0,0
18303,treatment,0.0,0,0.0,0
18304,treatment,0.0,0,0.0,0
18305,treatment,0.0,0,0.0,0
18306,treatment,84.71,1,34.33,0
18307,control,0.0,0,0.0,0
18308,control,47.81,0,0.0,0
18309,treatment,0.0,0,0.0,0
18310,control,127.54,0,0.0,0
18311,control,0.0,0,0.0,0
18312,control,0.0,0,0.0,0
18313,treatment,44.0,0,0.0,0
18314,treatment,120.11,0,0.0,0
18315,control,0.0,0,0.0,0
18316,treatment,0.0,1,61.32,0
18317,control,0.0,0,0.0,0
18318,control,0.0,0,0.0,0
18319,control,27.26,0,0.0,0
18320,control,0.0,0,0.0,0
18321,control,504.5,0,0.0,0
18322,control,0.0,0,0.0,0
18323,treatment,61.97,0,0.0,0
18324,treatment,0.0,0,0.0,0
18325,control,79.74,0,0.0,0
18326,treatment,44.21,0,0.0,0
18327,treatment,0.0,0,0.0,0
18328,treatment,0.0,0,0.0,0
18329,control,115.03,0,0.0,0
18330,treatment,225.34,1,68.26,0
18331,treatment,46.03,1,64.9,0
18332,treatment,34.35,0,0.0,0
18333,control,0.0,0,0.0,0
18334,treatment,0.0,0,0.0,0
18335,treatment,0.0,0,0.0,0
18336,control,0.0,0,0.0,0
18337,control,35.18,0,0.0,0
18338,treatment,58.41,0,0.0,0
18339,control,0.0,0,0.0,0
18341,treatment,0.0,0,0.0,0
18342,control,478.26,0,0.0,0
18343,control,0.0,0,0.0,0
18344,treatment,0.0,0,0.0,0
18345,control,77.84,0,0.0,0
18346,control,87.31,0,0.0,0
18347,control,0.0,0,0.0,0
18348,control,0.0,0,0.0,0
18349,treatment,0.0,0,0.0,0
18350,control,241.27,1,95.83,0
18351,treatment,0.0,0,0.0,0
18352,control,0.0,0,0.0,0
18353,treatment,153.34,0,0.0,0
18354,treatment,50.44,1,132.36,0
18355,treatment,58.08,0,0.0,0
18356,control,0.0,0,0.0,0
18357,control,0.0,0,0.0,0
18358,control,0.0,0,0.0,0
18359,control,197.45,0,0.0,0
18360,control,62.34,0,0.0,0
18361,treatment,48.77,0,0.0,0
18362,control,0.0,0,0.0,0
18363,treatment,500.09,0,0.0,0
18364,control,0.0,0,0.0,0
18365,treatment,258.14,1,44.71,0
18367,treatment,36.64,0,0.0,0
18368,control,0.0,0,0.0,0
18369,treatment,159.52,0,0.0,0
18370,control,103.53,0,0.0,0
18371,treatment,45.01,0,0.0,0
18372,treatment,0.0,0,0.0,0
18373,control,187.34,0,0.0,0
18374,control,0.0,0,0.0,0
18375,treatment,0.0,0,0.0,0
18376,control,0.0,0,0.0,0
18377,control,46.37,0,0.0,0
18378,control,36.43,0,0.0,0
18379,treatment,81.18,0,0.0,0
18380,treatment,0.0,0,0.0,0
18381,treatment,0.0,0,0.0,0
18382,treatment,0.0,0,0.0,0
18383,control,50.84,0,0.0,0
18384,treatment,0.0,0,0.0,0
18385,control,0.0,0,0.0,0
18386,control,0.0,0,0.0,0
18387,control,15.82,0,0.0,0
18388,treatment,138.52,1,172.8,0
18389,control,0.0,0,0.0,0
18390,control,0.0,0,0.0,0
18391,control,57.57,0,0.0,0
18392,treatment,202.46,1,56.7,0
18393,control,66.37,0,0.0,0
18394,control,43.07,0,0.0,0
18395,treatment,37.62,0,0.0,0
18396,treatment,0.0,0,0.0,0
18397,control,311.03,1,124.08,0
18398,treatment,45.86,0,0.0,0
18399,control,0.0,0,0.0,0
18400,control,119.62,1,99.15,0
18401,control,0.0,1,67.29,0
18402,treatment,0.0,0,0.0,0
18403,control,98.69,0,0.0,0
18404,treatment,0.0,0,0.0,0
18405,control,145.06,0,0.0,0
18406,control,111.2,0,0.0,0
18407,control,80.29,0,0.0,0
18408,treatment,0.0,0,0.0,0
18409,treatment,0.0,0,0.0,0
18410,treatment,0.0,0,0.0,0
18411,control,0.0,0,0.0,0
18412,control,120.0,0,0.0,0
18413,treatment,116.03,0,0.0,0
18414,treatment,0.0,0,0.0,0
18415,treatment,0.0,0,0.0,0
18416,control,33.68,0,0.0,0
18417,control,137.38,1,45.9,0
18418,control,41.77,0,0.0,0
18419,control,0.0,0,0.0,0
18420,control,88.14,0,0.0,0
18421,control,0.0,0,0.0,0
18422,control,47.5,0,0.0,0
18423,treatment,0.0,0,0.0,0
18424,treatment,44.37,1,62.35,0
18425,control,0.0,0,0.0,0
18426,treatment,0.0,0,0.0,0
18427,control,67.06,0,0.0,0
18428,treatment,0.0,1,39.79,0
18429,treatment,66.74,0,0.0,0
18430,treatment,18.44,0,0.0,0
18431,treatment,69.19,0,0.0,0
18432,control,0.0,0,0.0,0
18433,control,0.0,0,0.0,0
18434,control,0.0,0,0.0,0
18435,control,60.55,0,0.0,0
18436,treatment,0.0,0,0.0,0
18437,control,0.0,0,0.0,0
18438,treatment,257.75,0,0.0,0
18439,control,78.39,0,0.0,0
18440,control,0.0,0,0.0,0
18441,treatment,0.0,0,0.0,0
18442,control,130.83,0,0.0,0
18443,treatment,185.41,0,0.0,0
18444,control,0.0,0,0.0,0
18445,treatment,0.0,0,0.0,0
18446,treatment,50.31,0,0.0,0
18447,control,0.0,0,0.0,0
18448,control,0.0,0,0.0,0
18449,treatment,33.67,0,0.0,0
18450,control,388.48,1,76.12,0
18451,treatment,101.03,0,0.0,0
18452,treatment,49.34,0,0.0,0
18453,treatment,32.27,0,0.0,0
18454,control,0.0,0,0.0,0
18455,treatment,59.85,0,0.0,0
18456,control,0.0,0,0.0,0
18457,treatment,0.0,0,0.0,0
18458,treatment,50.04,0,0.0,0
18459,control,212.6,0,0.0,0
18460,treatment,133.43,0,0.0,0
18461,control,51.23,0,0.0,0
18462,treatment,57.73,0,0.0,0
18463,control,0.0,0,0.0,0
18465,treatment,0.0,0,0.0,0
18466,treatment,0.0,0,0.0,0
18467,treatment,0.0,0,0.0,0
18468,treatment,111.77,0,0.0,0
18469,control,0.0,0,0.0,0
18470,treatment,60.29,0,0.0,0
18471,treatment,49.01,0,0.0,0
18472,control,0.0,0,0.0,0
18473,control,0.0,1,135.15,0
18474,control,95.02,0,0.0,0
18475,control,114.85,0,0.0,0
18476,treatment,27.87,0,0.0,0
18477,control,0.0,0,0.0,0
18478,control,439.58,0,0.0,0
18479,control,0.0,0,0.0,0
18480,control,0.0,0,0.0,0
18481,treatment,47.53,0,0.0,0
18482,control,56.62,0,0.0,0
18483,control,0.0,0,0.0,0
18484,control,0.0,0,0.0,0
18485,treatment,0.0,0,0.0,0
18486,treatment,0.0,0,0.0,0
18487,control,0.0,0,0.0,0
18488,control,0.0,0,0.0,0
18489,control,165.07,0,0.0,0
18490,control,0.0,0,0.0,0
18491,control,0.0,0,0.0,0
18492,control,92.24,1,37.62,0
18493,control,0.0,0,0.0,0
18494,control,0.0,0,0.0,0
18495,control,0.0,0,0.0,0
18496,control,92.52,0,0.0,0
18497,treatment,0.0,0,0.0,0
18498,control,0.0,0,0.0,0
18499,control,39.9,1,84.15,0
18500,treatment,18.22,0,0.0,0
18501,control,143.17,0,0.0,0
18502,control,0.0,0,0.0,0
18503,control,0.0,0,0.0,0
18504,control,0.0,0,0.0,0
18505,control,42.49,0,0.0,0
18506,treatment,0.0,0,0.0,0
18507,treatment,67.68,0,0.0,0
18508,treatment,42.67,0,0.0,0
18509,control,20.85,0,0.0,0
18510,control,86.42,0,0.0,0
18511,treatment,0.0,0,0.0,0
18512,treatment,0.0,0,0.0,0
18513,treatment,0.0,0,0.0,0
18514,treatment,0.0,0,0.0,0
18515,control,26.94,0,0.0,0
18516,treatment,41.2,0,0.0,0
18517,treatment,0.0,0,0.0,0
18518,treatment,25.02,0,0.0,0
18519,control,0.0,0,0.0,0
18520,treatment,28.1,0,0.0,0
18521,treatment,47.79,0,0.0,0
18522,treatment,0.0,0,0.0,0
18523,control,38.58,0,0.0,0
18524,control,0.0,0,0.0,0
18525,control,0.0,0,0.0,0
18526,control,30.76,0,0.0,0
18527,treatment,77.69,0,0.0,0
18528,treatment,0.0,0,0.0,0
18529,control,26.23,0,0.0,0
18530,control,61.13,0,0.0,0
18531,control,0.0,0,0.0,0
18532,treatment,65.97,0,0.0,0
18533,treatment,50.41,0,0.0,0
18534,control,216.76,1,103.95,0
18535,control,0.0,0,0.0,0
18536,control,25.62,0,0.0,0
18537,control,0.0,0,0.0,0
18538,control,96.3,1,88.89,0
18539,control,70.19,0,0.0,0
18540,treatment,0.0,0,0.0,0
18541,treatment,0.0,0,0.0,0
18542,control,0.0,0,0.0,0
18543,control,0.0,0,0.0,0
18544,treatment,98.25,0,0.0,0
18545,treatment,0.0,0,0.0,0
18546,treatment,106.4,0,0.0,0
18547,treatment,0.0,0,0.0,0
18548,treatment,0.0,0,0.0,0
18549,treatment,0.0,0,0.0,0
18550,control,0.0,0,0.0,0
18551,treatment,119.18,0,0.0,0
18552,treatment,30.68,0,0.0,0
18553,control,1180.04,1,85.43,0
18554,treatment,62.14,0,0.0,0
18555,treatment,0.0,0,0.0,0
18556,control,0.0,0,0.0,0
18557,control,35.36,0,0.0,0
18558,treatment,0.0,1,58.65,0
18559,treatment,81.91,0,0.0,0
18560,treatment,0.0,0,0.0,0
18561,control,0.0,0,0.0,0
18562,control,0.0,0,0.0,0
18563,control,0.0,0,0.0,0
18564,control,0.0,0,0.0,0
18565,treatment,60.82,0,0.0,0
18566,treatment,96.61,1,42.85,0
18567,control,38.33,0,0.0,0
18568,control,0.0,0,0.0,0
18569,control,36.63,0,0.0,0
18570,treatment,230.24,1,54.59,0
18571,control,0.0,1,12.43,0
18572,control,0.0,0,0.0,0
18573,treatment,883.27,1,162.52,0
18574,treatment,0.0,0,0.0,0
18575,treatment,0.0,0,0.0,0
18576,treatment,0.0,0,0.0,0
18577,treatment,0.0,0,0.0,0
18578,treatment,211.61,1,146.39,0
18579,treatment,0.0,0,0.0,0
18580,treatment,0.0,0,0.0,0
18581,treatment,0.0,0,0.0,0
18582,treatment,0.0,0,0.0,0
18583,treatment,0.0,0,0.0,0
18584,control,0.0,0,0.0,0
18585,treatment,0.0,0,0.0,0
18586,control,0.0,0,0.0,0
18587,treatment,48.42,0,0.0,0
18588,control,0.0,0,0.0,0
18589,treatment,53.93,0,0.0,0
18590,control,0.0,0,0.0,0
18591,treatment,55.26,0,0.0,0
18592,treatment,191.18,0,0.0,0
18593,treatment,190.21,1,34.51,0
18594,control,0.0,0,0.0,0
18595,treatment,0.0,0,0.0,0
18596,treatment,169.14,0,0.0,0
18597,treatment,194.01,0,0.0,0
18598,control,195.31,1,35.33,0
18599,treatment,32.39,0,0.0,0
18600,control,44.06,0,0.0,0
18601,control,0.0,0,0.0,0
18602,treatment,0.0,0,0.0,0
18603,treatment,0.0,1,41.39,0
18604,control,0.0,0,0.0,0
18605,control,291.39,0,0.0,0
18606,control,0.0,0,0.0,0
18607,control,0.0,0,0.0,0
18608,control,51.45,0,0.0,0
18609,control,0.0,0,0.0,0
18610,treatment,0.0,0,0.0,0
18611,treatment,0.0,0,0.0,0
18612,control,115.84,0,0.0,0
18613,treatment,263.81,0,0.0,0
18614,control,0.0,0,0.0,0
18615,treatment,0.0,0,0.0,0
18616,treatment,0.0,0,0.0,0
18617,control,54.96,0,0.0,0
18618,control,0.0,0,0.0,0
18619,control,47.71,0,0.0,0
18620,treatment,0.0,0,0.0,0
18621,treatment,0.0,0,0.0,0
18622,treatment,69.53,0,0.0,0
18623,control,0.0,0,0.0,0
18624,control,0.0,0,0.0,0
18625,treatment,0.0,0,0.0,0
18626,treatment,0.0,0,0.0,0
18627,control,0.0,0,0.0,0
18628,treatment,139.0,0,0.0,0
18629,treatment,0.0,0,0.0,0
18630,control,0.0,0,0.0,0
18631,treatment,0.0,0,0.0,0
18632,treatment,0.0,0,0.0,0
18633,control,115.95,0,0.0,0
18634,treatment,0.0,0,0.0,0
18635,control,55.27,0,0.0,0
18637,treatment,40.35,0,0.0,0
18638,treatment,15.02,0,0.0,0
18639,control,0.0,0,0.0,0
18640,control,0.0,0,0.0,0
18641,treatment,87.02,0,0.0,0
18642,treatment,0.0,0,0.0,0
18643,control,265.21,0,0.0,0
18644,control,0.0,0,0.0,0
18645,control,0.0,0,0.0,0
18646,treatment,82.82,0,0.0,0
18647,control,0.0,0,0.0,0
18648,control,23.7,0,0.0,0
18649,treatment,0.0,0,0.0,0
18650,control,0.0,0,0.0,0
18651,control,29.91,0,0.0,0
18652,treatment,122.07,0,0.0,0
18653,control,0.0,0,0.0,0
18654,treatment,0.0,0,0.0,0
18655,treatment,0.0,0,0.0,0
18656,control,0.0,0,0.0,0
18657,control,45.44,0,0.0,0
18658,control,88.25,0,0.0,0
18659,control,417.71,1,227.13,0
18660,treatment,98.02,0,0.0,0
18661,control,66.84,0,0.0,0
18662,control,79.29,0,0.0,0
18663,control,161.63,0,0.0,0
18664,treatment,28.94,0,0.0,0
18665,treatment,0.0,0,0.0,0
18666,treatment,303.07,0,0.0,0
18667,control,0.0,0,0.0,0
18668,treatment,0.0,0,0.0,0
18669,control,0.0,0,0.0,0
18670,control,0.0,0,0.0,0
18671,control,0.0,0,0.0,0
18672,treatment,0.0,0,0.0,0
18673,control,0.0,0,0.0,0
18674,control,0.0,0,0.0,0
18675,treatment,63.92,0,0.0,0
18676,control,0.0,0,0.0,0
18677,control,94.08,0,0.0,0
18678,treatment,62.78,0,0.0,0
18679,control,347.55,0,0.0,0
18680,control,45.64,0,0.0,0
18681,treatment,0.0,0,0.0,0
18682,treatment,0.0,0,0.0,0
18683,control,63.42,1,64.12,0
18684,control,89.17,0,0.0,0
18685,treatment,149.38,0,0.0,0
18686,control,0.0,0,0.0,0
18687,treatment,0.0,0,0.0,0
18688,control,0.0,0,0.0,0
18689,treatment,0.0,0,0.0,0
18690,control,354.47,0,0.0,0
18691,control,48.22,0,0.0,0
18692,control,0.0,0,0.0,0
18693,control,137.75,0,0.0,0
18694,treatment,63.62,0,0.0,0
18695,control,0.0,0,0.0,0
18696,control,51.84,0,0.0,0
18697,treatment,0.0,0,0.0,0
18698,treatment,0.0,0,0.0,0
18699,control,234.84,1,91.59,0
18700,control,0.0,0,0.0,0
18701,control,156.78,0,0.0,0
18702,control,37.56,1,95.17,0
18703,treatment,0.0,0,0.0,0
18704,treatment,62.79,0,0.0,0
18705,control,95.56,0,0.0,0
18706,treatment,36.84,0,0.0,0
18707,control,0.0,0,0.0,0
18708,control,116.45,0,0.0,0
18709,control,242.03,0,0.0,0
18710,treatment,49.87,0,0.0,0
18711,treatment,0.0,0,0.0,0
18712,treatment,0.0,0,0.0,0
18713,control,129.27,0,0.0,0
18714,control,0.0,1,31.77,0
18715,treatment,34.13,0,0.0,0
18716,control,52.84,0,0.0,0
18717,control,0.0,0,0.0,0
18718,treatment,196.79,1,59.04,0
18719,treatment,43.99,0,0.0,0
18720,treatment,37.01,0,0.0,0
18721,control,63.5,0,0.0,0
18722,control,0.0,0,0.0,0
18723,control,0.0,0,0.0,0
18724,control,0.0,1,92.57,0
18725,treatment,0.0,0,0.0,0
18726,control,126.47,1,77.94,0
18727,treatment,42.34,0,0.0,0
18728,treatment,0.0,0,0.0,0
18729,control,0.0,0,0.0,0
18730,treatment,0.0,0,0.0,0
18731,control,46.65,0,0.0,0
18732,treatment,148.19,0,0.0,0
18733,treatment,0.0,0,0.0,0
18734,control,119.55,0,0.0,0
18735,treatment,0.0,0,0.0,0
18736,treatment,35.71,0,0.0,0
18737,treatment,35.94,0,0.0,0
18738,control,93.18,0,0.0,0
18739,treatment,0.0,0,0.0,0
18740,control,34.85,0,0.0,0
18741,treatment,0.0,0,0.0,0
18742,control,34.26,0,0.0,0
18743,treatment,0.0,0,0.0,0
18744,treatment,55.24,0,0.0,0
18745,treatment,0.0,0,0.0,0
18746,control,0.0,0,0.0,0
18747,treatment,0.0,0,0.0,0
18748,control,0.0,0,0.0,0
18749,control,115.56,0,0.0,0
18750,treatment,31.45,0,0.0,0
18751,control,24.98,0,0.0,0
18752,control,0.0,0,0.0,0
18753,treatment,32.8,0,0.0,0
18754,control,275.88,0,0.0,0
18755,control,0.0,0,0.0,0
18756,control,454.76,1,110.22,0
18757,control,17.81,0,0.0,0
18758,control,0.0,0,0.0,0
18759,treatment,130.02,1,96.06,0
18760,treatment,66.26,0,0.0,0
18761,treatment,154.23,0,0.0,0
18762,control,0.0,0,0.0,0
18763,control,0.0,0,0.0,0
18764,treatment,22.91,0,0.0,0
18765,control,25.59,0,0.0,0
18766,control,58.74,0,0.0,0
18767,control,85.87,0,0.0,0
18768,control,48.37,1,55.65,0
18769,control,85.01,0,0.0,0
18770,control,0.0,0,0.0,0
18771,treatment,33.46,0,0.0,0
18772,control,0.0,0,0.0,0
18773,control,0.0,0,0.0,0
18774,control,0.0,0,0.0,0
18775,control,30.93,0,0.0,0
18776,control,0.0,1,109.38,0
18777,control,0.0,0,0.0,0
18778,control,0.0,0,0.0,0
18779,control,46.85,0,0.0,0
18780,treatment,0.0,0,0.0,0
18781,control,122.37,1,62.24,0
18782,treatment,88.72,0,0.0,0
18783,control,0.0,0,0.0,0
18784,treatment,0.0,0,0.0,0
18785,treatment,93.89,0,0.0,0
18786,control,0.0,0,0.0,0
18787,treatment,0.0,0,0.0,0
18789,treatment,60.18,0,0.0,0
18790,treatment,0.0,0,0.0,0
18791,control,0.0,0,0.0,0
18792,control,0.0,0,0.0,0
18793,control,0.0,0,0.0,0
18794,control,30.74,1,58.16,0
18795,control,65.02,0,0.0,0
18796,control,222.06,0,0.0,0
18797,treatment,0.0,1,54.36,0
18798,control,0.0,0,0.0,0
18799,treatment,161.68,0,0.0,0
18800,control,0.0,0,0.0,0
18801,control,0.0,0,0.0,0
18802,control,0.0,0,0.0,0
18803,control,0.0,0,0.0,0
18804,control,0.0,1,56.62,0
18805,control,81.07,0,0.0,0
18806,control,333.72,0,0.0,0
18807,treatment,0.0,0,0.0,0
18808,control,0.0,0,0.0,0
18809,treatment,0.0,0,0.0,0
18810,control,65.41,0,0.0,0
18811,control,0.0,0,0.0,0
18812,treatment,37.94,0,0.0,0
18813,treatment,0.0,0,0.0,0
18814,control,0.0,0,0.0,0
18815,control,0.0,0,0.0,0
18816,control,0.0,0,0.0,0
18817,control,0.0,0,0.0,0
18818,control,0.0,0,0.0,0
18819,control,0.0,0,0.0,0
18820,control,0.0,0,0.0,0
18821,control,0.0,0,0.0,0
18822,control,322.27,0,0.0,0
18823,control,0.0,0,0.0,0
18824,control,0.0,0,0.0,0
18825,treatment,0.0,0,0.0,0
18826,control,58.95,0,0.0,0
18827,control,55.12,0,0.0,0
18828,control,284.98,1,97.98,0
18829,control,0.0,0,0.0,0
18830,treatment,80.32,0,0.0,0
18831,control,0.0,0,0.0,0
18832,treatment,50.47,0,0.0,0
18833,control,0.0,0,0.0,0
18834,treatment,157.97,0,0.0,0
18835,control,0.0,0,0.0,0
18836,treatment,46.96,0,0.0,0
18837,treatment,260.3,0,0.0,0
18838,control,0.0,0,0.0,0
18839,control,29.19,0,0.0,0
18840,control,85.65,0,0.0,0
18841,control,0.0,0,0.0,0
18842,treatment,172.54,0,0.0,0
18843,treatment,68.18,0,0.0,0
18844,control,619.04,0,0.0,0
18845,control,0.0,0,0.0,0
18846,treatment,76.44,0,0.0,0
18847,control,88.24,0,0.0,0
18848,treatment,390.07,0,0.0,0
18849,control,300.36,0,0.0,0
18850,control,0.0,0,0.0,0
18851,control,0.0,0,0.0,0
18852,treatment,0.0,0,0.0,0
18853,treatment,0.0,0,0.0,0
18854,control,0.0,0,0.0,0
18855,control,0.0,0,0.0,0
18856,control,0.0,0,0.0,0
18857,treatment,86.0,0,0.0,0
18858,control,0.0,0,0.0,0
18859,treatment,85.41,0,0.0,0
18860,treatment,68.88,0,0.0,0
18861,treatment,36.98,1,17.88,0
18862,treatment,0.0,0,0.0,0
18863,treatment,0.0,0,0.0,0
18864,control,0.0,0,0.0,0
18865,treatment,78.7,1,89.26,0
18866,control,110.44,0,0.0,0
18867,control,76.14,0,0.0,0
18868,control,240.7,1,54.07,0
18869,treatment,0.0,0,0.0,0
18870,control,0.0,0,0.0,0
18871,treatment,33.71,1,50.34,0
18872,control,0.0,0,0.0,0
18873,treatment,206.44,0,0.0,0
18874,treatment,253.59,0,0.0,0
18875,control,0.0,0,0.0,0
18876,treatment,0.0,0,0.0,0
18877,treatment,58.56,0,0.0,0
18878,treatment,47.34,0,0.0,0
18879,treatment,0.0,0,0.0,0
18880,treatment,68.92,0,0.0,0
18881,control,0.0,0,0.0,0
18882,control,21.51,0,0.0,0
18883,control,274.82,0,0.0,0
18884,control,0.0,0,0.0,0
18885,treatment,36.21,0,0.0,0
18886,treatment,54.25,0,0.0,0
18887,control,560.14,0,0.0,0
18888,control,0.0,0,0.0,0
18889,treatment,167.55,0,0.0,0
18890,treatment,50.36,0,0.0,0
18891,treatment,63.35,0,0.0,0
18892,treatment,61.16,0,0.0,0
18893,control,0.0,0,0.0,0
18894,treatment,39.31,0,0.0,0
18895,control,92.51,0,0.0,0
18896,control,0.0,0,0.0,0
18897,treatment,0.0,0,0.0,0
18898,treatment,0.0,0,0.0,0
18899,control,0.0,0,0.0,0
18900,control,0.0,0,0.0,0
18901,control,0.0,0,0.0,0
18902,treatment,38.26,0,0.0,0
18903,treatment,48.74,1,53.14,0
18904,treatment,21.39,0,0.0,0
18905,treatment,0.0,0,0.0,0
18906,control,128.09,0,0.0,0
18907,control,95.67,0,0.0,0
18908,treatment,36.9,0,0.0,0
18909,control,46.5,0,0.0,0
18910,control,101.14,0,0.0,0
18911,treatment,0.0,0,0.0,0
18912,treatment,61.48,0,0.0,0
18914,treatment,0.0,0,0.0,0
18915,treatment,0.0,0,0.0,0
18916,treatment,0.0,0,0.0,0
18918,control,0.0,0,0.0,0
18919,control,118.37,0,0.0,0
18920,control,66.48,0,0.0,0
18921,treatment,0.0,0,0.0,0
18922,treatment,0.0,0,0.0,0
18923,control,68.5,0,0.0,0
18924,treatment,0.0,0,0.0,0
18925,treatment,44.96,0,0.0,0
18926,control,0.0,0,0.0,0
18927,treatment,0.0,0,0.0,0
18928,treatment,0.0,0,0.0,0
18930,control,0.0,0,0.0,0
18931,treatment,0.0,0,0.0,0
18932,treatment,0.0,0,0.0,0
18933,control,553.29,1,45.82,0
18934,treatment,0.0,0,0.0,0
18935,control,0.0,0,0.0,0
18936,control,306.26,0,0.0,0
18937,treatment,0.0,0,0.0,0
18938,control,0.0,0,0.0,0
18939,control,43.13,0,0.0,0
18940,control,0.0,0,0.0,0
18941,control,0.0,0,0.0,0
18942,control,88.83,1,80.37,1
18943,control,43.91,0,0.0,0
18944,control,0.0,0,0.0,0
18945,treatment,154.13,0,0.0,0
18946,control,0.0,0,0.0,0
18947,treatment,0.0,0,0.0,0
18948,control,0.0,0,0.0,0
18949,treatment,55.59,0,0.0,0
18950,treatment,85.4,0,0.0,0
18951,control,0.0,1,74.58,0
18952,control,25.0,0,0.0,0
18953,control,215.06,0,0.0,0
18954,control,0.0,0,0.0,0
18955,control,0.0,0,0.0,0
18956,control,0.0,0,0.0,0
18957,treatment,0.0,0,0.0,0
18958,treatment,426.96,0,0.0,0
18959,control,0.0,0,0.0,0
18960,treatment,68.2,0,0.0,0
18961,treatment,0.0,0,0.0,0
18962,treatment,32.03,0,0.0,0
18963,control,0.0,0,0.0,0
18964,control,126.93,1,52.02,0
18965,control,0.0,0,0.0,0
18966,treatment,0.0,1,23.81,0
18967,treatment,0.0,0,0.0,0
18968,treatment,0.0,0,0.0,0
18969,control,0.0,0,0.0,0
18970,treatment,387.01,0,0.0,0
18971,control,0.0,0,0.0,0
18972,control,0.0,0,0.0,0
18973,control,0.0,0,0.0,0
18974,control,70.93,0,0.0,0
18975,treatment,40.85,0,0.0,0
18976,control,0.0,0,0.0,0
18977,control,300.53,0,0.0,0
18978,control,0.0,1,101.08,0
18979,control,0.0,0,0.0,0
18980,treatment,0.0,0,0.0,0
18981,control,0.0,0,0.0,0
18982,control,0.0,0,0.0,0
18983,control,0.0,0,0.0,0
18984,control,80.2,0,0.0,0
18985,treatment,0.0,0,0.0,0
18986,treatment,0.0,0,0.0,0
18987,treatment,71.57,0,0.0,0
18988,control,0.0,0,0.0,0
18989,control,0.0,0,0.0,0
18990,treatment,65.67,0,0.0,0
18991,treatment,0.0,0,0.0,0
18992,treatment,0.0,0,0.0,0
18993,treatment,0.0,0,0.0,0
18994,treatment,0.0,0,0.0,0
18995,control,0.0,0,0.0,0
18996,treatment,88.08,0,0.0,0
18997,treatment,0.0,0,0.0,0
18998,treatment,0.0,0,0.0,0
18999,treatment,48.49,0,0.0,0
19000,treatment,0.0,0,0.0,0
19001,control,0.0,0,0.0,0
19002,control,0.0,0,0.0,0
19003,control,0.0,0,0.0,0
19004,control,0.0,0,0.0,0
19005,control,0.0,1,22.89,1
19006,control,0.0,0,0.0,0
19007,control,0.0,0,0.0,0
19008,control,163.71,0,0.0,0
19009,control,28.83,0,0.0,0
19010,treatment,0.0,0,0.0,0
19011,treatment,0.0,0,0.0,0
19012,control,0.0,0,0.0,0
19013,treatment,0.0,0,0.0,0
19014,treatment,0.0,0,0.0,0
19015,control,0.0,1,43.58,0
19016,control,0.0,0,0.0,0
19017,control,0.0,0,0.0,0
19018,control,69.51,0,0.0,0
19019,treatment,0.0,0,0.0,0
19020,treatment,0.0,1,49.06,0
19021,control,0.0,0,0.0,0
19022,treatment,0.0,0,0.0,0
19023,treatment,0.0,0,0.0,0
19024,treatment,42.6,0,0.0,0
19025,control,0.0,0,0.0,0
19026,treatment,0.0,0,0.0,0
19027,treatment,73.36,0,0.0,0
19028,control,97.9,0,0.0,0
19029,treatment,0.0,0,0.0,0
19030,control,0.0,0,0.0,0
19031,treatment,0.0,0,0.0,0
19032,treatment,0.0,0,0.0,0
19033,control,0.0,0,0.0,0
19034,control,82.26,0,0.0,0
19035,treatment,43.11,0,0.0,0
19036,treatment,0.0,0,0.0,0
19037,treatment,123.75,0,0.0,0
19038,treatment,76.64,0,0.0,0
19039,control,0.0,0,0.0,0
19040,control,55.28,0,0.0,0
19041,treatment,138.53,0,0.0,0
19042,treatment,0.0,0,0.0,0
19043,treatment,0.0,0,0.0,0
19044,treatment,80.27,0,0.0,0
19045,treatment,0.0,1,15.81,0
19046,control,55.02,0,0.0,0
19047,treatment,168.99,0,0.0,0
19048,control,35.6,0,0.0,0
19049,treatment,0.0,0,0.0,0
19050,control,0.0,0,0.0,0
19051,control,65.16,0,0.0,0
19052,control,73.49,1,74.1,0
19053,control,0.0,0,0.0,0
19054,control,57.03,0,0.0,0
19055,control,0.0,0,0.0,0
19056,control,51.43,1,30.76,0
19057,control,0.0,0,0.0,0
19058,control,60.65,0,0.0,0
19059,treatment,0.0,0,0.0,0
19060,treatment,104.85,0,0.0,0
19061,control,0.0,0,0.0,0
19062,treatment,0.0,0,0.0,0
19063,control,107.02,0,0.0,0
19064,treatment,0.0,0,0.0,0
19065,treatment,143.46,0,0.0,0
19066,control,0.0,0,0.0,0
19067,treatment,0.0,0,0.0,0
19068,control,0.0,1,57.87,0
19069,treatment,0.0,0,0.0,0
19070,control,0.0,0,0.0,0
19071,treatment,106.84,0,0.0,0
19072,treatment,0.0,0,0.0,0
19073,treatment,200.02,0,0.0,0
19074,treatment,0.0,1,47.66,0
19075,treatment,136.78,0,0.0,0
19076,control,0.0,0,0.0,0
19077,control,165.35,0,0.0,0
19078,control,0.0,0,0.0,0
19079,treatment,0.0,0,0.0,0
19080,control,0.0,0,0.0,0
19081,control,67.86,0,0.0,0
19082,control,139.93,0,0.0,0
19083,control,0.0,0,0.0,0
19084,control,97.11,0,0.0,0
19085,control,24.85,0,0.0,0
19086,treatment,0.0,0,0.0,0
19087,control,0.0,0,0.0,0
19088,control,0.0,1,25.3,0
19089,treatment,0.0,0,0.0,0
19090,treatment,0.0,0,0.0,0
19091,treatment,0.0,0,0.0,0
19092,treatment,54.83,0,0.0,0
19093,control,40.92,0,0.0,0
19094,treatment,0.0,0,0.0,0
19095,control,0.0,1,48.22,0
19096,treatment,0.0,0,0.0,0
19097,control,0.0,0,0.0,0
19098,control,99.95,0,0.0,0
19099,treatment,0.0,0,0.0,0
19100,treatment,144.93,0,0.0,0
19101,control,162.26,0,0.0,0
19102,control,0.0,0,0.0,0
19103,control,45.77,0,0.0,0
19104,control,0.0,0,0.0,0
19105,treatment,0.0,0,0.0,0
19106,control,485.67,0,0.0,0
19107,control,0.0,0,0.0,0
19108,control,42.72,0,0.0,0
19109,treatment,39.93,0,0.0,0
19110,control,65.03,0,0.0,0
19111,treatment,177.25,0,0.0,0
19112,treatment,0.0,0,0.0,0
19113,control,0.0,0,0.0,0
19114,control,0.0,0,0.0,0
19115,treatment,0.0,1,35.69,0
19116,control,78.43,0,0.0,0
19117,treatment,109.99,1,36.1,0
19118,treatment,26.09,0,0.0,0
19119,treatment,0.0,0,0.0,0
19120,treatment,0.0,0,0.0,0
19121,control,0.0,0,0.0,0
19122,control,0.0,0,0.0,0
19123,control,79.36,1,96.26,0
19124,treatment,461.26,0,0.0,0
19125,control,64.62,0,0.0,0
19126,control,0.0,0,0.0,0
19127,treatment,78.29,0,0.0,0
19128,treatment,37.59,0,0.0,0
19129,control,142.85,1,43.35,0
19130,treatment,0.0,0,0.0,0
19131,treatment,513.58,0,0.0,0
19132,control,0.0,0,0.0,0
19134,treatment,38.4,0,0.0,0
19135,treatment,0.0,0,0.0,0
19136,control,383.15,1,105.27,0
19137,control,0.0,0,0.0,0
19138,treatment,62.33,0,0.0,0
19139,treatment,0.0,0,0.0,0
19140,control,98.49,0,0.0,0
19141,control,43.17,1,49.12,0
19142,treatment,120.84,0,0.0,0
19143,treatment,0.0,0,0.0,0
19144,control,0.0,0,0.0,0
19145,treatment,120.96,0,0.0,0
19146,control,137.69,0,0.0,0
19147,treatment,0.0,0,0.0,0
19148,control,46.03,0,0.0,0
19149,control,0.0,1,60.38,0
19150,treatment,171.82,1,52.45,0
19151,control,81.45,0,0.0,0
19152,treatment,46.63,0,0.0,0
19153,treatment,44.64,0,0.0,0
19154,treatment,0.0,0,0.0,0
19155,treatment,0.0,0,0.0,0
19156,treatment,45.6,0,0.0,0
19157,control,129.14,0,0.0,0
19158,treatment,119.78,1,51.39,0
19159,treatment,0.0,0,0.0,0
19160,control,75.9,0,0.0,0
19161,control,130.14,1,53.39,0
19162,treatment,0.0,0,0.0,0
19163,control,48.44,0,0.0,0
19164,treatment,0.0,0,0.0,0
19165,control,0.0,1,101.89,0
19166,control,233.46,0,0.0,0
19167,treatment,82.64,0,0.0,0
19168,treatment,50.77,0,0.0,0
19169,treatment,0.0,0,0.0,0
19171,treatment,0.0,0,0.0,0
19172,treatment,47.97,1,86.82,0
19173,control,49.37,0,0.0,0
19174,treatment,148.75,0,0.0,0
19175,control,0.0,0,0.0,0
19176,treatment,32.62,1,40.61,0
19177,treatment,0.0,0,0.0,0
19178,treatment,55.34,0,0.0,0
19179,control,43.17,0,0.0,0
19180,treatment,38.26,0,0.0,0
19181,control,0.0,0,0.0,0
19182,control,0.0,0,0.0,0
19183,treatment,245.11,1,52.8,0
19184,treatment,462.4,0,0.0,0
19185,control,0.0,0,0.0,0
19186,control,0.0,0,0.0,0
19187,treatment,37.11,0,0.0,0
19188,treatment,0.0,0,0.0,0
19189,control,0.0,0,0.0,0
19190,treatment,56.49,0,0.0,0
19191,control,106.9,0,0.0,0
19193,control,56.96,0,0.0,0
19194,control,0.0,1,60.07,0
19195,treatment,68.92,0,0.0,0
19196,control,88.18,0,0.0,0
19197,treatment,0.0,0,0.0,0
19198,treatment,25.34,0,0.0,0
19199,control,0.0,0,0.0,0
19200,treatment,31.14,0,0.0,0
19201,control,0.0,0,0.0,0
19202,control,0.0,0,0.0,0
19203,control,0.0,0,0.0,0
19204,treatment,53.94,1,38.12,0
19205,treatment,0.0,0,0.0,0
19206,treatment,0.0,0,0.0,0
19207,treatment,82.06,0,0.0,0
19208,treatment,113.66,1,129.71,0
19210,treatment,63.69,0,0.0,0
19211,control,0.0,0,0.0,0
19212,control,38.48,0,0.0,0
19213,treatment,98.9,0,0.0,0
19214,control,0.0,0,0.0,0
19215,treatment,0.0,0,0.0,0
19216,treatment,200.83,0,0.0,0
19217,treatment,37.01,0,0.0,0
19218,control,0.0,0,0.0,0
19219,treatment,52.52,0,0.0,0
19220,control,0.0,1,17.17,0
19221,treatment,0.0,0,0.0,0
19222,control,164.83,0,0.0,0
19223,treatment,0.0,0,0.0,0
19224,control,30.03,0,0.0,0
19225,control,73.78,0,0.0,0
19226,control,0.0,0,0.0,0
19227,treatment,171.17,0,0.0,0
19228,control,42.21,0,0.0,0
19229,control,0.0,0,0.0,0
19230,treatment,0.0,0,0.0,0
19231,control,0.0,0,0.0,0
19232,control,0.0,0,0.0,0
19233,control,0.0,0,0.0,0
19234,treatment,297.63,1,47.53,0
19235,control,71.14,0,0.0,0
19236,treatment,49.71,1,103.98,1
19237,control,96.21,0,0.0,0
19238,control,0.0,1,51.61,0
19239,control,92.96,0,0.0,0
19240,treatment,138.27,0,0.0,0
19241,treatment,48.97,0,0.0,0
19242,control,103.74,0,0.0,0
19243,control,0.0,0,0.0,0
19244,control,0.0,0,0.0,0
19245,control,149.78,0,0.0,0
19246,treatment,34.96,0,0.0,0
19247,control,35.12,0,0.0,0
19248,treatment,0.0,0,0.0,0
19249,treatment,0.0,0,0.0,0
19250,treatment,66.32,0,0.0,0
19251,treatment,0.0,0,0.0,0
19252,control,0.0,0,0.0,0
19253,treatment,0.0,0,0.0,0
19254,control,0.0,0,0.0,0
19255,treatment,194.68,1,138.84,0
19256,treatment,0.0,0,0.0,0
19257,treatment,117.69,0,0.0,0
19258,treatment,0.0,0,0.0,0
19259,control,28.31,0,0.0,0
19260,control,468.63,0,0.0,0
19261,control,0.0,0,0.0,0
19262,treatment,41.45,0,0.0,0
19263,treatment,44.73,0,0.0,0
19264,treatment,1472.18,0,0.0,0
19265,treatment,45.79,0,0.0,0
19266,control,35.25,0,0.0,0
19267,treatment,175.2,0,0.0,0
19269,treatment,0.0,0,0.0,0
19270,control,0.0,0,0.0,0
19271,treatment,164.32,0,0.0,0
19272,control,0.0,0,0.0,0
19273,treatment,0.0,0,0.0,0
19274,treatment,0.0,0,0.0,0
19275,control,40.69,0,0.0,0
19276,control,98.09,0,0.0,0
19277,treatment,0.0,0,0.0,0
19278,treatment,0.0,0,0.0,0
19279,treatment,0.0,0,0.0,0
19280,treatment,0.0,0,0.0,0
19281,treatment,65.43,0,0.0,0
19282,control,113.46,0,0.0,0
19283,treatment,98.34,0,0.0,0
19284,treatment,0.0,0,0.0,0
19285,treatment,0.0,0,0.0,0
19287,control,0.0,0,0.0,0
19288,control,78.97,0,0.0,0
19289,control,45.92,0,0.0,0
19290,treatment,0.0,0,0.0,0
19291,control,0.0,0,0.0,0
19292,control,0.0,0,0.0,0
19293,control,51.85,0,0.0,0
19295,control,227.69,1,79.72,0
19296,treatment,0.0,0,0.0,0
19297,control,87.07,1,41.93,0
19298,control,81.68,0,0.0,0
19299,control,0.0,0,0.0,0
19300,treatment,32.04,0,0.0,0
19301,treatment,0.0,0,0.0,0
19302,control,73.21,0,0.0,0
19304,control,27.53,1,31.27,0
19305,treatment,0.0,0,0.0,0
19306,control,0.0,0,0.0,0
19307,treatment,26.5,1,77.18,0
19308,control,0.0,0,0.0,0
19309,treatment,0.0,0,0.0,0
19310,control,102.17,0,0.0,0
19311,control,0.0,0,0.0,0
19313,treatment,40.47,0,0.0,0
19314,control,0.0,0,0.0,0
19315,treatment,0.0,0,0.0,0
19316,treatment,0.0,0,0.0,0
19317,control,74.38,0,0.0,0
19318,treatment,0.0,0,0.0,0
19319,treatment,123.45,0,0.0,0
19320,treatment,68.52,1,54.5,0
19321,control,37.77,0,0.0,0
19322,control,52.18,0,0.0,0
19323,treatment,0.0,0,0.0,0
19324,control,0.0,0,0.0,0
19325,treatment,0.0,0,0.0,0
19326,control,155.79,0,0.0,0
19327,control,0.0,0,0.0,0
19328,treatment,0.0,0,0.0,0
19329,treatment,0.0,0,0.0,0
19330,treatment,0.0,0,0.0,0
19331,treatment,0.0,0,0.0,0
19332,treatment,128.48,1,113.25,1
19333,control,60.41,0,0.0,0
19334,treatment,416.52,1,36.13,0
19335,treatment,230.67,0,0.0,0
19336,treatment,108.96,0,0.0,0
19337,treatment,60.7,0,0.0,0
19338,treatment,0.0,0,0.0,0
19339,control,108.05,0,0.0,0
19340,treatment,0.0,0,0.0,0
19341,treatment,0.0,0,0.0,0
19342,control,84.37,0,0.0,0
19343,control,0.0,0,0.0,0
19344,control,0.0,0,0.0,0
19345,treatment,0.0,0,0.0,0
19346,treatment,0.0,0,0.0,0
19347,treatment,109.13,0,0.0,0
19348,treatment,105.71,1,61.96,0
19349,control,0.0,1,44.35,0
19350,treatment,63.32,1,28.79,0
19351,treatment,0.0,0,0.0,0
19352,treatment,79.85,0,0.0,0
19353,treatment,127.08,0,0.0,0
19354,treatment,0.0,0,0.0,0
19355,control,0.0,0,0.0,0
19356,treatment,124.48,0,0.0,0
19357,control,0.0,0,0.0,0
19358,treatment,57.89,0,0.0,0
19359,control,2192.41,0,0.0,0
19360,control,0.0,0,0.0,0
19361,treatment,51.57,0,0.0,0
19362,control,31.83,1,57.33,0
19363,treatment,0.0,0,0.0,0
19364,control,0.0,0,0.0,0
19365,control,0.0,0,0.0,0
19366,control,0.0,0,0.0,0
19367,treatment,339.22,0,0.0,0
19368,control,0.0,0,0.0,0
19369,control,0.0,1,59.68,1
19370,treatment,274.89,0,0.0,0
19371,control,81.63,0,0.0,0
19372,control,42.55,1,32.78,0
19373,control,0.0,0,0.0,0
19374,treatment,0.0,1,147.14,0
19375,control,24.35,0,0.0,0
19376,control,106.92,0,0.0,0
19377,treatment,0.0,0,0.0,0
19378,control,406.53,1,99.5,0
19379,control,82.22,0,0.0,0
19380,treatment,0.0,0,0.0,0
19381,treatment,0.0,0,0.0,0
19382,control,38.7,0,0.0,0
19383,treatment,0.0,0,0.0,0
19384,treatment,0.0,0,0.0,0
19385,control,179.66,0,0.0,0
19386,treatment,77.68,1,59.17,0
19387,treatment,0.0,0,0.0,0
19388,treatment,54.14,0,0.0,0
19389,treatment,0.0,0,0.0,0
19390,control,216.8,1,103.72,0
19391,treatment,27.81,0,0.0,0
19392,treatment,349.16,0,0.0,0
19393,control,0.0,1,64.01,0
19394,treatment,343.25,0,0.0,0
19395,control,0.0,0,0.0,0
19396,control,215.18,0,0.0,0
19397,control,38.77,0,0.0,0
19398,control,98.19,0,0.0,0
19399,control,0.0,0,0.0,0
19400,treatment,35.01,0,0.0,0
19401,treatment,0.0,0,0.0,0
19402,treatment,0.0,0,0.0,0
19403,control,82.3,0,0.0,0
19404,control,42.96,0,0.0,0
19405,treatment,0.0,0,0.0,0
19407,control,451.16,0,0.0,0
19408,control,0.0,0,0.0,0
19409,control,56.6,0,0.0,0
19410,treatment,323.25,1,49.75,0
19411,treatment,30.81,0,0.0,0
19412,control,57.77,0,0.0,0
19413,control,201.28,0,0.0,0
19414,treatment,0.0,0,0.0,0
19415,control,84.11,0,0.0,0
19416,treatment,0.0,0,0.0,0
19417,control,304.47,0,0.0,0
19418,control,155.23,0,0.0,0
19419,control,50.96,0,0.0,0
19420,control,0.0,1,59.39,0
19421,control,64.51,0,0.0,0
19422,control,188.98,1,58.7,1
19423,treatment,0.0,0,0.0,0
19424,control,62.51,0,0.0,0
19425,control,0.0,0,0.0,0
19426,control,0.0,0,0.0,0
19427,treatment,0.0,0,0.0,0
19428,control,0.0,0,0.0,0
19429,treatment,0.0,1,52.54,0
19430,control,53.91,0,0.0,0
19431,treatment,0.0,0,0.0,0
19432,control,54.77,0,0.0,0
19433,control,120.69,1,82.98,0
19434,control,0.0,0,0.0,0
19435,control,0.0,0,0.0,0
19436,treatment,0.0,0,0.0,0
19437,control,199.04,1,81.83,0
19438,treatment,137.06,1,90.27,0
19439,control,178.74,0,0.0,0
19440,treatment,0.0,0,0.0,0
19441,treatment,71.77,1,102.38,0
19442,treatment,0.0,0,0.0,0
19443,control,46.89,0,0.0,0
19444,control,0.0,0,0.0,0
19445,control,0.0,0,0.0,0
19446,control,0.0,0,0.0,0
19447,treatment,245.21,0,0.0,0
19448,treatment,38.42,0,0.0,0
19449,treatment,0.0,0,0.0,0
19450,control,50.59,0,0.0,0
19451,treatment,0.0,0,0.0,0
19452,control,87.1,1,34.74,0
19453,treatment,0.0,0,0.0,0
19454,treatment,0.0,0,0.0,0
19455,treatment,56.57,0,0.0,0
19456,treatment,34.89,0,0.0,0
19457,control,0.0,0,0.0,0
19458,control,20.43,0,0.0,0
19459,control,30.24,0,0.0,0
19460,treatment,0.0,1,83.61,0
19461,treatment,0.0,0,0.0,0
19462,treatment,198.51,1,95.67,0
19463,treatment,0.0,0,0.0,0
19464,control,0.0,0,0.0,0
19466,treatment,0.0,0,0.0,0
19467,control,56.38,0,0.0,0
19468,treatment,57.43,0,0.0,0
19469,control,0.0,0,0.0,0
19470,treatment,200.01,0,0.0,0
19471,control,68.54,0,0.0,0
19472,treatment,0.0,0,0.0,0
19473,treatment,290.19,1,101.96,0
19474,control,0.0,0,0.0,0
19475,treatment,80.95,0,0.0,0
19476,treatment,0.0,0,0.0,0
19477,control,106.85,0,0.0,0
19478,control,0.0,0,0.0,0
19479,control,67.78,1,63.68,0
19480,treatment,0.0,0,0.0,0
19481,control,0.0,0,0.0,0
19482,control,45.32,0,0.0,0
19483,treatment,45.31,0,0.0,0
19484,control,76.74,0,0.0,0
19485,control,54.95,0,0.0,0
19486,control,43.1,0,0.0,0
19487,treatment,0.0,1,57.2,0
19488,treatment,0.0,1,58.44,0
19489,control,0.0,0,0.0,0
19490,treatment,452.25,1,73.55,0
19491,control,100.69,1,41.02,0
19492,treatment,0.0,0,0.0,0
19493,control,0.0,0,0.0,0
19494,treatment,208.07,0,0.0,0
19495,treatment,28.12,0,0.0,0
19496,control,72.89,1,50.21,0
19497,treatment,147.82,0,0.0,0
19498,treatment,50.81,0,0.0,0
19499,treatment,237.37,0,0.0,0
19500,treatment,684.8,0,0.0,0
19501,treatment,52.4,0,0.0,0
19502,treatment,0.0,0,0.0,0
19503,treatment,48.41,1,58.55,0
19504,control,202.16,0,0.0,0
19505,treatment,0.0,0,0.0,0
19506,control,65.26,0,0.0,0
19507,control,0.0,0,0.0,0
19508,control,265.55,0,0.0,0
19509,treatment,0.0,1,68.88,0
19510,treatment,0.0,1,72.5,0
19511,control,412.99,0,0.0,0
19512,treatment,0.0,0,0.0,0
19513,treatment,82.54,0,0.0,0
19514,treatment,57.32,0,0.0,0
19515,treatment,0.0,0,0.0,0
19516,treatment,513.51,1,96.32,1
19517,control,0.0,0,0.0,0
19518,control,39.62,0,0.0,0
19519,treatment,81.19,0,0.0,0
19520,treatment,0.0,0,0.0,0
19521,control,0.0,0,0.0,0
19522,treatment,75.12,0,0.0,0
19523,treatment,43.28,0,0.0,0
19524,control,0.0,0,0.0,0
19525,control,0.0,0,0.0,0
19526,treatment,0.0,0,0.0,0
19527,treatment,0.0,0,0.0,0
19528,treatment,370.14,0,0.0,0
19529,control,0.0,0,0.0,0
19530,treatment,0.0,0,0.0,0
19531,treatment,36.61,0,0.0,0
19532,treatment,0.0,0,0.0,0
19533,control,0.0,0,0.0,0
19535,treatment,207.54,0,0.0,0
19536,control,0.0,0,0.0,0
19537,control,0.0,0,0.0,0
19538,treatment,0.0,0,0.0,0
19539,treatment,107.85,1,54.15,0
19541,control,36.31,0,0.0,0
19542,control,0.0,0,0.0,0
19543,control,43.45,0,0.0,0
19544,control,191.5,0,0.0,0
19545,control,0.0,0,0.0,0
19546,control,532.49,0,0.0,0
19547,treatment,0.0,0,0.0,0
19548,control,53.99,0,0.0,0
19549,treatment,25.17,0,0.0,0
19550,treatment,0.0,0,0.0,0
19551,control,0.0,0,0.0,0
19552,treatment,0.0,0,0.0,0
19553,treatment,101.44,0,0.0,0
19554,treatment,34.63,0,0.0,0
19555,treatment,34.65,0,0.0,0
19556,treatment,59.05,0,0.0,0
19557,control,0.0,1,54.41,0
19558,treatment,0.0,0,0.0,0
19559,control,33.53,0,0.0,0
19560,control,0.0,0,0.0,0
19561,control,0.0,0,0.0,0
19562,control,0.0,0,0.0,0
19563,treatment,0.0,0,0.0,0
19564,control,122.83,0,0.0,0
19565,treatment,148.71,1,144.59,0
19566,treatment,43.26,0,0.0,0
19567,control,72.27,0,0.0,0
19568,treatment,0.0,0,0.0,0
19569,treatment,0.0,0,0.0,0
19570,treatment,29.7,1,36.88,0
19571,treatment,125.69,0,0.0,0
19572,control,0.0,0,0.0,0
19573,control,89.66,0,0.0,0
19574,control,0.0,0,0.0,0
19575,control,0.0,0,0.0,0
19576,treatment,0.0,0,0.0,0
19577,treatment,0.0,1,29.63,0
19578,treatment,0.0,0,0.0,0
19579,treatment,50.5,0,0.0,0
19580,treatment,44.64,0,0.0,0
19581,treatment,198.35,1,192.22,0
19582,control,0.0,0,0.0,0
19583,control,83.79,0,0.0,0
19584,control,0.0,0,0.0,0
19585,treatment,229.66,0,0.0,0
19586,control,39.98,1,52.49,0
19587,treatment,0.0,0,0.0,0
19588,control,59.02,0,0.0,0
19589,treatment,734.19,0,0.0,0
19590,control,323.25,1,30.01,0
19591,treatment,438.39,0,0.0,0
19592,control,38.79,0,0.0,0
19593,treatment,0.0,0,0.0,0
19594,treatment,37.88,0,0.0,0
19595,treatment,0.0,0,0.0,0
19596,treatment,100.58,1,59.14,0
19597,control,0.0,0,0.0,0
19598,treatment,0.0,1,57.0,0
19599,control,0.0,0,0.0,0
19600,treatment,0.0,0,0.0,0
19601,control,115.69,1,74.11,0
19602,treatment,24.47,0,0.0,0
19603,control,0.0,0,0.0,0
19604,treatment,0.0,0,0.0,0
19605,control,112.72,1,63.65,0
19606,control,113.2,0,0.0,0
19607,treatment,0.0,0,0.0,0
19608,control,88.73,0,0.0,0
19609,treatment,0.0,0,0.0,0
19610,control,66.14,0,0.0,0
19611,treatment,51.96,0,0.0,0
19612,control,182.88,1,142.41,0
19613,control,70.11,0,0.0,0
19614,treatment,79.21,0,0.0,0
19615,control,83.04,0,0.0,0
19616,treatment,316.22,1,119.26,0
19617,treatment,0.0,0,0.0,0
19618,treatment,0.0,0,0.0,0
19619,treatment,0.0,0,0.0,0
19620,treatment,0.0,0,0.0,0
19621,treatment,0.0,0,0.0,0
19622,control,0.0,0,0.0,0
19623,treatment,39.07,0,0.0,0
19624,control,0.0,0,0.0,0
19625,control,74.75,0,0.0,0
19626,treatment,0.0,0,0.0,0
19627,treatment,38.49,0,0.0,0
19628,control,195.56,0,0.0,0
19629,control,1735.64,1,141.19,0
19630,control,0.0,0,0.0,0
19631,control,43.66,0,0.0,0
19632,control,56.62,0,0.0,0
19633,control,41.75,1,48.57,0
19634,treatment,0.0,0,0.0,0
19635,control,0.0,0,0.0,0
19636,treatment,0.0,0,0.0,0
19637,control,0.0,0,0.0,0
19638,control,35.57,0,0.0,0
19639,treatment,26.96,0,0.0,0
19640,treatment,72.29,0,0.0,0
19642,control,86.82,1,13.73,0
19643,control,0.0,0,0.0,0
19644,control,34.92,0,0.0,0
19645,treatment,0.0,0,0.0,0
19646,treatment,63.76,0,0.0,0
19647,treatment,0.0,0,0.0,0
19648,control,0.0,0,0.0,0
19649,control,0.0,0,0.0,0
19650,treatment,0.0,1,72.4,0
19651,treatment,0.0,0,0.0,0
19652,control,0.0,0,0.0,0
19653,control,0.0,0,0.0,0
19654,treatment,56.62,0,0.0,0
19655,control,0.0,0,0.0,0
19656,control,0.0,0,0.0,0
19657,control,0.0,0,0.0,0
19658,treatment,44.36,0,0.0,0
19659,control,0.0,1,47.74,0
19660,treatment,0.0,0,0.0,0
19661,treatment,79.01,1,64.87,0
19662,treatment,77.22,0,0.0,0
19663,control,0.0,0,0.0,0
19664,treatment,0.0,0,0.0,0
19665,control,95.16,0,0.0,0
19666,control,67.01,0,0.0,0
19667,treatment,0.0,0,0.0,0
19668,control,0.0,0,0.0,0
19669,control,0.0,0,0.0,0
19670,control,76.15,0,0.0,0
19671,treatment,25.45,0,0.0,0
19672,control,60.77,0,0.0,0
19673,treatment,0.0,1,85.9,0
19675,treatment,0.0,0,0.0,0
19676,treatment,0.0,0,0.0,0
19677,control,62.87,0,0.0,0
19678,control,0.0,0,0.0,0
19679,treatment,0.0,0,0.0,0
19680,treatment,0.0,1,73.73,1
19681,control,0.0,0,0.0,0
19682,control,0.0,0,0.0,0
19683,treatment,0.0,0,0.0,0
19684,control,0.0,0,0.0,0
19685,control,170.69,0,0.0,0
19686,control,0.0,0,0.0,0
19687,treatment,0.0,1,53.68,0
19688,control,0.0,0,0.0,0
19689,control,0.0,1,97.31,0
19690,control,44.36,0,0.0,0
19691,treatment,0.0,0,0.0,0
19692,control,0.0,0,0.0,0
19693,control,0.0,0,0.0,0
19694,control,277.82,0,0.0,0
19695,treatment,0.0,0,0.0,0
19696,control,0.0,0,0.0,0
19697,control,116.91,0,0.0,0
19698,treatment,0.0,0,0.0,0
19699,treatment,107.4,0,0.0,0
19700,control,0.0,0,0.0,0
19702,control,29.07,0,0.0,0
19703,treatment,0.0,0,0.0,0
19704,control,0.0,0,0.0,0
19705,control,0.0,0,0.0,0
19706,treatment,101.43,0,0.0,0
19707,treatment,0.0,0,0.0,0
19708,control,0.0,0,0.0,0
19709,control,0.0,0,0.0,0
19710,control,38.52,0,0.0,0
19711,treatment,33.69,0,0.0,0
19712,treatment,97.39,0,0.0,0
19713,treatment,0.0,0,0.0,0
19714,control,109.16,0,0.0,0
19715,treatment,163.7,0,0.0,0
19716,control,119.93,0,0.0,0
19717,treatment,0.0,0,0.0,0
19718,treatment,65.53,0,0.0,0
19719,treatment,198.64,0,0.0,0
19720,treatment,0.0,0,0.0,0
19721,treatment,79.68,0,0.0,0
19722,control,226.88,0,0.0,0
19723,treatment,0.0,0,0.0,0
19724,treatment,0.0,0,0.0,0
19725,control,191.98,0,0.0,0
19726,control,0.0,0,0.0,0
19727,control,94.58,0,0.0,0
19728,control,0.0,1,140.3,0
19729,treatment,0.0,1,37.12,0
19730,treatment,0.0,0,0.0,0
19731,control,182.08,0,0.0,0
19732,treatment,51.28,0,0.0,0
19733,treatment,123.49,0,0.0,0
19734,treatment,0.0,0,0.0,0
19735,treatment,48.4,0,0.0,0
19736,treatment,67.34,0,0.0,0
19737,treatment,153.27,1,39.68,0
19738,treatment,0.0,0,0.0,0
19739,treatment,36.69,0,0.0,0
19740,treatment,0.0,0,0.0,0
19741,control,0.0,0,0.0,0
19742,control,360.67,1,163.56,0
19743,control,0.0,0,0.0,0
19744,control,0.0,0,0.0,0
19745,control,0.0,0,0.0,0
19746,treatment,0.0,0,0.0,0
19747,treatment,0.0,0,0.0,0
19748,treatment,0.0,0,0.0,0
19749,treatment,39.95,0,0.0,0
19750,treatment,106.29,1,41.06,0
19751,control,49.56,0,0.0,0
19752,control,0.0,0,0.0,0
19753,treatment,0.0,0,0.0,0
19754,control,67.85,0,0.0,0
19755,treatment,77.31,0,0.0,0
19756,control,0.0,0,0.0,0
19757,control,51.19,0,0.0,0
19758,treatment,0.0,0,0.0,0
19759,treatment,0.0,0,0.0,0
19760,treatment,53.22,0,0.0,0
19761,control,0.0,0,0.0,0
19762,control,66.39,0,0.0,0
19763,control,40.96,0,0.0,0
19764,treatment,75.29,0,0.0,0
19765,treatment,0.0,1,141.35,0
19766,control,33.66,0,0.0,0
19767,treatment,31.07,1,83.75,0
19768,control,0.0,1,21.24,0
19769,control,51.9,0,0.0,0
19770,treatment,252.93,0,0.0,0
19771,treatment,94.28,0,0.0,0
19772,treatment,155.16,0,0.0,0
19773,treatment,36.89,0,0.0,0
19774,treatment,0.0,0,0.0,0
19775,control,75.82,0,0.0,0
19776,control,0.0,0,0.0,0
19777,control,158.49,1,34.82,0
19778,treatment,0.0,0,0.0,0
19779,treatment,273.79,0,0.0,0
19780,control,0.0,0,0.0,0
19781,control,0.0,0,0.0,0
19782,treatment,0.0,0,0.0,0
19783,treatment,0.0,0,0.0,0
19784,treatment,186.14,0,0.0,0
19785,control,232.12,0,0.0,0
19786,treatment,26.67,1,85.34,0
19787,control,33.32,0,0.0,0
19788,control,133.21,0,0.0,0
19789,treatment,0.0,1,36.18,0
19790,control,0.0,0,0.0,0
19791,control,39.61,0,0.0,0
19793,treatment,741.71,1,98.0,0
19794,treatment,0.0,0,0.0,0
19795,control,0.0,0,0.0,0
19796,treatment,55.2,0,0.0,0
19797,control,463.66,1,65.78,0
19798,treatment,85.06,1,52.66,1
19799,treatment,92.07,0,0.0,0
19800,control,0.0,0,0.0,0
19801,treatment,0.0,0,0.0,0
19802,treatment,219.36,0,0.0,0
19803,control,0.0,0,0.0,0
19804,treatment,0.0,0,0.0,0
19805,treatment,31.58,0,0.0,0
19806,control,0.0,0,0.0,0
19807,treatment,33.18,0,0.0,0
19808,control,173.56,0,0.0,0
19809,control,349.32,0,0.0,0
19810,treatment,45.37,0,0.0,0
19811,control,213.36,1,21.23,0
19812,treatment,0.0,0,0.0,0
19813,control,0.0,0,0.0,0
19814,treatment,0.0,0,0.0,0
19815,control,152.53,1,106.4,0
19817,control,76.0,0,0.0,0
19818,treatment,19.04,0,0.0,0
19819,treatment,0.0,0,0.0,0
19820,treatment,86.63,0,0.0,0
19821,treatment,57.72,0,0.0,0
19822,treatment,0.0,0,0.0,0
19823,treatment,0.0,0,0.0,0
19824,treatment,0.0,0,0.0,0
19825,treatment,61.53,0,0.0,0
19826,control,0.0,1,38.0,0
19827,treatment,0.0,0,0.0,0
19828,control,0.0,0,0.0,0
19829,treatment,77.98,0,0.0,0
19830,control,0.0,0,0.0,0
19831,control,110.34,0,0.0,0
19832,treatment,0.0,0,0.0,0
19833,treatment,0.0,0,0.0,0
19834,treatment,0.0,0,0.0,0
19835,control,0.0,0,0.0,0
19836,treatment,0.0,1,47.09,0
19837,treatment,41.46,0,0.0,0
19838,treatment,0.0,0,0.0,0
19839,treatment,55.09,0,0.0,0
19840,control,0.0,0,0.0,0
19841,control,0.0,0,0.0,0
19842,control,62.47,0,0.0,0
19843,treatment,178.82,0,0.0,0
19844,control,0.0,0,0.0,0
19845,control,0.0,0,0.0,0
19846,treatment,0.0,0,0.0,0
19847,treatment,106.45,1,33.85,0
19848,treatment,0.0,0,0.0,0
19849,control,0.0,0,0.0,0
19851,control,0.0,0,0.0,0
19852,treatment,584.09,1,45.75,0
19853,control,277.73,0,0.0,0
19854,control,159.85,0,0.0,0
19855,treatment,0.0,0,0.0,0
19856,control,441.35,0,0.0,0
19857,control,102.4,0,0.0,0
19858,control,47.15,0,0.0,0
19859,control,334.51,0,0.0,0
19860,treatment,0.0,0,0.0,0
19861,control,0.0,0,0.0,0
19862,treatment,0.0,0,0.0,0
19863,treatment,252.14,1,55.16,0
19864,control,90.85,0,0.0,0
19865,control,101.91,0,0.0,0
19866,control,48.94,0,0.0,0
19867,treatment,48.26,0,0.0,0
19868,treatment,0.0,1,82.63,0
19869,control,0.0,0,0.0,0
19870,treatment,92.97,0,0.0,0
19871,control,0.0,0,0.0,0
19872,treatment,81.19,0,0.0,0
19873,treatment,31.66,0,0.0,0
19874,treatment,19.23,0,0.0,0
19875,control,35.94,0,0.0,0
19876,treatment,0.0,0,0.0,0
19877,treatment,0.0,0,0.0,0
19878,treatment,0.0,0,0.0,0
19879,treatment,0.0,0,0.0,0
19880,control,44.1,0,0.0,0
19881,control,73.93,0,0.0,0
19882,treatment,0.0,0,0.0,0
19883,control,143.45,0,0.0,0
19884,control,0.0,0,0.0,0
19885,treatment,52.49,0,0.0,0
19886,control,0.0,0,0.0,0
19887,treatment,0.0,0,0.0,0
19888,control,137.0,0,0.0,0
19889,treatment,160.97,0,0.0,0
19890,control,0.0,0,0.0,0
19891,control,0.0,1,41.92,0
19892,treatment,528.82,0,0.0,0
19893,control,67.01,0,0.0,0
19894,treatment,0.0,0,0.0,0
19895,treatment,54.02,1,63.13,1
19896,treatment,0.0,0,0.0,0
19897,control,0.0,0,0.0,0
19898,treatment,0.0,1,94.18,0
19899,control,0.0,0,0.0,0
19900,treatment,28.48,0,0.0,0
19901,treatment,102.21,1,59.49,0
19902,control,380.98,1,146.33,0
19903,treatment,0.0,0,0.0,0
19904,treatment,64.23,0,0.0,0
19905,treatment,142.67,1,70.15,0
19906,control,0.0,0,0.0,0
19907,treatment,70.42,0,0.0,0
19908,treatment,0.0,0,0.0,0
19909,control,0.0,0,0.0,0
19910,treatment,0.0,0,0.0,0
19911,control,26.05,0,0.0,0
19912,control,59.41,0,0.0,0
19913,control,0.0,1,23.39,0
19914,control,266.49,0,0.0,0
19915,treatment,0.0,0,0.0,0
19916,control,0.0,0,0.0,0
19917,control,493.74,0,0.0,0
19918,treatment,26.68,0,0.0,0
19919,control,0.0,0,0.0,0
19920,treatment,0.0,0,0.0,0
19921,treatment,0.0,0,0.0,0
19922,treatment,130.75,0,0.0,0
19923,control,100.91,0,0.0,0
19924,control,157.58,1,33.71,0
19925,treatment,42.42,1,97.03,0
19926,control,0.0,1,47.61,0
19927,control,34.23,0,0.0,0
19928,treatment,55.8,0,0.0,0
19929,treatment,73.2,0,0.0,0
19930,control,118.28,0,0.0,0
19931,control,51.92,1,143.41,0
19932,treatment,64.84,0,0.0,0
19933,control,61.6,0,0.0,0
19934,control,43.88,0,0.0,0
19935,treatment,67.29,0,0.0,0
19936,treatment,43.72,0,0.0,0
19937,treatment,0.0,0,0.0,0
19938,treatment,0.0,0,0.0,0
19939,treatment,0.0,0,0.0,0
19940,control,59.18,1,43.25,0
19941,treatment,30.88,0,0.0,0
19942,treatment,76.12,0,0.0,0
19943,treatment,0.0,0,0.0,0
19944,control,470.35,1,78.44,0
19945,treatment,100.26,0,0.0,0
19946,treatment,0.0,0,0.0,0
19947,control,39.28,0,0.0,0
19948,treatment,32.31,0,0.0,0
19949,control,140.5,1,172.1,0
19950,treatment,74.12,0,0.0,0
19951,treatment,0.0,0,0.0,0
19952,control,0.0,0,0.0,0
19953,treatment,0.0,0,0.0,0
19954,control,29.92,0,0.0,0
19956,control,184.49,0,0.0,0
19957,treatment,0.0,0,0.0,0
19958,treatment,0.0,0,0.0,0
19959,treatment,142.0,0,0.0,0
19960,treatment,46.48,0,0.0,0
19961,control,0.0,0,0.0,0
19962,treatment,0.0,0,0.0,0
19963,treatment,59.76,1,35.85,0
19964,treatment,80.02,0,0.0,0
19965,treatment,0.0,0,0.0,0
19966,treatment,0.0,0,0.0,0
19967,treatment,57.81,0,0.0,0
19968,control,0.0,0,0.0,0
19969,treatment,0.0,0,0.0,0
19970,treatment,0.0,0,0.0,0
19971,control,1722.56,0,0.0,0
19972,control,120.95,0,0.0,0
19973,control,0.0,0,0.0,0
19974,control,0.0,0,0.0,0
19975,control,0.0,0,0.0,0
19976,control,0.0,0,0.0,0
19977,control,240.11,0,0.0,0
19978,control,46.68,0,0.0,0
19979,treatment,0.0,1,44.34,0
19980,control,0.0,0,0.0,0
19981,control,0.0,0,0.0,0
19982,control,0.0,0,0.0,0
19983,treatment,260.81,0,0.0,0
19984,treatment,0.0,0,0.0,0
19985,treatment,36.94,0,0.0,0
19986,control,0.0,0,0.0,0
19987,treatment,0.0,0,0.0,0
19988,treatment,0.0,1,72.22,0
19990,treatment,87.77,0,0.0,0
19991,treatment,146.23,1,34.35,0
19992,treatment,31.22,0,0.0,0
19993,control,490.4,0,0.0,0
19994,treatment,22.5,0,0.0,0
19995,control,41.04,0,0.0,0
19996,control,65.28,0,0.0,0
19997,control,121.13,0,0.0,0
19998,treatment,0.0,0,0.0,0
19999,control,105.34,0,0.0,0
20000,treatment,0.0,0,0.0,0
20001,treatment,133.2,0,0.0,0
20002,control,0.0,0,0.0,0
20003,treatment,81.12,0,0.0,0
20004,treatment,45.15,0,0.0,0
20005,control,0.0,0,0.0,0
20006,treatment,121.85,1,59.29,0
20008,control,91.78,0,0.0,0
20009,control,56.46,0,0.0,0
20010,control,0.0,0,0.0,0
20011,control,0.0,0,0.0,0
20012,control,0.0,0,0.0,0
20013,control,0.0,0,0.0,0
20014,control,17.46,0,0.0,0
20015,treatment,46.68,0,0.0,0
20016,control,0.0,0,0.0,0
20017,treatment,135.74,1,29.26,0
20018,control,0.0,0,0.0,0
20020,control,26.41,0,0.0,0
20021,control,0.0,0,0.0,0
20022,treatment,71.97,1,152.71,0
20023,treatment,94.2,0,0.0,0
20024,treatment,30.43,0,0.0,0
20025,treatment,554.96,0,0.0,0
20026,treatment,26.47,0,0.0,0
20027,treatment,125.1,1,93.61,0
20029,control,0.0,0,0.0,0
20031,control,0.0,0,0.0,0
20032,treatment,0.0,1,63.78,0
20033,treatment,305.39,0,0.0,0
20034,control,0.0,0,0.0,0
20036,control,74.86,0,0.0,0
20037,control,0.0,0,0.0,0
20038,treatment,0.0,0,0.0,0
20039,control,0.0,0,0.0,0
20040,control,0.0,0,0.0,0
20041,control,0.0,0,0.0,0
20042,treatment,0.0,0,0.0,0
20043,control,0.0,0,0.0,0
20044,control,0.0,0,0.0,0
20045,control,188.92,1,43.75,0
20046,treatment,93.88,0,0.0,0
20047,treatment,96.91,1,70.34,0
20048,control,0.0,0,0.0,0
20049,control,0.0,0,0.0,0
20050,treatment,62.45,1,77.6,1
20051,control,40.47,0,0.0,0
20052,control,71.61,0,0.0,0
20053,treatment,36.58,0,0.0,0
20054,treatment,0.0,0,0.0,0
20055,control,0.0,0,0.0,0
20056,treatment,195.73,1,48.68,0
20057,treatment,51.08,0,0.0,0
20058,control,0.0,0,0.0,0
20059,treatment,0.0,0,0.0,0
20060,treatment,0.0,0,0.0,0
20061,control,0.0,0,0.0,0
20062,treatment,93.13,1,79.7,0
20063,control,0.0,0,0.0,0
20064,control,0.0,0,0.0,0
20065,control,47.54,0,0.0,0
20066,control,55.92,0,0.0,0
20067,control,91.42,0,0.0,0
20068,treatment,26.92,0,0.0,0
20069,control,92.98,0,0.0,0
20070,treatment,122.16,0,0.0,0
20071,control,0.0,0,0.0,0
20072,treatment,0.0,0,0.0,0
20073,control,18.73,0,0.0,0
20074,control,0.0,0,0.0,0
20075,treatment,68.29,0,0.0,0
20076,control,62.36,1,14.5,0
20077,control,364.99,0,0.0,0
20078,control,0.0,0,0.0,0
20079,treatment,66.27,0,0.0,0
20080,control,0.0,0,0.0,0
20081,treatment,52.08,0,0.0,0
20082,treatment,55.77,0,0.0,0
20084,control,186.49,1,38.33,0
20085,treatment,0.0,0,0.0,0
20086,treatment,0.0,0,0.0,0
20087,control,162.96,1,80.16,0
20088,control,0.0,1,16.64,0
20089,control,103.14,0,0.0,0
20090,control,0.0,0,0.0,0
20091,control,0.0,0,0.0,0
20092,control,51.05,0,0.0,0
20093,control,0.0,0,0.0,0
20094,treatment,0.0,0,0.0,0
20095,treatment,60.01,0,0.0,0
20096,treatment,0.0,0,0.0,0
20097,control,0.0,0,0.0,0
20098,treatment,20.99,0,0.0,0
20099,control,0.0,1,39.86,0
20100,control,0.0,0,0.0,0
20101,control,0.0,0,0.0,0
20102,treatment,67.25,0,0.0,0
20103,control,0.0,0,0.0,0
20104,treatment,150.79,0,0.0,0
20105,treatment,0.0,0,0.0,0
20106,treatment,0.0,0,0.0,0
20107,treatment,104.75,0,0.0,0
20108,control,237.53,0,0.0,0
20109,control,0.0,0,0.0,0
20110,control,0.0,0,0.0,0
20111,control,62.26,0,0.0,0
20112,treatment,0.0,0,0.0,0
20113,control,80.31,0,0.0,0
20114,control,24.29,0,0.0,0
20115,control,0.0,0,0.0,0
20116,treatment,46.52,1,47.14,0
20117,control,0.0,0,0.0,0
20118,treatment,0.0,0,0.0,0
20119,treatment,29.82,0,0.0,0
20120,treatment,288.05,1,71.92,0
20121,control,268.83,0,0.0,0
20122,treatment,107.7,0,0.0,0
20123,treatment,0.0,0,0.0,0
20124,control,58.55,0,0.0,0
20125,treatment,0.0,0,0.0,0
20126,treatment,0.0,0,0.0,0
20127,control,0.0,0,0.0,0
20128,treatment,80.9,0,0.0,0
20129,treatment,104.31,0,0.0,0
20130,treatment,0.0,0,0.0,0
20131,treatment,165.67,0,0.0,0
20132,control,23.27,0,0.0,0
20133,treatment,0.0,0,0.0,0
20134,control,0.0,0,0.0,0
20135,treatment,84.28,0,0.0,0
20136,control,0.0,0,0.0,0
20137,control,18.24,0,0.0,0
20138,control,66.9,0,0.0,0
20140,treatment,114.52,0,0.0,0
20141,treatment,0.0,1,31.18,0
20142,control,145.95,0,0.0,0
20143,treatment,259.45,0,0.0,0
20144,control,69.67,0,0.0,0
20145,control,0.0,0,0.0,0
20146,control,0.0,0,0.0,0
20147,control,0.0,1,26.38,0
20148,control,57.18,0,0.0,0
20149,treatment,137.19,0,0.0,0
20150,control,0.0,0,0.0,0
20151,control,37.28,0,0.0,0
20152,treatment,0.0,0,0.0,0
20154,control,0.0,0,0.0,0
20155,treatment,0.0,0,0.0,0
20156,treatment,0.0,0,0.0,0
20157,treatment,167.89,0,0.0,0
20158,control,48.42,0,0.0,0
20159,control,0.0,0,0.0,0
20160,control,84.53,0,0.0,0
20161,treatment,16.71,0,0.0,0
20162,treatment,133.88,0,0.0,0
20163,treatment,177.15,0,0.0,0
20164,control,34.56,0,0.0,0
20165,treatment,61.11,0,0.0,0
20166,treatment,0.0,0,0.0,0
20167,control,0.0,0,0.0,0
20168,control,0.0,0,0.0,0
20169,control,0.0,0,0.0,0
20170,control,52.22,0,0.0,0
20171,control,60.42,0,0.0,0
20172,control,0.0,0,0.0,0
20173,treatment,0.0,0,0.0,0
20174,control,0.0,0,0.0,0
20175,control,0.0,0,0.0,0
20176,treatment,73.53,1,56.61,0
20177,treatment,28.14,1,55.29,0
20178,treatment,38.95,0,0.0,0
20179,control,57.81,0,0.0,0
20180,control,89.02,0,0.0,0
20181,treatment,92.53,0,0.0,0
20182,treatment,65.14,0,0.0,0
20183,treatment,0.0,1,35.07,0
20184,control,0.0,0,0.0,0
20185,treatment,0.0,0,0.0,0
20186,control,93.97,0,0.0,0
20187,treatment,0.0,0,0.0,0
20188,control,0.0,0,0.0,0
20189,treatment,107.04,0,0.0,0
20190,control,45.3,0,0.0,0
20191,control,0.0,1,41.94,0
20192,control,0.0,0,0.0,0
20193,treatment,55.13,0,0.0,0
20194,treatment,359.7,1,111.87,0
20195,treatment,0.0,0,0.0,0
20196,control,0.0,0,0.0,0
20197,control,0.0,0,0.0,0
20198,treatment,0.0,0,0.0,0
20199,treatment,30.16,0,0.0,0
20200,control,0.0,0,0.0,0
20201,control,0.0,0,0.0,0
20202,control,0.0,0,0.0,0
20204,treatment,62.71,1,17.71,0
20205,control,29.77,0,0.0,0
20206,control,44.91,0,0.0,0
20207,treatment,73.8,0,0.0,0
20208,control,89.22,1,59.35,0
20209,treatment,207.03,1,72.62,0
20210,control,0.0,0,0.0,0
20211,control,95.26,0,0.0,0
20212,control,0.0,0,0.0,0
20213,treatment,0.0,0,0.0,0
20214,treatment,0.0,0,0.0,0
20215,control,78.01,1,106.55,0
20216,control,134.89,0,0.0,0
20217,treatment,0.0,0,0.0,0
20218,treatment,0.0,0,0.0,0
20219,treatment,0.0,0,0.0,0
20220,treatment,0.0,0,0.0,0
20221,treatment,361.48,1,58.69,0
20222,treatment,0.0,0,0.0,0
20223,control,0.0,0,0.0,0
20224,treatment,254.58,0,0.0,0
20225,treatment,0.0,0,0.0,0
20226,treatment,0.0,0,0.0,0
20227,treatment,0.0,0,0.0,0
20228,treatment,0.0,0,0.0,0
20229,treatment,27.38,0,0.0,0
20230,treatment,0.0,0,0.0,0
20231,treatment,0.0,0,0.0,0
20232,control,209.9,1,136.83,0
20233,control,47.52,0,0.0,0
20234,treatment,233.53,0,0.0,0
20235,control,0.0,0,0.0,0
20236,control,72.39,0,0.0,0
20237,control,420.4,0,0.0,0
20238,treatment,0.0,0,0.0,0
20239,treatment,110.98,0,0.0,0
20240,control,0.0,0,0.0,0
20241,control,0.0,0,0.0,0
20242,control,0.0,0,0.0,0
20243,treatment,44.25,0,0.0,0
20244,treatment,0.0,0,0.0,0
20245,treatment,163.96,0,0.0,0
20246,control,37.97,0,0.0,0
20247,treatment,115.04,0,0.0,0
20248,control,0.0,0,0.0,0
20249,treatment,86.3,1,98.42,0
20250,control,43.48,1,40.27,0
20251,control,0.0,0,0.0,0
20252,control,0.0,0,0.0,0
20253,treatment,295.13,1,66.66,0
20254,control,85.45,0,0.0,0
20255,control,0.0,0,0.0,0
20256,control,153.22,0,0.0,0
20257,control,162.92,0,0.0,0
20258,control,45.14,0,0.0,0
20259,treatment,0.0,0,0.0,0
20260,treatment,0.0,0,0.0,0
20261,control,0.0,0,0.0,0
20262,treatment,0.0,1,57.0,0
20263,treatment,0.0,1,36.77,0
20264,treatment,55.34,0,0.0,0
20265,control,0.0,0,0.0,0
20266,treatment,31.7,0,0.0,0
20267,treatment,0.0,0,0.0,0
20268,treatment,32.23,0,0.0,0
20269,treatment,46.05,0,0.0,0
20270,treatment,0.0,0,0.0,0
20271,treatment,47.59,1,46.66,0
20272,control,188.93,0,0.0,0
20273,treatment,0.0,0,0.0,0
20274,treatment,0.0,0,0.0,0
20275,control,0.0,0,0.0,0
20276,treatment,0.0,0,0.0,0
20277,treatment,137.34,0,0.0,0
20278,control,42.37,0,0.0,0
20279,control,76.9,0,0.0,0
20280,treatment,38.2,0,0.0,0
20281,control,33.69,0,0.0,0
20282,control,574.31,1,102.27,0
20283,treatment,48.14,0,0.0,0
20284,treatment,40.83,1,64.37,0
20285,treatment,0.0,0,0.0,0
20286,control,47.33,1,69.44,0
20287,treatment,56.57,0,0.0,0
20288,control,0.0,0,0.0,0
20289,treatment,0.0,0,0.0,0
20290,treatment,0.0,1,79.42,0
20291,treatment,105.46,0,0.0,0
20292,control,41.42,0,0.0,0
20293,treatment,0.0,0,0.0,0
20294,control,0.0,1,24.25,0
20295,treatment,52.31,0,0.0,0
20296,control,65.26,0,0.0,0
20297,control,0.0,0,0.0,0
20298,treatment,0.0,0,0.0,0
20299,treatment,20.82,0,0.0,0
20300,treatment,188.33,0,0.0,0
20301,control,0.0,0,0.0,0
20302,treatment,45.09,0,0.0,0
20303,control,323.55,1,100.0,0
20304,control,60.08,0,0.0,0
20305,control,16.04,0,0.0,0
20306,treatment,127.85,0,0.0,0
20307,treatment,0.0,1,37.21,0
20308,treatment,54.99,0,0.0,0
20309,control,0.0,0,0.0,0
20310,treatment,0.0,0,0.0,0
20311,treatment,72.76,0,0.0,0
20312,control,202.13,0,0.0,0
20313,treatment,0.0,0,0.0,0
20314,control,69.74,0,0.0,0
20315,treatment,89.93,0,0.0,0
20316,treatment,103.0,0,0.0,0
20317,treatment,164.38,0,0.0,0
20318,treatment,0.0,0,0.0,0
20319,control,35.34,0,0.0,0
20320,control,0.0,0,0.0,0
20321,treatment,232.29,0,0.0,0
20322,control,0.0,0,0.0,0
20323,treatment,32.72,0,0.0,0
20324,treatment,0.0,0,0.0,0
20325,control,0.0,0,0.0,0
20326,treatment,29.14,0,0.0,0
20327,treatment,0.0,0,0.0,0
20328,control,45.05,0,0.0,0
20329,control,0.0,0,0.0,0
20330,treatment,149.48,0,0.0,0
20331,control,203.06,0,0.0,0
20332,treatment,0.0,0,0.0,0
20333,control,106.72,0,0.0,0
20334,control,92.56,0,0.0,0
20335,treatment,0.0,0,0.0,0
20336,control,58.7,0,0.0,0
20337,control,0.0,0,0.0,0
20338,treatment,58.48,0,0.0,0
20339,treatment,0.0,0,0.0,0
20340,control,0.0,0,0.0,0
20341,treatment,46.06,0,0.0,0
20342,treatment,117.16,0,0.0,0
20343,control,181.44,0,0.0,0
20344,control,43.36,0,0.0,0
20345,control,407.77,0,0.0,0
20346,control,0.0,0,0.0,0
20347,treatment,0.0,0,0.0,0
20348,treatment,51.89,0,0.0,0
20349,control,118.19,0,0.0,0
20350,control,0.0,0,0.0,0
20351,treatment,0.0,0,0.0,0
20352,control,44.79,0,0.0,0
20353,treatment,112.87,0,0.0,0
20354,control,0.0,0,0.0,0
20355,control,0.0,0,0.0,0
20356,control,93.42,0,0.0,0
20357,treatment,37.84,0,0.0,0
20358,treatment,0.0,0,0.0,0
20359,control,94.57,0,0.0,0
20360,treatment,0.0,0,0.0,0
20361,treatment,35.35,0,0.0,0
20362,control,53.29,0,0.0,0
20363,control,0.0,0,0.0,0
20364,treatment,0.0,0,0.0,0
20365,treatment,30.04,0,0.0,0
20366,treatment,0.0,0,0.0,0
20367,control,77.84,0,0.0,0
20368,treatment,102.27,0,0.0,0
20369,control,459.87,0,0.0,0
20370,treatment,0.0,0,0.0,0
20371,treatment,0.0,0,0.0,0
20372,treatment,0.0,0,0.0,0
20373,control,0.0,0,0.0,0
20374,treatment,162.63,0,0.0,0
20376,control,0.0,0,0.0,0
20377,treatment,0.0,0,0.0,0
20378,treatment,0.0,0,0.0,0
20379,treatment,64.87,1,57.5,0
20380,control,0.0,0,0.0,0
20381,treatment,0.0,0,0.0,0
20382,control,0.0,0,0.0,0
20383,control,0.0,0,0.0,0
20384,treatment,44.37,1,101.84,0
20386,control,1145.58,1,41.97,0
20387,control,0.0,0,0.0,0
20388,treatment,25.98,1,110.28,0
20389,control,67.06,0,0.0,0
20390,treatment,0.0,0,0.0,0
20391,control,0.0,0,0.0,0
20392,control,0.0,0,0.0,0
20393,control,0.0,0,0.0,0
20394,treatment,0.0,0,0.0,0
20395,treatment,0.0,0,0.0,0
20396,treatment,25.93,0,0.0,0
20397,treatment,41.25,0,0.0,0
20398,treatment,66.67,0,0.0,0
20399,control,0.0,0,0.0,0
20400,treatment,59.1,0,0.0,0
20401,control,0.0,0,0.0,0
20402,control,0.0,0,0.0,0
20403,treatment,23.15,0,0.0,0
20404,treatment,27.22,0,0.0,0
20405,control,0.0,0,0.0,0
20406,control,0.0,0,0.0,0
20407,treatment,0.0,0,0.0,0
20408,treatment,653.41,1,81.31,0
20409,control,0.0,0,0.0,0
20410,treatment,0.0,0,0.0,0
20411,control,72.13,0,0.0,0
20412,treatment,82.84,0,0.0,0
20413,treatment,120.65,1,32.4,1
20414,control,0.0,0,0.0,0
20415,treatment,48.37,1,22.31,0
20416,control,0.0,0,0.0,0
20417,control,94.39,0,0.0,0
20418,control,55.03,0,0.0,0
20419,treatment,114.5,0,0.0,0
20420,control,0.0,0,0.0,0
20421,treatment,0.0,1,45.6,0
20422,treatment,0.0,1,26.73,0
20423,control,0.0,0,0.0,0
20424,treatment,0.0,0,0.0,0
20425,treatment,23.83,0,0.0,0
20426,control,0.0,0,0.0,0
20427,control,84.19,0,0.0,0
20428,control,0.0,0,0.0,0
20429,treatment,0.0,0,0.0,0
20430,control,96.71,1,202.51,0
20431,control,97.2,0,0.0,0
20432,treatment,0.0,0,0.0,0
20433,treatment,188.5,0,0.0,0
20434,treatment,143.2,0,0.0,0
20435,control,290.66,0,0.0,0
20436,treatment,36.35,0,0.0,0
20437,treatment,0.0,0,0.0,0
20438,treatment,0.0,0,0.0,0
20439,treatment,0.0,0,0.0,0
20440,treatment,0.0,0,0.0,0
20441,treatment,0.0,0,0.0,0
20442,control,0.0,0,0.0,0
20443,treatment,37.74,0,0.0,0
20444,control,0.0,0,0.0,0
20445,treatment,202.84,1,85.71,0
20446,control,0.0,0,0.0,0
20447,control,142.47,1,59.67,0
20448,treatment,54.84,1,105.62,0
20449,control,37.86,0,0.0,0
20450,control,0.0,0,0.0,0
20451,control,37.47,0,0.0,0
20452,treatment,0.0,1,133.25,0
20453,control,314.29,0,0.0,0
20454,treatment,0.0,0,0.0,0
20455,treatment,62.0,1,59.2,1
20456,control,511.79,1,74.01,0
20457,treatment,1427.12,1,116.51,0
20458,control,721.64,0,0.0,0
20459,treatment,47.98,0,0.0,0
20460,control,0.0,0,0.0,0
20461,control,41.17,0,0.0,0
20462,control,119.28,0,0.0,0
20463,treatment,40.0,0,0.0,0
20464,treatment,54.16,1,60.53,0
20465,control,1862.82,1,113.48,0
20466,treatment,0.0,0,0.0,0
20467,treatment,45.38,0,0.0,0
20468,control,0.0,0,0.0,0
20469,treatment,0.0,1,27.01,0
20470,control,73.59,1,33.96,0
20471,control,26.74,0,0.0,0
20472,treatment,71.0,0,0.0,0
20473,treatment,32.98,0,0.0,0
20474,treatment,48.95,0,0.0,0
20475,control,0.0,0,0.0,0
20476,treatment,0.0,1,54.56,0
20477,treatment,39.94,0,0.0,0
20478,control,65.73,0,0.0,0
20479,treatment,481.72,0,0.0,0
20480,control,0.0,0,0.0,0
20481,control,69.67,0,0.0,0
20482,treatment,0.0,1,118.22,0
20483,treatment,76.03,0,0.0,0
20484,control,0.0,0,0.0,0
20485,treatment,63.24,0,0.0,0
20486,control,38.03,0,0.0,0
20487,treatment,35.06,0,0.0,0
20488,treatment,196.28,0,0.0,0
20489,control,32.09,0,0.0,0
20490,treatment,508.63,1,123.55,0
20491,control,72.17,0,0.0,0
20492,control,0.0,0,0.0,0
20493,control,0.0,0,0.0,0
20494,treatment,0.0,0,0.0,0
20495,treatment,0.0,0,0.0,0
20496,treatment,0.0,0,0.0,0
20497,control,50.85,0,0.0,0
20498,treatment,0.0,0,0.0,0
20499,control,0.0,0,0.0,0
20500,treatment,501.73,1,81.98,0
20501,treatment,47.33,0,0.0,0
20502,control,46.33,0,0.0,0
20503,control,68.57,1,145.89,0
20504,treatment,64.67,0,0.0,0
20505,treatment,57.62,1,49.87,0
20506,control,0.0,1,112.26,0
20507,treatment,158.54,0,0.0,0
20508,treatment,75.71,0,0.0,0
20509,control,189.28,0,0.0,0
20510,control,73.48,0,0.0,0
20511,treatment,247.07,1,139.16,0
20512,treatment,222.59,0,0.0,0
20513,control,0.0,0,0.0,0
20514,control,0.0,0,0.0,0
20515,treatment,0.0,0,0.0,0
20516,control,0.0,0,0.0,0
20517,treatment,463.42,0,0.0,0
20518,control,0.0,0,0.0,0
20519,treatment,0.0,0,0.0,0
20520,control,0.0,0,0.0,0
20521,treatment,20.56,1,28.64,0
20522,control,0.0,0,0.0,0
20523,control,63.45,1,93.79,0
20524,control,0.0,0,0.0,0
20525,control,56.14,0,0.0,0
20526,treatment,0.0,1,101.97,0
20527,treatment,71.36,0,0.0,0
20528,treatment,119.16,0,0.0,0
20529,treatment,0.0,0,0.0,0
20530,treatment,61.03,0,0.0,0
20531,treatment,17.1,0,0.0,0
20532,control,0.0,0,0.0,0
20533,treatment,51.46,1,73.15,0
20534,control,72.08,0,0.0,0
20535,control,0.0,0,0.0,0
20536,treatment,163.04,0,0.0,0
20537,treatment,169.58,0,0.0,0
20538,treatment,0.0,0,0.0,0
20539,treatment,0.0,0,0.0,0
20540,treatment,104.35,0,0.0,0
20541,control,0.0,0,0.0,0
20542,treatment,53.58,0,0.0,0
20543,control,0.0,0,0.0,0
20544,treatment,341.27,1,28.0,0
20545,treatment,0.0,0,0.0,0
20546,control,0.0,0,0.0,0
20547,control,91.69,0,0.0,0
20548,control,0.0,0,0.0,0
20549,control,0.0,0,0.0,0
20550,treatment,0.0,0,0.0,0
20551,treatment,29.71,1,44.14,0
20552,control,179.93,1,92.9,0
20553,treatment,0.0,0,0.0,0
20554,treatment,0.0,0,0.0,0
20555,control,0.0,0,0.0,0
20556,treatment,0.0,1,17.44,0
20557,treatment,0.0,0,0.0,0
20559,treatment,33.59,0,0.0,0
20560,control,0.0,0,0.0,0
20561,treatment,0.0,0,0.0,0
20562,control,49.16,0,0.0,0
20563,treatment,71.82,0,0.0,0
20564,treatment,54.94,1,64.87,0
20565,control,0.0,0,0.0,0
20566,control,0.0,0,0.0,0
20567,treatment,0.0,0,0.0,0
20568,control,0.0,0,0.0,0
20569,treatment,0.0,0,0.0,0
20570,control,0.0,0,0.0,0
20571,treatment,0.0,0,0.0,0
20572,control,67.95,0,0.0,0
20573,control,142.47,0,0.0,0
20574,control,0.0,0,0.0,0
20575,treatment,0.0,0,0.0,0
20576,treatment,0.0,0,0.0,0
20577,control,0.0,0,0.0,0
20578,control,0.0,0,0.0,0
20579,control,226.25,0,0.0,0
20580,control,0.0,0,0.0,0
20581,treatment,0.0,0,0.0,0
20582,treatment,0.0,0,0.0,0
20583,treatment,108.99,0,0.0,0
20584,control,40.85,0,0.0,0
20585,control,0.0,0,0.0,0
20586,control,0.0,0,0.0,0
20587,treatment,0.0,0,0.0,0
20588,treatment,0.0,0,0.0,0
20589,control,0.0,0,0.0,0
20590,treatment,286.77,1,103.79,0
20591,control,0.0,0,0.0,0
20592,control,0.0,0,0.0,0
20593,treatment,110.23,0,0.0,0
20594,control,42.54,0,0.0,0
20595,treatment,69.42,0,0.0,0
20596,treatment,32.2,0,0.0,0
20597,treatment,146.04,0,0.0,0
20598,treatment,48.87,0,0.0,0
20599,control,175.48,0,0.0,0
20600,treatment,0.0,0,0.0,0
20601,treatment,0.0,0,0.0,0
20602,control,0.0,0,0.0,0
20603,treatment,70.24,0,0.0,0
20604,control,0.0,0,0.0,0
20605,treatment,200.38,1,26.14,0
20606,control,0.0,0,0.0,0
20607,control,73.5,0,0.0,0
20608,treatment,45.8,0,0.0,0
20609,control,40.33,0,0.0,0
20610,treatment,112.28,0,0.0,0
20611,treatment,0.0,0,0.0,0
20612,control,91.73,0,0.0,0
20613,control,0.0,0,0.0,0
20614,treatment,38.88,0,0.0,0
20615,control,32.49,0,0.0,0
20616,treatment,0.0,0,0.0,0
20617,treatment,0.0,0,0.0,0
20618,control,0.0,0,0.0,0
20619,control,0.0,0,0.0,0
20620,treatment,129.07,0,0.0,0
20621,control,0.0,0,0.0,0
20622,treatment,719.44,1,111.28,0
20623,treatment,0.0,0,0.0,0
20624,control,207.35,1,38.94,0
20625,control,0.0,0,0.0,0
20626,treatment,0.0,0,0.0,0
20627,control,45.77,0,0.0,0
20628,control,0.0,0,0.0,0
20629,control,0.0,0,0.0,0
20630,control,402.02,0,0.0,0
20631,treatment,40.41,0,0.0,0
20632,control,0.0,0,0.0,0
20633,control,0.0,0,0.0,0
20634,control,0.0,0,0.0,0
20635,control,0.0,0,0.0,0
20636,treatment,98.08,0,0.0,0
20637,treatment,69.73,0,0.0,0
20638,treatment,106.9,0,0.0,0
20639,treatment,152.35,1,41.12,0
20640,control,266.55,1,54.61,0
20641,control,143.79,0,0.0,0
20642,control,0.0,0,0.0,0
20643,treatment,41.43,0,0.0,0
20644,treatment,412.5,1,166.84,0
20646,control,191.44,1,53.09,0
20647,treatment,142.21,0,0.0,0
20648,control,50.35,1,145.03,0
20649,treatment,0.0,0,0.0,0
20650,treatment,0.0,1,71.82,0
20651,treatment,0.0,0,0.0,0
20652,treatment,35.31,1,108.71,0
20653,treatment,42.99,1,96.29,0
20654,treatment,0.0,0,0.0,0
20655,control,47.09,0,0.0,0
20656,control,0.0,1,65.89,0
20657,control,0.0,0,0.0,0
20658,treatment,0.0,0,0.0,0
20659,control,70.27,1,182.47,0
20660,treatment,0.0,0,0.0,0
20661,treatment,367.68,0,0.0,0
20662,control,229.55,0,0.0,0
20663,treatment,0.0,0,0.0,0
20664,treatment,51.6,1,77.11,0
20665,treatment,0.0,0,0.0,0
20666,control,285.71,0,0.0,0
20667,control,157.21,0,0.0,0
20668,treatment,0.0,0,0.0,0
20669,control,50.69,0,0.0,0
20670,treatment,0.0,0,0.0,0
20671,control,29.91,0,0.0,0
20672,control,268.47,1,65.69,0
20673,control,0.0,0,0.0,0
20674,treatment,0.0,0,0.0,0
20675,treatment,129.78,0,0.0,0
20676,treatment,79.57,0,0.0,0
20677,control,57.83,0,0.0,0
20678,control,0.0,0,0.0,0
20679,treatment,392.98,0,0.0,0
20680,treatment,114.32,0,0.0,0
20681,treatment,0.0,0,0.0,0
20682,treatment,157.98,0,0.0,0
20683,treatment,0.0,0,0.0,0
20684,control,0.0,0,0.0,0
20685,control,57.52,0,0.0,0
20686,treatment,0.0,0,0.0,0
20687,control,0.0,0,0.0,0
20688,treatment,182.03,0,0.0,0
20689,treatment,225.02,0,0.0,0
20690,control,0.0,0,0.0,0
20691,treatment,186.64,0,0.0,0
20692,control,371.62,1,69.19,0
20693,treatment,0.0,0,0.0,0
20694,treatment,158.42,0,0.0,0
20695,control,0.0,0,0.0,0
20696,control,54.84,0,0.0,0
20697,treatment,0.0,0,0.0,0
20698,treatment,37.65,0,0.0,0
20699,control,0.0,0,0.0,0
20700,control,44.53,0,0.0,0
20701,treatment,0.0,0,0.0,0
20702,control,0.0,0,0.0,0
20703,treatment,0.0,0,0.0,0
20704,control,0.0,1,29.81,0
20705,control,252.37,0,0.0,0
20706,control,0.0,0,0.0,0
20707,treatment,0.0,0,0.0,0
20708,treatment,0.0,0,0.0,0
20709,control,0.0,0,0.0,0
20710,treatment,0.0,0,0.0,0
20711,treatment,58.73,0,0.0,0
20712,control,65.91,0,0.0,0
20713,treatment,0.0,0,0.0,0
20714,control,66.93,0,0.0,0
20715,control,0.0,0,0.0,0
20716,treatment,0.0,1,94.09,0
20717,treatment,118.96,0,0.0,0
20718,control,47.52,0,0.0,0
20719,treatment,0.0,0,0.0,0
20720,control,0.0,0,0.0,0
20721,treatment,0.0,0,0.0,0
20722,treatment,110.58,0,0.0,0
20723,control,60.55,0,0.0,0
20724,control,0.0,0,0.0,0
20725,treatment,746.65,1,54.05,0
20726,control,0.0,1,21.39,0
20727,treatment,52.16,0,0.0,0
20728,control,0.0,0,0.0,0
20729,control,0.0,0,0.0,0
20730,treatment,0.0,0,0.0,0
20731,control,0.0,0,0.0,0
20732,treatment,45.22,0,0.0,0
20733,control,0.0,0,0.0,0
20734,treatment,0.0,0,0.0,0
20735,control,323.61,0,0.0,0
20736,treatment,56.7,0,0.0,0
20737,control,366.28,0,0.0,0
20738,treatment,0.0,0,0.0,0
20739,control,0.0,0,0.0,0
20740,treatment,0.0,0,0.0,0
20741,treatment,0.0,0,0.0,0
20742,control,307.8,0,0.0,0
20743,treatment,0.0,1,112.49,0
20744,control,39.5,0,0.0,0
20745,control,315.24,1,92.04,0
20746,control,0.0,0,0.0,0
20748,treatment,0.0,0,0.0,0
20749,treatment,0.0,0,0.0,0
20750,treatment,54.86,0,0.0,0
20751,control,22.07,0,0.0,0
20752,control,0.0,0,0.0,0
20753,control,0.0,1,30.48,0
20754,control,102.9,0,0.0,0
20755,control,0.0,0,0.0,0
20756,treatment,41.54,0,0.0,0
20757,treatment,0.0,0,0.0,0
20758,control,201.11,0,0.0,0
20759,control,0.0,0,0.0,0
20760,treatment,0.0,1,48.71,0
20761,treatment,40.84,1,63.44,0
20762,treatment,0.0,0,0.0,0
20763,treatment,98.32,0,0.0,0
20764,treatment,0.0,0,0.0,0
20765,control,772.28,0,0.0,0
20766,control,81.52,0,0.0,0
20767,treatment,0.0,0,0.0,0
20768,treatment,0.0,0,0.0,0
20769,treatment,42.47,0,0.0,0
20770,treatment,0.0,0,0.0,0
20771,control,0.0,0,0.0,0
20772,treatment,0.0,0,0.0,0
20773,treatment,66.94,0,0.0,0
20774,treatment,47.07,0,0.0,0
20775,treatment,83.84,0,0.0,0
20776,control,0.0,0,0.0,0
20777,treatment,0.0,0,0.0,0
20778,control,89.4,0,0.0,0
20779,treatment,0.0,0,0.0,0
20780,control,145.48,0,0.0,0
20781,control,0.0,0,0.0,0
20782,treatment,86.49,0,0.0,0
20783,treatment,0.0,0,0.0,0
20784,control,0.0,0,0.0,0
20785,control,0.0,0,0.0,0
20786,control,0.0,0,0.0,0
20787,treatment,0.0,0,0.0,0
20788,treatment,47.76,0,0.0,0
20789,control,128.43,0,0.0,0
20790,control,42.02,0,0.0,0
20791,treatment,292.44,0,0.0,0
20792,treatment,82.77,0,0.0,0
20793,control,51.19,0,0.0,0
20794,control,11.83,0,0.0,0
20795,treatment,31.65,0,0.0,0
20796,control,0.0,0,0.0,0
20797,treatment,0.0,0,0.0,0
20798,treatment,131.35,0,0.0,0
20799,control,0.0,0,0.0,0
20800,control,0.0,0,0.0,0
20801,treatment,30.29,0,0.0,0
20802,control,31.74,0,0.0,0
20803,treatment,51.48,0,0.0,0
20804,treatment,0.0,0,0.0,0
20805,treatment,0.0,0,0.0,0
20806,treatment,0.0,0,0.0,0
20807,control,0.0,0,0.0,0
20809,treatment,0.0,0,0.0,0
20810,treatment,0.0,0,0.0,0
20811,control,0.0,0,0.0,0
20812,control,0.0,0,0.0,0
20813,control,0.0,0,0.0,0
20814,treatment,0.0,0,0.0,0
20815,treatment,115.51,0,0.0,0
20816,control,45.66,0,0.0,0
20817,treatment,0.0,0,0.0,0
20818,control,0.0,0,0.0,0
20819,treatment,0.0,0,0.0,0
20820,treatment,70.58,0,0.0,0
20821,treatment,0.0,0,0.0,0
20822,treatment,0.0,0,0.0,0
20823,treatment,78.73,0,0.0,0
20824,control,0.0,0,0.0,0
20825,treatment,0.0,0,0.0,0
20826,treatment,289.77,1,60.1,0
20827,control,0.0,0,0.0,0
20828,control,0.0,0,0.0,0
20829,control,40.14,0,0.0,0
20830,treatment,0.0,0,0.0,0
20831,control,0.0,0,0.0,0
20832,treatment,0.0,0,0.0,0
20833,control,81.12,0,0.0,0
20834,control,65.37,0,0.0,0
20835,control,79.63,0,0.0,0
20836,control,45.74,0,0.0,0
20837,control,114.97,0,0.0,0
20838,treatment,0.0,0,0.0,0
20839,control,0.0,0,0.0,0
20840,treatment,46.41,0,0.0,0
20841,treatment,298.56,1,110.0,0
20842,control,0.0,0,0.0,0
20843,control,243.69,0,0.0,0
20844,treatment,0.0,0,0.0,0
20845,control,70.8,0,0.0,0
20846,treatment,0.0,0,0.0,0
20847,treatment,30.6,0,0.0,0
20848,control,0.0,0,0.0,0
20849,treatment,74.98,0,0.0,0
20850,treatment,0.0,1,34.92,0
20851,treatment,0.0,0,0.0,0
20852,treatment,0.0,0,0.0,0
20853,treatment,0.0,0,0.0,0
20854,treatment,0.0,0,0.0,0
20855,treatment,85.02,0,0.0,0
20856,treatment,0.0,0,0.0,0
20857,control,0.0,0,0.0,0
20858,treatment,0.0,0,0.0,0
20859,treatment,0.0,0,0.0,0
20860,treatment,81.05,0,0.0,0
20861,treatment,100.84,1,82.96,1
20862,control,0.0,0,0.0,0
20863,treatment,0.0,0,0.0,0
20864,treatment,0.0,0,0.0,0
20865,control,328.73,0,0.0,0
20866,control,88.42,0,0.0,0
20867,control,0.0,0,0.0,0
20868,treatment,54.13,1,47.06,0
20869,control,106.49,0,0.0,0
20870,treatment,0.0,0,0.0,0
20871,treatment,0.0,0,0.0,0
20872,treatment,172.87,0,0.0,0
20873,control,0.0,0,0.0,0
20874,control,81.27,0,0.0,0
20875,treatment,0.0,0,0.0,0
20876,treatment,219.41,0,0.0,0
20877,treatment,0.0,0,0.0,0
20878,treatment,0.0,0,0.0,0
20879,control,609.72,1,80.45,0
20880,treatment,83.95,0,0.0,0
20881,treatment,0.0,0,0.0,0
20882,treatment,0.0,0,0.0,0
20883,treatment,408.44,0,0.0,0
20884,treatment,0.0,0,0.0,0
20885,control,63.41,0,0.0,0
20886,control,319.21,0,0.0,0
20887,control,0.0,0,0.0,0
20888,control,0.0,1,39.35,1
20889,treatment,115.14,0,0.0,0
20890,treatment,52.87,0,0.0,0
20891,treatment,42.19,0,0.0,0
20892,control,91.49,0,0.0,0
20893,treatment,0.0,0,0.0,0
20894,treatment,0.0,1,39.48,0
20895,treatment,0.0,0,0.0,0
20896,control,34.42,0,0.0,0
20897,treatment,146.62,0,0.0,0
20898,control,0.0,0,0.0,0
20899,control,38.3,0,0.0,0
20900,treatment,35.9,0,0.0,0
20902,treatment,37.34,0,0.0,0
20903,treatment,81.14,0,0.0,0
20904,control,352.16,0,0.0,0
20905,control,93.71,1,58.83,0
20906,control,0.0,0,0.0,0
20907,treatment,184.39,0,0.0,0
20908,treatment,57.93,0,0.0,0
20909,treatment,0.0,0,0.0,0
20910,treatment,42.49,0,0.0,0
20911,control,0.0,0,0.0,0
20912,treatment,40.96,0,0.0,0
20913,control,0.0,0,0.0,0
20914,control,341.51,0,0.0,0
20915,control,0.0,0,0.0,0
20916,treatment,0.0,0,0.0,0
20917,control,30.89,0,0.0,0
20918,control,115.02,0,0.0,0
20919,treatment,90.9,0,0.0,0
20920,treatment,0.0,0,0.0,0
20921,treatment,256.36,1,122.66,0
20922,control,0.0,0,0.0,0
20923,control,104.68,0,0.0,0
20924,control,0.0,0,0.0,0
20925,treatment,0.0,0,0.0,0
20926,control,0.0,0,0.0,0
20927,control,0.0,0,0.0,0
20928,treatment,0.0,0,0.0,0
20929,treatment,76.36,0,0.0,0
20930,control,127.99,0,0.0,0
20931,treatment,0.0,0,0.0,0
20932,treatment,41.14,0,0.0,0
20933,treatment,0.0,0,0.0,0
20934,treatment,0.0,0,0.0,0
20935,treatment,55.27,0,0.0,0
20936,control,99.03,1,58.12,0
20937,control,41.52,0,0.0,0
20938,control,0.0,0,0.0,0
20939,treatment,0.0,0,0.0,0
20940,control,37.18,0,0.0,0
20941,treatment,0.0,0,0.0,0
20942,control,82.73,1,82.77,0
20943,control,53.55,0,0.0,0
20944,treatment,0.0,0,0.0,0
20945,control,171.13,0,0.0,0
20946,control,0.0,0,0.0,0
20947,control,446.32,0,0.0,0
20948,control,0.0,0,0.0,0
20949,treatment,61.97,0,0.0,0
20950,control,201.54,0,0.0,0
20951,control,123.95,1,32.4,0
20952,control,75.15,0,0.0,0
20953,treatment,54.07,0,0.0,0
20954,treatment,0.0,0,0.0,0
20955,control,35.02,0,0.0,0
20956,treatment,65.3,1,77.86,0
20957,control,70.4,1,67.92,0
20958,control,0.0,1,34.79,0
20959,treatment,0.0,0,0.0,0
20960,control,0.0,1,24.36,0
20961,control,0.0,0,0.0,0
20962,control,0.0,0,0.0,0
20963,treatment,105.29,0,0.0,0
20964,control,67.36,0,0.0,0
20965,control,71.19,0,0.0,0
20966,treatment,0.0,1,72.87,0
20967,treatment,62.0,1,36.8,0
20968,control,27.95,0,0.0,0
20969,treatment,0.0,0,0.0,0
20970,control,106.64,0,0.0,0
20971,treatment,0.0,0,0.0,0
20972,control,0.0,0,0.0,0
20973,treatment,61.12,0,0.0,0
20974,treatment,387.76,0,0.0,0
20975,control,96.03,0,0.0,0
20976,control,0.0,0,0.0,0
20977,control,0.0,0,0.0,0
20978,control,95.6,0,0.0,0
20979,treatment,0.0,0,0.0,0
20980,control,0.0,0,0.0,0
20981,treatment,49.28,0,0.0,0
20982,treatment,227.09,1,73.87,0
20983,treatment,0.0,0,0.0,0
20984,control,183.76,0,0.0,0
20985,control,0.0,0,0.0,0
20986,treatment,0.0,0,0.0,0
20987,control,51.91,0,0.0,0
20990,control,0.0,0,0.0,0
20991,treatment,61.9,1,97.08,0
20992,control,0.0,0,0.0,0
20993,control,26.16,0,0.0,0
20994,treatment,0.0,1,25.6,0
20995,treatment,84.67,0,0.0,0
20996,treatment,77.9,0,0.0,0
20997,treatment,0.0,0,0.0,0
20998,control,0.0,0,0.0,0
20999,treatment,81.72,1,47.85,0
21000,control,0.0,0,0.0,0
21001,treatment,0.0,0,0.0,0
21002,treatment,0.0,0,0.0,0
21003,treatment,0.0,0,0.0,0
21004,control,0.0,0,0.0,0
21005,control,0.0,0,0.0,0
21006,control,0.0,0,0.0,0
21007,treatment,207.87,0,0.0,0
21008,control,0.0,0,0.0,0
21009,control,85.02,0,0.0,0
21010,treatment,234.18,0,0.0,0
21011,control,49.17,1,31.19,0
21012,control,0.0,0,0.0,0
21013,control,465.1,0,0.0,0
21014,treatment,0.0,0,0.0,0
21015,control,474.49,1,58.93,0
21016,control,0.0,0,0.0,0
21017,control,0.0,0,0.0,0
21018,treatment,0.0,0,0.0,0
21019,treatment,0.0,0,0.0,0
21020,control,0.0,0,0.0,0
21021,treatment,35.13,0,0.0,0
21022,treatment,0.0,0,0.0,0
21023,treatment,0.0,0,0.0,0
21024,treatment,0.0,0,0.0,0
21025,control,0.0,0,0.0,0
21026,control,159.01,0,0.0,0
21027,treatment,46.66,0,0.0,0
21028,control,0.0,0,0.0,0
21029,control,0.0,0,0.0,0
21030,control,376.02,1,123.1,0
21031,control,0.0,1,74.19,0
21032,treatment,0.0,0,0.0,0
21033,treatment,0.0,0,0.0,0
21034,control,209.47,0,0.0,0
21035,treatment,0.0,0,0.0,0
21036,treatment,43.95,0,0.0,0
21037,treatment,0.0,0,0.0,0
21038,control,0.0,0,0.0,0
21039,control,63.91,0,0.0,0
21040,control,106.43,0,0.0,0
21041,control,0.0,0,0.0,0
21042,control,0.0,0,0.0,0
21043,treatment,0.0,1,26.05,0
21044,control,186.76,0,0.0,0
21045,treatment,60.91,0,0.0,0
21046,treatment,0.0,0,0.0,0
21047,control,0.0,0,0.0,0
21049,control,64.5,0,0.0,0
21050,treatment,0.0,1,55.68,0
21051,control,0.0,0,0.0,0
21052,control,41.03,0,0.0,0
21053,control,231.44,0,0.0,0
21055,treatment,84.19,0,0.0,0
21056,treatment,0.0,0,0.0,0
21057,control,0.0,0,0.0,0
21058,control,27.1,0,0.0,0
21059,control,0.0,0,0.0,0
21060,treatment,1385.41,1,97.51,0
21061,treatment,60.32,0,0.0,0
21062,treatment,44.7,0,0.0,0
21063,control,91.75,0,0.0,0
21064,treatment,86.15,0,0.0,0
21065,control,27.75,0,0.0,0
21066,treatment,35.18,0,0.0,0
21067,treatment,0.0,1,127.93,0
21068,treatment,0.0,0,0.0,0
21069,control,55.83,0,0.0,0
21070,treatment,0.0,0,0.0,0
21071,control,0.0,1,55.38,0
21072,treatment,194.26,0,0.0,0
21073,treatment,525.5,0,0.0,0
21074,control,0.0,0,0.0,0
21075,control,0.0,0,0.0,0
21076,treatment,145.87,0,0.0,0
21077,control,0.0,1,50.2,0
21078,control,0.0,0,0.0,0
21080,control,805.36,1,126.6,0
21081,treatment,0.0,0,0.0,0
21082,control,0.0,0,0.0,0
21083,treatment,0.0,0,0.0,0
21084,control,82.98,0,0.0,0
21085,treatment,0.0,0,0.0,0
21086,treatment,61.92,0,0.0,0
21087,treatment,0.0,0,0.0,0
21088,control,275.12,0,0.0,0
21089,treatment,63.71,0,0.0,0
21090,treatment,45.77,0,0.0,0
21091,control,65.99,0,0.0,0
21092,treatment,0.0,0,0.0,0
21093,treatment,0.0,0,0.0,0
21094,control,0.0,0,0.0,0
21095,control,117.43,0,0.0,0
21096,treatment,0.0,0,0.0,0
21097,control,0.0,0,0.0,0
21098,treatment,96.78,0,0.0,0
21099,treatment,66.79,0,0.0,0
21100,control,0.0,0,0.0,0
21101,treatment,354.96,1,94.56,0
21102,control,0.0,0,0.0,0
21103,treatment,194.05,0,0.0,0
21104,control,149.32,0,0.0,0
21105,treatment,0.0,0,0.0,0
21106,control,0.0,1,93.65,0
21107,control,194.76,0,0.0,0
21108,treatment,167.41,0,0.0,0
21109,control,0.0,0,0.0,0
21110,treatment,111.82,0,0.0,0
21111,treatment,0.0,0,0.0,0
21112,control,12.89,0,0.0,0
21113,control,0.0,0,0.0,0
21114,control,0.0,0,0.0,0
21115,treatment,0.0,0,0.0,0
21116,treatment,75.11,0,0.0,0
21117,control,151.12,0,0.0,0
21118,control,142.81,1,36.35,0
21119,treatment,86.73,0,0.0,0
21120,control,0.0,0,0.0,0
21121,treatment,0.0,0,0.0,0
21122,control,36.49,0,0.0,0
21123,treatment,61.2,0,0.0,0
21124,control,84.36,0,0.0,0
21125,treatment,43.01,0,0.0,0
21126,treatment,106.5,0,0.0,0
21127,treatment,0.0,0,0.0,0
21128,treatment,47.98,0,0.0,0
21129,control,0.0,0,0.0,0
21130,control,45.4,0,0.0,0
21131,treatment,94.63,0,0.0,0
21132,treatment,0.0,0,0.0,0
21133,treatment,789.72,0,0.0,0
21134,treatment,31.56,0,0.0,0
21135,treatment,0.0,0,0.0,0
21136,treatment,0.0,0,0.0,0
21137,control,0.0,0,0.0,0
21138,treatment,0.0,0,0.0,0
21139,control,0.0,0,0.0,0
21140,treatment,54.86,0,0.0,0
21141,control,243.31,0,0.0,0
21142,treatment,92.49,0,0.0,0
21143,treatment,0.0,0,0.0,0
21144,control,0.0,0,0.0,0
21145,control,0.0,0,0.0,0
21146,control,0.0,1,164.28,0
21147,treatment,0.0,0,0.0,0
21148,treatment,0.0,0,0.0,0
21149,control,74.76,0,0.0,0
21150,treatment,39.38,1,69.6,0
21151,control,0.0,0,0.0,0
21152,control,0.0,0,0.0,0
21153,treatment,251.61,0,0.0,0
21154,control,0.0,0,0.0,0
21155,control,31.66,0,0.0,0
21156,treatment,49.18,1,35.05,0
21157,control,0.0,0,0.0,0
21159,control,36.54,0,0.0,0
21160,control,0.0,0,0.0,0
21161,treatment,0.0,0,0.0,0
21162,control,0.0,0,0.0,0
21163,treatment,69.11,0,0.0,0
21164,control,0.0,0,0.0,0
21165,treatment,0.0,0,0.0,0
21166,treatment,77.71,0,0.0,0
21167,control,0.0,0,0.0,0
21169,control,532.99,0,0.0,0
21170,control,0.0,0,0.0,0
21171,treatment,0.0,0,0.0,0
21172,treatment,0.0,0,0.0,0
21173,treatment,89.43,0,0.0,0
21174,treatment,33.99,0,0.0,0
21175,control,0.0,0,0.0,0
21176,treatment,30.71,1,54.28,0
21177,control,0.0,0,0.0,0
21178,treatment,0.0,0,0.0,0
21179,treatment,313.81,1,35.84,0
21180,control,56.22,0,0.0,0
21181,control,86.49,1,49.47,0
21182,treatment,122.8,0,0.0,0
21183,control,0.0,0,0.0,0
21184,treatment,0.0,0,0.0,0
21185,treatment,62.13,0,0.0,0
21186,treatment,0.0,0,0.0,0
21187,control,0.0,0,0.0,0
21188,control,0.0,0,0.0,0
21189,control,45.57,0,0.0,0
21190,control,0.0,0,0.0,0
21191,control,165.14,0,0.0,0
21192,control,78.47,0,0.0,0
21193,control,39.19,1,37.31,0
21194,control,0.0,0,0.0,0
21195,control,54.89,0,0.0,0
21196,control,44.48,0,0.0,0
21197,treatment,39.34,0,0.0,0
21199,treatment,32.75,0,0.0,0
21200,control,0.0,0,0.0,0
21201,treatment,0.0,0,0.0,0
21202,treatment,0.0,1,41.41,0
21203,control,29.67,0,0.0,0
21204,treatment,142.7,0,0.0,0
21205,treatment,0.0,0,0.0,0
21206,treatment,108.58,1,59.47,0
21207,treatment,0.0,0,0.0,0
21208,treatment,0.0,0,0.0,0
21209,treatment,192.45,0,0.0,0
21210,treatment,87.6,0,0.0,0
21211,control,0.0,0,0.0,0
21212,treatment,0.0,0,0.0,0
21213,treatment,0.0,0,0.0,0
21214,control,0.0,0,0.0,0
21215,treatment,69.39,0,0.0,0
21216,control,41.22,0,0.0,0
21217,control,0.0,1,85.16,0
21218,control,54.47,1,35.51,0
21219,control,425.35,0,0.0,0
21220,control,0.0,0,0.0,0
21221,treatment,0.0,0,0.0,0
21222,control,0.0,0,0.0,0
21223,treatment,297.97,1,18.64,0
21224,control,100.36,0,0.0,0
21225,control,36.36,0,0.0,0
21226,control,92.9,0,0.0,0
21227,control,94.82,0,0.0,0
21228,control,0.0,0,0.0,0
21229,control,74.86,0,0.0,0
21230,control,249.2,0,0.0,0
21231,control,208.55,0,0.0,0
21232,treatment,108.95,0,0.0,0
21233,control,0.0,0,0.0,0
21234,control,0.0,0,0.0,0
21235,control,49.47,0,0.0,0
21236,control,324.76,0,0.0,0
21237,control,132.2,0,0.0,0
21238,treatment,0.0,0,0.0,0
21239,control,0.0,0,0.0,0
21240,treatment,120.39,1,64.01,0
21241,control,0.0,0,0.0,0
21242,treatment,0.0,0,0.0,0
21243,treatment,55.84,0,0.0,0
21244,treatment,0.0,0,0.0,0
21245,treatment,143.23,1,142.62,0
21246,treatment,0.0,0,0.0,0
21247,treatment,49.0,0,0.0,0
21248,treatment,0.0,0,0.0,0
21249,control,0.0,0,0.0,0
21250,control,283.17,0,0.0,0
21251,control,38.15,0,0.0,0
21252,treatment,0.0,0,0.0,0
21253,control,54.2,0,0.0,0
21254,treatment,0.0,0,0.0,0
21255,treatment,64.3,1,65.06,0
21256,treatment,0.0,0,0.0,0
21257,control,87.9,0,0.0,0
21258,control,0.0,0,0.0,0
21259,control,300.74,0,0.0,0
21260,control,85.79,0,0.0,0
21261,treatment,0.0,0,0.0,0
21262,control,0.0,0,0.0,0
21263,treatment,34.14,0,0.0,0
21264,control,94.64,0,0.0,0
21265,control,150.67,1,94.78,1
21266,treatment,0.0,0,0.0,0
21267,control,150.57,0,0.0,0
21268,control,43.94,0,0.0,0
21269,control,0.0,0,0.0,0
21270,control,30.06,0,0.0,0
21271,control,0.0,0,0.0,0
21272,control,0.0,0,0.0,0
21273,treatment,0.0,0,0.0,0
21274,control,0.0,0,0.0,0
21275,treatment,0.0,0,0.0,0
21276,treatment,0.0,0,0.0,0
21277,control,53.34,0,0.0,0
21278,treatment,0.0,0,0.0,0
21279,treatment,0.0,0,0.0,0
21280,treatment,247.76,0,0.0,0
21281,treatment,0.0,0,0.0,0
21283,control,138.84,0,0.0,0
21284,treatment,0.0,1,74.42,0
21285,control,0.0,0,0.0,0
21286,treatment,0.0,0,0.0,0
21287,treatment,56.11,1,78.82,0
21288,treatment,63.82,0,0.0,0
21289,treatment,0.0,0,0.0,0
21290,control,80.68,0,0.0,0
21291,control,0.0,0,0.0,0
21292,treatment,0.0,0,0.0,0
21293,control,148.75,0,0.0,0
21294,control,0.0,0,0.0,0
21295,treatment,46.96,0,0.0,0
21296,treatment,0.0,0,0.0,0
21297,treatment,0.0,0,0.0,0
21298,control,0.0,0,0.0,0
21300,control,0.0,1,124.67,0
21301,treatment,182.95,0,0.0,0
21302,control,46.69,0,0.0,0
21303,treatment,0.0,0,0.0,0
21304,treatment,0.0,0,0.0,0
21305,control,114.24,0,0.0,0
21306,control,273.26,0,0.0,0
21307,control,0.0,0,0.0,0
21308,treatment,84.26,0,0.0,0
21309,control,0.0,0,0.0,0
21310,treatment,28.94,0,0.0,0
21311,control,30.69,0,0.0,0
21312,control,0.0,0,0.0,0
21313,control,0.0,0,0.0,0
21314,control,75.0,1,40.47,0
21315,control,118.68,0,0.0,0
21316,control,0.0,0,0.0,0
21317,treatment,0.0,0,0.0,0
21318,control,326.21,0,0.0,0
21319,control,0.0,0,0.0,0
21320,treatment,0.0,0,0.0,0
21321,control,71.69,0,0.0,0
21322,control,112.82,0,0.0,0
21323,treatment,193.56,0,0.0,0
21324,treatment,23.78,0,0.0,0
21325,treatment,0.0,1,91.06,0
21326,treatment,0.0,1,81.43,1
21327,control,0.0,1,21.53,0
21328,treatment,82.77,0,0.0,0
21329,treatment,79.19,0,0.0,0
21330,treatment,0.0,0,0.0,0
21331,treatment,46.72,0,0.0,0
21332,control,0.0,0,0.0,0
21333,control,47.21,0,0.0,0
21334,treatment,0.0,0,0.0,0
21335,treatment,0.0,0,0.0,0
21336,treatment,0.0,0,0.0,0
21337,control,37.72,0,0.0,0
21338,control,63.62,0,0.0,0
21339,control,0.0,0,0.0,0
21340,control,79.05,0,0.0,0
21341,treatment,0.0,0,0.0,0
21342,treatment,315.88,0,0.0,0
21343,control,106.46,0,0.0,0
21344,control,0.0,0,0.0,0
21345,control,132.71,0,0.0,0
21346,control,0.0,0,0.0,0
21347,control,0.0,0,0.0,0
21348,control,0.0,0,0.0,0
21349,control,0.0,0,0.0,0
21350,treatment,0.0,0,0.0,0
21351,control,63.88,0,0.0,0
21352,control,34.01,0,0.0,0
21353,treatment,0.0,0,0.0,0
21354,treatment,69.82,0,0.0,0
21355,treatment,135.56,1,81.55,0
21356,control,0.0,0,0.0,0
21357,control,250.26,1,68.67,1
21358,treatment,0.0,0,0.0,0
21359,treatment,79.35,0,0.0,0
21360,treatment,37.7,0,0.0,0
21361,control,0.0,0,0.0,0
21362,control,109.77,0,0.0,0
21364,control,0.0,0,0.0,0
21365,treatment,235.7,0,0.0,0
21366,treatment,40.91,0,0.0,0
21367,control,165.36,0,0.0,0
21368,control,0.0,0,0.0,0
21369,treatment,117.14,0,0.0,0
21370,control,50.03,0,0.0,0
21371,treatment,0.0,0,0.0,0
21372,control,170.89,1,39.17,0
21373,control,0.0,0,0.0,0
21374,treatment,0.0,0,0.0,0
21375,control,0.0,0,0.0,0
21376,control,65.68,0,0.0,0
21377,treatment,0.0,0,0.0,0
21378,treatment,64.51,0,0.0,0
21379,control,358.68,1,57.45,0
21380,treatment,120.2,0,0.0,0
21381,treatment,0.0,0,0.0,0
21382,control,111.53,0,0.0,0
21383,control,0.0,0,0.0,0
21384,treatment,0.0,1,75.58,0
21385,control,0.0,0,0.0,0
21386,control,0.0,0,0.0,0
21387,treatment,0.0,0,0.0,0
21388,control,475.43,1,28.55,0
21389,control,0.0,0,0.0,0
21390,treatment,0.0,1,37.47,0
21391,control,165.11,0,0.0,0
21392,control,23.29,0,0.0,0
21393,control,0.0,0,0.0,0
21394,treatment,0.0,0,0.0,0
21395,treatment,60.0,0,0.0,0
21396,treatment,42.59,0,0.0,0
21397,control,67.39,0,0.0,0
21398,treatment,0.0,0,0.0,0
21399,control,0.0,0,0.0,0
21400,control,48.8,0,0.0,0
21401,treatment,0.0,0,0.0,0
21402,treatment,243.05,0,0.0,0
21403,control,34.59,0,0.0,0
21404,control,0.0,0,0.0,0
21405,control,0.0,0,0.0,0
21406,control,0.0,0,0.0,0
21407,control,0.0,0,0.0,0
21408,control,30.73,0,0.0,0
21409,treatment,0.0,0,0.0,0
21410,treatment,0.0,0,0.0,0
21411,control,0.0,0,0.0,0
21412,treatment,0.0,0,0.0,0
21413,treatment,0.0,0,0.0,0
21414,control,0.0,0,0.0,0
21415,control,0.0,0,0.0,0
21416,control,25.46,0,0.0,0
21417,control,0.0,0,0.0,0
21418,control,0.0,0,0.0,0
21419,control,198.54,0,0.0,0
21420,treatment,0.0,0,0.0,0
21421,control,31.98,0,0.0,0
21422,control,0.0,0,0.0,0
21423,treatment,0.0,0,0.0,0
21424,control,612.79,0,0.0,0
21425,control,0.0,0,0.0,0
21426,control,720.15,1,155.25,0
21427,treatment,0.0,0,0.0,0
21428,control,0.0,0,0.0,0
21429,control,123.5,0,0.0,0
21430,treatment,33.31,0,0.0,0
21431,control,33.35,1,82.93,0
21432,treatment,0.0,0,0.0,0
21433,control,0.0,0,0.0,0
21434,treatment,0.0,0,0.0,0
21435,treatment,101.66,0,0.0,0
21436,control,0.0,0,0.0,0
21437,control,185.02,0,0.0,0
21438,treatment,92.37,0,0.0,0
21439,control,24.96,0,0.0,0
21440,treatment,0.0,0,0.0,0
21441,treatment,40.91,0,0.0,0
21442,control,148.9,0,0.0,0
21443,control,0.0,0,0.0,0
21444,control,63.9,0,0.0,0
21445,treatment,112.9,0,0.0,0
21446,control,57.24,0,0.0,0
21447,treatment,239.34,0,0.0,0
21449,treatment,0.0,0,0.0,0
21450,control,0.0,0,0.0,0
21451,control,35.31,0,0.0,0
21452,treatment,0.0,0,0.0,0
21453,treatment,0.0,0,0.0,0
21454,treatment,0.0,0,0.0,0
21455,control,260.78,1,116.17,0
21456,control,25.85,0,0.0,0
21457,control,0.0,0,0.0,0
21458,treatment,82.57,0,0.0,0
21459,treatment,0.0,0,0.0,0
21460,treatment,0.0,1,89.64,0
21461,treatment,0.0,0,0.0,0
21462,control,0.0,0,0.0,0
21463,treatment,66.74,0,0.0,0
21464,treatment,0.0,0,0.0,0
21465,treatment,0.0,0,0.0,0
21466,control,64.69,0,0.0,0
21468,control,0.0,0,0.0,0
21469,control,0.0,0,0.0,0
21470,control,0.0,0,0.0,0
21471,control,66.37,0,0.0,0
21472,treatment,82.19,0,0.0,0
21473,control,0.0,0,0.0,0
21474,treatment,0.0,0,0.0,0
21475,treatment,0.0,0,0.0,0
21476,control,0.0,0,0.0,0
21477,control,33.45,0,0.0,0
21478,control,0.0,1,128.89,0
21479,treatment,0.0,0,0.0,0
21480,treatment,0.0,0,0.0,0
21482,control,157.79,0,0.0,0
21483,treatment,0.0,1,88.69,0
21484,treatment,0.0,0,0.0,0
21485,control,0.0,0,0.0,0
21486,control,0.0,0,0.0,0
21487,treatment,0.0,0,0.0,0
21488,control,0.0,0,0.0,0
21489,control,67.75,0,0.0,0
21490,control,28.91,0,0.0,0
21491,treatment,0.0,0,0.0,0
21492,treatment,0.0,0,0.0,0
21493,treatment,0.0,0,0.0,0
21494,treatment,53.25,0,0.0,0
21495,treatment,268.59,1,37.17,0
21496,control,164.53,0,0.0,0
21497,control,0.0,0,0.0,0
21498,control,0.0,0,0.0,0
21499,control,0.0,0,0.0,0
21501,treatment,390.13,1,116.05,0
21502,control,102.81,0,0.0,0
21503,control,0.0,0,0.0,0
21504,treatment,0.0,0,0.0,0
21505,control,0.0,0,0.0,0
21506,control,0.0,0,0.0,0
21507,control,50.47,0,0.0,0
21508,control,0.0,0,0.0,0
21509,control,304.37,1,87.33,0
21510,treatment,0.0,0,0.0,0
21511,treatment,0.0,0,0.0,0
21512,control,0.0,0,0.0,0
21513,control,37.94,0,0.0,0
21514,control,89.46,1,61.92,0
21515,treatment,0.0,0,0.0,0
21516,control,1012.9,1,192.85,0
21517,treatment,44.55,0,0.0,0
21518,control,0.0,0,0.0,0
21519,control,0.0,0,0.0,0
21520,control,0.0,0,0.0,0
21521,treatment,0.0,0,0.0,0
21522,treatment,127.77,0,0.0,0
21524,control,0.0,0,0.0,0
21525,treatment,0.0,1,98.26,0
21526,control,0.0,0,0.0,0
21527,treatment,0.0,0,0.0,0
21528,control,81.11,0,0.0,0
21529,treatment,73.22,1,45.0,0
21530,treatment,0.0,0,0.0,0
21531,control,0.0,0,0.0,0
21532,control,0.0,0,0.0,0
21533,control,135.38,0,0.0,0
21534,treatment,0.0,0,0.0,0
21535,treatment,72.93,1,86.7,0
21536,treatment,0.0,0,0.0,0
21537,control,98.92,0,0.0,0
21538,control,71.72,0,0.0,0
21539,control,0.0,0,0.0,0
21540,treatment,0.0,0,0.0,0
21541,control,0.0,0,0.0,0
21542,treatment,0.0,1,52.03,0
21543,control,171.73,0,0.0,0
21544,control,134.49,0,0.0,0
21545,treatment,0.0,0,0.0,0
21546,control,23.55,0,0.0,0
21547,treatment,0.0,0,0.0,0
21548,treatment,0.0,0,0.0,0
21549,control,0.0,0,0.0,0
21550,control,48.27,0,0.0,0
21551,control,56.36,0,0.0,0
21552,control,0.0,0,0.0,0
21553,treatment,0.0,0,0.0,0
21554,treatment,0.0,0,0.0,0
21555,treatment,0.0,0,0.0,0
21556,treatment,0.0,0,0.0,0
21557,treatment,20.34,1,26.24,0
21558,control,70.2,0,0.0,0
21559,treatment,0.0,0,0.0,0
21560,control,47.38,0,0.0,0
21561,treatment,0.0,0,0.0,0
21562,control,92.64,0,0.0,0
21563,treatment,32.81,0,0.0,0
21564,treatment,0.0,0,0.0,0
21565,control,0.0,0,0.0,0
21566,treatment,0.0,0,0.0,0
21567,control,0.0,0,0.0,0
21568,control,0.0,0,0.0,0
21569,treatment,0.0,0,0.0,0
21570,treatment,0.0,0,0.0,0
21571,treatment,82.2,0,0.0,0
21572,control,1125.24,0,0.0,0
21573,control,0.0,0,0.0,0
21574,control,40.0,0,0.0,0
21575,control,0.0,0,0.0,0
21576,control,0.0,0,0.0,0
21577,treatment,0.0,0,0.0,0
21578,treatment,38.9,0,0.0,0
21579,control,0.0,0,0.0,0
21580,treatment,63.03,0,0.0,0
21581,treatment,49.31,1,35.49,0
21582,control,0.0,0,0.0,0
21583,treatment,40.63,0,0.0,0
21584,treatment,77.84,1,131.84,0
21585,control,49.94,0,0.0,0
21586,treatment,106.74,0,0.0,0
21587,control,88.9,0,0.0,0
21588,control,49.41,0,0.0,0
21590,control,0.0,0,0.0,0
21591,control,83.65,0,0.0,0
21592,control,179.58,0,0.0,0
21593,control,0.0,0,0.0,0
21594,treatment,130.17,0,0.0,0
21595,treatment,64.05,0,0.0,0
21596,control,2215.82,0,0.0,0
21597,treatment,93.94,0,0.0,0
21598,control,0.0,0,0.0,0
21599,control,68.6,0,0.0,0
21600,control,0.0,0,0.0,0
21601,control,71.0,0,0.0,0
21602,treatment,119.63,1,38.16,1
21603,treatment,0.0,0,0.0,0
21604,control,41.44,0,0.0,0
21605,control,0.0,0,0.0,0
21606,treatment,0.0,0,0.0,0
21607,control,0.0,0,0.0,0
21608,treatment,0.0,0,0.0,0
21609,control,80.01,0,0.0,0
21610,treatment,0.0,0,0.0,0
21611,treatment,0.0,0,0.0,0
21612,treatment,0.0,0,0.0,0
21613,control,0.0,0,0.0,0
21614,control,77.84,1,47.93,0
21615,control,335.47,1,87.97,0
21616,control,147.07,1,148.91,0
21617,treatment,0.0,0,0.0,0
21618,control,30.38,0,0.0,0
21619,treatment,29.41,0,0.0,0
21620,control,73.83,0,0.0,0
21621,treatment,0.0,0,0.0,0
21623,control,0.0,0,0.0,0
21624,control,0.0,0,0.0,0
21626,control,56.03,0,0.0,0
21627,treatment,143.75,0,0.0,0
21628,control,0.0,1,29.65,0
21629,treatment,118.29,1,119.03,0
21630,control,0.0,0,0.0,0
21631,treatment,0.0,0,0.0,0
21632,control,0.0,0,0.0,0
21633,control,0.0,0,0.0,0
21634,control,0.0,0,0.0,0
21635,control,0.0,0,0.0,0
21636,control,0.0,0,0.0,0
21637,treatment,0.0,0,0.0,0
21638,control,0.0,0,0.0,0
21639,control,0.0,0,0.0,0
21640,control,0.0,0,0.0,0
21642,treatment,134.0,0,0.0,0
21643,control,39.06,0,0.0,0
21644,treatment,162.6,0,0.0,0
21645,control,0.0,0,0.0,0
21646,control,131.9,0,0.0,0
21647,treatment,0.0,0,0.0,0
21648,treatment,0.0,0,0.0,0
21649,control,39.57,0,0.0,0
21650,treatment,0.0,0,0.0,0
21651,control,0.0,0,0.0,0
21652,treatment,53.02,0,0.0,0
21653,control,0.0,0,0.0,0
21654,treatment,0.0,0,0.0,0
21655,control,0.0,0,0.0,0
21656,treatment,0.0,0,0.0,0
21657,control,42.66,0,0.0,0
21658,control,141.28,1,69.97,0
21659,control,0.0,0,0.0,0
21660,control,0.0,0,0.0,0
21661,treatment,0.0,0,0.0,0
21662,control,0.0,0,0.0,0
21663,treatment,54.45,0,0.0,0
21664,treatment,152.64,0,0.0,0
21665,treatment,0.0,0,0.0,0
21666,treatment,89.68,0,0.0,0
21667,control,0.0,0,0.0,0
21668,treatment,0.0,0,0.0,0
21669,treatment,0.0,0,0.0,0
21670,treatment,291.53,0,0.0,0
21671,treatment,108.33,0,0.0,0
21672,control,53.63,0,0.0,0
21673,treatment,113.34,1,36.69,0
21674,treatment,0.0,0,0.0,0
21675,control,0.0,0,0.0,0
21676,control,0.0,0,0.0,0
21677,control,78.01,0,0.0,0
21678,treatment,373.48,0,0.0,0
21679,treatment,0.0,0,0.0,0
21680,treatment,0.0,0,0.0,0
21681,treatment,0.0,0,0.0,0
21682,control,55.75,0,0.0,0
21683,control,120.31,1,29.33,0
21684,treatment,119.46,0,0.0,0
21685,treatment,0.0,0,0.0,0
21686,treatment,0.0,0,0.0,0
21687,treatment,0.0,0,0.0,0
21688,control,29.05,0,0.0,0
21689,control,46.87,1,33.53,0
21690,control,63.04,0,0.0,0
21691,treatment,135.51,0,0.0,0
21692,treatment,0.0,0,0.0,0
21693,treatment,39.44,0,0.0,0
21694,control,0.0,0,0.0,0
21695,control,24.67,0,0.0,0
21696,control,56.6,1,80.98,0
21697,treatment,0.0,0,0.0,0
21699,control,319.17,1,91.99,0
21700,control,795.03,0,0.0,0
21701,treatment,0.0,0,0.0,0
21702,treatment,48.31,0,0.0,0
21703,control,0.0,0,0.0,0
21704,control,0.0,0,0.0,0
21705,treatment,0.0,0,0.0,0
21706,control,0.0,0,0.0,0
21707,control,0.0,0,0.0,0
21708,treatment,0.0,0,0.0,0
21709,control,162.01,0,0.0,0
21710,treatment,538.7,1,204.78,0
21711,treatment,18.08,0,0.0,0
21712,treatment,0.0,0,0.0,0
21713,treatment,76.74,0,0.0,0
21714,treatment,189.41,0,0.0,0
21715,treatment,42.74,0,0.0,0
21716,control,173.35,0,0.0,0
21717,control,0.0,0,0.0,0
21718,treatment,176.32,0,0.0,0
21719,control,0.0,0,0.0,0
21720,treatment,135.43,0,0.0,0
21721,control,0.0,0,0.0,0
21722,treatment,0.0,0,0.0,0
21723,treatment,104.9,0,0.0,0
21724,control,0.0,0,0.0,0
21725,control,0.0,1,36.09,0
21726,control,134.51,0,0.0,0
21727,control,82.89,0,0.0,0
21728,treatment,184.12,0,0.0,0
21729,control,153.18,0,0.0,0
21730,control,104.93,0,0.0,0
21731,control,37.54,0,0.0,0
21732,control,0.0,0,0.0,0
21733,control,0.0,0,0.0,0
21734,control,0.0,0,0.0,0
21735,treatment,0.0,0,0.0,0
21736,control,0.0,0,0.0,0
21737,control,30.88,0,0.0,0
21738,treatment,235.21,1,73.4,0
21739,treatment,55.15,0,0.0,0
21740,treatment,374.3,0,0.0,0
21741,control,95.6,0,0.0,0
21742,control,90.28,0,0.0,0
21743,treatment,0.0,0,0.0,0
21744,control,0.0,0,0.0,0
21745,control,0.0,0,0.0,0
21746,control,40.62,0,0.0,0
21747,treatment,47.5,0,0.0,0
21748,control,150.14,0,0.0,0
21749,control,28.24,0,0.0,0
21750,control,0.0,0,0.0,0
21751,control,77.36,0,0.0,0
21752,treatment,0.0,0,0.0,0
21753,control,0.0,0,0.0,0
21754,treatment,0.0,0,0.0,0
21755,treatment,393.76,0,0.0,0
21756,treatment,177.66,0,0.0,0
21757,control,0.0,0,0.0,0
21758,treatment,0.0,0,0.0,0
21759,treatment,0.0,0,0.0,0
21760,treatment,49.94,0,0.0,0
21761,treatment,159.88,0,0.0,0
21762,control,0.0,0,0.0,0
21763,treatment,0.0,0,0.0,0
21764,control,0.0,0,0.0,0
21765,control,0.0,0,0.0,0
21766,control,0.0,0,0.0,0
21767,treatment,0.0,0,0.0,0
21768,control,0.0,1,27.06,0
21769,control,0.0,0,0.0,0
21770,treatment,0.0,0,0.0,0
21771,control,143.16,0,0.0,0
21772,control,130.12,0,0.0,0
21773,treatment,0.0,0,0.0,0
21774,control,0.0,0,0.0,0
21775,control,146.73,0,0.0,0
21776,treatment,0.0,0,0.0,0
21777,control,0.0,1,63.15,0
21778,treatment,315.02,1,103.43,0
21779,control,0.0,0,0.0,0
21780,treatment,33.75,0,0.0,0
21781,treatment,0.0,0,0.0,0
21782,control,0.0,1,92.07,0
21783,treatment,216.79,1,61.96,0
21784,treatment,0.0,0,0.0,0
21785,treatment,0.0,0,0.0,0
21786,treatment,200.68,0,0.0,0
21787,treatment,0.0,0,0.0,0
21788,treatment,0.0,0,0.0,0
21789,control,684.79,1,51.21,0
21790,control,29.82,0,0.0,0
21791,treatment,0.0,0,0.0,0
21792,control,0.0,0,0.0,0
21793,treatment,0.0,0,0.0,0
21794,treatment,261.49,0,0.0,0
21795,control,30.41,0,0.0,0
21796,control,0.0,0,0.0,0
21797,control,115.62,0,0.0,0
21798,control,69.99,1,45.86,0
21799,control,35.19,0,0.0,0
21800,control,0.0,0,0.0,0
21801,treatment,0.0,0,0.0,0
21802,treatment,0.0,0,0.0,0
21803,control,53.64,0,0.0,0
21804,control,40.89,0,0.0,0
21805,control,47.13,0,0.0,0
21806,treatment,0.0,0,0.0,0
21807,treatment,40.71,0,0.0,0
21808,control,0.0,0,0.0,0
21809,control,0.0,0,0.0,0
21810,control,0.0,0,0.0,0
21811,control,196.14,0,0.0,0
21812,treatment,69.09,0,0.0,0
21813,treatment,80.16,0,0.0,0
21814,control,0.0,1,63.55,0
21815,treatment,80.22,0,0.0,0
21816,control,73.29,0,0.0,0
21818,treatment,53.87,0,0.0,0
21819,control,51.42,0,0.0,0
21820,treatment,0.0,0,0.0,0
21821,treatment,0.0,0,0.0,0
21822,control,42.63,0,0.0,0
21823,treatment,21.1,0,0.0,0
21824,control,27.78,0,0.0,0
21825,treatment,49.14,0,0.0,0
21826,treatment,273.14,0,0.0,0
21827,treatment,0.0,0,0.0,0
21828,control,0.0,0,0.0,0
21829,treatment,0.0,0,0.0,0
21830,control,113.88,0,0.0,0
21831,treatment,176.33,0,0.0,0
21832,control,0.0,0,0.0,0
21833,control,0.0,0,0.0,0
21834,treatment,0.0,0,0.0,0
21835,control,0.0,0,0.0,0
21836,control,44.67,0,0.0,0
21837,control,28.7,0,0.0,0
21838,control,23.65,0,0.0,0
21839,control,39.93,0,0.0,0
21840,treatment,0.0,0,0.0,0
21841,treatment,0.0,0,0.0,0
21842,control,170.56,1,48.29,0
21843,treatment,0.0,0,0.0,0
21844,control,0.0,0,0.0,0
21845,treatment,0.0,1,50.81,0
21847,treatment,234.08,0,0.0,0
21848,treatment,0.0,0,0.0,0
21849,control,91.38,0,0.0,0
21850,control,0.0,0,0.0,0
21851,control,16.19,0,0.0,0
21852,control,87.1,0,0.0,0
21853,treatment,80.02,0,0.0,0
21854,control,0.0,0,0.0,0
21855,treatment,0.0,1,55.03,0
21856,control,0.0,0,0.0,0
21857,treatment,0.0,0,0.0,0
21858,treatment,0.0,0,0.0,0
21859,control,67.0,0,0.0,0
21860,control,145.03,0,0.0,0
21861,treatment,80.74,0,0.0,0
21862,treatment,108.44,0,0.0,0
21863,treatment,96.58,0,0.0,0
21864,treatment,0.0,0,0.0,0
21865,treatment,0.0,0,0.0,0
21866,control,0.0,0,0.0,0
21867,control,0.0,0,0.0,0
21869,treatment,33.56,0,0.0,0
21870,control,83.27,1,95.94,0
21871,control,41.14,0,0.0,0
21872,treatment,59.63,0,0.0,0
21873,control,62.29,0,0.0,0
21874,treatment,44.77,0,0.0,0
21875,treatment,46.89,1,84.61,0
21876,treatment,0.0,0,0.0,0
21877,control,0.0,0,0.0,0
21878,control,69.09,0,0.0,0
21879,control,140.08,1,59.24,0
21880,treatment,0.0,0,0.0,0
21881,treatment,0.0,0,0.0,0
21882,control,0.0,0,0.0,0
21883,control,0.0,0,0.0,0
21884,control,0.0,0,0.0,0
21885,treatment,134.62,0,0.0,0
21886,treatment,0.0,0,0.0,0
21887,treatment,71.66,0,0.0,0
21888,treatment,185.34,0,0.0,0
21889,control,145.14,1,89.65,0
21890,treatment,0.0,0,0.0,0
21891,control,33.06,0,0.0,0
21892,control,0.0,1,53.44,0
21893,treatment,79.97,0,0.0,0
21894,treatment,0.0,1,53.28,0
21895,treatment,95.14,0,0.0,0
21896,treatment,37.08,0,0.0,0
21897,control,0.0,0,0.0,0
21898,control,0.0,1,41.56,0
21899,control,115.11,0,0.0,0
21900,control,65.33,0,0.0,0
21901,control,13.91,0,0.0,0
21902,control,241.83,0,0.0,0
21903,control,0.0,0,0.0,0
21904,control,95.71,1,42.16,0
21905,treatment,31.88,0,0.0,0
21906,control,0.0,0,0.0,0
21907,control,0.0,0,0.0,0
21908,treatment,49.45,0,0.0,0
21909,control,0.0,0,0.0,0
21910,treatment,52.23,0,0.0,0
21911,control,0.0,0,0.0,0
21912,treatment,0.0,0,0.0,0
21913,control,0.0,0,0.0,0
21914,treatment,121.32,0,0.0,0
21915,control,90.84,0,0.0,0
21916,control,0.0,0,0.0,0
21917,control,215.59,0,0.0,0
21918,treatment,0.0,0,0.0,0
21919,control,0.0,0,0.0,0
21920,treatment,113.6,0,0.0,0
21921,control,0.0,0,0.0,0
21922,control,113.26,0,0.0,0
21924,control,247.67,1,40.99,0
21925,control,51.65,0,0.0,0
21926,control,0.0,0,0.0,0
21927,control,0.0,0,0.0,0
21928,control,31.39,1,21.6,0
21929,treatment,0.0,0,0.0,0
21930,treatment,89.42,0,0.0,0
21931,treatment,0.0,0,0.0,0
21932,control,39.49,0,0.0,0
21933,treatment,61.12,0,0.0,0
21934,control,145.79,1,101.6,0
21935,control,0.0,0,0.0,0
21936,control,0.0,0,0.0,0
21937,control,31.6,0,0.0,0
21938,control,57.32,0,0.0,0
21939,control,0.0,1,88.66,0
21940,control,73.69,0,0.0,0
21941,treatment,0.0,0,0.0,0
21942,treatment,0.0,0,0.0,0
21943,control,0.0,0,0.0,0
21944,control,0.0,0,0.0,0
21945,treatment,0.0,0,0.0,0
21946,control,133.08,0,0.0,0
21948,treatment,140.66,0,0.0,0
21949,control,649.47,0,0.0,0
21950,treatment,0.0,0,0.0,0
21951,treatment,56.25,0,0.0,0
21952,control,0.0,0,0.0,0
21953,control,0.0,0,0.0,0
21955,control,0.0,0,0.0,0
21956,control,95.72,0,0.0,0
21957,treatment,0.0,1,67.64,0
21958,treatment,44.22,0,0.0,0
21959,treatment,0.0,0,0.0,0
21960,treatment,0.0,0,0.0,0
21961,treatment,24.26,0,0.0,0
21962,control,63.25,0,0.0,0
21963,treatment,0.0,0,0.0,0
21964,control,130.56,0,0.0,0
21965,control,0.0,0,0.0,0
21966,control,0.0,0,0.0,0
21967,treatment,0.0,0,0.0,0
21968,control,22.04,0,0.0,0
21969,treatment,32.79,0,0.0,0
21970,control,439.81,0,0.0,0
21971,treatment,359.08,0,0.0,0
21972,treatment,127.9,0,0.0,0
21973,control,20.97,0,0.0,0
21974,control,0.0,0,0.0,0
21975,control,0.0,1,51.6,0
21976,control,0.0,0,0.0,0
21977,control,0.0,1,33.16,0
21978,control,63.95,0,0.0,0
21979,treatment,0.0,0,0.0,0
21980,control,41.79,0,0.0,0
21981,control,91.54,0,0.0,0
21982,treatment,0.0,0,0.0,0
21983,control,0.0,0,0.0,0
21984,control,173.31,0,0.0,0
21985,control,0.0,0,0.0,0
21986,control,0.0,0,0.0,0
21987,control,95.96,0,0.0,0
21988,control,38.25,0,0.0,0
21989,treatment,0.0,0,0.0,0
21990,control,48.9,0,0.0,0
21991,control,0.0,0,0.0,0
21992,treatment,119.28,0,0.0,0
21994,treatment,0.0,0,0.0,0
21995,treatment,0.0,0,0.0,0
21996,treatment,0.0,0,0.0,0
21997,treatment,88.23,0,0.0,0
21998,treatment,0.0,0,0.0,0
21999,control,0.0,0,0.0,0
22000,control,103.57,0,0.0,0
22001,treatment,0.0,0,0.0,0
22002,control,110.98,0,0.0,0
22003,treatment,25.23,0,0.0,0
22004,control,0.0,0,0.0,0
22005,control,0.0,0,0.0,0
22006,treatment,0.0,0,0.0,0
22007,control,45.14,0,0.0,0
22008,control,51.12,0,0.0,0
22009,treatment,0.0,0,0.0,0
22010,control,137.09,0,0.0,0
22011,control,0.0,0,0.0,0
22012,control,137.92,0,0.0,0
22013,control,0.0,0,0.0,0
22014,treatment,92.43,1,54.71,0
22015,control,0.0,0,0.0,0
22016,treatment,149.9,0,0.0,0
22017,treatment,0.0,0,0.0,0
22018,control,35.72,0,0.0,0
22019,control,143.24,1,49.68,0
22020,treatment,230.9,1,88.46,0
22021,control,0.0,0,0.0,0
22022,control,0.0,0,0.0,0
22023,control,73.85,0,0.0,0
22024,control,0.0,0,0.0,0
22025,control,34.69,0,0.0,0
22026,treatment,0.0,0,0.0,0
22027,control,0.0,0,0.0,0
22028,control,0.0,0,0.0,0
22029,treatment,126.63,1,33.16,0
22031,treatment,30.17,0,0.0,0
22032,control,63.53,0,0.0,0
22033,control,56.77,1,47.88,0
22034,control,53.64,0,0.0,0
22035,control,378.92,0,0.0,0
22036,treatment,0.0,0,0.0,0
22037,control,0.0,0,0.0,0
22038,treatment,0.0,0,0.0,0
22039,control,0.0,0,0.0,0
22040,control,0.0,0,0.0,0
22041,control,81.89,0,0.0,0
22042,treatment,15.15,0,0.0,0
22043,control,0.0,0,0.0,0
22044,control,0.0,0,0.0,0
22045,control,0.0,0,0.0,0
22046,control,0.0,0,0.0,0
22047,control,0.0,1,42.25,0
22048,treatment,0.0,0,0.0,0
22050,treatment,0.0,0,0.0,0
22051,control,36.39,0,0.0,0
22052,control,0.0,0,0.0,0
22053,treatment,225.05,1,109.87,0
22054,treatment,35.06,0,0.0,0
22055,treatment,166.17,0,0.0,0
22056,treatment,32.8,0,0.0,0
22057,treatment,0.0,0,0.0,0
22058,control,0.0,0,0.0,0
22059,control,0.0,0,0.0,0
22060,treatment,74.94,0,0.0,0
22061,treatment,0.0,0,0.0,0
22062,treatment,0.0,0,0.0,0
22063,treatment,0.0,0,0.0,0
22064,treatment,99.54,0,0.0,0
22065,treatment,183.56,0,0.0,0
22066,control,0.0,0,0.0,0
22067,treatment,0.0,0,0.0,0
22068,control,0.0,0,0.0,0
22070,treatment,212.56,0,0.0,0
22071,control,0.0,0,0.0,0
22072,treatment,0.0,0,0.0,0
22073,treatment,553.23,1,51.82,0
22074,control,0.0,0,0.0,0
22075,treatment,0.0,0,0.0,0
22076,control,163.52,0,0.0,0
22077,treatment,45.35,0,0.0,0
22078,treatment,0.0,0,0.0,0
22079,control,0.0,1,60.42,0
22080,control,27.52,0,0.0,0
22081,treatment,0.0,0,0.0,0
22082,treatment,0.0,1,24.95,0
22083,treatment,138.01,0,0.0,0
22084,treatment,205.18,1,117.59,0
22085,control,24.94,0,0.0,0
22086,treatment,328.27,0,0.0,0
22087,control,31.83,1,63.35,0
22088,treatment,0.0,0,0.0,0
22089,treatment,0.0,0,0.0,0
22090,treatment,49.02,0,0.0,0
22091,control,0.0,0,0.0,0
22092,treatment,252.07,0,0.0,0
22093,treatment,0.0,0,0.0,0
22094,treatment,0.0,0,0.0,0
22095,treatment,489.6,0,0.0,0
22096,treatment,39.52,0,0.0,0
22097,control,87.73,0,0.0,0
22098,treatment,0.0,0,0.0,0
22099,treatment,0.0,0,0.0,0
22100,treatment,30.25,0,0.0,0
22101,control,0.0,0,0.0,0
22102,control,286.35,0,0.0,0
22103,treatment,1049.94,0,0.0,0
22104,control,112.9,0,0.0,0
22105,control,30.28,0,0.0,0
22106,control,88.07,0,0.0,0
22107,treatment,0.0,0,0.0,0
22108,control,150.87,0,0.0,0
22109,control,0.0,0,0.0,0
22110,control,0.0,0,0.0,0
22111,control,0.0,0,0.0,0
22113,control,130.39,0,0.0,0
22114,control,353.59,0,0.0,0
22115,control,0.0,0,0.0,0
22116,control,0.0,0,0.0,0
22117,treatment,0.0,0,0.0,0
22118,control,57.56,0,0.0,0
22119,treatment,362.5,1,72.71,0
22120,control,200.12,0,0.0,0
22121,control,0.0,0,0.0,0
22122,treatment,0.0,0,0.0,0
22123,control,0.0,0,0.0,0
22124,treatment,137.2,0,0.0,0
22125,treatment,30.72,0,0.0,0
22126,control,0.0,0,0.0,0
22127,control,0.0,0,0.0,0
22128,treatment,51.38,0,0.0,0
22129,treatment,0.0,0,0.0,0
22130,control,0.0,0,0.0,0
22131,treatment,0.0,0,0.0,0
22132,control,57.67,0,0.0,0
22133,control,19.52,0,0.0,0
22134,treatment,0.0,0,0.0,0
22135,control,0.0,0,0.0,0
22136,control,244.03,1,79.69,0
22137,treatment,683.24,1,94.09,0
22138,treatment,0.0,0,0.0,0
22139,control,0.0,0,0.0,0
22140,control,0.0,0,0.0,0
22141,treatment,43.54,0,0.0,0
22142,control,0.0,0,0.0,0
22143,control,0.0,0,0.0,0
22144,treatment,35.05,1,94.72,0
22145,treatment,0.0,0,0.0,0
22146,treatment,30.76,0,0.0,0
22147,treatment,71.34,0,0.0,0
22148,treatment,41.58,0,0.0,0
22149,treatment,143.76,1,70.18,0
22150,treatment,0.0,0,0.0,0
22151,treatment,89.62,0,0.0,0
22152,treatment,272.11,0,0.0,0
22153,control,60.48,0,0.0,0
22154,treatment,34.1,0,0.0,0
22155,control,97.65,0,0.0,0
22156,control,56.4,0,0.0,0
22157,treatment,263.42,0,0.0,0
22158,control,0.0,0,0.0,0
22159,treatment,0.0,0,0.0,0
22160,treatment,0.0,0,0.0,0
22161,treatment,64.42,0,0.0,0
22162,control,0.0,0,0.0,0
22163,treatment,172.98,0,0.0,0
22164,treatment,86.57,1,44.32,0
22165,control,0.0,0,0.0,0
22166,treatment,0.0,0,0.0,0
22167,treatment,0.0,1,8.13,0
22168,control,100.75,0,0.0,0
22170,treatment,267.43,0,0.0,0
22171,treatment,0.0,0,0.0,0
22172,treatment,63.18,0,0.0,0
22173,control,0.0,0,0.0,0
22174,treatment,46.21,0,0.0,0
22175,treatment,0.0,1,21.56,0
22176,treatment,0.0,0,0.0,0
22177,treatment,109.85,1,45.41,0
22178,control,0.0,0,0.0,0
22179,treatment,173.37,1,115.86,0
22180,treatment,387.85,1,114.29,0
22181,control,0.0,0,0.0,0
22182,treatment,34.6,0,0.0,0
22183,treatment,30.7,0,0.0,0
22184,control,48.45,0,0.0,0
22185,control,28.7,0,0.0,0
22186,treatment,0.0,0,0.0,0
22187,control,0.0,0,0.0,0
22188,treatment,0.0,1,32.53,0
22189,control,0.0,0,0.0,0
22190,treatment,80.54,0,0.0,0
22191,control,88.26,0,0.0,0
22192,treatment,0.0,0,0.0,0
22193,treatment,0.0,0,0.0,0
22194,control,46.49,1,50.36,1
22195,control,0.0,0,0.0,0
22196,control,0.0,0,0.0,0
22197,treatment,0.0,0,0.0,0
22198,control,0.0,0,0.0,0
22199,control,0.0,0,0.0,0
22200,control,81.42,0,0.0,0
22201,control,50.52,0,0.0,0
22202,control,268.38,0,0.0,0
22203,control,0.0,0,0.0,0
22204,control,0.0,1,79.49,0
22205,treatment,0.0,0,0.0,0
22206,treatment,57.76,0,0.0,0
22207,control,0.0,0,0.0,0
22208,treatment,0.0,0,0.0,0
22209,control,128.22,0,0.0,0
22210,treatment,155.56,1,67.99,0
22211,treatment,142.8,0,0.0,0
22212,treatment,0.0,0,0.0,0
22213,treatment,128.2,0,0.0,0
22214,control,76.83,0,0.0,0
22215,treatment,0.0,0,0.0,0
22216,control,164.9,0,0.0,0
22217,treatment,0.0,0,0.0,0
22218,control,0.0,0,0.0,0
22219,treatment,72.09,0,0.0,0
22220,treatment,134.7,0,0.0,0
22221,treatment,54.35,0,0.0,0
22222,control,0.0,0,0.0,0
22223,treatment,0.0,0,0.0,0
22224,control,68.02,1,88.14,0
22225,control,0.0,0,0.0,0
22226,control,46.16,0,0.0,0
22227,treatment,30.15,0,0.0,0
22228,control,0.0,0,0.0,0
22229,control,51.54,0,0.0,0
22230,control,0.0,0,0.0,0
22231,treatment,261.78,1,28.23,0
22232,control,0.0,0,0.0,0
22233,treatment,0.0,1,70.09,0
22234,treatment,0.0,0,0.0,0
22235,treatment,0.0,0,0.0,0
22236,control,166.31,0,0.0,0
22237,control,78.13,0,0.0,0
22238,treatment,0.0,0,0.0,0
22239,control,0.0,0,0.0,0
22240,control,299.8,0,0.0,0
22241,control,0.0,0,0.0,0
22242,treatment,56.57,0,0.0,0
22243,control,0.0,0,0.0,0
22244,treatment,0.0,1,41.67,0
22245,treatment,0.0,0,0.0,0
22246,treatment,0.0,0,0.0,0
22247,control,213.86,0,0.0,0
22248,control,238.61,0,0.0,0
22249,treatment,0.0,0,0.0,0
22250,treatment,319.49,0,0.0,0
22251,treatment,0.0,0,0.0,0
22252,control,0.0,0,0.0,0
22253,treatment,118.36,0,0.0,0
22254,treatment,55.39,0,0.0,0
22255,treatment,215.85,0,0.0,0
22256,treatment,0.0,0,0.0,0
22257,treatment,0.0,0,0.0,0
22258,treatment,0.0,0,0.0,0
22259,treatment,0.0,0,0.0,0
22260,treatment,135.32,0,0.0,0
22262,treatment,0.0,0,0.0,0
22263,control,0.0,0,0.0,0
22264,treatment,55.49,0,0.0,0
22265,control,88.22,0,0.0,0
22266,control,0.0,0,0.0,0
22267,control,218.91,1,74.71,0
22268,treatment,0.0,0,0.0,0
22269,control,0.0,1,50.43,0
22270,control,0.0,1,34.69,0
22271,treatment,0.0,0,0.0,0
22272,treatment,105.54,0,0.0,0
22273,control,0.0,0,0.0,0
22274,treatment,179.99,0,0.0,0
22275,control,0.0,0,0.0,0
22276,control,0.0,0,0.0,0
22277,treatment,375.34,0,0.0,0
22278,control,31.83,0,0.0,0
22279,treatment,1014.19,0,0.0,0
22280,control,337.31,0,0.0,0
22281,control,0.0,0,0.0,0
22282,control,68.09,0,0.0,0
22283,treatment,0.0,0,0.0,0
22284,control,0.0,1,59.51,0
22285,control,0.0,0,0.0,0
22286,control,234.78,0,0.0,0
22287,control,57.04,0,0.0,0
22288,control,0.0,0,0.0,0
22289,control,60.38,0,0.0,0
22290,control,63.42,0,0.0,0
22291,control,0.0,0,0.0,0
22292,treatment,0.0,0,0.0,0
22293,treatment,127.69,1,50.6,0
22294,treatment,0.0,0,0.0,0
22295,control,109.92,1,69.68,0
22296,control,214.33,1,55.06,0
22297,treatment,93.53,1,30.31,0
22298,treatment,108.9,0,0.0,0
22299,control,0.0,1,48.33,0
22300,control,0.0,0,0.0,0
22301,treatment,0.0,0,0.0,0
22302,treatment,96.43,0,0.0,0
22303,treatment,37.09,0,0.0,0
22304,control,41.09,0,0.0,0
22305,treatment,0.0,0,0.0,0
22306,treatment,31.68,0,0.0,0
22307,control,0.0,1,52.31,0
22308,control,99.3,1,71.24,0
22309,treatment,0.0,0,0.0,0
22310,control,147.82,0,0.0,0
22311,treatment,0.0,0,0.0,0
22312,control,0.0,0,0.0,0
22313,treatment,30.74,0,0.0,0
22314,control,0.0,0,0.0,0
22315,treatment,0.0,0,0.0,0
22316,treatment,0.0,0,0.0,0
22317,control,307.77,1,143.06,0
22318,control,0.0,0,0.0,0
22319,treatment,0.0,0,0.0,0
22320,treatment,0.0,0,0.0,0
22321,treatment,77.12,0,0.0,0
22322,treatment,290.69,1,70.2,0
22323,treatment,74.88,0,0.0,0
22324,treatment,21.22,0,0.0,0
22325,treatment,0.0,0,0.0,0
22326,treatment,0.0,0,0.0,0
22327,control,79.21,0,0.0,0
22328,control,131.89,0,0.0,0
22329,control,0.0,0,0.0,0
22330,treatment,59.08,0,0.0,0
22331,control,0.0,0,0.0,0
22332,control,0.0,0,0.0,0
22333,control,0.0,0,0.0,0
22334,treatment,0.0,0,0.0,0
22335,control,0.0,0,0.0,0
22336,treatment,72.69,0,0.0,0
22337,control,0.0,0,0.0,0
22338,control,0.0,0,0.0,0
22339,treatment,0.0,1,21.05,0
22340,treatment,0.0,0,0.0,0
22341,treatment,0.0,0,0.0,0
22342,control,0.0,0,0.0,0
22343,treatment,87.11,0,0.0,0
22344,control,54.63,0,0.0,0
22345,treatment,0.0,0,0.0,0
22346,control,0.0,0,0.0,0
22347,treatment,0.0,0,0.0,0
22348,control,0.0,0,0.0,0
22349,control,56.82,0,0.0,0
22350,treatment,0.0,1,33.41,0
22351,treatment,92.33,0,0.0,0
22352,treatment,0.0,0,0.0,0
22353,control,23.19,0,0.0,0
22355,treatment,101.24,0,0.0,0
22356,treatment,0.0,0,0.0,0
22357,control,0.0,0,0.0,0
22358,treatment,0.0,0,0.0,0
22359,control,0.0,0,0.0,0
22360,control,0.0,0,0.0,0
22361,treatment,0.0,0,0.0,0
22362,treatment,0.0,0,0.0,0
22363,control,70.24,0,0.0,0
22364,treatment,448.69,0,0.0,0
22365,treatment,79.59,0,0.0,0
22366,control,0.0,0,0.0,0
22367,treatment,62.97,0,0.0,0
22368,treatment,0.0,1,31.3,0
22369,control,0.0,0,0.0,0
22370,treatment,53.92,1,81.98,0
22371,control,79.35,0,0.0,0
22372,control,45.62,0,0.0,0
22373,control,24.24,0,0.0,0
22374,treatment,220.38,0,0.0,0
22375,control,71.38,0,0.0,0
22376,treatment,92.23,0,0.0,0
22377,treatment,0.0,0,0.0,0
22378,treatment,28.96,0,0.0,0
22379,treatment,186.66,0,0.0,0
22380,treatment,0.0,0,0.0,0
22381,control,48.13,0,0.0,0
22382,treatment,0.0,0,0.0,0
22383,control,58.65,0,0.0,0
22384,control,0.0,0,0.0,0
22385,treatment,959.29,1,44.2,0
22386,control,0.0,0,0.0,0
22387,treatment,0.0,0,0.0,0
22388,control,0.0,0,0.0,0
22389,control,0.0,0,0.0,0
22390,treatment,5684.02,1,248.94,0
22391,control,0.0,0,0.0,0
22392,control,0.0,0,0.0,0
22393,control,0.0,0,0.0,0
22394,treatment,0.0,0,0.0,0
22395,treatment,64.3,0,0.0,0
22396,control,61.48,0,0.0,0
22397,control,118.04,0,0.0,0
22398,treatment,64.78,0,0.0,0
22399,control,55.7,0,0.0,0
22400,control,0.0,1,45.27,0
22401,control,0.0,0,0.0,0
22402,control,30.15,0,0.0,0
22403,control,0.0,0,0.0,0
22404,control,110.04,0,0.0,0
22405,control,69.21,0,0.0,0
22406,control,50.11,0,0.0,0
22407,control,0.0,0,0.0,0
22408,treatment,0.0,0,0.0,0
22409,control,49.75,1,20.54,0
22410,treatment,0.0,0,0.0,0
22411,treatment,401.0,1,109.81,0
22412,control,0.0,0,0.0,0
22413,treatment,0.0,0,0.0,0
22414,control,75.75,0,0.0,0
22415,control,0.0,0,0.0,0
22416,treatment,85.23,0,0.0,0
22417,treatment,48.68,0,0.0,0
22418,treatment,52.17,0,0.0,0
22419,treatment,335.47,1,121.31,0
22420,treatment,69.23,0,0.0,0
22421,control,201.7,0,0.0,0
22422,treatment,173.73,0,0.0,0
22423,treatment,149.33,0,0.0,0
22424,control,66.16,0,0.0,0
22425,control,73.05,0,0.0,0
22426,control,85.27,0,0.0,0
22427,treatment,44.34,0,0.0,0
22428,control,169.55,1,108.48,0
22429,control,0.0,0,0.0,0
22430,treatment,64.73,0,0.0,0
22431,control,0.0,0,0.0,0
22432,treatment,96.91,0,0.0,0
22433,control,0.0,0,0.0,0
22434,control,250.16,0,0.0,0
22435,control,23.73,0,0.0,0
22436,treatment,0.0,0,0.0,0
22437,treatment,0.0,0,0.0,0
22438,control,0.0,0,0.0,0
22439,control,0.0,0,0.0,0
22440,control,109.16,0,0.0,0
22442,treatment,0.0,0,0.0,0
22443,control,0.0,0,0.0,0
22444,control,244.88,0,0.0,0
22445,control,187.09,1,123.71,0
22446,treatment,40.11,0,0.0,0
22447,treatment,912.37,1,77.78,0
22448,treatment,67.74,0,0.0,0
22449,treatment,70.54,1,43.1,0
22450,control,112.53,0,0.0,0
22451,control,225.05,1,108.54,0
22452,treatment,185.5,1,48.85,0
22453,control,48.55,1,64.01,0
22454,treatment,66.14,1,77.56,0
22455,treatment,0.0,0,0.0,0
22456,control,42.48,0,0.0,0
22457,treatment,0.0,0,0.0,0
22458,control,0.0,0,0.0,0
22459,treatment,0.0,0,0.0,0
22460,treatment,0.0,0,0.0,0
22461,treatment,144.48,1,72.59,0
22462,control,32.71,0,0.0,0
22463,treatment,0.0,0,0.0,0
22464,control,0.0,0,0.0,0
22465,control,78.53,0,0.0,0
22466,control,0.0,0,0.0,0
22467,control,67.46,0,0.0,0
22468,control,0.0,0,0.0,0
22469,treatment,60.34,0,0.0,0
22470,treatment,0.0,0,0.0,0
22471,treatment,61.41,1,33.04,0
22472,control,0.0,0,0.0,0
22473,treatment,141.0,0,0.0,0
22474,treatment,0.0,0,0.0,0
22475,control,33.72,0,0.0,0
22476,control,63.1,0,0.0,0
22477,control,87.77,0,0.0,0
22478,treatment,0.0,0,0.0,0
22479,control,0.0,0,0.0,0
22480,treatment,200.35,0,0.0,0
22481,treatment,57.77,0,0.0,0
22482,control,51.85,0,0.0,0
22483,control,0.0,0,0.0,0
22484,treatment,48.63,0,0.0,0
22485,treatment,0.0,0,0.0,0
22486,treatment,77.98,1,153.09,0
22487,treatment,61.01,0,0.0,0
22488,treatment,139.51,0,0.0,0
22489,treatment,0.0,0,0.0,0
22490,treatment,0.0,0,0.0,0
22491,control,42.91,0,0.0,0
22492,control,0.0,0,0.0,0
22493,treatment,137.02,0,0.0,0
22494,treatment,185.53,1,136.96,0
22495,control,102.86,0,0.0,0
22496,control,136.87,0,0.0,0
22497,control,0.0,0,0.0,0
22498,control,184.37,0,0.0,0
22499,treatment,986.39,1,60.03,0
22500,treatment,0.0,0,0.0,0
22501,treatment,0.0,0,0.0,0
22502,control,0.0,0,0.0,0
22503,control,0.0,0,0.0,0
22504,control,0.0,0,0.0,0
22505,control,0.0,0,0.0,0
22506,control,50.35,0,0.0,0
22507,treatment,0.0,0,0.0,0
22508,treatment,0.0,1,30.94,0
22509,treatment,427.03,0,0.0,0
22510,control,38.73,0,0.0,0
22511,treatment,302.11,0,0.0,0
22512,control,0.0,0,0.0,0
22513,control,0.0,0,0.0,0
22514,control,0.0,0,0.0,0
22515,treatment,51.69,0,0.0,0
22516,control,0.0,0,0.0,0
22517,control,0.0,0,0.0,0
22518,control,0.0,0,0.0,0
22519,control,0.0,1,92.11,0
22520,control,0.0,0,0.0,0
22521,treatment,72.33,0,0.0,0
22522,control,0.0,0,0.0,0
22523,treatment,66.3,0,0.0,0
22524,treatment,0.0,0,0.0,0
22525,control,391.02,0,0.0,0
22526,treatment,34.36,0,0.0,0
22527,treatment,92.85,0,0.0,0
22528,control,0.0,0,0.0,0
22529,treatment,0.0,0,0.0,0
22530,control,0.0,0,0.0,0
22531,control,0.0,0,0.0,0
22532,treatment,91.68,0,0.0,0
22533,treatment,0.0,0,0.0,0
22534,control,81.25,0,0.0,0
22535,treatment,0.0,0,0.0,0
22536,control,0.0,0,0.0,0
22537,treatment,49.09,0,0.0,0
22538,control,211.2,0,0.0,0
22539,control,610.45,1,126.16,0
22540,control,0.0,0,0.0,0
22541,control,89.01,0,0.0,0
22542,control,0.0,0,0.0,0
22543,control,0.0,0,0.0,0
22544,treatment,214.62,0,0.0,0
22545,control,0.0,0,0.0,0
22546,treatment,210.47,1,76.61,1
22547,treatment,0.0,0,0.0,0
22548,treatment,47.99,1,63.05,0
22549,treatment,0.0,0,0.0,0
22550,treatment,0.0,1,38.74,0
22551,treatment,0.0,0,0.0,0
22552,control,22.96,0,0.0,0
22553,control,0.0,0,0.0,0
22554,control,31.61,0,0.0,0
22555,control,0.0,0,0.0,0
22557,treatment,0.0,0,0.0,0
22558,treatment,0.0,0,0.0,0
22560,treatment,0.0,0,0.0,0
22561,treatment,43.73,0,0.0,0
22562,control,0.0,0,0.0,0
22564,control,124.77,0,0.0,0
22566,control,0.0,0,0.0,0
22567,control,77.66,0,0.0,0
22568,treatment,305.08,1,67.71,0
22569,control,34.33,0,0.0,0
22570,treatment,23.26,0,0.0,0
22571,treatment,0.0,0,0.0,0
22572,control,0.0,0,0.0,0
22573,control,250.71,0,0.0,0
22574,control,19.49,0,0.0,0
22575,control,83.89,0,0.0,0
22576,treatment,18.93,0,0.0,0
22577,control,0.0,0,0.0,0
22578,control,52.86,0,0.0,0
22579,control,0.0,0,0.0,0
22580,treatment,0.0,0,0.0,0
22581,treatment,0.0,0,0.0,0
22582,control,0.0,0,0.0,0
22583,control,0.0,0,0.0,0
22584,control,813.4,1,90.89,0
22585,control,21.67,0,0.0,0
22586,control,180.64,1,63.35,0
22587,treatment,0.0,1,100.98,0
22588,control,0.0,0,0.0,0
22589,control,0.0,0,0.0,0
22590,treatment,0.0,0,0.0,0
22591,treatment,50.66,0,0.0,0
22592,control,0.0,0,0.0,0
22593,control,0.0,0,0.0,0
22594,control,55.47,0,0.0,0
22595,control,44.22,0,0.0,0
22596,treatment,125.51,0,0.0,0
22598,treatment,0.0,0,0.0,0
22599,control,40.86,1,96.22,0
22600,control,0.0,0,0.0,0
22601,treatment,0.0,0,0.0,0
22602,treatment,0.0,0,0.0,0
22603,control,222.62,0,0.0,0
22604,control,0.0,0,0.0,0
22605,treatment,23.32,0,0.0,0
22606,treatment,60.42,0,0.0,0
22607,treatment,0.0,0,0.0,0
22608,treatment,0.0,0,0.0,0
22609,control,0.0,0,0.0,0
22610,treatment,0.0,1,51.34,0
22611,control,0.0,0,0.0,0
22612,treatment,189.54,0,0.0,0
22613,treatment,67.21,0,0.0,0
22614,control,55.3,0,0.0,0
22615,control,68.47,0,0.0,0
22616,treatment,0.0,0,0.0,0
22617,treatment,0.0,0,0.0,0
22618,treatment,85.0,1,65.04,0
22619,treatment,0.0,0,0.0,0
22620,control,37.45,0,0.0,0
22621,control,205.81,0,0.0,0
22622,treatment,0.0,0,0.0,0
22623,control,0.0,0,0.0,0
22624,treatment,44.74,0,0.0,0
22626,control,0.0,0,0.0,0
22627,treatment,18.47,0,0.0,0
22628,control,0.0,1,57.65,0
22629,control,91.71,1,21.59,0
22630,treatment,0.0,0,0.0,0
22631,treatment,0.0,0,0.0,0
22632,control,0.0,0,0.0,0
22633,control,0.0,0,0.0,0
22634,control,92.5,0,0.0,0
22635,treatment,0.0,0,0.0,0
22636,control,0.0,1,44.16,0
22637,treatment,0.0,0,0.0,0
22638,control,0.0,0,0.0,0
22639,control,0.0,0,0.0,0
22640,control,43.37,0,0.0,0
22641,treatment,0.0,0,0.0,0
22642,control,0.0,0,0.0,0
22643,control,41.01,0,0.0,0
22644,control,245.33,1,119.67,0
22645,treatment,164.9,0,0.0,0
22646,treatment,0.0,0,0.0,0
22647,control,150.08,0,0.0,0
22648,control,98.22,0,0.0,0
22649,control,0.0,0,0.0,0
22650,control,0.0,0,0.0,0
22651,control,0.0,0,0.0,0
22652,treatment,256.77,0,0.0,0
22653,treatment,86.25,0,0.0,0
22654,control,36.44,0,0.0,0
22655,treatment,37.4,0,0.0,0
22656,control,175.98,0,0.0,0
22657,treatment,0.0,0,0.0,0
22658,treatment,0.0,0,0.0,0
22659,treatment,0.0,0,0.0,0
22660,control,0.0,0,0.0,0
22661,control,75.69,0,0.0,0
22662,control,0.0,0,0.0,0
22663,treatment,168.25,0,0.0,0
22664,treatment,0.0,0,0.0,0
22665,control,116.56,0,0.0,0
22666,treatment,0.0,0,0.0,0
22667,control,317.91,0,0.0,0
22668,control,0.0,0,0.0,0
22669,control,96.09,0,0.0,0
22670,treatment,0.0,0,0.0,0
22671,treatment,0.0,0,0.0,0
22672,treatment,73.73,0,0.0,0
22673,treatment,0.0,0,0.0,0
22674,treatment,0.0,0,0.0,0
22675,control,56.03,0,0.0,0
22676,control,0.0,0,0.0,0
22677,control,59.32,0,0.0,0
22678,treatment,0.0,0,0.0,0
22679,treatment,0.0,0,0.0,0
22680,control,0.0,0,0.0,0
22681,control,0.0,0,0.0,0
22682,treatment,0.0,0,0.0,0
22683,control,165.4,0,0.0,0
22684,treatment,0.0,0,0.0,0
22685,control,0.0,0,0.0,0
22686,control,0.0,0,0.0,0
22687,control,54.5,0,0.0,0
22688,treatment,116.34,0,0.0,0
22689,control,81.83,0,0.0,0
22690,control,0.0,0,0.0,0
22691,control,0.0,0,0.0,0
22692,control,81.01,0,0.0,0
22693,control,0.0,1,51.01,0
22694,control,117.62,0,0.0,0
22695,treatment,0.0,0,0.0,0
22696,treatment,87.02,1,96.97,0
22697,control,33.25,0,0.0,0
22698,control,0.0,1,66.05,0
22699,control,586.68,1,170.89,0
22700,control,189.0,0,0.0,0
22701,treatment,0.0,0,0.0,0
22702,treatment,47.86,0,0.0,0
22703,treatment,0.0,0,0.0,0
22704,control,33.81,0,0.0,0
22705,control,79.15,0,0.0,0
22706,treatment,0.0,0,0.0,0
22707,control,110.6,1,105.19,0
22708,control,211.77,0,0.0,0
22709,treatment,0.0,0,0.0,0
22710,treatment,0.0,0,0.0,0
22711,treatment,0.0,0,0.0,0
22712,treatment,220.8,0,0.0,0
22713,treatment,0.0,1,39.1,0
22714,treatment,0.0,0,0.0,0
22715,treatment,64.45,0,0.0,0
22716,treatment,0.0,1,42.6,0
22717,treatment,0.0,0,0.0,0
22718,control,131.04,0,0.0,0
22719,control,223.53,1,47.45,0
22720,treatment,392.38,1,46.37,0
22721,treatment,120.92,0,0.0,0
22722,treatment,0.0,0,0.0,0
22723,treatment,359.09,0,0.0,0
22724,control,231.33,1,65.67,0
22725,treatment,0.0,0,0.0,0
22726,treatment,0.0,0,0.0,0
22727,treatment,0.0,0,0.0,0
22728,treatment,0.0,0,0.0,0
22729,treatment,0.0,0,0.0,0
22730,treatment,25.3,0,0.0,0
22731,control,62.46,0,0.0,0
22732,control,0.0,0,0.0,0
22733,control,0.0,0,0.0,0
22734,control,0.0,0,0.0,0
22735,control,0.0,0,0.0,0
22736,treatment,0.0,0,0.0,0
22737,control,25.88,0,0.0,0
22738,control,0.0,0,0.0,0
22739,treatment,34.16,0,0.0,0
22740,control,25.23,0,0.0,0
22741,treatment,18.49,0,0.0,0
22742,control,251.69,0,0.0,0
22743,treatment,33.46,0,0.0,0
22744,treatment,49.93,0,0.0,0
22745,control,65.67,0,0.0,0
22746,control,0.0,0,0.0,0
22747,control,0.0,0,0.0,0
22748,control,0.0,0,0.0,0
22749,control,0.0,0,0.0,0
22750,treatment,36.24,0,0.0,0
22751,control,260.63,0,0.0,0
22752,control,621.87,1,42.04,0
22753,treatment,0.0,1,50.34,0
22754,control,0.0,0,0.0,0
22755,control,0.0,1,84.77,0
22756,control,0.0,0,0.0,0
22757,control,32.06,0,0.0,0
22758,treatment,59.39,0,0.0,0
22759,treatment,0.0,0,0.0,0
22760,control,260.55,1,51.26,0
22761,control,42.84,1,212.34,0
22762,control,0.0,0,0.0,0
22763,treatment,66.03,0,0.0,0
22764,treatment,0.0,0,0.0,0
22765,control,0.0,0,0.0,0
22766,control,0.0,1,88.74,0
22767,control,200.6,0,0.0,0
22768,treatment,0.0,0,0.0,0
22769,treatment,28.6,0,0.0,0
22770,control,131.8,0,0.0,0
22771,control,84.77,0,0.0,0
22772,treatment,110.74,0,0.0,0
22773,control,0.0,0,0.0,0
22774,control,58.14,0,0.0,0
22775,control,206.29,0,0.0,0
22776,control,0.0,0,0.0,0
22777,control,0.0,0,0.0,0
22778,treatment,64.75,0,0.0,0
22779,control,538.83,0,0.0,0
22780,treatment,0.0,0,0.0,0
22781,control,0.0,0,0.0,0
22782,control,0.0,0,0.0,0
22783,control,112.94,0,0.0,0
22784,control,0.0,0,0.0,0
22785,treatment,0.0,0,0.0,0
22786,control,196.16,0,0.0,0
22787,control,30.28,0,0.0,0
22788,control,26.92,0,0.0,0
22789,treatment,66.82,0,0.0,0
22790,control,0.0,0,0.0,0
22791,treatment,0.0,0,0.0,0
22792,control,0.0,0,0.0,0
22793,control,210.52,0,0.0,0
22794,control,0.0,0,0.0,0
22795,control,90.77,0,0.0,0
22796,control,0.0,0,0.0,0
22797,treatment,31.9,0,0.0,0
22798,treatment,103.37,0,0.0,0
22799,control,0.0,0,0.0,0
22800,control,198.88,0,0.0,0
22801,control,43.36,0,0.0,0
22802,treatment,0.0,0,0.0,0
22803,treatment,0.0,0,0.0,0
22804,treatment,41.72,0,0.0,0
22805,control,189.41,1,53.14,0
22806,control,0.0,0,0.0,0
22807,control,77.1,0,0.0,0
22808,control,58.16,0,0.0,0
22809,control,0.0,0,0.0,0
22810,treatment,0.0,1,83.04,0
22811,treatment,59.3,0,0.0,0
22812,control,41.39,0,0.0,0
22813,control,94.53,1,55.1,0
22814,control,0.0,0,0.0,0
22815,treatment,0.0,0,0.0,0
22816,treatment,0.0,0,0.0,0
22817,control,183.36,0,0.0,0
22818,treatment,0.0,0,0.0,0
22819,treatment,0.0,0,0.0,0
22820,treatment,0.0,0,0.0,0
22821,control,0.0,0,0.0,0
22822,treatment,190.15,0,0.0,0
22823,treatment,0.0,0,0.0,0
22824,control,863.47,1,149.64,0
22825,control,200.33,0,0.0,0
22826,treatment,0.0,0,0.0,0
22827,treatment,43.22,0,0.0,0
22828,treatment,0.0,0,0.0,0
22829,treatment,41.92,1,96.68,0
22830,control,124.5,0,0.0,0
22831,control,75.38,0,0.0,0
22832,treatment,0.0,0,0.0,0
22833,treatment,0.0,1,49.88,0
22834,treatment,285.01,0,0.0,0
22835,control,0.0,1,47.14,0
22836,control,66.01,0,0.0,0
22837,control,26.88,0,0.0,0
22838,treatment,0.0,0,0.0,0
22839,treatment,0.0,0,0.0,0
22840,treatment,0.0,0,0.0,0
22841,treatment,0.0,0,0.0,0
22842,treatment,167.29,0,0.0,0
22843,treatment,0.0,0,0.0,0
22844,treatment,23.82,0,0.0,0
22845,treatment,0.0,0,0.0,0
22846,control,176.84,0,0.0,0
22847,control,0.0,0,0.0,0
22848,control,0.0,0,0.0,0
22849,treatment,40.9,0,0.0,0
22850,treatment,54.55,0,0.0,0
22851,control,0.0,0,0.0,0
22852,control,0.0,0,0.0,0
22853,treatment,89.11,1,99.59,0
22854,control,0.0,1,58.79,0
22855,treatment,0.0,0,0.0,0
22856,control,0.0,0,0.0,0
22857,treatment,48.84,0,0.0,0
22858,control,0.0,0,0.0,0
22859,control,30.63,0,0.0,0
22860,treatment,0.0,0,0.0,0
22861,treatment,27.69,0,0.0,0
22862,treatment,42.49,0,0.0,0
22863,control,0.0,0,0.0,0
22864,control,0.0,0,0.0,0
22865,control,93.2,0,0.0,0
22866,control,0.0,0,0.0,0
22867,control,220.41,0,0.0,0
22868,control,37.29,0,0.0,0
22869,treatment,0.0,1,35.99,0
22870,control,0.0,0,0.0,0
22871,control,0.0,0,0.0,0
22872,control,0.0,0,0.0,0
22873,treatment,0.0,0,0.0,0
22874,treatment,0.0,0,0.0,0
22875,control,0.0,0,0.0,0
22876,control,602.06,1,121.9,1
22877,control,77.39,0,0.0,0
22878,control,65.86,0,0.0,0
22879,control,39.74,0,0.0,0
22880,control,531.03,1,340.63,1
22881,treatment,0.0,0,0.0,0
22882,treatment,0.0,0,0.0,0
22883,treatment,200.08,0,0.0,0
22884,treatment,106.99,0,0.0,0
22885,treatment,0.0,1,88.6,0
22886,control,0.0,0,0.0,0
22887,control,66.82,0,0.0,0
22889,control,72.84,0,0.0,0
22890,control,36.46,0,0.0,0
22891,treatment,0.0,0,0.0,0
22892,control,0.0,1,164.68,0
22893,control,0.0,0,0.0,0
22894,treatment,0.0,1,48.0,0
22895,control,22.22,0,0.0,0
22896,control,41.63,1,101.8,0
22897,control,42.21,0,0.0,0
22898,control,0.0,0,0.0,0
22899,treatment,0.0,0,0.0,0
22900,control,0.0,0,0.0,0
22901,control,0.0,0,0.0,0
22902,control,39.82,0,0.0,0
22903,treatment,0.0,0,0.0,0
22904,control,73.88,0,0.0,0
22905,control,71.42,0,0.0,0
22906,treatment,0.0,0,0.0,0
22907,treatment,0.0,0,0.0,0
22909,treatment,0.0,0,0.0,0
22910,treatment,62.92,0,0.0,0
22911,control,0.0,0,0.0,0
22912,control,0.0,0,0.0,0
22913,control,159.17,0,0.0,0
22914,treatment,37.28,0,0.0,0
22915,control,0.0,0,0.0,0
22916,treatment,115.32,0,0.0,0
22917,treatment,363.26,0,0.0,0
22918,control,554.34,0,0.0,0
22919,treatment,0.0,0,0.0,0
22920,control,0.0,0,0.0,0
22921,control,98.67,0,0.0,0
22922,treatment,0.0,0,0.0,0
22923,control,0.0,0,0.0,0
22924,treatment,0.0,0,0.0,0
22925,treatment,0.0,0,0.0,0
22926,control,0.0,0,0.0,0
22927,treatment,0.0,0,0.0,0
22928,treatment,0.0,0,0.0,0
22929,control,34.84,0,0.0,0
22930,control,0.0,0,0.0,0
22931,control,40.54,0,0.0,0
22932,treatment,68.72,0,0.0,0
22933,control,117.89,1,130.1,0
22934,control,0.0,0,0.0,0
22935,control,0.0,0,0.0,0
22936,treatment,0.0,0,0.0,0
22937,control,65.46,0,0.0,0
22938,treatment,46.63,0,0.0,0
22939,control,0.0,0,0.0,0
22940,control,37.56,0,0.0,0
22941,control,0.0,0,0.0,0
22942,treatment,22.31,0,0.0,0
22943,control,0.0,0,0.0,0
22944,control,65.0,0,0.0,0
22945,control,37.59,0,0.0,0
22946,control,51.72,1,24.27,0
22947,control,0.0,0,0.0,0
22948,treatment,0.0,0,0.0,0
22949,treatment,0.0,0,0.0,0
22950,control,44.1,0,0.0,0
22951,control,0.0,0,0.0,0
22952,treatment,0.0,0,0.0,0
22953,treatment,67.12,0,0.0,0
22954,control,0.0,0,0.0,0
22955,control,0.0,0,0.0,0
22956,treatment,0.0,0,0.0,0
22957,control,0.0,0,0.0,0
22958,treatment,0.0,0,0.0,0
22959,treatment,113.36,0,0.0,0
22960,treatment,0.0,0,0.0,0
22961,treatment,0.0,0,0.0,0
22962,control,58.11,0,0.0,0
22963,treatment,0.0,0,0.0,0
22964,control,0.0,0,0.0,0
22965,treatment,32.24,0,0.0,0
22967,treatment,0.0,0,0.0,0
22968,treatment,0.0,0,0.0,0
22969,control,179.06,0,0.0,0
22970,treatment,0.0,0,0.0,0
22971,treatment,83.35,0,0.0,0
22972,control,0.0,0,0.0,0
22973,control,0.0,0,0.0,0
22974,control,0.0,0,0.0,0
22975,control,29.12,0,0.0,0
22976,control,80.45,0,0.0,0
22977,control,81.37,0,0.0,0
22978,control,93.68,0,0.0,0
22979,control,0.0,0,0.0,0
22980,control,262.52,0,0.0,0
22981,treatment,42.26,1,42.29,0
22982,treatment,140.97,1,52.22,0
22983,control,0.0,1,42.4,0
22984,treatment,105.24,0,0.0,0
22985,treatment,0.0,0,0.0,0
22986,treatment,0.0,0,0.0,0
22987,treatment,0.0,0,0.0,0
22988,treatment,0.0,0,0.0,0
22989,treatment,45.32,0,0.0,0
22990,treatment,0.0,0,0.0,0
22991,control,86.87,0,0.0,0
22992,control,33.68,0,0.0,0
22993,treatment,0.0,0,0.0,0
22994,treatment,0.0,0,0.0,0
22995,control,187.67,0,0.0,0
22996,treatment,0.0,0,0.0,0
22997,control,0.0,0,0.0,0
22998,treatment,0.0,0,0.0,0
22999,control,31.5,0,0.0,0
23000,treatment,62.12,0,0.0,0
23001,control,41.03,0,0.0,0
23002,treatment,0.0,1,30.55,0
23003,control,66.64,0,0.0,0
23004,treatment,0.0,0,0.0,0
23005,control,0.0,0,0.0,0
23006,treatment,287.85,0,0.0,0
23007,treatment,0.0,0,0.0,0
23008,treatment,186.15,0,0.0,0
23009,control,161.77,0,0.0,0
23010,control,0.0,0,0.0,0
23011,treatment,0.0,0,0.0,0
23012,treatment,0.0,0,0.0,0
23013,treatment,0.0,0,0.0,0
23014,control,140.73,0,0.0,0
23015,treatment,0.0,1,84.61,0
23016,treatment,0.0,0,0.0,0
23017,control,0.0,0,0.0,0
23018,treatment,52.58,0,0.0,0
23019,control,525.46,0,0.0,0
23020,control,57.99,0,0.0,0
23021,control,0.0,0,0.0,0
23022,treatment,0.0,0,0.0,0
23024,control,56.96,0,0.0,0
23025,treatment,109.64,0,0.0,0
23026,treatment,35.19,0,0.0,0
23027,treatment,0.0,0,0.0,0
23028,treatment,0.0,0,0.0,0
23029,treatment,62.71,0,0.0,0
23030,treatment,0.0,0,0.0,0
23031,control,0.0,0,0.0,0
23032,treatment,0.0,0,0.0,0
23033,control,55.64,0,0.0,0
23034,treatment,49.75,0,0.0,0
23035,control,358.28,0,0.0,0
23036,treatment,0.0,0,0.0,0
23037,control,0.0,0,0.0,0
23039,treatment,100.16,1,47.35,0
23040,control,0.0,0,0.0,0
23041,treatment,112.78,0,0.0,0
23042,control,115.42,0,0.0,0
23043,treatment,81.59,1,48.17,0
23044,control,0.0,0,0.0,0
23045,control,34.51,0,0.0,0
23046,control,0.0,0,0.0,0
23047,control,223.23,0,0.0,0
23048,treatment,88.82,0,0.0,0
23049,treatment,98.55,0,0.0,0
23050,control,0.0,0,0.0,0
23051,treatment,66.3,0,0.0,0
23052,treatment,0.0,0,0.0,0
23053,control,506.75,1,52.81,0
23054,treatment,193.88,1,39.81,0
23055,control,0.0,0,0.0,0
23056,treatment,33.21,0,0.0,0
23057,control,0.0,0,0.0,0
23058,control,0.0,0,0.0,0
23059,treatment,0.0,0,0.0,0
23060,control,106.97,0,0.0,0
23061,control,78.53,0,0.0,0
23062,control,0.0,1,27.09,0
23063,control,30.84,0,0.0,0
23064,treatment,276.94,0,0.0,0
23065,treatment,0.0,1,90.0,0
23066,treatment,0.0,0,0.0,0
23067,control,0.0,0,0.0,0
23068,treatment,0.0,0,0.0,0
23070,control,78.57,0,0.0,0
23071,treatment,302.47,1,62.71,0
23072,control,92.94,1,69.32,0
23073,treatment,111.45,0,0.0,0
23074,control,0.0,0,0.0,0
23075,treatment,0.0,0,0.0,0
23076,control,90.07,0,0.0,0
23077,treatment,28.94,0,0.0,0
23078,treatment,0.0,0,0.0,0
23079,control,24.16,0,0.0,0
23080,treatment,390.94,0,0.0,0
23081,treatment,0.0,0,0.0,0
23082,treatment,78.53,1,45.02,0
23083,control,28.36,0,0.0,0
23084,control,0.0,0,0.0,0
23085,control,33.88,0,0.0,0
23086,control,0.0,0,0.0,0
23087,treatment,139.76,0,0.0,0
23088,control,132.81,0,0.0,0
23089,control,78.83,0,0.0,0
23090,control,0.0,1,38.2,0
23091,treatment,0.0,0,0.0,0
23092,control,45.18,0,0.0,0
23093,treatment,0.0,0,0.0,0
23094,treatment,0.0,0,0.0,0
23095,treatment,0.0,0,0.0,0
23096,treatment,35.11,0,0.0,0
23098,control,68.21,1,40.52,0
23099,treatment,0.0,0,0.0,0
23100,control,91.76,0,0.0,0
23101,treatment,56.21,0,0.0,0
23102,treatment,45.01,0,0.0,0
23103,control,131.24,0,0.0,0
23104,treatment,345.42,1,35.75,0
23105,control,0.0,0,0.0,0
23106,treatment,0.0,0,0.0,0
23107,treatment,35.13,0,0.0,0
23108,treatment,0.0,0,0.0,0
23109,control,544.37,1,94.1,0
23110,treatment,0.0,0,0.0,0
23111,treatment,0.0,0,0.0,0
23112,treatment,119.9,1,311.69,0
23113,treatment,0.0,0,0.0,0
23115,treatment,0.0,0,0.0,0
23116,control,68.06,0,0.0,0
23117,control,132.3,0,0.0,0
23118,treatment,0.0,0,0.0,0
23119,treatment,57.02,0,0.0,0
23120,control,42.75,0,0.0,0
23121,control,0.0,0,0.0,0
23122,treatment,0.0,0,0.0,0
23123,treatment,0.0,0,0.0,0
23124,control,46.91,1,39.77,0
23125,control,61.67,0,0.0,0
23126,control,77.82,0,0.0,0
23127,control,281.54,0,0.0,0
23128,control,0.0,0,0.0,0
23129,treatment,0.0,0,0.0,0
23130,treatment,0.0,0,0.0,0
23131,treatment,0.0,0,0.0,0
23132,control,181.31,0,0.0,0
23133,treatment,0.0,0,0.0,0
23134,treatment,48.04,0,0.0,0
23135,control,58.57,0,0.0,0
23136,treatment,61.19,0,0.0,0
23137,treatment,0.0,0,0.0,0
23138,control,0.0,0,0.0,0
23139,treatment,0.0,0,0.0,0
23140,treatment,110.94,0,0.0,0
23141,control,0.0,0,0.0,0
23142,control,0.0,0,0.0,0
23143,control,106.92,0,0.0,0
23144,treatment,54.08,1,102.69,0
23145,control,0.0,0,0.0,0
23146,control,40.48,0,0.0,0
23147,control,0.0,0,0.0,0
23148,control,0.0,0,0.0,0
23149,control,39.83,0,0.0,0
23151,control,0.0,1,123.12,0
23152,treatment,0.0,1,43.2,0
23153,control,0.0,1,46.82,0
23154,treatment,33.61,0,0.0,0
23155,control,67.04,0,0.0,0
23156,control,0.0,0,0.0,0
23157,treatment,0.0,0,0.0,0
23158,treatment,0.0,0,0.0,0
23159,control,84.49,0,0.0,0
23160,control,117.89,0,0.0,0
23161,treatment,301.25,1,96.49,0
23162,control,63.53,0,0.0,0
23163,treatment,40.71,0,0.0,0
23164,control,118.43,0,0.0,0
23165,control,0.0,0,0.0,0
23166,treatment,280.09,0,0.0,0
23167,treatment,0.0,0,0.0,0
23168,control,0.0,0,0.0,0
23169,treatment,0.0,0,0.0,0
23170,treatment,53.04,0,0.0,0
23171,control,118.89,0,0.0,0
23172,treatment,39.45,0,0.0,0
23173,treatment,328.11,0,0.0,0
23174,treatment,0.0,0,0.0,0
23175,control,38.27,0,0.0,0
23176,control,39.63,0,0.0,0
23177,treatment,0.0,0,0.0,0
23178,treatment,0.0,0,0.0,0
23179,control,37.65,0,0.0,0
23180,control,0.0,0,0.0,0
23181,treatment,37.87,0,0.0,0
23182,treatment,35.2,0,0.0,0
23183,treatment,36.57,0,0.0,0
23184,treatment,0.0,0,0.0,0
23185,control,0.0,0,0.0,0
23186,treatment,0.0,0,0.0,0
23187,treatment,66.97,0,0.0,0
23188,treatment,70.42,0,0.0,0
23189,control,0.0,0,0.0,0
23190,control,50.27,0,0.0,0
23191,control,0.0,0,0.0,0
23192,treatment,0.0,0,0.0,0
23193,treatment,51.19,0,0.0,0
23194,control,35.23,0,0.0,0
23195,treatment,39.29,0,0.0,0
23196,treatment,0.0,0,0.0,0
23197,treatment,48.08,0,0.0,0
23198,control,28.93,0,0.0,0
23199,control,0.0,0,0.0,0
23200,control,0.0,0,0.0,0
23201,treatment,601.12,0,0.0,0
23202,treatment,0.0,1,65.16,0
23203,treatment,192.02,1,57.62,0
23204,control,0.0,0,0.0,0
23205,treatment,166.0,1,21.28,0
23206,treatment,0.0,0,0.0,0
23208,control,55.87,0,0.0,0
23209,treatment,19.25,0,0.0,0
23210,control,0.0,0,0.0,0
23211,treatment,0.0,0,0.0,0
23212,treatment,0.0,0,0.0,0
23213,control,0.0,0,0.0,0
23214,treatment,373.09,0,0.0,0
23215,control,0.0,1,109.68,0
23216,treatment,125.56,0,0.0,0
23217,treatment,0.0,0,0.0,0
23218,control,33.8,0,0.0,0
23219,control,96.73,0,0.0,0
23220,control,0.0,0,0.0,0
23221,treatment,0.0,0,0.0,0
23222,control,64.89,0,0.0,0
23223,treatment,0.0,0,0.0,0
23224,treatment,130.56,0,0.0,0
23225,treatment,112.1,1,35.81,0
23226,control,46.68,0,0.0,0
23227,treatment,0.0,0,0.0,0
23228,treatment,510.67,0,0.0,0
23229,treatment,0.0,0,0.0,0
23230,treatment,0.0,0,0.0,0
23231,control,157.15,0,0.0,0
23232,control,86.76,0,0.0,0
23233,control,155.49,0,0.0,0
23234,treatment,0.0,0,0.0,0
23235,control,61.65,1,38.97,0
23236,treatment,0.0,0,0.0,0
23237,treatment,80.02,1,84.02,0
23238,control,0.0,0,0.0,0
23239,control,358.38,0,0.0,0
23240,treatment,0.0,0,0.0,0
23241,treatment,22.92,0,0.0,0
23242,control,234.84,0,0.0,0
23243,control,108.68,1,28.61,0
23244,treatment,198.01,0,0.0,0
23245,treatment,0.0,0,0.0,0
23246,control,63.57,0,0.0,0
23247,treatment,51.76,0,0.0,0
23248,control,52.15,0,0.0,0
23249,treatment,144.13,0,0.0,0
23250,control,0.0,0,0.0,0
23252,control,0.0,0,0.0,0
23253,control,0.0,0,0.0,0
23254,treatment,0.0,0,0.0,0
23255,control,125.31,0,0.0,0
23256,treatment,46.95,0,0.0,0
23257,treatment,217.34,0,0.0,0
23258,control,0.0,0,0.0,0
23259,control,179.13,0,0.0,0
23260,control,0.0,0,0.0,0
23261,treatment,42.16,0,0.0,0
23262,treatment,46.91,0,0.0,0
23263,control,53.0,0,0.0,0
23264,control,0.0,0,0.0,0
23266,control,0.0,0,0.0,0
23267,treatment,384.72,0,0.0,0
23268,control,0.0,0,0.0,0
23269,control,0.0,0,0.0,0
23270,control,0.0,0,0.0,0
23271,treatment,0.0,0,0.0,0
23272,treatment,0.0,0,0.0,0
23273,control,0.0,0,0.0,0
23274,treatment,0.0,0,0.0,0
23275,treatment,0.0,0,0.0,0
23276,control,0.0,0,0.0,0
23277,control,0.0,0,0.0,0
23278,control,70.29,0,0.0,0
23279,treatment,598.54,1,90.85,0
23280,treatment,0.0,0,0.0,0
23281,treatment,74.41,0,0.0,0
23282,treatment,54.77,0,0.0,0
23283,treatment,51.96,0,0.0,0
23284,control,0.0,0,0.0,0
23285,control,0.0,0,0.0,0
23286,control,0.0,0,0.0,0
23287,treatment,0.0,0,0.0,0
23288,treatment,0.0,0,0.0,0
23289,control,87.59,0,0.0,0
23290,treatment,0.0,1,42.45,0
23291,treatment,172.68,1,32.47,0
23292,control,0.0,0,0.0,0
23293,treatment,0.0,1,23.87,0
23294,treatment,0.0,0,0.0,0
23295,treatment,168.72,0,0.0,0
23296,control,151.6,0,0.0,0
23297,treatment,0.0,0,0.0,0
23299,control,94.12,0,0.0,0
23300,control,59.07,1,52.72,0
23301,control,0.0,0,0.0,0
23303,treatment,0.0,0,0.0,0
23304,control,0.0,0,0.0,0
23306,treatment,0.0,0,0.0,0
23307,treatment,0.0,0,0.0,0
23308,control,65.3,0,0.0,0
23309,control,0.0,0,0.0,0
23310,treatment,0.0,0,0.0,0
23311,control,101.45,0,0.0,0
23312,treatment,0.0,0,0.0,0
23313,control,239.37,0,0.0,0
23314,treatment,396.05,1,50.43,0
23315,treatment,0.0,0,0.0,0
23316,treatment,48.79,0,0.0,0
23317,treatment,0.0,0,0.0,0
23318,treatment,113.6,0,0.0,0
23319,control,70.78,1,36.91,0
23320,control,24.94,0,0.0,0
23321,control,171.65,0,0.0,0
23322,control,54.06,0,0.0,0
23323,treatment,158.77,0,0.0,0
23324,treatment,0.0,0,0.0,0
23325,control,0.0,0,0.0,0
23326,control,13.44,0,0.0,0
23327,treatment,0.0,0,0.0,0
23328,treatment,0.0,0,0.0,0
23329,control,0.0,0,0.0,0
23330,control,130.59,1,133.1,0
23331,control,0.0,0,0.0,0
23332,treatment,80.25,0,0.0,0
23333,treatment,0.0,0,0.0,0
23334,treatment,107.06,0,0.0,0
23335,treatment,176.33,0,0.0,0
23336,treatment,192.54,1,86.91,0
23337,control,129.51,0,0.0,0
23338,control,0.0,0,0.0,0
23339,control,0.0,0,0.0,0
23340,control,0.0,0,0.0,0
23341,control,470.83,0,0.0,0
23342,control,33.42,0,0.0,0
23343,control,54.12,0,0.0,0
23344,treatment,0.0,0,0.0,0
23345,control,29.93,0,0.0,0
23346,control,57.77,1,32.44,0
23347,treatment,0.0,0,0.0,0
23348,control,0.0,1,123.8,0
23349,treatment,51.4,0,0.0,0
23350,treatment,0.0,0,0.0,0
23352,treatment,0.0,0,0.0,0
23353,control,251.42,0,0.0,0
23354,control,60.89,1,21.39,0
23355,control,0.0,0,0.0,0
23356,control,81.8,0,0.0,0
23357,treatment,32.53,0,0.0,0
23358,treatment,0.0,0,0.0,0
23359,control,0.0,0,0.0,0
23360,control,0.0,0,0.0,0
23361,control,0.0,0,0.0,0
23362,treatment,0.0,0,0.0,0
23363,treatment,0.0,1,31.35,0
23364,control,0.0,0,0.0,0
23365,treatment,72.58,1,30.85,0
23366,treatment,221.93,0,0.0,0
23367,treatment,0.0,0,0.0,0
23368,treatment,116.9,0,0.0,0
23369,treatment,0.0,0,0.0,0
23370,control,114.43,0,0.0,0
23371,treatment,364.21,0,0.0,0
23372,treatment,120.77,0,0.0,0
23373,control,0.0,0,0.0,0
23374,treatment,0.0,0,0.0,0
23375,control,62.8,0,0.0,0
23376,control,402.05,0,0.0,0
23377,control,154.62,0,0.0,0
23378,treatment,529.0,0,0.0,0
23379,treatment,62.58,0,0.0,0
23380,control,45.64,0,0.0,0
23381,control,0.0,0,0.0,0
23382,treatment,167.01,0,0.0,0
23383,treatment,455.07,0,0.0,0
23384,control,0.0,0,0.0,0
23385,control,42.51,0,0.0,0
23386,treatment,136.53,0,0.0,0
23387,treatment,0.0,0,0.0,0
23388,control,66.81,0,0.0,0
23389,control,0.0,0,0.0,0
23390,control,0.0,0,0.0,0
23391,control,66.11,0,0.0,0
23392,treatment,60.19,0,0.0,0
23393,treatment,0.0,0,0.0,0
23394,treatment,40.51,1,57.61,0
23395,control,0.0,0,0.0,0
23396,control,0.0,1,45.64,0
23397,treatment,0.0,0,0.0,0
23398,control,0.0,0,0.0,0
23399,control,18.37,0,0.0,0
23400,treatment,0.0,0,0.0,0
23401,control,0.0,0,0.0,0
23402,control,209.86,0,0.0,0
23403,treatment,0.0,1,50.53,0
23404,control,51.85,0,0.0,0
23405,treatment,0.0,0,0.0,0
23406,control,0.0,0,0.0,0
23407,treatment,0.0,0,0.0,0
23408,control,98.25,0,0.0,0
23409,control,0.0,0,0.0,0
23410,control,235.54,1,54.69,0
23411,treatment,53.43,0,0.0,0
23412,treatment,40.96,0,0.0,0
23413,treatment,0.0,0,0.0,0
23414,control,79.34,0,0.0,0
23415,control,107.7,0,0.0,0
23416,treatment,59.84,0,0.0,0
23417,treatment,26.87,0,0.0,0
23418,control,51.82,1,23.02,0
23419,treatment,0.0,0,0.0,0
23420,treatment,0.0,0,0.0,0
23421,control,190.52,0,0.0,0
23422,control,37.32,0,0.0,0
23423,treatment,26.06,0,0.0,0
23424,control,115.5,0,0.0,0
23425,control,61.38,0,0.0,0
23426,treatment,0.0,0,0.0,0
23427,treatment,0.0,1,26.46,0
23428,treatment,54.15,0,0.0,0
23429,control,0.0,0,0.0,0
23430,treatment,32.48,0,0.0,0
23431,treatment,0.0,0,0.0,0
23432,control,53.76,0,0.0,0
23433,treatment,0.0,0,0.0,0
23434,treatment,260.13,0,0.0,0
23435,treatment,77.75,0,0.0,0
23436,control,0.0,0,0.0,0
23437,control,0.0,0,0.0,0
23438,control,0.0,0,0.0,0
23439,control,31.34,0,0.0,0
23440,control,42.15,0,0.0,0
23441,control,0.0,0,0.0,0
23442,treatment,0.0,0,0.0,0
23443,control,0.0,0,0.0,0
23444,treatment,0.0,0,0.0,0
23445,control,24.02,0,0.0,0
23446,treatment,42.31,0,0.0,0
23447,treatment,61.35,0,0.0,0
23448,control,0.0,0,0.0,0
23449,treatment,43.19,0,0.0,0
23450,control,0.0,0,0.0,0
23451,control,0.0,0,0.0,0
23452,control,145.96,0,0.0,0
23453,treatment,0.0,0,0.0,0
23454,control,82.97,0,0.0,0
23455,control,44.02,0,0.0,0
23456,control,0.0,0,0.0,0
23457,treatment,0.0,0,0.0,0
23458,treatment,0.0,0,0.0,0
23459,control,153.79,1,87.6,0
23461,control,2216.5,1,177.76,0
23462,control,336.83,1,89.31,0
23463,control,67.07,0,0.0,0
23464,control,0.0,0,0.0,0
23465,control,0.0,0,0.0,0
23466,treatment,0.0,0,0.0,0
23467,control,112.13,0,0.0,0
23469,control,187.4,0,0.0,0
23470,treatment,71.73,0,0.0,0
23471,treatment,0.0,0,0.0,0
23472,control,0.0,0,0.0,0
23473,treatment,0.0,0,0.0,0
23474,control,0.0,0,0.0,0
23475,control,0.0,0,0.0,0
23476,treatment,0.0,0,0.0,0
23477,treatment,0.0,0,0.0,0
23478,treatment,51.8,0,0.0,0
23479,control,0.0,0,0.0,0
23480,control,82.48,0,0.0,0
23481,control,31.18,0,0.0,0
23482,control,27.66,0,0.0,0
23483,control,0.0,1,15.43,0
23484,treatment,45.09,0,0.0,0
23485,treatment,56.45,0,0.0,0
23486,control,31.41,0,0.0,0
23487,control,54.83,1,69.2,0
23488,treatment,0.0,0,0.0,0
23489,treatment,273.9,1,120.35,0
23490,control,0.0,0,0.0,0
23491,control,0.0,0,0.0,0
23492,control,0.0,0,0.0,0
23493,treatment,130.12,0,0.0,0
23494,control,27.66,1,29.16,0
23495,control,0.0,0,0.0,0
23496,treatment,162.99,0,0.0,0
23497,treatment,0.0,0,0.0,0
23498,control,242.99,0,0.0,0
23499,control,0.0,0,0.0,0
23500,control,0.0,0,0.0,0
23501,treatment,0.0,0,0.0,0
23502,treatment,64.14,0,0.0,0
23503,control,131.49,1,33.48,0
23504,control,71.35,0,0.0,0
23505,treatment,126.41,0,0.0,0
23506,control,95.13,0,0.0,0
23507,control,27.05,0,0.0,0
23508,treatment,107.23,0,0.0,0
23509,treatment,67.82,0,0.0,0
23510,treatment,0.0,1,96.52,0
23511,control,52.61,0,0.0,0
23512,control,0.0,0,0.0,0
23513,control,0.0,0,0.0,0
23514,control,0.0,0,0.0,0
23515,treatment,61.44,0,0.0,0
23516,control,0.0,0,0.0,0
23517,treatment,0.0,0,0.0,0
23518,treatment,0.0,0,0.0,0
23519,treatment,39.1,0,0.0,0
23520,treatment,43.54,0,0.0,0
23521,treatment,478.67,0,0.0,0
23522,treatment,131.35,0,0.0,0
23524,treatment,0.0,0,0.0,0
23525,control,164.17,0,0.0,0
23526,control,50.59,1,24.69,0
23527,control,0.0,0,0.0,0
23528,treatment,0.0,0,0.0,0
23529,control,0.0,1,82.68,0
23530,treatment,0.0,0,0.0,0
23531,control,0.0,0,0.0,0
23532,control,215.09,0,0.0,0
23533,treatment,64.84,0,0.0,0
23534,treatment,84.42,0,0.0,0
23536,control,99.12,1,110.26,0
23537,control,0.0,0,0.0,0
23538,treatment,0.0,0,0.0,0
23539,treatment,0.0,0,0.0,0
23540,treatment,0.0,0,0.0,0
23541,control,0.0,0,0.0,0
23542,treatment,0.0,0,0.0,0
23543,treatment,48.01,0,0.0,0
23544,treatment,0.0,0,0.0,0
23545,treatment,0.0,0,0.0,0
23546,control,0.0,0,0.0,0
23547,treatment,0.0,0,0.0,0
23548,treatment,191.7,1,61.04,0
23549,treatment,37.89,0,0.0,0
23550,treatment,0.0,0,0.0,0
23551,control,79.54,1,91.67,0
23552,treatment,65.97,0,0.0,0
23553,control,0.0,0,0.0,0
23554,control,0.0,0,0.0,0
23555,control,0.0,1,55.62,0
23556,control,0.0,0,0.0,0
23557,treatment,0.0,1,34.23,0
23558,control,0.0,0,0.0,0
23559,treatment,0.0,0,0.0,0
23560,control,0.0,0,0.0,0
23561,treatment,0.0,0,0.0,0
23562,treatment,0.0,0,0.0,0
23563,treatment,37.22,0,0.0,0
23564,control,0.0,0,0.0,0
23565,treatment,0.0,0,0.0,0
23566,treatment,74.02,0,0.0,0
23567,treatment,0.0,0,0.0,0
23568,treatment,0.0,0,0.0,0
23569,control,112.12,0,0.0,0
23570,treatment,0.0,0,0.0,0
23571,treatment,42.71,0,0.0,0
23572,control,50.53,0,0.0,0
23573,control,0.0,0,0.0,0
23574,control,0.0,0,0.0,0
23575,treatment,34.85,0,0.0,0
23576,control,0.0,0,0.0,0
23577,control,0.0,0,0.0,0
23579,treatment,0.0,0,0.0,0
23580,treatment,120.2,0,0.0,0
23581,treatment,0.0,0,0.0,0
23582,treatment,782.86,0,0.0,0
23583,control,67.01,0,0.0,0
23584,treatment,0.0,0,0.0,0
23585,treatment,0.0,0,0.0,0
23586,control,92.14,0,0.0,0
23587,control,51.36,0,0.0,0
23588,treatment,0.0,0,0.0,0
23589,treatment,61.75,0,0.0,0
23590,treatment,37.89,0,0.0,0
23591,control,95.15,0,0.0,0
23592,treatment,0.0,0,0.0,0
23593,control,31.45,0,0.0,0
23594,treatment,0.0,0,0.0,0
23595,treatment,63.72,0,0.0,0
23596,treatment,0.0,0,0.0,0
23597,control,52.45,0,0.0,0
23598,control,27.03,1,23.11,0
23599,control,36.68,0,0.0,0
23601,control,0.0,0,0.0,0
23602,treatment,0.0,0,0.0,0
23603,control,0.0,0,0.0,0
23604,treatment,34.49,1,36.96,0
23605,control,0.0,0,0.0,0
23606,control,474.96,0,0.0,0
23607,treatment,0.0,0,0.0,0
23608,treatment,38.44,0,0.0,0
23609,treatment,82.09,0,0.0,0
23610,treatment,213.78,0,0.0,0
23611,control,0.0,0,0.0,0
23612,treatment,0.0,0,0.0,0
23613,treatment,0.0,0,0.0,0
23614,control,202.17,0,0.0,0
23615,control,249.72,1,44.31,0
23616,control,0.0,0,0.0,0
23617,control,0.0,0,0.0,0
23618,control,34.11,0,0.0,0
23619,control,0.0,0,0.0,0
23620,treatment,89.49,0,0.0,0
23621,treatment,95.69,0,0.0,0
23622,treatment,0.0,1,32.44,0
23623,treatment,0.0,0,0.0,0
23624,treatment,0.0,0,0.0,0
23625,control,143.22,0,0.0,0
23626,treatment,37.93,0,0.0,0
23628,control,0.0,0,0.0,0
23629,treatment,0.0,0,0.0,0
23630,control,0.0,0,0.0,0
23631,treatment,73.54,0,0.0,0
23632,treatment,119.26,0,0.0,0
23633,treatment,92.8,0,0.0,0
23634,treatment,21.93,0,0.0,0
23635,control,194.78,0,0.0,0
23636,control,52.21,0,0.0,0
23637,treatment,30.62,1,23.21,0
23638,control,0.0,0,0.0,0
23639,control,357.34,0,0.0,0
23640,control,0.0,0,0.0,0
23641,control,0.0,0,0.0,0
23642,treatment,117.06,1,35.6,0
23643,control,0.0,0,0.0,0
23644,control,624.61,1,228.67,0
23645,treatment,187.09,0,0.0,0
23646,control,0.0,1,40.5,0
23647,treatment,47.43,0,0.0,0
23648,treatment,0.0,0,0.0,0
23649,control,76.41,0,0.0,0
23650,treatment,0.0,0,0.0,0
23651,control,0.0,0,0.0,0
23652,treatment,0.0,0,0.0,0
23653,treatment,0.0,0,0.0,0
23654,treatment,0.0,1,75.63,0
23655,treatment,56.24,0,0.0,0
23656,treatment,33.54,1,103.67,0
23658,treatment,67.01,1,45.14,0
23659,control,0.0,0,0.0,0
23660,treatment,196.43,1,125.84,0
23661,treatment,68.48,0,0.0,0
23662,treatment,33.66,0,0.0,0
23663,control,0.0,1,31.11,0
23664,control,0.0,0,0.0,0
23665,control,356.67,0,0.0,0
23666,control,61.26,0,0.0,0
23667,treatment,70.89,1,50.75,0
23668,treatment,53.61,0,0.0,0
23669,control,0.0,0,0.0,0
23670,treatment,0.0,1,109.58,0
23671,control,32.32,0,0.0,0
23672,treatment,0.0,0,0.0,0
23673,treatment,272.83,0,0.0,0
23674,control,99.3,0,0.0,0
23676,control,131.38,0,0.0,0
23677,control,35.43,0,0.0,0
23678,control,0.0,0,0.0,0
23679,control,43.18,0,0.0,0
23680,treatment,0.0,0,0.0,0
23681,control,0.0,0,0.0,0
23682,treatment,0.0,0,0.0,0
23683,treatment,0.0,0,0.0,0
23684,treatment,109.06,0,0.0,0
23686,treatment,25.08,0,0.0,0
23687,treatment,0.0,1,33.71,0
23688,treatment,0.0,0,0.0,0
23689,control,0.0,0,0.0,0
23690,treatment,0.0,0,0.0,0
23691,treatment,69.82,0,0.0,0
23692,control,85.33,0,0.0,0
23693,treatment,131.02,1,110.0,0
23694,treatment,0.0,0,0.0,0
23695,treatment,0.0,1,125.86,0
23696,treatment,138.91,0,0.0,0
23697,control,0.0,1,120.18,0
23698,control,0.0,0,0.0,0
23699,control,84.5,0,0.0,0
23700,treatment,0.0,0,0.0,0
23701,control,0.0,0,0.0,0
23702,treatment,72.75,0,0.0,0
23703,control,0.0,0,0.0,0
23704,control,0.0,0,0.0,0
23705,treatment,107.0,0,0.0,0
23706,treatment,282.27,0,0.0,0
23707,control,0.0,0,0.0,0
23708,treatment,107.36,0,0.0,0
23709,treatment,190.64,1,46.85,0
23710,treatment,0.0,0,0.0,0
23711,treatment,0.0,0,0.0,0
23712,control,0.0,0,0.0,0
23713,control,0.0,0,0.0,0
23714,control,0.0,0,0.0,0
23715,control,33.5,0,0.0,0
23717,control,163.79,1,85.88,0
23718,control,0.0,0,0.0,0
23719,control,434.68,0,0.0,0
23720,treatment,212.82,1,50.43,0
23722,treatment,202.19,0,0.0,0
23723,treatment,0.0,0,0.0,0
23724,control,58.11,0,0.0,0
23725,control,0.0,0,0.0,0
23726,treatment,0.0,0,0.0,0
23727,control,20.22,0,0.0,0
23728,treatment,0.0,0,0.0,0
23729,control,0.0,0,0.0,0
23730,treatment,0.0,0,0.0,0
23731,treatment,35.41,0,0.0,0
23732,treatment,0.0,1,33.73,0
23734,treatment,0.0,0,0.0,0
23735,treatment,0.0,0,0.0,0
23736,control,444.24,1,66.95,0
23737,control,127.13,0,0.0,0
23738,treatment,0.0,0,0.0,0
23739,control,561.13,0,0.0,0
23740,control,135.42,0,0.0,0
23741,treatment,307.32,1,86.15,0
23742,control,0.0,0,0.0,0
23743,control,0.0,0,0.0,0
23744,treatment,0.0,0,0.0,0
23745,treatment,0.0,0,0.0,0
23746,control,91.94,0,0.0,0
23747,treatment,26.66,0,0.0,0
23748,treatment,45.33,0,0.0,0
23749,treatment,0.0,0,0.0,0
23750,control,0.0,0,0.0,0
23751,treatment,131.99,0,0.0,0
23752,control,189.15,0,0.0,0
23753,treatment,0.0,0,0.0,0
23754,control,27.68,0,0.0,0
23755,treatment,0.0,0,0.0,0
23756,treatment,239.0,0,0.0,0
23757,treatment,374.84,0,0.0,0
23758,control,0.0,0,0.0,0
23759,treatment,86.95,0,0.0,0
23760,treatment,0.0,0,0.0,0
23761,treatment,0.0,0,0.0,0
23762,control,0.0,0,0.0,0
23763,treatment,43.69,0,0.0,0
23764,treatment,0.0,0,0.0,0
23765,control,0.0,0,0.0,0
23766,treatment,149.06,0,0.0,0
23767,treatment,0.0,0,0.0,0
23768,control,0.0,0,0.0,0
23769,treatment,119.2,0,0.0,0
23770,control,31.28,0,0.0,0
23772,control,0.0,0,0.0,0
23773,treatment,96.01,0,0.0,0
23774,treatment,0.0,1,51.13,0
23775,control,140.8,0,0.0,0
23776,treatment,0.0,0,0.0,0
23777,treatment,0.0,0,0.0,0
23779,control,0.0,0,0.0,0
23780,treatment,74.54,0,0.0,0
23781,treatment,49.59,0,0.0,0
23782,treatment,52.13,1,121.42,0
23783,control,166.15,0,0.0,0
23784,treatment,0.0,0,0.0,0
23785,control,0.0,0,0.0,0
23786,treatment,43.26,0,0.0,0
23787,control,0.0,0,0.0,0
23788,control,0.0,0,0.0,0
23789,control,38.33,0,0.0,0
23790,control,258.82,1,103.47,0
23791,control,0.0,0,0.0,0
23792,treatment,0.0,0,0.0,0
23793,control,98.54,0,0.0,0
23794,control,255.66,0,0.0,0
23795,control,0.0,0,0.0,0
23796,treatment,55.41,0,0.0,0
23797,control,0.0,0,0.0,0
23798,control,0.0,0,0.0,0
23799,treatment,718.13,1,253.93,0
23800,treatment,63.61,0,0.0,0
23801,treatment,111.72,0,0.0,0
23802,control,0.0,0,0.0,0
23803,control,84.37,1,229.65,0
23804,treatment,436.32,0,0.0,0
23805,treatment,177.7,0,0.0,0
23806,treatment,0.0,0,0.0,0
23807,treatment,0.0,0,0.0,0
23808,control,0.0,0,0.0,0
23809,control,0.0,0,0.0,0
23810,control,0.0,0,0.0,0
23811,treatment,199.32,0,0.0,0
23812,control,0.0,0,0.0,0
23813,control,62.27,0,0.0,0
23814,treatment,0.0,0,0.0,0
23815,control,0.0,0,0.0,0
23816,treatment,388.69,0,0.0,0
23817,treatment,0.0,0,0.0,0
23818,treatment,127.95,1,125.14,0
23819,control,0.0,0,0.0,0
23820,control,0.0,0,0.0,0
23821,treatment,89.93,1,47.14,0
23822,control,0.0,0,0.0,0
23823,treatment,53.98,0,0.0,0
23824,control,164.64,0,0.0,0
23825,treatment,0.0,0,0.0,0
23826,treatment,0.0,0,0.0,0
23827,treatment,419.35,0,0.0,0
23828,treatment,0.0,0,0.0,0
23829,control,505.55,1,105.03,0
23830,control,0.0,0,0.0,0
23831,treatment,0.0,0,0.0,0
23832,control,38.61,0,0.0,0
23833,control,0.0,0,0.0,0
23834,treatment,0.0,0,0.0,0
23835,treatment,0.0,0,0.0,0
23836,control,89.66,0,0.0,0
23837,control,111.66,1,52.85,0
23838,control,0.0,0,0.0,0
23839,control,0.0,0,0.0,0
23840,control,81.0,0,0.0,0
23841,treatment,533.81,1,119.84,0
23842,control,44.49,0,0.0,0
23843,control,171.03,0,0.0,0
23844,control,119.12,0,0.0,0
23845,control,0.0,0,0.0,0
23846,treatment,0.0,0,0.0,0
23847,treatment,46.72,0,0.0,0
23848,control,34.1,0,0.0,0
23849,control,0.0,0,0.0,0
23850,control,76.95,0,0.0,0
23851,control,50.24,1,236.46,0
23852,treatment,54.86,0,0.0,0
23853,treatment,0.0,0,0.0,0
23854,treatment,115.01,1,115.48,0
23855,control,0.0,0,0.0,0
23856,treatment,17.17,0,0.0,0
23857,control,107.74,0,0.0,0
23858,treatment,0.0,0,0.0,0
23859,control,71.15,0,0.0,0
23860,treatment,48.05,0,0.0,0
23861,control,0.0,0,0.0,0
23862,control,0.0,0,0.0,0
23863,control,143.55,0,0.0,0
23864,control,65.0,1,20.19,0
23865,control,75.31,1,73.29,0
23866,control,13.07,1,18.6,0
23867,treatment,150.49,0,0.0,0
23868,treatment,0.0,0,0.0,0
23869,treatment,126.94,0,0.0,0
23870,treatment,0.0,0,0.0,0
23871,control,0.0,0,0.0,0
23872,control,0.0,0,0.0,0
23873,control,0.0,0,0.0,0
23874,treatment,565.72,0,0.0,0
23875,treatment,0.0,0,0.0,0
23876,treatment,0.0,0,0.0,0
23877,control,197.96,0,0.0,0
23878,treatment,93.62,0,0.0,0
23879,treatment,0.0,1,52.6,0
23880,treatment,0.0,0,0.0,0
23881,control,0.0,0,0.0,0
23882,treatment,0.0,0,0.0,0
23883,treatment,0.0,0,0.0,0
23884,treatment,159.19,0,0.0,0
23885,treatment,38.88,0,0.0,0
23886,control,56.51,1,55.74,0
23887,treatment,0.0,0,0.0,0
23888,treatment,0.0,0,0.0,0
23889,treatment,76.72,1,41.8,0
23891,control,152.91,0,0.0,0
23892,treatment,0.0,0,0.0,0
23893,treatment,53.15,0,0.0,0
23894,control,59.97,0,0.0,0
23895,treatment,0.0,0,0.0,0
23896,treatment,44.59,0,0.0,0
23897,control,0.0,0,0.0,0
23898,treatment,0.0,0,0.0,0
23899,control,57.72,0,0.0,0
23900,treatment,49.2,0,0.0,0
23901,treatment,116.72,0,0.0,0
23902,control,245.56,0,0.0,0
23903,treatment,178.37,0,0.0,0
23904,treatment,136.76,1,26.17,0
23905,treatment,0.0,1,90.18,0
23906,treatment,387.98,0,0.0,0
23907,treatment,508.48,0,0.0,0
23908,control,0.0,0,0.0,0
23909,control,504.9,0,0.0,0
23910,treatment,88.64,0,0.0,0
23911,control,56.16,1,56.71,0
23912,control,0.0,0,0.0,0
23913,control,0.0,0,0.0,0
23914,control,0.0,0,0.0,0
23915,control,45.75,0,0.0,0
23916,control,129.75,0,0.0,0
23917,treatment,0.0,0,0.0,0
23918,control,0.0,0,0.0,0
23919,control,0.0,0,0.0,0
23920,control,0.0,1,96.87,0
23921,control,0.0,0,0.0,0
23922,control,0.0,0,0.0,0
23923,treatment,101.57,0,0.0,0
23924,treatment,0.0,0,0.0,0
23925,control,0.0,0,0.0,0
23926,control,0.0,0,0.0,0
23927,treatment,482.48,1,28.63,0
23928,treatment,0.0,0,0.0,0
23929,treatment,0.0,0,0.0,0
23930,treatment,41.31,0,0.0,0
23931,treatment,185.46,0,0.0,0
23932,treatment,0.0,0,0.0,0
23933,control,0.0,0,0.0,0
23934,treatment,25.86,0,0.0,0
23935,treatment,0.0,0,0.0,0
23936,treatment,223.64,0,0.0,0
23937,treatment,59.72,0,0.0,0
23938,control,0.0,0,0.0,0
23939,control,0.0,0,0.0,0
23940,treatment,168.59,0,0.0,0
23941,treatment,0.0,0,0.0,0
23942,control,49.96,0,0.0,0
23943,control,0.0,0,0.0,0
23944,treatment,30.17,1,25.6,0
23945,control,59.31,0,0.0,0
23947,treatment,0.0,0,0.0,0
23948,control,221.6,1,68.92,0
23949,treatment,261.36,1,77.95,0
23950,control,112.97,0,0.0,0
23951,treatment,0.0,0,0.0,0
23952,control,42.71,0,0.0,0
23953,treatment,0.0,0,0.0,0
23954,treatment,48.87,0,0.0,0
23955,control,65.24,0,0.0,0
23956,treatment,0.0,0,0.0,0
23957,treatment,0.0,0,0.0,0
23958,treatment,18.21,0,0.0,0
23959,treatment,32.58,0,0.0,0
23960,treatment,57.72,0,0.0,0
23961,treatment,0.0,0,0.0,0
23962,control,0.0,0,0.0,0
23963,treatment,63.66,0,0.0,0
23964,control,342.37,0,0.0,0
23965,control,0.0,0,0.0,0
23966,treatment,0.0,1,32.04,0
23967,control,0.0,0,0.0,0
23968,treatment,59.33,0,0.0,0
23969,control,0.0,0,0.0,0
23970,treatment,0.0,0,0.0,0
23971,control,0.0,0,0.0,0
23972,treatment,49.93,0,0.0,0
23973,treatment,0.0,0,0.0,0
23974,control,0.0,0,0.0,0
23975,control,0.0,0,0.0,0
23976,control,0.0,0,0.0,0
23977,treatment,120.47,0,0.0,0
23978,treatment,88.19,1,55.98,0
23979,treatment,0.0,0,0.0,0
23980,treatment,54.72,1,49.6,0
23981,control,0.0,0,0.0,0
23982,treatment,0.0,0,0.0,0
23983,control,65.72,0,0.0,0
23984,treatment,124.41,0,0.0,0
23985,control,104.04,0,0.0,0
23986,control,545.2,0,0.0,0
23987,treatment,89.57,0,0.0,0
23988,control,0.0,0,0.0,0
23989,control,0.0,0,0.0,0
23990,treatment,0.0,0,0.0,0
23991,control,91.88,0,0.0,0
23992,treatment,0.0,0,0.0,0
23993,control,0.0,0,0.0,0
23994,treatment,0.0,0,0.0,0
23995,control,42.37,0,0.0,0
23996,treatment,39.14,0,0.0,0
23997,treatment,0.0,0,0.0,0
23998,control,0.0,0,0.0,0
23999,control,24.5,0,0.0,0
24000,control,0.0,0,0.0,0
24001,control,0.0,0,0.0,0
24002,control,0.0,0,0.0,0
24003,treatment,0.0,0,0.0,0
24004,control,79.44,0,0.0,0
24005,control,0.0,0,0.0,0
24006,treatment,0.0,0,0.0,0
24007,control,44.0,0,0.0,0
24008,treatment,0.0,0,0.0,0
24009,treatment,0.0,0,0.0,0
24010,control,40.31,0,0.0,0
24011,control,0.0,0,0.0,0
24012,treatment,0.0,0,0.0,0
24013,treatment,0.0,0,0.0,0
24014,treatment,22.26,1,19.72,0
24015,control,70.23,0,0.0,0
24016,treatment,0.0,0,0.0,0
24017,control,0.0,0,0.0,0
24018,treatment,53.04,0,0.0,0
24019,treatment,666.33,1,71.27,0
24020,control,46.93,0,0.0,0
24021,treatment,0.0,0,0.0,0
24022,treatment,0.0,0,0.0,0
24023,control,0.0,0,0.0,0
24024,control,0.0,0,0.0,0
24025,control,74.86,1,54.41,0
24026,treatment,0.0,1,68.52,0
24027,treatment,65.34,0,0.0,0
24028,control,43.27,0,0.0,0
24029,control,0.0,0,0.0,0
24030,treatment,74.45,0,0.0,0
24031,treatment,155.86,0,0.0,0
24032,control,185.71,0,0.0,0
24033,control,80.45,0,0.0,0
24034,treatment,0.0,0,0.0,0
24035,control,0.0,0,0.0,0
24036,treatment,88.78,0,0.0,0
24037,treatment,0.0,0,0.0,0
24038,treatment,0.0,0,0.0,0
24039,control,89.8,0,0.0,0
24040,control,185.65,0,0.0,0
24041,control,0.0,0,0.0,0
24042,treatment,56.01,0,0.0,0
24043,treatment,0.0,0,0.0,0
24044,control,0.0,0,0.0,0
24045,treatment,0.0,0,0.0,0
24046,treatment,48.41,0,0.0,0
24047,treatment,57.54,0,0.0,0
24048,treatment,51.72,0,0.0,0
24049,treatment,0.0,0,0.0,0
24050,control,0.0,0,0.0,0
24051,treatment,0.0,0,0.0,0
24052,treatment,56.05,1,40.54,0
24053,control,57.9,0,0.0,0
24054,treatment,0.0,0,0.0,0
24055,control,0.0,0,0.0,0
24056,control,108.58,0,0.0,0
24057,control,69.54,0,0.0,0
24058,treatment,0.0,0,0.0,0
24059,control,34.29,1,105.4,0
24060,control,55.86,1,90.28,0
24061,control,16.59,0,0.0,0
24062,control,431.5,0,0.0,0
24063,control,25.21,0,0.0,0
24064,treatment,0.0,0,0.0,0
24065,treatment,178.3,0,0.0,0
24066,treatment,66.91,0,0.0,0
24067,control,0.0,0,0.0,0
24068,control,0.0,0,0.0,0
24069,control,37.59,0,0.0,0
24070,control,101.56,1,57.4,0
24071,treatment,59.71,0,0.0,0
24072,treatment,491.55,0,0.0,0
24073,control,69.29,0,0.0,0
24074,treatment,84.46,0,0.0,0
24075,treatment,0.0,0,0.0,0
24076,control,0.0,0,0.0,0
24077,control,0.0,1,88.66,0
24078,control,0.0,0,0.0,0
24079,control,48.21,0,0.0,0
24080,treatment,0.0,0,0.0,0
24081,treatment,0.0,0,0.0,0
24082,treatment,0.0,0,0.0,0
24083,treatment,252.41,1,36.55,0
24084,control,290.91,0,0.0,0
24085,treatment,788.8,1,44.44,0
24086,control,70.35,0,0.0,0
24087,control,0.0,0,0.0,0
24088,control,0.0,0,0.0,0
24089,control,0.0,1,110.73,0
24090,treatment,39.81,0,0.0,0
24091,control,0.0,0,0.0,0
24092,control,0.0,0,0.0,0
24093,treatment,0.0,0,0.0,0
24094,control,0.0,0,0.0,0
24095,control,48.89,0,0.0,0
24096,treatment,0.0,0,0.0,0
24097,treatment,304.35,0,0.0,0
24098,treatment,116.1,0,0.0,0
24099,control,0.0,0,0.0,0
24100,control,63.35,0,0.0,0
24101,treatment,80.72,0,0.0,0
24102,treatment,257.97,0,0.0,0
24103,treatment,0.0,0,0.0,0
24104,treatment,277.43,0,0.0,0
24105,control,34.28,1,50.24,0
24106,control,0.0,0,0.0,0
24107,treatment,67.28,0,0.0,0
24108,treatment,96.93,0,0.0,0
24109,control,0.0,0,0.0,0
24110,control,0.0,0,0.0,0
24112,treatment,72.17,0,0.0,0
24113,treatment,0.0,0,0.0,0
24114,treatment,0.0,0,0.0,0
24115,control,35.37,0,0.0,0
24116,treatment,0.0,1,22.38,0
24117,control,23.74,0,0.0,0
24118,control,56.53,1,61.06,0
24119,treatment,28.26,0,0.0,0
24120,treatment,56.3,0,0.0,0
24121,treatment,752.05,1,45.17,0
24122,treatment,60.54,0,0.0,0
24123,control,0.0,0,0.0,0
24124,treatment,0.0,0,0.0,0
24125,control,69.37,0,0.0,0
24126,treatment,106.42,0,0.0,0
24127,treatment,430.82,0,0.0,0
24128,control,0.0,0,0.0,0
24129,treatment,0.0,0,0.0,0
24130,control,251.41,1,131.74,0
24131,control,0.0,0,0.0,0
24132,treatment,0.0,0,0.0,0
24133,control,89.82,0,0.0,0
24134,treatment,0.0,0,0.0,0
24135,control,0.0,0,0.0,0
24136,treatment,44.69,0,0.0,0
24137,control,0.0,0,0.0,0
24138,treatment,0.0,0,0.0,0
24139,control,59.95,1,17.2,0
24140,control,166.1,0,0.0,0
24141,control,0.0,0,0.0,0
24142,control,0.0,0,0.0,0
24143,treatment,0.0,0,0.0,0
24144,treatment,0.0,0,0.0,0
24145,treatment,0.0,0,0.0,0
24146,treatment,0.0,0,0.0,0
24147,treatment,23.42,0,0.0,0
24148,treatment,100.98,0,0.0,0
24149,control,86.05,0,0.0,0
24151,control,0.0,0,0.0,0
24152,treatment,23.49,0,0.0,0
24153,treatment,0.0,1,26.17,0
24154,control,0.0,0,0.0,0
24155,control,120.55,0,0.0,0
24156,control,384.2,0,0.0,0
24157,treatment,47.61,0,0.0,0
24158,control,57.36,1,60.45,0
24159,treatment,0.0,0,0.0,0
24160,control,0.0,0,0.0,0
24161,treatment,0.0,0,0.0,0
24162,control,27.16,0,0.0,0
24163,treatment,0.0,0,0.0,0
24164,control,148.25,0,0.0,0
24165,treatment,119.41,0,0.0,0
24166,treatment,39.31,0,0.0,0
24167,control,142.11,0,0.0,0
24168,control,52.69,0,0.0,0
24169,treatment,0.0,0,0.0,0
24170,control,45.66,0,0.0,0
24171,treatment,56.06,1,92.56,0
24172,control,0.0,0,0.0,0
24173,control,35.11,0,0.0,0
24174,treatment,0.0,0,0.0,0
24175,control,109.57,0,0.0,0
24176,control,69.14,0,0.0,0
24177,treatment,112.01,0,0.0,0
24178,control,37.46,0,0.0,0
24179,treatment,0.0,0,0.0,0
24180,treatment,148.02,1,100.68,0
24181,treatment,204.61,1,61.28,0
24182,control,43.42,1,32.2,0
24183,control,0.0,1,32.46,0
24184,treatment,0.0,0,0.0,0
24185,treatment,0.0,0,0.0,0
24186,control,0.0,0,0.0,0
24187,control,0.0,0,0.0,0
24188,treatment,0.0,0,0.0,0
24189,control,41.37,0,0.0,0
24190,control,76.73,0,0.0,0
24191,treatment,0.0,0,0.0,0
24192,control,0.0,0,0.0,0
24193,treatment,0.0,0,0.0,0
24194,treatment,80.97,0,0.0,0
24195,control,158.67,0,0.0,0
24196,treatment,106.17,0,0.0,0
24197,control,315.56,0,0.0,0
24198,treatment,0.0,0,0.0,0
24200,treatment,0.0,0,0.0,0
24201,treatment,0.0,0,0.0,0
24202,control,0.0,0,0.0,0
24203,treatment,0.0,0,0.0,0
24204,treatment,249.86,0,0.0,0
24205,control,0.0,0,0.0,0
24206,control,555.1,0,0.0,0
24207,control,0.0,0,0.0,0
24209,control,118.12,0,0.0,0
24210,treatment,0.0,0,0.0,0
24211,control,152.51,0,0.0,0
24212,control,99.63,0,0.0,0
24213,control,135.62,1,57.37,0
24214,control,0.0,0,0.0,0
24215,treatment,0.0,1,22.76,0
24216,treatment,0.0,0,0.0,0
24217,treatment,0.0,0,0.0,0
24218,control,0.0,0,0.0,0
24219,treatment,0.0,0,0.0,0
24220,control,0.0,1,40.3,0
24221,control,77.79,0,0.0,0
24222,treatment,0.0,0,0.0,0
24223,treatment,312.1,0,0.0,0
24224,control,119.8,0,0.0,0
24225,treatment,0.0,0,0.0,0
24226,control,0.0,0,0.0,0
24227,control,62.03,0,0.0,0
24228,treatment,0.0,0,0.0,0
24229,control,0.0,0,0.0,0
24230,control,0.0,0,0.0,0
24231,treatment,86.05,0,0.0,0
24232,control,152.78,0,0.0,0
24233,control,51.66,0,0.0,0
24234,treatment,81.29,0,0.0,0
24235,treatment,0.0,0,0.0,0
24236,control,0.0,0,0.0,0
24237,treatment,0.0,0,0.0,0
24238,control,0.0,0,0.0,0
24239,treatment,0.0,0,0.0,0
24240,control,144.21,0,0.0,0
24241,control,331.82,0,0.0,0
24242,treatment,21.42,0,0.0,0
24243,treatment,0.0,0,0.0,0
24244,treatment,0.0,0,0.0,0
24245,treatment,193.72,0,0.0,0
24246,treatment,43.84,0,0.0,0
24247,control,189.61,0,0.0,0
24248,control,188.56,1,97.79,0
24249,control,240.32,0,0.0,0
24250,control,190.32,0,0.0,0
24251,treatment,0.0,0,0.0,0
24252,treatment,50.08,1,45.86,0
24254,treatment,0.0,0,0.0,0
24255,control,53.07,1,64.82,0
24256,treatment,25.38,0,0.0,0
24257,control,79.36,0,0.0,0
24258,control,0.0,0,0.0,0
24259,treatment,0.0,0,0.0,0
24260,treatment,138.22,0,0.0,0
24261,control,0.0,0,0.0,0
24262,treatment,131.02,0,0.0,0
24263,treatment,0.0,0,0.0,0
24264,treatment,33.81,0,0.0,0
24265,control,88.48,1,132.51,0
24266,treatment,26.79,0,0.0,0
24267,control,109.11,0,0.0,0
24268,control,0.0,0,0.0,0
24269,control,82.9,0,0.0,0
24270,control,0.0,0,0.0,0
24271,treatment,0.0,0,0.0,0
24272,treatment,0.0,0,0.0,0
24273,control,66.51,0,0.0,0
24274,control,39.66,0,0.0,0
24275,treatment,0.0,0,0.0,0
24276,treatment,38.19,0,0.0,0
24277,treatment,0.0,0,0.0,0
24278,treatment,32.55,0,0.0,0
24279,control,0.0,0,0.0,0
24280,treatment,0.0,1,15.63,0
24281,control,0.0,0,0.0,0
24282,control,0.0,0,0.0,0
24283,treatment,53.19,0,0.0,0
24284,control,0.0,0,0.0,0
24285,control,0.0,0,0.0,0
24286,treatment,0.0,0,0.0,0
24287,control,0.0,0,0.0,0
24288,treatment,0.0,0,0.0,0
24289,treatment,14.13,0,0.0,0
24290,control,0.0,0,0.0,0
24291,treatment,0.0,0,0.0,0
24292,control,431.25,0,0.0,0
24293,control,0.0,0,0.0,0
24294,treatment,0.0,0,0.0,0
24295,treatment,0.0,0,0.0,0
24296,control,231.22,1,77.75,0
24297,treatment,0.0,0,0.0,0
24298,treatment,0.0,0,0.0,0
24299,control,337.04,0,0.0,0
24300,treatment,0.0,0,0.0,0
24301,treatment,17.55,0,0.0,0
24302,treatment,299.57,0,0.0,0
24303,control,162.43,0,0.0,0
24304,treatment,0.0,1,52.68,0
24305,control,64.92,0,0.0,0
24306,treatment,0.0,0,0.0,0
24307,control,0.0,0,0.0,0
24308,control,176.83,0,0.0,0
24309,treatment,0.0,0,0.0,0
24310,control,26.19,0,0.0,0
24311,control,40.19,0,0.0,0
24312,treatment,33.03,0,0.0,0
24313,control,0.0,0,0.0,0
24314,control,102.58,0,0.0,0
24315,control,217.99,0,0.0,0
24316,treatment,68.75,0,0.0,0
24317,treatment,84.17,0,0.0,0
24318,control,0.0,0,0.0,0
24319,control,0.0,0,0.0,0
24320,treatment,24.91,0,0.0,0
24321,control,0.0,0,0.0,0
24322,treatment,0.0,0,0.0,0
24323,control,130.12,0,0.0,0
24324,control,0.0,0,0.0,0
24325,control,0.0,0,0.0,0
24326,treatment,56.72,0,0.0,0
24327,control,46.2,0,0.0,0
24328,control,0.0,0,0.0,0
24329,control,66.43,0,0.0,0
24330,control,0.0,0,0.0,0
24331,control,0.0,1,61.13,0
24332,control,57.81,0,0.0,0
24333,control,157.89,0,0.0,0
24334,treatment,375.21,0,0.0,0
24335,treatment,74.88,0,0.0,0
24336,treatment,0.0,0,0.0,0
24337,treatment,0.0,0,0.0,0
24338,treatment,77.11,1,41.65,0
24339,treatment,0.0,0,0.0,0
24340,control,84.62,0,0.0,0
24341,control,0.0,0,0.0,0
24342,control,50.59,0,0.0,0
24343,treatment,0.0,0,0.0,0
24344,treatment,83.19,1,71.46,0
24345,control,0.0,0,0.0,0
24346,treatment,0.0,0,0.0,0
24347,treatment,0.0,0,0.0,0
24348,treatment,89.2,1,18.64,0
24349,control,131.99,1,75.74,0
24350,control,0.0,0,0.0,0
24351,treatment,0.0,1,23.4,0
24352,treatment,0.0,0,0.0,0
24353,control,34.11,1,85.18,0
24354,treatment,186.81,1,56.18,0
24355,treatment,52.57,0,0.0,0
24356,control,76.78,0,0.0,0
24357,treatment,0.0,0,0.0,0
24358,control,0.0,0,0.0,0
24359,control,0.0,0,0.0,0
24360,control,0.0,0,0.0,0
24361,control,217.21,0,0.0,0
24362,control,97.84,1,69.0,0
24363,control,72.92,1,42.54,0
24364,treatment,51.84,0,0.0,0
24366,treatment,36.84,0,0.0,0
24367,control,0.0,0,0.0,0
24368,control,555.58,1,97.77,0
24369,treatment,0.0,0,0.0,0
24370,treatment,87.42,0,0.0,0
24371,control,0.0,0,0.0,0
24372,control,0.0,0,0.0,0
24373,treatment,28.25,0,0.0,0
24374,treatment,29.04,0,0.0,0
24375,control,148.88,0,0.0,0
24376,control,122.3,0,0.0,0
24377,control,68.49,0,0.0,0
24378,control,47.31,0,0.0,0
24379,treatment,0.0,0,0.0,0
24380,treatment,0.0,0,0.0,0
24381,control,0.0,0,0.0,0
24382,treatment,0.0,0,0.0,0
24383,treatment,93.01,1,59.19,0
24384,treatment,19.99,0,0.0,0
24385,control,125.68,0,0.0,0
24386,control,0.0,0,0.0,0
24387,treatment,0.0,0,0.0,0
24389,treatment,0.0,0,0.0,0
24390,treatment,81.98,0,0.0,0
24391,treatment,0.0,0,0.0,0
24392,control,65.06,0,0.0,0
24393,control,0.0,0,0.0,0
24394,treatment,0.0,0,0.0,0
24395,control,0.0,0,0.0,0
24396,treatment,65.64,0,0.0,0
24397,control,0.0,0,0.0,0
24398,control,0.0,0,0.0,0
24399,treatment,71.34,0,0.0,0
24400,treatment,187.79,0,0.0,0
24401,treatment,215.29,0,0.0,0
24402,control,0.0,0,0.0,0
24403,control,1806.02,1,105.02,0
24404,control,0.0,0,0.0,0
24405,control,0.0,1,80.03,0
24406,treatment,166.42,0,0.0,0
24407,treatment,0.0,0,0.0,0
24408,control,256.13,0,0.0,0
24409,control,0.0,0,0.0,0
24410,treatment,0.0,0,0.0,0
24411,treatment,61.65,0,0.0,0
24412,control,0.0,0,0.0,0
24413,control,25.29,0,0.0,0
24414,treatment,0.0,0,0.0,0
24415,treatment,0.0,0,0.0,0
24416,control,48.14,0,0.0,0
24417,treatment,0.0,0,0.0,0
24418,control,0.0,0,0.0,0
24419,control,0.0,0,0.0,0
24421,control,0.0,0,0.0,0
24422,control,105.98,0,0.0,0
24423,treatment,48.43,0,0.0,0
24424,treatment,62.92,0,0.0,0
24425,control,80.89,0,0.0,0
24426,treatment,39.2,1,53.36,0
24427,treatment,0.0,0,0.0,0
24428,control,53.98,0,0.0,0
24429,control,0.0,0,0.0,0
24430,treatment,0.0,0,0.0,0
24431,control,0.0,0,0.0,0
24432,control,0.0,0,0.0,0
24433,treatment,0.0,0,0.0,0
24434,treatment,39.98,0,0.0,0
24435,control,35.63,0,0.0,0
24436,control,0.0,0,0.0,0
24437,control,0.0,0,0.0,0
24438,treatment,71.05,0,0.0,0
24439,treatment,0.0,0,0.0,0
24440,treatment,581.78,1,114.62,0
24441,treatment,0.0,0,0.0,0
24442,treatment,72.77,0,0.0,0
24443,control,0.0,0,0.0,0
24444,treatment,0.0,0,0.0,0
24445,control,131.43,0,0.0,0
24446,treatment,0.0,0,0.0,0
24447,treatment,0.0,0,0.0,0
24448,control,107.4,0,0.0,0
24449,treatment,0.0,0,0.0,0
24450,treatment,41.09,0,0.0,0
24451,treatment,392.09,1,148.46,0
24452,control,92.86,1,39.42,0
24453,control,13.39,0,0.0,0
24454,treatment,71.89,0,0.0,0
24455,control,0.0,0,0.0,0
24456,control,84.36,0,0.0,0
24457,treatment,0.0,0,0.0,0
24458,control,104.23,1,23.91,0
24459,control,0.0,0,0.0,0
24460,treatment,0.0,0,0.0,0
24461,control,0.0,0,0.0,0
24462,treatment,0.0,0,0.0,0
24463,control,131.95,1,63.35,0
24464,treatment,0.0,1,21.18,0
24465,treatment,0.0,0,0.0,0
24466,control,0.0,0,0.0,0
24467,control,106.27,0,0.0,0
24468,treatment,0.0,0,0.0,0
24469,treatment,35.24,0,0.0,0
24470,treatment,40.77,0,0.0,0
24471,treatment,74.39,0,0.0,0
24472,control,0.0,1,29.51,0
24473,control,44.32,1,84.65,0
24474,treatment,0.0,0,0.0,0
24475,treatment,0.0,0,0.0,0
24476,treatment,0.0,0,0.0,0
24477,control,0.0,0,0.0,0
24478,control,47.82,0,0.0,0
24479,control,0.0,0,0.0,0
24480,control,26.55,0,0.0,0
24481,control,52.68,0,0.0,0
24482,control,0.0,0,0.0,0
24483,control,34.88,0,0.0,0
24484,treatment,0.0,0,0.0,0
24485,control,58.96,1,54.77,0
24486,treatment,121.57,0,0.0,0
24487,treatment,38.45,0,0.0,0
24488,treatment,63.11,0,0.0,0
24489,control,0.0,0,0.0,0
24490,treatment,0.0,0,0.0,0
24491,treatment,28.57,0,0.0,0
24492,treatment,0.0,0,0.0,0
24493,treatment,140.06,0,0.0,0
24494,treatment,215.6,0,0.0,0
24495,control,83.99,0,0.0,0
24496,treatment,52.65,1,24.49,0
24497,control,151.66,0,0.0,0
24498,treatment,0.0,0,0.0,0
24499,treatment,0.0,0,0.0,0
24500,treatment,0.0,0,0.0,0
24502,treatment,0.0,0,0.0,0
24504,control,31.46,0,0.0,0
24505,control,125.05,0,0.0,0
24506,treatment,0.0,0,0.0,0
24507,treatment,0.0,0,0.0,0
24508,control,40.74,0,0.0,0
24509,treatment,52.55,0,0.0,0
24511,treatment,101.15,0,0.0,0
24512,treatment,395.74,1,125.17,0
24513,control,0.0,0,0.0,0
24514,treatment,30.21,0,0.0,0
24515,treatment,0.0,0,0.0,0
24516,treatment,119.96,0,0.0,0
24517,control,0.0,0,0.0,0
24518,control,0.0,0,0.0,0
24519,control,495.7,1,70.55,0
24520,treatment,0.0,0,0.0,0
24521,control,0.0,0,0.0,0
24522,control,80.9,0,0.0,0
24523,control,59.55,1,59.68,0
24524,control,0.0,0,0.0,0
24525,control,42.34,0,0.0,0
24526,control,0.0,0,0.0,0
24527,treatment,43.29,0,0.0,0
24528,treatment,35.58,0,0.0,0
24529,control,0.0,0,0.0,0
24530,treatment,155.65,0,0.0,0
24531,control,0.0,1,86.13,0
24532,control,0.0,1,30.82,1
24535,control,0.0,0,0.0,0
24536,treatment,119.99,0,0.0,0
24537,control,0.0,0,0.0,0
24538,treatment,0.0,0,0.0,0
24539,control,149.05,0,0.0,0
24540,treatment,0.0,0,0.0,0
24541,control,0.0,0,0.0,0
24542,control,128.4,0,0.0,0
24543,treatment,55.33,0,0.0,0
24544,control,0.0,0,0.0,0
24545,treatment,0.0,0,0.0,0
24546,control,0.0,0,0.0,0
24547,control,0.0,0,0.0,0
24548,control,226.76,1,123.31,0
24549,treatment,64.8,0,0.0,0
24550,treatment,0.0,1,53.2,0
24551,control,238.54,0,0.0,0
24552,treatment,0.0,0,0.0,0
24554,control,270.65,0,0.0,0
24555,control,173.44,0,0.0,0
24556,treatment,0.0,1,19.3,0
24557,control,45.71,0,0.0,0
24558,control,48.64,1,73.39,0
24559,control,57.82,0,0.0,0
24560,control,31.43,0,0.0,0
24561,control,48.4,0,0.0,0
24562,treatment,246.01,1,39.76,0
24563,treatment,0.0,0,0.0,0
24564,control,139.5,0,0.0,0
24565,control,0.0,0,0.0,0
24566,treatment,57.9,0,0.0,0
24567,control,0.0,0,0.0,0
24568,treatment,0.0,0,0.0,0
24569,treatment,68.37,0,0.0,0
24570,treatment,38.92,0,0.0,0
24571,control,120.22,0,0.0,0
24572,treatment,0.0,0,0.0,0
24573,control,0.0,0,0.0,0
24574,control,230.38,0,0.0,0
24575,control,98.65,0,0.0,0
24576,control,0.0,0,0.0,0
24577,treatment,0.0,0,0.0,0
24578,treatment,0.0,0,0.0,0
24579,treatment,71.29,0,0.0,0
24580,control,77.18,0,0.0,0
24581,treatment,48.1,0,0.0,0
24582,control,0.0,0,0.0,0
24583,treatment,0.0,0,0.0,0
24584,control,73.2,0,0.0,0
24585,treatment,38.5,0,0.0,0
24586,control,93.21,1,59.18,0
24587,control,0.0,0,0.0,0
24588,treatment,0.0,0,0.0,0
24589,treatment,40.44,0,0.0,0
24590,control,0.0,0,0.0,0
24591,treatment,0.0,0,0.0,0
24592,control,0.0,0,0.0,0
24593,control,85.89,0,0.0,0
24594,control,0.0,0,0.0,0
24595,treatment,0.0,0,0.0,0
24596,treatment,0.0,1,60.34,0
24597,control,0.0,0,0.0,0
24598,treatment,42.34,0,0.0,0
24599,treatment,44.87,0,0.0,0
24600,control,0.0,0,0.0,0
24601,control,198.87,0,0.0,0
24602,control,84.83,0,0.0,0
24603,treatment,0.0,0,0.0,0
24604,control,0.0,0,0.0,0
24605,control,683.17,0,0.0,0
24606,control,0.0,0,0.0,0
24608,control,111.34,0,0.0,0
24609,control,93.02,0,0.0,0
24610,treatment,31.69,0,0.0,0
24611,treatment,0.0,0,0.0,0
24612,control,0.0,0,0.0,0
24613,control,0.0,0,0.0,0
24614,control,0.0,0,0.0,0
24615,treatment,0.0,0,0.0,0
24616,control,0.0,0,0.0,0
24617,treatment,0.0,0,0.0,0
24618,treatment,0.0,0,0.0,0
24619,treatment,112.0,1,110.15,0
24620,treatment,0.0,0,0.0,0
24621,control,0.0,0,0.0,0
24622,control,86.25,0,0.0,0
24623,treatment,0.0,0,0.0,0
24624,control,0.0,0,0.0,0
24625,control,122.92,0,0.0,0
24626,treatment,0.0,0,0.0,0
24627,control,33.9,0,0.0,0
24628,treatment,0.0,1,37.13,0
24629,control,65.2,1,129.5,0
24630,control,202.09,0,0.0,0
24631,treatment,124.95,0,0.0,0
24632,treatment,0.0,0,0.0,0
24633,control,0.0,0,0.0,0
24634,control,0.0,0,0.0,0
24635,control,158.58,0,0.0,0
24636,control,0.0,0,0.0,0
24637,treatment,0.0,0,0.0,0
24638,control,0.0,0,0.0,0
24639,treatment,57.86,0,0.0,0
24640,control,107.08,1,98.65,0
24641,control,0.0,0,0.0,0
24642,treatment,124.57,0,0.0,0
24643,treatment,27.49,0,0.0,0
24644,control,0.0,0,0.0,0
24645,control,0.0,1,22.92,0
24646,treatment,0.0,0,0.0,0
24647,treatment,129.99,0,0.0,0
24648,treatment,0.0,0,0.0,0
24649,treatment,49.96,0,0.0,0
24650,control,39.91,0,0.0,0
24651,control,47.32,0,0.0,0
24652,treatment,0.0,0,0.0,0
24653,treatment,0.0,0,0.0,0
24654,treatment,0.0,0,0.0,0
24655,control,154.74,0,0.0,0
24656,treatment,124.24,0,0.0,0
24657,treatment,73.89,1,269.08,0
24658,control,104.65,0,0.0,0
24659,control,249.25,1,66.12,0
24660,treatment,79.23,0,0.0,0
24661,control,306.72,0,0.0,0
24662,treatment,0.0,0,0.0,0
24663,control,72.29,0,0.0,0
24664,control,0.0,0,0.0,0
24665,control,153.55,1,99.91,0
24666,treatment,0.0,0,0.0,0
24667,control,36.56,0,0.0,0
24668,control,64.48,0,0.0,0
24669,treatment,43.2,0,0.0,0
24670,treatment,0.0,0,0.0,0
24671,control,42.31,0,0.0,0
24672,control,722.75,0,0.0,0
24673,control,0.0,0,0.0,0
24674,treatment,60.72,0,0.0,0
24675,control,259.6,0,0.0,0
24676,control,0.0,0,0.0,0
24677,treatment,0.0,0,0.0,0
24678,control,76.89,1,46.97,0
24679,control,0.0,0,0.0,0
24680,control,37.84,0,0.0,0
24681,treatment,0.0,0,0.0,0
24682,treatment,0.0,0,0.0,0
24683,treatment,0.0,0,0.0,0
24684,control,88.03,0,0.0,0
24685,treatment,0.0,0,0.0,0
24686,control,186.06,0,0.0,0
24687,treatment,53.62,0,0.0,0
24688,treatment,34.2,0,0.0,0
24689,treatment,0.0,0,0.0,0
24690,control,12.12,0,0.0,0
24691,treatment,61.1,0,0.0,0
24692,treatment,112.52,0,0.0,0
24693,control,0.0,0,0.0,0
24694,control,350.71,0,0.0,0
24695,control,85.03,0,0.0,0
24696,treatment,84.32,0,0.0,0
24697,treatment,0.0,0,0.0,0
24698,control,0.0,0,0.0,0
24699,treatment,0.0,0,0.0,0
24700,control,0.0,0,0.0,0
24701,treatment,0.0,0,0.0,0
24702,control,71.18,0,0.0,0
24703,control,131.06,1,56.35,0
24704,treatment,42.61,0,0.0,0
24705,treatment,0.0,1,150.15,0
24706,control,74.36,1,38.27,0
24707,treatment,0.0,0,0.0,0
24708,control,69.96,1,35.35,0
24709,treatment,95.27,0,0.0,0
24710,treatment,0.0,1,34.35,0
24711,control,188.04,1,60.83,0
24712,treatment,0.0,0,0.0,0
24713,treatment,0.0,0,0.0,0
24714,control,0.0,0,0.0,0
24715,treatment,0.0,0,0.0,0
24716,treatment,68.07,0,0.0,0
24717,treatment,91.06,0,0.0,0
24718,treatment,0.0,0,0.0,0
24719,treatment,0.0,0,0.0,0
24720,treatment,0.0,0,0.0,0
24721,control,0.0,0,0.0,0
24722,treatment,0.0,0,0.0,0
24723,control,0.0,0,0.0,0
24724,control,0.0,0,0.0,0
24725,treatment,0.0,0,0.0,0
24726,treatment,0.0,0,0.0,0
24727,control,0.0,1,111.65,0
24728,treatment,300.17,0,0.0,0
24729,treatment,0.0,0,0.0,0
24730,treatment,0.0,0,0.0,0
24731,treatment,0.0,0,0.0,0
24732,control,211.45,1,67.71,0
24733,control,54.31,0,0.0,0
24734,control,149.93,1,84.51,0
24735,control,108.79,0,0.0,0
24736,treatment,51.62,0,0.0,0
24737,treatment,102.77,0,0.0,0
24738,treatment,34.95,0,0.0,0
24739,treatment,65.09,0,0.0,0
24740,control,0.0,0,0.0,0
24741,control,0.0,0,0.0,0
24742,control,39.73,0,0.0,0
24743,control,0.0,0,0.0,0
24744,treatment,0.0,0,0.0,0
24745,control,149.42,0,0.0,0
24746,control,86.17,0,0.0,0
24747,control,111.67,0,0.0,0
24748,treatment,138.86,0,0.0,0
24749,treatment,0.0,0,0.0,0
24750,control,62.41,0,0.0,0
24751,treatment,297.04,0,0.0,0
24752,control,0.0,0,0.0,0
24753,control,83.41,0,0.0,0
24754,control,0.0,0,0.0,0
24755,control,0.0,0,0.0,0
24756,control,34.61,0,0.0,0
24757,control,0.0,0,0.0,0
24758,control,0.0,0,0.0,0
24759,treatment,59.79,0,0.0,0
24760,treatment,53.47,0,0.0,0
24761,control,0.0,0,0.0,0
24764,treatment,107.63,0,0.0,0
24765,control,52.28,0,0.0,0
24766,control,421.84,0,0.0,0
24767,control,0.0,0,0.0,0
24768,control,61.19,0,0.0,0
24769,treatment,129.5,0,0.0,0
24770,control,0.0,0,0.0,0
24771,control,39.46,1,73.84,0
24772,treatment,30.55,0,0.0,0
24773,treatment,0.0,0,0.0,0
24774,control,68.35,0,0.0,0
24775,control,0.0,0,0.0,0
24776,control,0.0,0,0.0,0
24777,treatment,0.0,0,0.0,0
24778,control,0.0,0,0.0,0
24779,treatment,0.0,0,0.0,0
24780,control,109.06,0,0.0,0
24781,treatment,103.29,0,0.0,0
24782,treatment,0.0,0,0.0,0
24783,control,146.02,0,0.0,0
24784,treatment,0.0,0,0.0,0
24785,control,93.65,0,0.0,0
24786,control,421.03,1,55.15,0
24787,treatment,82.98,0,0.0,0
24788,control,0.0,0,0.0,0
24789,treatment,0.0,0,0.0,0
24790,treatment,63.08,0,0.0,0
24791,treatment,57.33,0,0.0,0
24792,treatment,34.41,1,54.27,0
24793,treatment,79.78,1,111.48,0
24794,treatment,0.0,0,0.0,0
24795,treatment,0.0,0,0.0,0
24796,treatment,60.75,0,0.0,0
24797,treatment,0.0,0,0.0,0
24798,control,0.0,0,0.0,0
24799,treatment,0.0,1,35.22,0
24800,treatment,252.74,1,53.59,0
24801,control,0.0,0,0.0,0
24802,control,0.0,0,0.0,0
24803,control,166.02,0,0.0,0
24804,treatment,0.0,0,0.0,0
24805,control,131.39,1,26.98,0
24806,control,0.0,0,0.0,0
24807,control,0.0,0,0.0,0
24808,treatment,0.0,0,0.0,0
24809,control,0.0,0,0.0,0
24810,treatment,0.0,0,0.0,0
24811,control,0.0,0,0.0,0
24812,treatment,0.0,1,69.06,0
24813,treatment,248.33,1,59.67,0
24814,control,84.66,0,0.0,0
24815,control,69.39,0,0.0,0
24818,treatment,0.0,0,0.0,0
24819,control,0.0,0,0.0,0
24820,treatment,0.0,0,0.0,0
24821,treatment,130.66,0,0.0,0
24822,control,603.19,1,70.45,0
24823,treatment,61.64,0,0.0,0
24824,treatment,0.0,0,0.0,0
24825,control,142.66,0,0.0,0
24826,treatment,0.0,1,53.18,0
24827,treatment,34.86,0,0.0,0
24828,treatment,113.31,0,0.0,0
24829,treatment,0.0,0,0.0,0
24830,control,71.61,0,0.0,0
24831,treatment,39.33,0,0.0,0
24832,treatment,58.0,0,0.0,0
24833,treatment,233.02,0,0.0,0
24835,control,138.25,1,36.15,0
24836,treatment,0.0,0,0.0,0
24837,treatment,60.61,0,0.0,0
24838,treatment,0.0,0,0.0,0
24839,treatment,0.0,0,0.0,0
24840,control,42.03,0,0.0,0
24841,treatment,145.19,0,0.0,0
24842,control,0.0,0,0.0,0
24843,control,0.0,0,0.0,0
24844,control,0.0,0,0.0,0
24845,treatment,0.0,0,0.0,0
24846,treatment,0.0,0,0.0,0
24847,treatment,0.0,0,0.0,0
24848,control,65.73,0,0.0,0
24849,control,143.67,0,0.0,0
24850,control,0.0,0,0.0,0
24851,control,138.46,0,0.0,0
24852,control,121.97,1,20.62,0
24853,treatment,0.0,0,0.0,0
24854,control,0.0,0,0.0,0
24855,treatment,0.0,0,0.0,0
24856,control,215.92,0,0.0,0
24857,treatment,241.97,1,35.61,0
24858,treatment,0.0,0,0.0,0
24859,treatment,0.0,0,0.0,0
24860,control,0.0,0,0.0,0
24861,control,0.0,0,0.0,0
24862,control,0.0,0,0.0,0
24863,treatment,64.98,0,0.0,0
24864,treatment,31.83,0,0.0,0
24865,control,0.0,0,0.0,0
24866,treatment,0.0,0,0.0,0
24867,treatment,75.97,0,0.0,0
24868,treatment,0.0,0,0.0,0
24869,control,0.0,0,0.0,0
24870,control,0.0,0,0.0,0
24871,treatment,0.0,0,0.0,0
24872,control,636.03,0,0.0,0
24873,control,23.67,1,31.26,0
24874,treatment,240.34,1,88.26,1
24875,control,0.0,0,0.0,0
24876,treatment,89.45,0,0.0,0
24877,control,0.0,0,0.0,0
24878,control,151.15,0,0.0,0
24879,control,64.86,0,0.0,0
24880,control,30.51,0,0.0,0
24881,control,38.99,0,0.0,0
24882,control,135.97,0,0.0,0
24883,control,0.0,0,0.0,0
24884,treatment,57.93,0,0.0,0
24886,treatment,0.0,0,0.0,0
24887,control,35.04,0,0.0,0
24888,treatment,86.76,1,86.81,0
24889,control,19.69,0,0.0,0
24890,control,0.0,0,0.0,0
24891,control,83.19,0,0.0,0
24892,control,0.0,0,0.0,0
24893,control,0.0,0,0.0,0
24894,treatment,94.96,0,0.0,0
24895,treatment,143.42,0,0.0,0
24896,control,0.0,0,0.0,0
24897,treatment,0.0,0,0.0,0
24898,treatment,0.0,0,0.0,0
24899,control,80.8,0,0.0,0
24900,control,236.78,0,0.0,0
24901,treatment,0.0,0,0.0,0
24902,control,0.0,0,0.0,0
24903,control,0.0,0,0.0,0
24904,control,0.0,0,0.0,0
24905,control,0.0,0,0.0,0
24906,control,451.51,0,0.0,0
24907,control,0.0,0,0.0,0
24908,control,80.22,0,0.0,0
24909,treatment,0.0,1,60.78,0
24910,control,38.82,0,0.0,0
24911,treatment,0.0,0,0.0,0
24912,control,0.0,0,0.0,0
24913,control,0.0,1,38.02,0
24914,control,0.0,0,0.0,0
24915,treatment,0.0,0,0.0,0
24916,control,99.18,0,0.0,0
24917,control,105.66,0,0.0,0
24918,control,24.01,0,0.0,0
24919,treatment,51.82,0,0.0,0
24920,treatment,41.25,0,0.0,0
24921,control,26.75,0,0.0,0
24922,control,0.0,0,0.0,0
24923,control,82.05,0,0.0,0
24924,treatment,0.0,0,0.0,0
24925,treatment,0.0,0,0.0,0
24926,treatment,0.0,0,0.0,0
24927,treatment,0.0,0,0.0,0
24928,treatment,132.35,0,0.0,0
24929,treatment,55.94,0,0.0,0
24930,control,0.0,0,0.0,0
24931,treatment,0.0,0,0.0,0
24932,control,0.0,0,0.0,0
24933,control,0.0,0,0.0,0
24934,treatment,0.0,0,0.0,0
24935,control,42.42,0,0.0,0
24936,control,0.0,0,0.0,0
24937,control,0.0,0,0.0,0
24938,control,0.0,0,0.0,0
24939,control,0.0,1,67.13,0
24940,treatment,0.0,0,0.0,0
24941,control,0.0,0,0.0,0
24942,treatment,70.16,0,0.0,0
24943,treatment,0.0,0,0.0,0
24944,treatment,0.0,0,0.0,0
24945,control,626.65,1,47.35,0
24946,control,136.68,0,0.0,0
24947,control,0.0,0,0.0,0
24948,treatment,0.0,0,0.0,0
24949,control,35.74,0,0.0,0
24950,control,0.0,0,0.0,0
24951,treatment,0.0,0,0.0,0
24952,treatment,185.63,0,0.0,0
24953,control,0.0,0,0.0,0
24954,control,0.0,0,0.0,0
24955,control,0.0,0,0.0,0
24956,treatment,0.0,0,0.0,0
24957,treatment,0.0,0,0.0,0
24958,control,75.53,0,0.0,0
24959,treatment,0.0,0,0.0,0
24960,control,37.98,0,0.0,0
24961,treatment,0.0,0,0.0,0
24962,treatment,0.0,0,0.0,0
24963,treatment,649.3,1,50.82,0
24964,treatment,60.89,0,0.0,0
24965,control,0.0,1,26.96,0
24966,control,0.0,0,0.0,0
24967,control,0.0,0,0.0,0
24968,control,0.0,1,49.35,0
24970,treatment,38.27,0,0.0,0
24971,control,0.0,0,0.0,0
24972,control,42.2,0,0.0,0
24973,treatment,0.0,0,0.0,0
24974,control,0.0,0,0.0,0
24975,control,45.15,0,0.0,0
24976,treatment,31.18,0,0.0,0
24977,control,0.0,0,0.0,0
24978,control,60.27,0,0.0,0
24979,control,40.8,0,0.0,0
24980,treatment,69.04,1,66.87,1
24981,treatment,0.0,1,169.19,0
24982,control,0.0,0,0.0,0
24983,control,0.0,0,0.0,0
24984,treatment,0.0,0,0.0,0
24985,control,0.0,0,0.0,0
24986,treatment,65.59,0,0.0,0
24987,control,46.57,0,0.0,0
24988,control,248.4,0,0.0,0
24989,treatment,0.0,0,0.0,0
24990,control,0.0,0,0.0,0
24991,treatment,43.43,0,0.0,0
24992,control,53.23,0,0.0,0
24993,treatment,38.3,0,0.0,0
24994,control,0.0,0,0.0,0
24995,treatment,126.25,1,69.61,0
24996,treatment,0.0,0,0.0,0
24997,treatment,37.78,0,0.0,0
24998,treatment,28.34,0,0.0,0
24999,control,0.0,1,61.74,0
25000,treatment,33.19,0,0.0,0
25001,control,221.26,0,0.0,0
25002,control,167.21,0,0.0,0
25003,control,96.63,0,0.0,0
25004,treatment,307.93,1,75.28,0
25005,control,99.37,0,0.0,0
25006,control,0.0,0,0.0,0
25007,treatment,0.0,0,0.0,0
25008,treatment,104.65,0,0.0,0
25009,treatment,0.0,0,0.0,0
25010,control,66.75,1,47.88,0
25011,control,0.0,0,0.0,0
25012,control,0.0,0,0.0,0
25013,treatment,58.17,0,0.0,0
25014,treatment,0.0,0,0.0,0
25015,control,0.0,0,0.0,0
25016,treatment,0.0,0,0.0,0
25017,control,0.0,0,0.0,0
25018,treatment,90.28,0,0.0,0
25019,control,22.66,0,0.0,0
25020,control,0.0,0,0.0,0
25021,control,0.0,0,0.0,0
25022,treatment,108.17,0,0.0,0
25023,control,26.0,0,0.0,0
25024,treatment,264.66,0,0.0,0
25025,treatment,165.08,1,51.42,0
25026,treatment,0.0,0,0.0,0
25027,treatment,0.0,0,0.0,0
25028,control,0.0,0,0.0,0
25029,treatment,38.41,0,0.0,0
25030,treatment,0.0,0,0.0,0
25031,control,17.55,0,0.0,0
25032,control,72.53,0,0.0,0
25033,control,473.23,1,106.07,0
25034,control,0.0,0,0.0,0
25035,treatment,0.0,0,0.0,0
25036,control,0.0,0,0.0,0
25037,control,91.88,0,0.0,0
25038,treatment,0.0,0,0.0,0
25039,treatment,0.0,0,0.0,0
25040,treatment,0.0,0,0.0,0
25041,control,0.0,0,0.0,0
25042,treatment,107.54,0,0.0,0
25043,control,0.0,0,0.0,0
25044,control,37.21,0,0.0,0
25045,treatment,0.0,0,0.0,0
25046,treatment,0.0,1,32.44,0
25047,control,0.0,0,0.0,0
25048,treatment,0.0,0,0.0,0
25049,control,0.0,0,0.0,0
25050,treatment,0.0,0,0.0,0
25051,treatment,155.42,1,81.72,0
25052,control,57.41,0,0.0,0
25053,treatment,0.0,0,0.0,0
25054,control,106.06,1,81.57,0
25055,control,345.71,1,88.73,0
25056,treatment,46.25,0,0.0,0
25057,control,227.14,0,0.0,0
25058,treatment,153.28,0,0.0,0
25059,treatment,0.0,0,0.0,0
25060,control,262.73,0,0.0,0
25061,treatment,0.0,0,0.0,0
25062,control,0.0,0,0.0,0
25063,control,0.0,0,0.0,0
25064,control,0.0,1,52.62,0
25065,control,0.0,0,0.0,0
25066,treatment,75.69,0,0.0,0
25067,control,0.0,0,0.0,0
25068,treatment,39.6,0,0.0,0
25069,treatment,42.57,1,23.56,0
25070,control,212.33,0,0.0,0
25071,control,72.92,0,0.0,0
25072,treatment,150.47,0,0.0,0
25073,treatment,24.68,0,0.0,0
25074,treatment,0.0,0,0.0,0
25075,treatment,0.0,0,0.0,0
25076,treatment,176.16,1,107.08,0
25077,treatment,43.74,0,0.0,0
25078,control,0.0,0,0.0,0
25079,treatment,0.0,0,0.0,0
25081,treatment,51.9,0,0.0,0
25082,control,0.0,1,50.47,0
25083,treatment,0.0,0,0.0,0
25084,control,0.0,0,0.0,0
25085,control,240.82,1,146.88,0
25086,control,0.0,1,43.11,0
25087,control,0.0,0,0.0,0
25088,control,0.0,0,0.0,0
25089,control,121.11,0,0.0,0
25090,treatment,36.91,0,0.0,0
25091,treatment,0.0,0,0.0,0
25092,control,190.95,0,0.0,0
25094,control,0.0,0,0.0,0
25095,treatment,0.0,0,0.0,0
25096,treatment,0.0,0,0.0,0
25097,treatment,0.0,0,0.0,0
25098,control,0.0,0,0.0,0
25099,control,29.24,0,0.0,0
25100,control,0.0,0,0.0,0
25101,control,0.0,0,0.0,0
25102,treatment,22.92,0,0.0,0
25104,treatment,62.58,0,0.0,0
25105,control,118.72,0,0.0,0
25106,treatment,129.1,0,0.0,0
25107,treatment,0.0,0,0.0,0
25108,treatment,0.0,0,0.0,0
25109,control,1332.55,0,0.0,0
25110,control,31.12,0,0.0,0
25111,treatment,479.92,0,0.0,0
25112,control,58.49,0,0.0,0
25113,control,48.22,0,0.0,0
25114,control,0.0,0,0.0,0
25115,treatment,0.0,0,0.0,0
25116,control,64.13,1,129.5,0
25117,control,182.86,0,0.0,0
25118,control,0.0,0,0.0,0
25119,control,41.39,0,0.0,0
25120,treatment,34.04,0,0.0,0
25121,treatment,239.48,1,55.94,0
25122,treatment,0.0,0,0.0,0
25123,control,0.0,0,0.0,0
25124,control,186.7,0,0.0,0
25125,treatment,0.0,0,0.0,0
25126,control,0.0,0,0.0,0
25127,treatment,107.98,0,0.0,0
25128,treatment,0.0,0,0.0,0
25129,control,0.0,0,0.0,0
25130,treatment,0.0,0,0.0,0
25131,control,43.92,0,0.0,0
25132,control,63.12,1,63.09,0
25133,control,0.0,0,0.0,0
25134,treatment,40.57,0,0.0,0
25135,treatment,76.49,0,0.0,0
25136,control,28.34,0,0.0,0
25137,treatment,36.79,0,0.0,0
25138,control,0.0,0,0.0,0
25139,treatment,130.99,1,64.06,0
25140,control,0.0,0,0.0,0
25141,control,191.91,0,0.0,0
25142,treatment,95.87,0,0.0,0
25143,treatment,0.0,0,0.0,0
25144,treatment,0.0,0,0.0,0
25145,control,240.02,0,0.0,0
25146,control,0.0,0,0.0,0
25147,treatment,0.0,0,0.0,0
25148,control,0.0,0,0.0,0
25149,treatment,0.0,0,0.0,0
25150,control,0.0,0,0.0,0
25151,treatment,32.96,0,0.0,0
25152,control,0.0,0,0.0,0
25153,treatment,0.0,0,0.0,0
25154,control,0.0,0,0.0,0
25155,treatment,0.0,0,0.0,0
25156,treatment,0.0,0,0.0,0
25157,control,0.0,0,0.0,0
25158,treatment,24.46,1,19.45,0
25159,treatment,0.0,0,0.0,0
25160,control,0.0,0,0.0,0
25161,control,36.9,0,0.0,0
25162,treatment,179.1,0,0.0,0
25163,control,52.12,0,0.0,0
25164,treatment,126.25,0,0.0,0
25165,treatment,255.12,0,0.0,0
25166,treatment,0.0,0,0.0,0
25167,treatment,28.47,0,0.0,0
25168,control,32.88,0,0.0,0
25169,control,67.41,0,0.0,0
25170,treatment,0.0,0,0.0,0
25171,treatment,0.0,1,21.71,0
25172,control,0.0,0,0.0,0
25173,control,0.0,0,0.0,0
25174,treatment,137.94,1,139.62,0
25175,control,42.62,0,0.0,0
25176,control,0.0,0,0.0,0
25177,treatment,0.0,0,0.0,0
25178,treatment,38.37,0,0.0,0
25179,control,64.1,0,0.0,0
25180,treatment,0.0,0,0.0,0
25181,control,300.07,0,0.0,0
25182,treatment,74.06,0,0.0,0
25183,control,0.0,0,0.0,0
25184,control,0.0,0,0.0,0
25185,treatment,0.0,0,0.0,0
25186,control,0.0,0,0.0,0
25187,control,634.23,1,62.91,0
25188,treatment,0.0,0,0.0,0
25189,treatment,39.15,0,0.0,0
25190,control,65.3,0,0.0,0
25191,control,121.96,0,0.0,0
25192,control,0.0,0,0.0,0
25193,control,0.0,0,0.0,0
25194,control,34.23,0,0.0,0
25195,treatment,0.0,0,0.0,0
25196,treatment,83.56,1,285.9,0
25197,control,58.72,0,0.0,0
25198,control,0.0,0,0.0,0
25199,treatment,0.0,0,0.0,0
25200,treatment,80.33,0,0.0,0
25201,treatment,86.19,0,0.0,0
25202,treatment,40.36,0,0.0,0
25203,control,0.0,0,0.0,0
25204,treatment,363.2,0,0.0,0
25205,treatment,30.65,0,0.0,0
25206,control,71.58,0,0.0,0
25207,control,29.74,0,0.0,0
25208,treatment,78.76,0,0.0,0
25209,treatment,0.0,1,41.36,1
25210,control,21.27,0,0.0,0
25211,treatment,0.0,0,0.0,0
25212,treatment,0.0,0,0.0,0
25213,treatment,49.63,0,0.0,0
25214,control,40.49,0,0.0,0
25215,control,0.0,0,0.0,0
25216,control,190.68,0,0.0,0
25217,control,0.0,0,0.0,0
25218,treatment,0.0,0,0.0,0
25219,control,71.72,0,0.0,0
25220,treatment,17.78,0,0.0,0
25221,treatment,0.0,0,0.0,0
25222,treatment,0.0,0,0.0,0
25223,control,0.0,1,84.67,0
25224,control,0.0,0,0.0,0
25225,treatment,0.0,0,0.0,0
25226,control,0.0,1,79.7,0
25227,control,0.0,0,0.0,0
25228,control,0.0,0,0.0,0
25229,treatment,49.62,0,0.0,0
25230,control,0.0,0,0.0,0
25231,treatment,95.69,0,0.0,0
25232,control,0.0,0,0.0,0
25233,control,0.0,0,0.0,0
25234,treatment,0.0,1,111.67,0
25235,treatment,236.56,0,0.0,0
25236,treatment,184.74,0,0.0,0
25237,control,0.0,0,0.0,0
25238,control,0.0,0,0.0,0
25239,control,89.38,0,0.0,0
25240,treatment,0.0,0,0.0,0
25241,treatment,26.17,0,0.0,0
25242,treatment,0.0,0,0.0,0
25243,control,56.81,0,0.0,0
25244,treatment,0.0,0,0.0,0
25245,treatment,220.29,0,0.0,0
25246,control,0.0,0,0.0,0
25247,control,140.29,0,0.0,0
25248,treatment,0.0,0,0.0,0
25249,treatment,62.68,0,0.0,0
25250,control,62.84,0,0.0,0
25251,treatment,384.39,0,0.0,0
25252,control,61.1,1,57.78,0
25253,control,0.0,0,0.0,0
25254,treatment,70.71,0,0.0,0
25255,treatment,41.55,0,0.0,0
25256,treatment,83.55,0,0.0,0
25257,control,0.0,0,0.0,0
25258,treatment,62.29,0,0.0,0
25259,treatment,0.0,0,0.0,0
25260,treatment,0.0,0,0.0,0
25261,treatment,0.0,0,0.0,0
25262,treatment,55.78,0,0.0,0
25263,treatment,0.0,0,0.0,0
25264,control,0.0,0,0.0,0
25265,treatment,340.14,0,0.0,0
25266,treatment,0.0,0,0.0,0
25267,treatment,148.25,1,59.62,0
25268,control,32.73,0,0.0,0
25269,treatment,106.78,1,91.35,0
25270,control,87.21,0,0.0,0
25271,control,0.0,0,0.0,0
25272,control,0.0,0,0.0,0
25273,treatment,0.0,0,0.0,0
25274,control,0.0,0,0.0,0
25275,treatment,117.27,0,0.0,0
25276,control,285.13,0,0.0,0
25277,control,0.0,0,0.0,0
25278,treatment,42.83,0,0.0,0
25279,treatment,83.36,1,91.18,0
25280,treatment,131.47,0,0.0,0
25282,control,56.89,0,0.0,0
25283,treatment,57.8,0,0.0,0
25284,control,36.53,0,0.0,0
25285,treatment,0.0,0,0.0,0
25286,treatment,42.86,1,32.29,0
25287,control,0.0,0,0.0,0
25288,control,0.0,0,0.0,0
25289,control,0.0,1,56.13,0
25290,treatment,0.0,0,0.0,0
25291,treatment,76.43,1,59.8,0
25292,treatment,50.41,0,0.0,0
25293,control,21.26,0,0.0,0
25294,control,0.0,1,19.61,0
25295,treatment,0.0,0,0.0,0
25296,control,0.0,0,0.0,0
25297,control,241.9,0,0.0,0
25298,control,0.0,0,0.0,0
25299,treatment,0.0,0,0.0,0
25300,control,203.86,0,0.0,0
25301,treatment,65.11,0,0.0,0
25302,treatment,0.0,0,0.0,0
25303,control,266.09,1,102.07,0
25304,treatment,296.88,0,0.0,0
25305,treatment,273.92,0,0.0,0
25306,treatment,58.54,0,0.0,0
25307,control,0.0,0,0.0,0
25308,control,0.0,0,0.0,0
25310,treatment,77.87,1,88.87,0
25311,control,44.8,0,0.0,0
25312,control,0.0,0,0.0,0
25313,treatment,79.12,0,0.0,0
25314,treatment,53.08,0,0.0,0
25315,treatment,0.0,0,0.0,0
25316,treatment,0.0,0,0.0,0
25317,treatment,78.98,0,0.0,0
25318,control,46.58,1,30.82,0
25319,control,0.0,0,0.0,0
25320,control,0.0,0,0.0,0
25321,treatment,0.0,0,0.0,0
25322,treatment,0.0,0,0.0,0
25323,treatment,0.0,1,115.71,0
25324,control,0.0,0,0.0,0
25325,treatment,0.0,0,0.0,0
25326,control,277.4,0,0.0,0
25327,control,0.0,1,15.72,0
25329,treatment,44.36,0,0.0,0
25330,control,0.0,0,0.0,0
25331,control,0.0,0,0.0,0
25332,control,38.37,0,0.0,0
25333,control,53.82,0,0.0,0
25334,treatment,771.65,0,0.0,0
25335,control,0.0,0,0.0,0
25336,control,227.63,0,0.0,0
25337,treatment,0.0,0,0.0,0
25338,treatment,37.91,0,0.0,0
25339,treatment,63.95,1,50.55,0
25340,control,0.0,0,0.0,0
25341,control,0.0,0,0.0,0
25342,treatment,0.0,0,0.0,0
25343,treatment,37.35,0,0.0,0
25344,control,0.0,0,0.0,0
25345,treatment,0.0,0,0.0,0
25346,control,35.28,0,0.0,0
25347,control,0.0,0,0.0,0
25348,treatment,0.0,0,0.0,0
25349,control,0.0,0,0.0,0
25350,control,109.92,1,77.4,0
25351,control,222.74,0,0.0,0
25352,control,84.68,0,0.0,0
25353,treatment,29.89,0,0.0,0
25354,control,0.0,0,0.0,0
25355,control,86.45,0,0.0,0
25356,treatment,38.65,0,0.0,0
25357,treatment,0.0,0,0.0,0
25358,control,0.0,0,0.0,0
25359,treatment,0.0,0,0.0,0
25360,control,100.24,0,0.0,0
25361,treatment,0.0,0,0.0,0
25362,control,0.0,0,0.0,0
25363,treatment,138.03,0,0.0,0
25364,control,37.53,0,0.0,0
25365,treatment,33.95,0,0.0,0
25366,treatment,27.73,0,0.0,0
25367,treatment,0.0,0,0.0,0
25368,treatment,0.0,0,0.0,0
25369,control,0.0,0,0.0,0
25370,control,0.0,0,0.0,0
25371,control,0.0,0,0.0,0
25372,treatment,23.03,0,0.0,0
25373,control,88.28,1,79.24,0
25374,control,0.0,0,0.0,0
25375,control,44.77,0,0.0,0
25376,treatment,125.19,0,0.0,0
25377,treatment,98.79,1,185.63,0
25378,control,184.33,0,0.0,0
25379,treatment,46.33,0,0.0,0
25380,treatment,87.53,0,0.0,0
25381,treatment,83.55,0,0.0,0
25382,control,175.48,0,0.0,0
25383,control,110.6,0,0.0,0
25384,control,0.0,0,0.0,0
25385,treatment,34.26,0,0.0,0
25386,treatment,0.0,0,0.0,0
25387,control,0.0,0,0.0,0
25388,treatment,33.06,1,118.27,0
25389,control,101.45,1,91.18,0
25390,control,0.0,0,0.0,0
25391,control,64.73,0,0.0,0
25392,control,0.0,1,104.08,0
25393,treatment,0.0,0,0.0,0
25394,control,0.0,0,0.0,0
25395,treatment,92.18,0,0.0,0
25396,control,0.0,0,0.0,0
25397,control,43.02,0,0.0,0
25398,control,153.07,0,0.0,0
25399,control,302.12,0,0.0,0
25400,treatment,0.0,0,0.0,0
25401,treatment,59.29,1,86.92,1
25402,treatment,0.0,0,0.0,0
25403,control,116.47,0,0.0,0
25405,treatment,43.23,0,0.0,0
25406,control,0.0,0,0.0,0
25407,treatment,1639.44,1,248.12,0
25408,treatment,0.0,0,0.0,0
25409,treatment,64.64,0,0.0,0
25410,treatment,0.0,0,0.0,0
25411,control,0.0,0,0.0,0
25412,control,58.68,0,0.0,0
25413,control,0.0,0,0.0,0
25414,control,237.55,1,126.19,0
25415,control,0.0,0,0.0,0
25416,control,0.0,0,0.0,0
25417,control,62.35,0,0.0,0
25418,treatment,20.94,0,0.0,0
25419,treatment,51.32,0,0.0,0
25420,treatment,45.72,0,0.0,0
25421,control,158.32,0,0.0,0
25422,treatment,0.0,0,0.0,0
25423,control,23.54,0,0.0,0
25424,control,76.56,0,0.0,0
25425,control,127.21,0,0.0,0
25426,control,0.0,0,0.0,0
25427,control,35.57,0,0.0,0
25428,treatment,0.0,0,0.0,0
25429,treatment,0.0,0,0.0,0
25430,control,0.0,0,0.0,0
25431,control,47.99,0,0.0,0
25432,treatment,86.41,0,0.0,0
25433,control,1291.36,0,0.0,0
25434,treatment,107.78,0,0.0,0
25435,control,0.0,0,0.0,0
25436,treatment,92.56,0,0.0,0
25437,control,0.0,0,0.0,0
25438,treatment,45.32,0,0.0,0
25439,treatment,0.0,0,0.0,0
25440,treatment,155.05,1,76.85,0
25441,control,0.0,0,0.0,0
25442,control,0.0,0,0.0,0
25443,control,71.36,0,0.0,0
25444,control,0.0,0,0.0,0
25445,treatment,370.4,0,0.0,0
25446,control,0.0,0,0.0,0
25448,control,58.82,1,81.45,0
25449,treatment,102.91,0,0.0,0
25450,control,0.0,0,0.0,0
25451,treatment,0.0,0,0.0,0
25452,treatment,0.0,0,0.0,0
25453,control,0.0,0,0.0,0
25454,treatment,0.0,0,0.0,0
25455,control,117.93,0,0.0,0
25456,treatment,0.0,0,0.0,0
25457,treatment,23.19,0,0.0,0
25458,control,0.0,0,0.0,0
25459,treatment,0.0,0,0.0,0
25460,treatment,0.0,0,0.0,0
25461,treatment,0.0,0,0.0,0
25462,treatment,0.0,0,0.0,0
25463,control,105.49,0,0.0,0
25464,treatment,0.0,0,0.0,0
25465,treatment,28.39,0,0.0,0
25466,treatment,47.89,0,0.0,0
25467,treatment,31.01,0,0.0,0
25468,control,0.0,0,0.0,0
25469,treatment,0.0,0,0.0,0
25470,treatment,78.67,0,0.0,0
25471,treatment,24.57,0,0.0,0
25472,control,0.0,0,0.0,0
25473,treatment,0.0,0,0.0,0
25474,control,41.97,0,0.0,0
25475,control,0.0,0,0.0,0
25476,treatment,70.61,0,0.0,0
25477,treatment,0.0,0,0.0,0
25478,control,0.0,0,0.0,0
25479,treatment,0.0,0,0.0,0
25480,treatment,0.0,0,0.0,0
25481,treatment,80.27,0,0.0,0
25482,control,95.09,0,0.0,0
25483,control,0.0,0,0.0,0
25484,control,244.6,0,0.0,0
25485,treatment,53.64,0,0.0,0
25486,treatment,0.0,1,27.3,0
25487,treatment,57.99,0,0.0,0
25488,treatment,337.74,0,0.0,0
25489,treatment,146.47,1,79.8,0
25490,control,0.0,0,0.0,0
25491,control,0.0,0,0.0,0
25492,control,185.33,0,0.0,0
25493,treatment,0.0,0,0.0,0
25494,control,0.0,0,0.0,0
25495,treatment,0.0,0,0.0,0
25496,control,107.08,0,0.0,0
25497,control,70.1,0,0.0,0
25498,control,0.0,0,0.0,0
25499,control,28.22,0,0.0,0
25500,control,0.0,0,0.0,0
25501,treatment,58.5,0,0.0,0
25502,treatment,86.55,0,0.0,0
25503,control,294.93,0,0.0,0
25504,control,528.1,0,0.0,0
25505,control,94.6,0,0.0,0
25506,treatment,0.0,0,0.0,0
25507,control,47.57,0,0.0,0
25508,treatment,0.0,0,0.0,0
25509,treatment,27.91,0,0.0,0
25510,control,0.0,0,0.0,0
25511,treatment,0.0,0,0.0,0
25512,control,0.0,0,0.0,0
25513,treatment,86.22,0,0.0,0
25515,treatment,0.0,0,0.0,0
25516,control,0.0,0,0.0,0
25517,treatment,0.0,0,0.0,0
25518,treatment,0.0,0,0.0,0
25519,control,0.0,0,0.0,0
25520,control,0.0,0,0.0,0
25522,treatment,0.0,0,0.0,0
25523,control,0.0,0,0.0,0
25524,control,49.57,0,0.0,0
25525,control,0.0,0,0.0,0
25526,control,292.91,1,66.36,0
25527,treatment,0.0,1,51.33,0
25528,treatment,27.07,0,0.0,0
25529,treatment,0.0,0,0.0,0
25530,treatment,296.04,0,0.0,0
25531,control,0.0,0,0.0,0
25532,treatment,0.0,0,0.0,0
25533,control,85.39,0,0.0,0
25534,treatment,0.0,0,0.0,0
25535,treatment,0.0,0,0.0,0
25536,treatment,0.0,0,0.0,0
25537,control,0.0,0,0.0,0
25538,control,0.0,0,0.0,0
25539,treatment,0.0,0,0.0,0
25540,treatment,48.76,0,0.0,0
25541,control,0.0,0,0.0,0
25543,control,0.0,0,0.0,0
25544,treatment,55.29,0,0.0,0
25545,treatment,51.83,0,0.0,0
25546,treatment,0.0,0,0.0,0
25547,control,0.0,0,0.0,0
25548,control,127.93,0,0.0,0
25549,control,0.0,0,0.0,0
25550,control,166.2,0,0.0,0
25551,treatment,80.13,0,0.0,0
25552,treatment,67.66,0,0.0,0
25553,treatment,27.32,0,0.0,0
25554,treatment,0.0,0,0.0,0
25555,control,157.52,0,0.0,0
25556,control,74.46,0,0.0,0
25557,control,0.0,0,0.0,0
25558,control,73.37,0,0.0,0
25559,control,0.0,0,0.0,0
25560,treatment,0.0,0,0.0,0
25561,control,0.0,0,0.0,0
25562,control,40.7,0,0.0,0
25563,treatment,0.0,0,0.0,0
25564,control,97.35,0,0.0,0
25565,treatment,41.06,0,0.0,0
25566,control,586.08,1,43.33,0
25567,control,0.0,0,0.0,0
25568,control,243.39,0,0.0,0
25569,control,35.45,0,0.0,0
25570,control,51.75,0,0.0,0
25571,control,0.0,0,0.0,0
25572,control,0.0,0,0.0,0
25573,treatment,189.4,0,0.0,0
25574,control,77.62,0,0.0,0
25575,control,0.0,0,0.0,0
25576,treatment,36.19,0,0.0,0
25577,control,51.5,0,0.0,0
25578,treatment,0.0,0,0.0,0
25579,control,39.75,0,0.0,0
25581,treatment,0.0,0,0.0,0
25582,control,31.58,0,0.0,0
25583,control,250.26,0,0.0,0
25586,control,272.59,1,45.06,0
25587,treatment,0.0,0,0.0,0
25588,treatment,129.89,0,0.0,0
25589,treatment,227.14,0,0.0,0
25590,control,60.55,0,0.0,0
25591,control,37.11,0,0.0,0
25592,treatment,0.0,0,0.0,0
25593,control,0.0,0,0.0,0
25594,control,0.0,0,0.0,0
25595,control,245.86,0,0.0,0
25596,control,0.0,0,0.0,0
25597,control,61.63,0,0.0,0
25598,control,0.0,0,0.0,0
25599,treatment,0.0,0,0.0,0
25600,control,90.63,0,0.0,0
25601,control,63.7,0,0.0,0
25602,treatment,0.0,0,0.0,0
25603,control,339.6,1,29.38,0
25604,treatment,63.23,1,41.81,0
25605,treatment,0.0,0,0.0,0
25606,treatment,0.0,0,0.0,0
25607,control,0.0,0,0.0,0
25608,control,0.0,0,0.0,0
25609,control,100.61,0,0.0,0
25610,control,43.36,1,33.16,0
25611,treatment,69.54,0,0.0,0
25612,control,0.0,0,0.0,0
25613,treatment,74.86,0,0.0,0
25614,control,30.28,0,0.0,0
25615,treatment,140.43,0,0.0,0
25616,control,0.0,0,0.0,0
25617,treatment,0.0,0,0.0,0
25619,control,89.59,0,0.0,0
25620,treatment,24.91,0,0.0,0
25621,control,426.46,0,0.0,0
25622,treatment,53.08,0,0.0,0
25623,control,0.0,0,0.0,0
25624,treatment,0.0,0,0.0,0
25625,control,52.81,0,0.0,0
25626,control,148.16,1,189.06,0
25627,control,37.76,0,0.0,0
25628,treatment,26.6,0,0.0,0
25629,treatment,141.63,0,0.0,0
25630,control,80.08,0,0.0,0
25631,treatment,51.36,0,0.0,0
25632,treatment,0.0,0,0.0,0
25633,treatment,0.0,0,0.0,0
25634,treatment,49.27,1,78.62,0
25635,treatment,0.0,0,0.0,0
25636,treatment,106.0,1,83.25,0
25637,control,0.0,0,0.0,0
25638,treatment,0.0,0,0.0,0
25639,treatment,29.44,0,0.0,0
25640,treatment,0.0,0,0.0,0
25641,control,94.57,0,0.0,0
25642,control,0.0,0,0.0,0
25643,treatment,302.18,0,0.0,0
25644,treatment,161.71,1,61.64,0
25645,control,71.62,0,0.0,0
25646,treatment,0.0,0,0.0,0
25647,control,157.97,1,108.61,0
25648,control,89.15,0,0.0,0
25649,control,49.55,0,0.0,0
25650,control,0.0,0,0.0,0
25651,treatment,0.0,1,77.4,0
25652,treatment,0.0,0,0.0,0
25653,treatment,0.0,0,0.0,0
25654,control,0.0,0,0.0,0
25655,control,150.48,0,0.0,0
25656,treatment,0.0,1,26.9,0
25657,treatment,0.0,0,0.0,0
25658,control,0.0,1,26.89,0
25659,treatment,0.0,0,0.0,0
25660,treatment,0.0,0,0.0,0
25661,treatment,274.13,0,0.0,0
25662,control,0.0,0,0.0,0
25663,treatment,0.0,0,0.0,0
25664,control,102.04,0,0.0,0
25665,treatment,101.42,0,0.0,0
25666,control,0.0,0,0.0,0
25667,treatment,207.67,0,0.0,0
25668,control,0.0,0,0.0,0
25669,control,0.0,0,0.0,0
25670,treatment,168.37,0,0.0,0
25671,treatment,0.0,0,0.0,0
25672,treatment,86.34,0,0.0,0
25673,control,444.18,0,0.0,0
25674,treatment,0.0,0,0.0,0
25675,treatment,0.0,0,0.0,0
25676,control,251.98,0,0.0,0
25677,treatment,0.0,0,0.0,0
25678,control,0.0,0,0.0,0
25679,control,0.0,0,0.0,0
25680,treatment,0.0,0,0.0,0
25681,control,0.0,0,0.0,0
25682,treatment,100.38,0,0.0,0
25684,control,112.07,1,53.97,0
25685,treatment,109.51,0,0.0,0
25686,control,268.18,0,0.0,0
25687,treatment,76.99,0,0.0,0
25688,treatment,99.51,1,80.65,0
25689,treatment,0.0,0,0.0,0
25690,treatment,436.89,1,88.86,0
25691,control,106.65,0,0.0,0
25692,treatment,379.67,0,0.0,0
25693,control,49.64,0,0.0,0
25694,treatment,0.0,0,0.0,0
25695,treatment,99.36,0,0.0,0
25696,treatment,0.0,0,0.0,0
25697,control,0.0,0,0.0,0
25698,control,63.08,0,0.0,0
25699,control,0.0,0,0.0,0
25700,treatment,117.92,0,0.0,0
25701,treatment,45.99,0,0.0,0
25702,treatment,0.0,0,0.0,0
25703,treatment,0.0,0,0.0,0
25704,treatment,0.0,1,36.67,0
25705,control,0.0,0,0.0,0
25707,control,0.0,0,0.0,0
25708,control,57.52,0,0.0,0
25709,control,0.0,0,0.0,0
25710,treatment,0.0,0,0.0,0
25711,control,0.0,0,0.0,0
25712,treatment,273.19,0,0.0,0
25713,control,0.0,0,0.0,0
25714,control,48.68,0,0.0,0
25715,treatment,59.83,0,0.0,0
25716,treatment,46.41,0,0.0,0
25717,treatment,0.0,0,0.0,0
25718,treatment,0.0,0,0.0,0
25719,control,31.05,1,32.54,0
25720,treatment,41.71,0,0.0,0
25721,treatment,68.46,0,0.0,0
25722,treatment,242.71,0,0.0,0
25723,control,17.38,0,0.0,0
25724,control,0.0,0,0.0,0
25725,treatment,43.81,0,0.0,0
25726,control,0.0,0,0.0,0
25727,control,0.0,0,0.0,0
25728,treatment,0.0,0,0.0,0
25729,control,136.24,0,0.0,0
25730,treatment,214.34,1,37.7,0
25731,control,0.0,1,48.35,0
25732,treatment,63.64,0,0.0,0
25733,control,38.92,1,60.31,0
25734,treatment,174.85,0,0.0,0
25735,control,66.3,0,0.0,0
25736,control,0.0,0,0.0,0
25737,control,0.0,0,0.0,0
25738,treatment,0.0,0,0.0,0
25739,control,47.79,0,0.0,0
25740,treatment,0.0,0,0.0,0
25741,control,0.0,0,0.0,0
25742,control,0.0,0,0.0,0
25743,treatment,0.0,0,0.0,0
25744,treatment,0.0,0,0.0,0
25745,control,148.4,0,0.0,0
25746,treatment,118.12,1,73.94,0
25747,control,50.15,1,119.27,0
25748,control,186.64,0,0.0,0
25749,treatment,74.69,0,0.0,0
25750,control,0.0,0,0.0,0
25751,treatment,33.89,0,0.0,0
25752,control,0.0,0,0.0,0
25753,control,0.0,0,0.0,0
25754,control,0.0,0,0.0,0
25755,control,150.6,0,0.0,0
25756,treatment,86.12,0,0.0,0
25757,control,0.0,0,0.0,0
25758,control,0.0,0,0.0,0
25759,treatment,0.0,0,0.0,0
25760,control,0.0,1,42.8,0
25761,treatment,109.4,0,0.0,0
25762,treatment,413.26,1,106.78,0
25763,control,20.05,0,0.0,0
25764,control,0.0,0,0.0,0
25766,control,0.0,0,0.0,0
25767,treatment,0.0,0,0.0,0
25768,control,37.69,1,66.69,0
25769,control,0.0,1,81.08,0
25770,treatment,373.4,0,0.0,0
25771,control,0.0,0,0.0,0
25772,control,0.0,0,0.0,0
25773,control,68.69,0,0.0,0
25774,treatment,0.0,0,0.0,0
25775,control,0.0,0,0.0,0
25776,treatment,33.04,0,0.0,0
25777,treatment,70.0,1,76.64,0
25778,control,158.63,1,151.74,0
25779,control,0.0,1,26.16,0
25780,treatment,0.0,0,0.0,0
25781,control,35.03,0,0.0,0
25782,treatment,0.0,0,0.0,0
25783,control,112.33,0,0.0,0
25784,control,75.27,1,34.92,0
25785,control,0.0,0,0.0,0
25786,control,0.0,0,0.0,0
25787,treatment,102.46,1,43.63,0
25788,treatment,105.69,0,0.0,0
25789,treatment,0.0,0,0.0,0
25790,control,41.56,0,0.0,0
25791,control,0.0,0,0.0,0
25792,treatment,28.13,0,0.0,0
25793,treatment,0.0,0,0.0,0
25794,control,0.0,0,0.0,0
25795,control,50.28,1,41.48,0
25796,control,22.73,0,0.0,0
25797,control,25.55,0,0.0,0
25798,treatment,0.0,0,0.0,0
25799,treatment,50.22,0,0.0,0
25800,control,0.0,0,0.0,0
25801,control,0.0,0,0.0,0
25802,control,20.16,0,0.0,0
25803,control,71.74,0,0.0,0
25804,control,48.82,0,0.0,0
25805,treatment,0.0,0,0.0,0
25806,control,48.93,1,44.44,0
25807,control,92.41,0,0.0,0
25808,treatment,0.0,0,0.0,0
25809,treatment,394.21,0,0.0,0
25810,treatment,122.04,0,0.0,0
25811,control,0.0,0,0.0,0
25812,treatment,58.17,0,0.0,0
25813,control,0.0,1,48.62,0
25814,control,45.73,0,0.0,0
25815,treatment,277.07,1,46.77,1
25816,treatment,91.13,0,0.0,0
25817,control,111.58,0,0.0,0
25818,control,0.0,0,0.0,0
25819,treatment,53.97,0,0.0,0
25820,treatment,0.0,0,0.0,0
25821,treatment,50.07,1,37.89,0
25822,treatment,81.63,0,0.0,0
25823,control,0.0,0,0.0,0
25824,control,86.48,1,35.58,0
25825,treatment,0.0,0,0.0,0
25826,treatment,67.01,0,0.0,0
25827,treatment,0.0,0,0.0,0
25828,treatment,116.34,0,0.0,0
25829,control,0.0,0,0.0,0
25830,treatment,0.0,0,0.0,0
25831,control,68.61,0,0.0,0
25832,treatment,0.0,1,33.8,0
25833,control,0.0,0,0.0,0
25834,control,0.0,0,0.0,0
25835,treatment,80.48,0,0.0,0
25836,control,0.0,0,0.0,0
25837,control,44.15,0,0.0,0
25838,control,70.51,0,0.0,0
25839,treatment,0.0,0,0.0,0
25840,control,0.0,0,0.0,0
25841,control,0.0,0,0.0,0
25842,control,61.79,0,0.0,0
25843,control,101.19,0,0.0,0
25844,control,0.0,0,0.0,0
25845,control,0.0,0,0.0,0
25846,control,69.98,0,0.0,0
25847,treatment,0.0,0,0.0,0
25848,control,0.0,0,0.0,0
25849,treatment,0.0,0,0.0,0
25850,control,39.21,0,0.0,0
25851,control,0.0,0,0.0,0
25852,control,0.0,0,0.0,0
25853,control,0.0,0,0.0,0
25854,control,148.48,0,0.0,0
25855,treatment,81.82,0,0.0,0
25856,control,0.0,0,0.0,0
25857,treatment,75.88,1,67.21,0
25858,control,65.3,0,0.0,0
25859,treatment,0.0,0,0.0,0
25860,control,136.44,0,0.0,0
25861,control,0.0,0,0.0,0
25862,control,0.0,1,93.86,0
25863,control,68.21,0,0.0,0
25864,treatment,0.0,0,0.0,0
25865,treatment,29.66,1,73.4,0
25866,control,180.42,0,0.0,0
25867,control,70.97,0,0.0,0
25868,control,276.51,0,0.0,0
25869,control,85.77,0,0.0,0
25870,treatment,306.2,0,0.0,0
25871,treatment,0.0,0,0.0,0
25872,treatment,149.92,0,0.0,0
25873,control,0.0,0,0.0,0
25874,treatment,0.0,0,0.0,0
25875,control,0.0,0,0.0,0
25876,treatment,0.0,0,0.0,0
25877,treatment,30.78,0,0.0,0
25878,treatment,0.0,0,0.0,0
25879,control,237.61,0,0.0,0
25880,control,0.0,0,0.0,0
25881,control,32.6,0,0.0,0
25882,control,0.0,0,0.0,0
25883,treatment,0.0,0,0.0,0
25884,control,0.0,0,0.0,0
25885,treatment,39.81,0,0.0,0
25887,control,39.53,0,0.0,0
25888,control,0.0,0,0.0,0
25889,control,73.84,0,0.0,0
25890,treatment,69.11,0,0.0,0
25892,control,0.0,0,0.0,0
25893,treatment,28.49,0,0.0,0
25894,control,45.68,0,0.0,0
25895,treatment,0.0,0,0.0,0
25896,control,0.0,0,0.0,0
25897,control,0.0,0,0.0,0
25898,control,152.39,1,47.04,0
25899,control,208.02,0,0.0,0
25900,control,0.0,0,0.0,0
25901,control,0.0,0,0.0,0
25902,control,44.34,0,0.0,0
25903,treatment,0.0,0,0.0,0
25904,treatment,0.0,0,0.0,0
25905,control,182.23,0,0.0,0
25907,treatment,52.75,0,0.0,0
25908,control,0.0,0,0.0,0
25909,control,0.0,0,0.0,0
25910,treatment,0.0,0,0.0,0
25911,control,0.0,0,0.0,0
25912,treatment,36.87,0,0.0,0
25913,control,0.0,0,0.0,0
25915,treatment,0.0,0,0.0,0
25916,control,0.0,1,64.38,0
25917,control,27.33,0,0.0,0
25918,treatment,80.15,1,38.6,1
25919,treatment,0.0,0,0.0,0
25920,treatment,801.04,1,95.35,0
25921,control,43.32,0,0.0,0
25922,control,0.0,0,0.0,0
25923,treatment,0.0,1,62.67,0
25924,control,22.42,0,0.0,0
25925,control,0.0,0,0.0,0
25926,control,0.0,0,0.0,0
25927,treatment,0.0,0,0.0,0
25928,treatment,68.85,0,0.0,0
25929,treatment,280.48,0,0.0,0
25930,control,0.0,0,0.0,0
25931,control,82.85,0,0.0,0
25932,control,0.0,0,0.0,0
25933,treatment,145.7,0,0.0,0
25934,treatment,0.0,0,0.0,0
25935,treatment,45.44,0,0.0,0
25936,treatment,85.8,1,34.02,0
25937,control,35.36,1,48.77,0
25938,control,0.0,0,0.0,0
25939,control,0.0,0,0.0,0
25940,treatment,0.0,0,0.0,0
25941,control,0.0,1,154.38,0
25942,control,41.55,0,0.0,0
25943,control,0.0,0,0.0,0
25944,treatment,109.49,0,0.0,0
25945,treatment,0.0,0,0.0,0
25946,treatment,0.0,0,0.0,0
25947,treatment,425.54,1,154.97,0
25948,treatment,0.0,0,0.0,0
25949,control,37.03,0,0.0,0
25950,treatment,0.0,0,0.0,0
25951,control,30.85,0,0.0,0
25952,control,0.0,0,0.0,0
25953,treatment,67.63,0,0.0,0
25954,treatment,70.77,0,0.0,0
25955,treatment,0.0,0,0.0,0
25956,control,35.04,0,0.0,0
25957,treatment,59.55,0,0.0,0
25958,control,49.8,0,0.0,0
25959,control,63.43,0,0.0,0
25960,control,146.78,0,0.0,0
25961,control,230.39,0,0.0,0
25962,treatment,0.0,0,0.0,0
25963,treatment,0.0,0,0.0,0
25964,control,0.0,0,0.0,0
25965,control,0.0,0,0.0,0
25966,control,48.5,0,0.0,0
25967,treatment,167.53,0,0.0,0
25968,control,0.0,0,0.0,0
25969,control,79.9,1,80.5,0
25970,treatment,0.0,0,0.0,0
25971,treatment,0.0,0,0.0,0
25972,control,91.82,0,0.0,0
25973,treatment,54.44,0,0.0,0
25974,control,0.0,1,53.37,0
25975,control,0.0,0,0.0,0
25976,control,0.0,0,0.0,0
25977,treatment,0.0,0,0.0,0
25978,treatment,0.0,0,0.0,0
25979,treatment,35.45,0,0.0,0
25980,control,0.0,0,0.0,0
25981,treatment,39.32,0,0.0,0
25982,treatment,22.84,0,0.0,0
25983,control,83.87,0,0.0,0
25984,control,54.66,0,0.0,0
25985,control,500.69,0,0.0,0
25986,treatment,128.27,0,0.0,0
25987,treatment,196.43,0,0.0,0
25988,treatment,493.4,1,62.84,0
25989,treatment,0.0,0,0.0,0
25990,control,45.89,0,0.0,0
25991,treatment,32.11,0,0.0,0
25992,control,0.0,0,0.0,0
25993,treatment,61.56,0,0.0,0
25994,control,186.89,0,0.0,0
25995,treatment,122.8,0,0.0,0
25996,treatment,0.0,1,77.54,0
25997,treatment,0.0,0,0.0,0
25998,control,0.0,0,0.0,0
25999,treatment,107.53,1,32.09,0
26000,treatment,0.0,0,0.0,0
26001,treatment,42.32,0,0.0,0
26002,treatment,72.18,0,0.0,0
26003,treatment,0.0,0,0.0,0
26004,control,98.32,1,113.0,0
26005,control,0.0,0,0.0,0
26006,control,0.0,0,0.0,0
26007,treatment,0.0,0,0.0,0
26008,control,31.31,0,0.0,0
26009,treatment,79.39,0,0.0,0
26010,control,0.0,0,0.0,0
26011,treatment,0.0,0,0.0,0
26012,control,0.0,0,0.0,0
26013,control,0.0,0,0.0,0
26014,treatment,0.0,0,0.0,0
26016,control,0.0,0,0.0,0
26017,treatment,0.0,0,0.0,0
26018,control,86.02,0,0.0,0
26019,control,826.1,1,45.67,0
26020,treatment,98.44,1,62.2,0
26021,control,191.79,0,0.0,0
26022,treatment,0.0,1,36.19,0
26023,control,0.0,0,0.0,0
26024,treatment,0.0,0,0.0,0
26025,control,299.94,0,0.0,0
26026,treatment,23.37,0,0.0,0
26027,treatment,153.89,0,0.0,0
26028,treatment,0.0,0,0.0,0
26029,control,0.0,0,0.0,0
26031,treatment,35.21,0,0.0,0
26032,control,43.07,0,0.0,0
26033,control,0.0,0,0.0,0
26034,treatment,87.76,0,0.0,0
26035,control,0.0,0,0.0,0
26036,treatment,0.0,0,0.0,0
26037,treatment,64.9,0,0.0,0
26038,treatment,116.45,1,29.97,0
26039,control,0.0,0,0.0,0
26040,control,0.0,0,0.0,0
26041,control,0.0,0,0.0,0
26042,control,0.0,0,0.0,0
26043,control,0.0,0,0.0,0
26044,treatment,51.9,0,0.0,0
26045,control,0.0,0,0.0,0
26046,treatment,27.21,0,0.0,0
26047,treatment,200.01,1,50.03,0
26048,treatment,94.91,1,78.93,0
26049,treatment,47.87,0,0.0,0
26050,control,0.0,0,0.0,0
26051,control,252.04,0,0.0,0
26052,control,0.0,0,0.0,0
26053,control,153.15,0,0.0,0
26054,treatment,0.0,0,0.0,0
26055,treatment,46.03,0,0.0,0
26056,treatment,0.0,1,21.91,0
26057,control,42.28,0,0.0,0
26058,control,0.0,0,0.0,0
26059,control,0.0,0,0.0,0
26060,treatment,0.0,0,0.0,0
26061,treatment,0.0,0,0.0,0
26062,control,0.0,0,0.0,0
26063,treatment,0.0,0,0.0,0
26064,treatment,144.8,0,0.0,0
26065,treatment,33.99,0,0.0,0
26066,control,0.0,0,0.0,0
26067,treatment,132.49,0,0.0,0
26068,control,0.0,0,0.0,0
26069,control,0.0,0,0.0,0
26070,control,0.0,0,0.0,0
26071,control,216.35,1,64.41,0
26072,treatment,208.52,0,0.0,0
26073,control,0.0,0,0.0,0
26074,treatment,0.0,0,0.0,0
26075,treatment,0.0,0,0.0,0
26076,treatment,34.62,0,0.0,0
26077,control,0.0,0,0.0,0
26078,treatment,0.0,0,0.0,0
26079,treatment,125.64,1,59.08,0
26080,treatment,41.97,0,0.0,0
26081,control,69.7,0,0.0,0
26082,treatment,58.23,0,0.0,0
26083,control,482.85,0,0.0,0
26084,treatment,0.0,1,84.2,0
26085,control,64.9,0,0.0,0
26086,control,69.19,0,0.0,0
26087,control,68.01,0,0.0,0
26088,treatment,47.22,0,0.0,0
26089,treatment,0.0,1,50.34,0
26090,control,0.0,0,0.0,0
26091,treatment,44.37,0,0.0,0
26092,control,0.0,0,0.0,0
26093,control,0.0,1,38.21,0
26094,treatment,0.0,0,0.0,0
26095,treatment,0.0,0,0.0,0
26096,treatment,0.0,0,0.0,0
26097,control,77.82,0,0.0,0
26098,treatment,59.47,0,0.0,0
26099,treatment,0.0,0,0.0,0
26100,control,0.0,0,0.0,0
26101,control,58.04,1,52.5,0
26102,treatment,350.46,1,246.87,0
26103,treatment,0.0,0,0.0,0
26104,control,95.04,0,0.0,0
26105,control,44.92,0,0.0,0
26106,control,0.0,0,0.0,0
26107,treatment,72.92,0,0.0,0
26108,treatment,0.0,0,0.0,0
26109,control,0.0,0,0.0,0
26110,control,0.0,0,0.0,0
26111,control,56.94,0,0.0,0
26112,control,0.0,0,0.0,0
26113,control,104.64,0,0.0,0
26114,treatment,0.0,1,63.22,0
26115,control,145.78,0,0.0,0
26116,treatment,98.27,0,0.0,0
26117,control,42.56,0,0.0,0
26118,treatment,50.44,0,0.0,0
26119,treatment,0.0,0,0.0,0
26120,control,90.5,0,0.0,0
26122,treatment,0.0,0,0.0,0
26123,control,0.0,1,58.81,0
26124,treatment,45.92,0,0.0,0
26125,treatment,0.0,0,0.0,0
26126,treatment,31.49,0,0.0,0
26127,treatment,55.39,0,0.0,0
26128,control,0.0,0,0.0,0
26129,control,0.0,0,0.0,0
26130,treatment,88.45,0,0.0,0
26131,treatment,28.56,1,88.28,0
26132,control,136.18,0,0.0,0
26133,control,375.85,1,42.9,0
26134,treatment,0.0,0,0.0,0
26135,control,127.08,0,0.0,0
26136,control,0.0,0,0.0,0
26137,control,0.0,0,0.0,0
26138,control,77.33,0,0.0,0
26139,treatment,0.0,0,0.0,0
26140,control,46.69,0,0.0,0
26141,treatment,51.47,0,0.0,0
26142,treatment,38.37,0,0.0,0
26143,control,0.0,0,0.0,0
26144,control,0.0,0,0.0,0
26145,treatment,60.9,0,0.0,0
26146,control,0.0,0,0.0,0
26147,treatment,55.38,0,0.0,0
26148,treatment,0.0,0,0.0,0
26149,treatment,55.88,0,0.0,0
26150,control,215.82,0,0.0,0
26151,control,0.0,0,0.0,0
26152,treatment,0.0,0,0.0,0
26153,treatment,0.0,0,0.0,0
26154,control,16.57,0,0.0,0
26155,treatment,895.2,0,0.0,0
26156,treatment,51.33,0,0.0,0
26157,treatment,249.52,0,0.0,0
26158,treatment,84.99,1,50.42,0
26159,treatment,236.56,0,0.0,0
26160,treatment,0.0,0,0.0,0
26161,treatment,35.45,0,0.0,0
26162,treatment,0.0,0,0.0,0
26163,treatment,0.0,0,0.0,0
26165,treatment,39.13,0,0.0,0
26166,control,44.73,0,0.0,0
26167,treatment,137.69,0,0.0,0
26168,treatment,54.79,0,0.0,0
26169,control,93.98,0,0.0,0
26170,treatment,0.0,0,0.0,0
26171,control,90.4,1,34.28,0
26172,control,0.0,0,0.0,0
26173,control,93.41,0,0.0,0
26174,control,0.0,0,0.0,0
26175,treatment,0.0,0,0.0,0
26176,control,69.06,1,49.72,0
26177,treatment,0.0,0,0.0,0
26178,treatment,0.0,0,0.0,0
26179,treatment,27.06,0,0.0,0
26180,treatment,93.02,0,0.0,0
26181,treatment,344.82,1,30.63,0
26182,control,152.17,0,0.0,0
26183,control,116.92,0,0.0,0
26184,treatment,62.73,0,0.0,0
26185,treatment,41.81,0,0.0,0
26186,control,0.0,0,0.0,0
26187,treatment,0.0,0,0.0,0
26188,treatment,140.06,1,91.16,0
26189,treatment,24.48,0,0.0,0
26190,control,0.0,0,0.0,0
26191,treatment,30.65,0,0.0,0
26192,treatment,43.29,0,0.0,0
26193,treatment,0.0,0,0.0,0
26194,control,0.0,0,0.0,0
26195,treatment,0.0,0,0.0,0
26196,control,44.42,0,0.0,0
26197,treatment,74.24,1,60.16,0
26198,treatment,52.4,1,34.1,0
26199,treatment,230.39,0,0.0,0
26200,treatment,111.52,0,0.0,0
26201,treatment,0.0,0,0.0,0
26202,control,214.99,0,0.0,0
26204,control,411.93,1,65.57,0
26205,control,87.19,1,30.25,0
26206,treatment,92.17,0,0.0,0
26207,control,66.44,0,0.0,0
26208,treatment,27.9,0,0.0,0
26209,control,0.0,0,0.0,0
26210,control,56.83,0,0.0,0
26211,treatment,0.0,0,0.0,0
26212,treatment,0.0,0,0.0,0
26213,treatment,0.0,1,54.65,0
26214,treatment,0.0,0,0.0,0
26215,control,0.0,0,0.0,0
26216,control,0.0,0,0.0,0
26217,treatment,0.0,0,0.0,0
26218,treatment,39.73,0,0.0,0
26219,control,102.45,0,0.0,0
26220,treatment,0.0,0,0.0,0
26221,treatment,69.83,0,0.0,0
26222,treatment,0.0,0,0.0,0
26223,treatment,0.0,1,68.96,0
26224,treatment,0.0,0,0.0,0
26225,treatment,51.54,0,0.0,0
26226,treatment,431.67,1,66.19,0
26227,control,94.75,0,0.0,0
26228,treatment,621.55,1,127.09,0
26229,treatment,186.69,1,46.44,0
26230,treatment,0.0,0,0.0,0
26231,control,0.0,0,0.0,0
26232,control,0.0,0,0.0,0
26233,control,85.42,0,0.0,0
26234,control,0.0,0,0.0,0
26235,treatment,0.0,0,0.0,0
26236,treatment,158.26,0,0.0,0
26237,control,0.0,0,0.0,0
26238,treatment,0.0,0,0.0,0
26239,treatment,107.69,1,61.37,0
26240,control,559.41,1,92.72,0
26241,control,0.0,0,0.0,0
26242,treatment,0.0,0,0.0,0
26243,control,0.0,0,0.0,0
26244,treatment,60.37,0,0.0,0
26245,control,80.77,0,0.0,0
26246,control,0.0,0,0.0,0
26247,control,31.67,0,0.0,0
26248,control,164.01,0,0.0,0
26249,control,70.52,0,0.0,0
26250,treatment,0.0,0,0.0,0
26251,treatment,47.84,0,0.0,0
26252,control,152.54,0,0.0,0
26253,treatment,135.08,0,0.0,0
26254,control,502.49,1,80.23,0
26255,treatment,69.96,0,0.0,0
26256,control,246.65,0,0.0,0
26257,control,0.0,0,0.0,0
26258,treatment,0.0,0,0.0,0
26259,treatment,27.33,0,0.0,0
26260,treatment,39.92,0,0.0,0
26261,treatment,24.28,0,0.0,0
26262,control,0.0,0,0.0,0
26263,treatment,0.0,0,0.0,0
26264,treatment,0.0,0,0.0,0
26265,treatment,111.98,0,0.0,0
26266,treatment,0.0,1,55.71,0
26267,control,0.0,0,0.0,0
26268,control,43.39,0,0.0,0
26269,treatment,0.0,0,0.0,0
26270,control,0.0,0,0.0,0
26271,control,626.04,1,45.51,0
26272,treatment,0.0,0,0.0,0
26273,treatment,0.0,0,0.0,0
26274,control,0.0,0,0.0,0
26275,control,124.12,0,0.0,0
26276,treatment,0.0,0,0.0,0
26277,control,0.0,0,0.0,0
26278,treatment,75.42,0,0.0,0
26279,treatment,211.22,1,225.53,1
26280,treatment,120.65,0,0.0,0
26281,treatment,113.12,0,0.0,0
26282,control,0.0,0,0.0,0
26283,control,141.73,1,92.58,0
26284,control,0.0,0,0.0,0
26285,control,28.42,1,188.62,0
26286,treatment,0.0,0,0.0,0
26287,treatment,0.0,0,0.0,0
26288,control,66.25,0,0.0,0
26289,treatment,51.2,0,0.0,0
26290,control,0.0,0,0.0,0
26291,control,32.21,0,0.0,0
26292,control,0.0,0,0.0,0
26293,control,175.81,0,0.0,0
26294,control,0.0,0,0.0,0
26295,control,0.0,0,0.0,0
26296,control,105.23,0,0.0,0
26297,treatment,0.0,0,0.0,0
26298,treatment,0.0,0,0.0,0
26299,treatment,0.0,0,0.0,0
26300,treatment,635.22,1,98.41,0
26301,treatment,0.0,0,0.0,0
26302,treatment,389.85,1,136.24,0
26303,control,0.0,0,0.0,0
26304,control,0.0,0,0.0,0
26305,control,35.62,1,106.25,0
26306,treatment,0.0,0,0.0,0
26307,treatment,107.59,1,43.39,0
26308,control,44.07,0,0.0,0
26309,treatment,49.77,0,0.0,0
26310,control,0.0,0,0.0,0
26311,treatment,0.0,0,0.0,0
26312,treatment,42.38,1,50.94,0
26313,control,0.0,0,0.0,0
26315,treatment,150.78,1,41.23,0
26316,treatment,0.0,0,0.0,0
26317,control,70.35,0,0.0,0
26318,control,0.0,0,0.0,0
26319,control,191.81,0,0.0,0
26320,treatment,44.22,0,0.0,0
26321,control,0.0,0,0.0,0
26322,treatment,0.0,0,0.0,0
26323,treatment,0.0,0,0.0,0
26324,control,418.01,1,94.88,0
26325,control,0.0,0,0.0,0
26326,treatment,0.0,0,0.0,0
26327,treatment,0.0,0,0.0,0
26328,control,32.17,0,0.0,0
26329,control,0.0,0,0.0,0
26330,control,260.82,0,0.0,0
26331,treatment,141.93,1,40.61,0
26332,treatment,215.34,0,0.0,0
26333,treatment,0.0,0,0.0,0
26334,treatment,123.11,0,0.0,0
26335,treatment,0.0,0,0.0,0
26336,treatment,0.0,0,0.0,0
26337,treatment,122.38,0,0.0,0
26338,treatment,0.0,0,0.0,0
26339,control,0.0,0,0.0,0
26340,treatment,0.0,0,0.0,0
26341,control,67.39,0,0.0,0
26342,control,0.0,0,0.0,0
26343,control,29.9,0,0.0,0
26344,treatment,51.13,0,0.0,0
26345,treatment,0.0,0,0.0,0
26346,treatment,267.61,1,83.57,0
26347,control,0.0,1,14.46,0
26348,control,44.55,0,0.0,0
26349,treatment,83.27,1,99.47,0
26350,control,0.0,0,0.0,0
26351,treatment,45.36,0,0.0,0
26352,control,0.0,0,0.0,0
26353,treatment,0.0,0,0.0,0
26354,treatment,49.91,0,0.0,0
26355,control,103.99,0,0.0,0
26356,control,104.58,0,0.0,0
26357,control,0.0,0,0.0,0
26358,treatment,0.0,0,0.0,0
26359,treatment,0.0,0,0.0,0
26361,control,0.0,0,0.0,0
26362,control,0.0,0,0.0,0
26363,treatment,83.56,0,0.0,0
26364,control,0.0,0,0.0,0
26365,control,0.0,0,0.0,0
26366,treatment,123.48,0,0.0,0
26367,control,0.0,0,0.0,0
26368,treatment,30.36,1,51.9,0
26369,treatment,0.0,0,0.0,0
26370,control,24.11,0,0.0,0
26371,treatment,115.56,0,0.0,0
26372,treatment,50.09,1,67.84,0
26373,treatment,0.0,0,0.0,0
26374,control,56.85,0,0.0,0
26375,control,0.0,0,0.0,0
26376,control,0.0,0,0.0,0
26377,treatment,61.62,1,41.32,0
26378,treatment,0.0,0,0.0,0
26379,control,50.37,0,0.0,0
26380,treatment,0.0,0,0.0,0
26381,control,135.94,0,0.0,0
26382,control,0.0,0,0.0,0
26383,control,0.0,0,0.0,0
26384,treatment,59.7,0,0.0,0
26385,treatment,0.0,0,0.0,0
26386,treatment,32.62,0,0.0,0
26387,treatment,0.0,0,0.0,0
26388,control,0.0,0,0.0,0
26389,treatment,0.0,0,0.0,0
26390,treatment,0.0,0,0.0,0
26391,control,122.34,0,0.0,0
26392,treatment,35.75,0,0.0,0
26393,control,24.74,0,0.0,0
26394,control,0.0,1,54.54,0
26395,treatment,0.0,0,0.0,0
26396,treatment,0.0,0,0.0,0
26397,treatment,0.0,0,0.0,0
26398,treatment,0.0,0,0.0,0
26399,treatment,0.0,0,0.0,0
26400,control,28.25,0,0.0,0
26401,treatment,0.0,0,0.0,0
26402,control,163.24,0,0.0,0
26403,control,0.0,0,0.0,0
26404,treatment,0.0,0,0.0,0
26405,treatment,0.0,0,0.0,0
26406,control,68.7,1,48.36,0
26407,treatment,37.37,0,0.0,0
26408,treatment,0.0,1,28.66,0
26409,treatment,116.14,0,0.0,0
26410,treatment,79.72,0,0.0,0
26411,treatment,0.0,0,0.0,0
26412,treatment,0.0,0,0.0,0
26413,treatment,242.52,1,49.41,0
26414,treatment,46.74,0,0.0,0
26415,treatment,0.0,0,0.0,0
26417,control,0.0,1,52.2,0
26418,control,0.0,0,0.0,0
26419,control,0.0,0,0.0,0
26420,treatment,0.0,0,0.0,0
26421,control,40.52,0,0.0,0
26423,control,0.0,0,0.0,0
26424,treatment,163.6,0,0.0,0
26425,treatment,0.0,0,0.0,0
26426,control,0.0,0,0.0,0
26427,control,28.06,0,0.0,0
26428,control,51.29,0,0.0,0
26429,treatment,100.26,0,0.0,0
26430,control,75.42,0,0.0,0
26431,control,0.0,0,0.0,0
26432,treatment,0.0,0,0.0,0
26433,control,29.66,0,0.0,0
26434,treatment,250.42,1,267.04,0
26435,treatment,0.0,0,0.0,0
26436,control,138.05,0,0.0,0
26437,control,0.0,0,0.0,0
26438,treatment,28.54,1,56.41,0
26439,control,0.0,0,0.0,0
26440,control,139.19,0,0.0,0
26441,treatment,0.0,0,0.0,0
26442,control,0.0,0,0.0,0
26443,treatment,0.0,0,0.0,0
26444,treatment,0.0,0,0.0,0
26445,treatment,0.0,0,0.0,0
26446,treatment,154.18,0,0.0,0
26447,treatment,140.94,0,0.0,0
26448,treatment,34.47,1,162.56,0
26449,treatment,0.0,0,0.0,0
26450,control,0.0,0,0.0,0
26451,control,32.71,0,0.0,0
26452,control,74.29,0,0.0,0
26453,control,39.88,0,0.0,0
26454,control,0.0,0,0.0,0
26455,treatment,0.0,0,0.0,0
26456,treatment,0.0,0,0.0,0
26457,control,1940.55,1,166.07,0
26458,control,0.0,0,0.0,0
26459,treatment,0.0,0,0.0,0
26460,control,0.0,0,0.0,0
26461,treatment,143.21,0,0.0,0
26462,treatment,0.0,0,0.0,0
26463,control,55.2,0,0.0,0
26464,control,104.72,0,0.0,0
26465,treatment,30.74,0,0.0,0
26466,control,68.21,0,0.0,0
26467,control,54.75,0,0.0,0
26468,treatment,0.0,0,0.0,0
26469,treatment,0.0,0,0.0,0
26470,treatment,30.82,0,0.0,0
26471,treatment,68.08,0,0.0,0
26472,control,0.0,0,0.0,0
26473,control,0.0,0,0.0,0
26474,treatment,254.0,0,0.0,0
26475,treatment,0.0,0,0.0,0
26476,control,133.32,1,62.92,0
26477,treatment,0.0,0,0.0,0
26478,treatment,0.0,0,0.0,0
26479,control,100.81,1,121.74,0
26480,control,0.0,0,0.0,0
26481,treatment,0.0,0,0.0,0
26482,control,0.0,0,0.0,0
26483,treatment,139.87,0,0.0,0
26484,treatment,0.0,0,0.0,0
26485,control,0.0,0,0.0,0
26486,treatment,47.33,1,40.35,0
26487,control,88.71,0,0.0,0
26488,treatment,0.0,0,0.0,0
26489,control,0.0,0,0.0,0
26491,treatment,87.53,0,0.0,0
26492,control,78.94,1,46.19,0
26493,control,0.0,0,0.0,0
26494,treatment,86.99,0,0.0,0
26496,control,100.16,0,0.0,0
26497,control,672.84,1,37.88,0
26498,treatment,0.0,0,0.0,0
26499,treatment,45.36,1,43.26,0
26500,control,0.0,0,0.0,0
26501,treatment,0.0,0,0.0,0
26502,control,51.75,0,0.0,0
26503,control,111.69,0,0.0,0
26504,control,0.0,0,0.0,0
26505,treatment,0.0,0,0.0,0
26506,treatment,122.28,0,0.0,0
26507,treatment,1172.49,0,0.0,0
26508,treatment,0.0,0,0.0,0
26509,control,63.98,0,0.0,0
26510,control,0.0,0,0.0,0
26511,control,1416.32,1,125.62,0
26512,treatment,0.0,0,0.0,0
26513,treatment,42.06,0,0.0,0
26514,treatment,0.0,0,0.0,0
26515,control,124.9,1,43.8,0
26516,treatment,55.4,0,0.0,0
26517,control,187.04,0,0.0,0
26518,treatment,0.0,1,48.59,0
26519,control,140.99,0,0.0,0
26520,treatment,119.26,0,0.0,0
26521,control,93.91,0,0.0,0
26522,control,0.0,0,0.0,0
26523,treatment,0.0,0,0.0,0
26524,treatment,0.0,1,54.65,0
26525,control,0.0,0,0.0,0
26526,control,0.0,0,0.0,0
26527,control,89.12,1,65.03,0
26528,control,63.73,1,87.88,0
26529,treatment,236.91,1,85.59,0
26530,control,0.0,0,0.0,0
26531,control,0.0,0,0.0,0
26532,treatment,67.29,0,0.0,0
26533,control,46.01,0,0.0,0
26534,treatment,28.07,0,0.0,0
26535,treatment,0.0,0,0.0,0
26536,treatment,0.0,0,0.0,0
26537,treatment,0.0,0,0.0,0
26538,control,43.87,0,0.0,0
26539,control,15.07,0,0.0,0
26540,control,272.17,0,0.0,0
26541,control,0.0,0,0.0,0
26542,control,0.0,0,0.0,0
26543,control,0.0,0,0.0,0
26544,treatment,0.0,0,0.0,0
26545,control,0.0,0,0.0,0
26546,control,0.0,1,54.29,0
26547,treatment,99.37,0,0.0,0
26548,control,0.0,0,0.0,0
26549,control,80.81,0,0.0,0
26550,control,239.76,1,56.76,0
26552,control,317.65,0,0.0,0
26553,treatment,62.26,0,0.0,0
26554,treatment,0.0,0,0.0,0
26555,treatment,0.0,0,0.0,0
26556,treatment,0.0,0,0.0,0
26557,treatment,0.0,0,0.0,0
26558,control,51.88,0,0.0,0
26559,control,84.52,0,0.0,0
26560,control,166.58,0,0.0,0
26561,treatment,0.0,0,0.0,0
26562,treatment,0.0,0,0.0,0
26563,control,52.05,0,0.0,0
26564,treatment,26.07,0,0.0,0
26565,control,74.68,0,0.0,0
26566,treatment,70.1,0,0.0,0
26567,treatment,0.0,0,0.0,0
26568,control,156.76,0,0.0,0
26569,control,0.0,0,0.0,0
26570,control,43.26,0,0.0,0
26571,treatment,142.32,1,119.87,1
26572,treatment,0.0,0,0.0,0
26573,treatment,0.0,0,0.0,0
26574,treatment,0.0,1,72.36,0
26575,treatment,54.17,0,0.0,0
26576,treatment,49.11,0,0.0,0
26577,treatment,0.0,1,68.11,1
26578,treatment,0.0,1,58.92,0
26579,control,0.0,0,0.0,0
26581,control,0.0,0,0.0,0
26582,treatment,0.0,0,0.0,0
26583,control,90.83,1,50.78,0
26584,treatment,0.0,0,0.0,0
26585,control,132.28,1,67.34,0
26586,treatment,0.0,0,0.0,0
26587,treatment,56.29,0,0.0,0
26588,control,85.9,0,0.0,0
26589,control,0.0,0,0.0,0
26590,treatment,28.09,0,0.0,0
26591,treatment,0.0,0,0.0,0
26592,treatment,0.0,0,0.0,0
26593,treatment,0.0,0,0.0,0
26594,control,89.51,0,0.0,0
26595,treatment,0.0,0,0.0,0
26596,treatment,772.0,0,0.0,0
26597,control,64.78,0,0.0,0
26598,treatment,53.02,0,0.0,0
26599,control,29.73,0,0.0,0
26600,control,113.71,0,0.0,0
26601,control,0.0,0,0.0,0
26602,control,82.34,0,0.0,0
26603,treatment,0.0,0,0.0,0
26604,treatment,0.0,0,0.0,0
26605,control,0.0,0,0.0,0
26606,treatment,42.49,0,0.0,0
26607,control,61.21,0,0.0,0
26608,control,0.0,0,0.0,0
26609,treatment,142.24,0,0.0,0
26610,control,51.52,0,0.0,0
26611,control,304.62,1,209.62,0
26612,treatment,0.0,1,48.4,0
26613,treatment,0.0,0,0.0,0
26614,treatment,0.0,0,0.0,0
26615,control,0.0,0,0.0,0
26616,control,115.43,1,62.06,1
26617,treatment,0.0,0,0.0,0
26619,treatment,0.0,0,0.0,0
26620,control,38.69,0,0.0,0
26621,treatment,0.0,0,0.0,0
26622,control,51.38,0,0.0,0
26623,treatment,0.0,0,0.0,0
26624,control,38.6,0,0.0,0
26625,treatment,91.04,1,83.84,0
26626,treatment,489.62,0,0.0,0
26627,treatment,72.81,0,0.0,0
26628,control,0.0,0,0.0,0
26629,treatment,0.0,0,0.0,0
26630,control,0.0,0,0.0,0
26631,treatment,0.0,0,0.0,0
26632,treatment,0.0,0,0.0,0
26633,control,0.0,1,106.45,0
26634,treatment,0.0,0,0.0,0
26635,control,84.24,0,0.0,0
26636,treatment,168.66,0,0.0,0
26637,control,0.0,0,0.0,0
26638,control,219.67,0,0.0,0
26639,control,35.34,0,0.0,0
26640,treatment,227.5,0,0.0,0
26641,treatment,0.0,0,0.0,0
26642,control,0.0,0,0.0,0
26643,treatment,0.0,0,0.0,0
26644,control,41.47,1,119.33,0
26645,treatment,0.0,0,0.0,0
26646,treatment,0.0,0,0.0,0
26647,treatment,88.45,0,0.0,0
26648,control,128.48,0,0.0,0
26649,control,28.82,0,0.0,0
26650,control,154.94,0,0.0,0
26651,treatment,0.0,0,0.0,0
26652,control,64.39,1,73.12,0
26653,treatment,54.74,0,0.0,0
26654,treatment,0.0,0,0.0,0
26655,treatment,0.0,0,0.0,0
26656,treatment,0.0,0,0.0,0
26657,control,0.0,0,0.0,0
26658,treatment,0.0,1,121.27,0
26659,treatment,0.0,1,24.04,0
26660,treatment,474.14,1,50.41,0
26661,treatment,0.0,0,0.0,0
26662,control,0.0,0,0.0,0
26663,treatment,32.75,0,0.0,0
26664,treatment,0.0,0,0.0,0
26665,treatment,81.24,1,50.11,0
26666,treatment,53.41,0,0.0,0
26667,control,0.0,0,0.0,0
26668,control,0.0,0,0.0,0
26669,control,35.7,0,0.0,0
26670,treatment,1228.98,1,53.26,0
26671,treatment,0.0,0,0.0,0
26672,treatment,53.43,0,0.0,0
26673,treatment,0.0,1,17.07,0
26674,control,0.0,0,0.0,0
26675,control,0.0,0,0.0,0
26676,control,0.0,1,90.18,0
26677,treatment,0.0,0,0.0,0
26678,treatment,0.0,0,0.0,0
26679,control,65.94,0,0.0,0
26680,treatment,98.18,0,0.0,0
26681,control,0.0,0,0.0,0
26682,control,0.0,1,60.55,0
26683,treatment,0.0,0,0.0,0
26684,control,61.3,0,0.0,0
26685,control,42.02,0,0.0,0
26686,control,0.0,1,70.45,0
26687,control,0.0,0,0.0,0
26688,treatment,0.0,0,0.0,0
26689,treatment,0.0,0,0.0,0
26690,treatment,0.0,1,82.41,0
26691,treatment,0.0,0,0.0,0
26692,treatment,0.0,0,0.0,0
26693,treatment,49.58,0,0.0,0
26694,treatment,29.85,0,0.0,0
26695,treatment,115.4,0,0.0,0
26696,treatment,0.0,0,0.0,0
26697,treatment,67.07,0,0.0,0
26698,treatment,25.71,0,0.0,0
26699,treatment,0.0,0,0.0,0
26700,treatment,0.0,0,0.0,0
26701,control,0.0,0,0.0,0
26702,treatment,29.84,0,0.0,0
26703,control,0.0,0,0.0,0
26704,control,67.71,0,0.0,0
26705,control,0.0,0,0.0,0
26706,control,29.31,0,0.0,0
26707,control,87.89,0,0.0,0
26708,control,0.0,0,0.0,0
26709,control,40.72,1,77.2,0
26710,control,41.3,0,0.0,0
26711,control,231.91,0,0.0,0
26712,treatment,79.9,0,0.0,0
26713,treatment,0.0,0,0.0,0
26714,control,60.16,0,0.0,0
26715,control,175.03,0,0.0,0
26716,treatment,353.71,0,0.0,0
26717,control,295.8,0,0.0,0
26718,control,23.55,0,0.0,0
26719,treatment,125.5,1,59.06,0
26720,control,0.0,0,0.0,0
26721,treatment,38.23,0,0.0,0
26722,control,0.0,0,0.0,0
26723,treatment,0.0,0,0.0,0
26724,treatment,72.16,0,0.0,0
26725,control,94.88,0,0.0,0
26726,control,0.0,0,0.0,0
26727,treatment,0.0,0,0.0,0
26728,treatment,0.0,0,0.0,0
26729,treatment,0.0,0,0.0,0
26730,control,68.94,0,0.0,0
26731,control,0.0,0,0.0,0
26732,treatment,0.0,0,0.0,0
26733,treatment,0.0,0,0.0,0
26734,treatment,57.94,0,0.0,0
26735,treatment,0.0,0,0.0,0
26736,control,255.7,0,0.0,0
26737,control,0.0,0,0.0,0
26738,control,0.0,0,0.0,0
26739,control,0.0,0,0.0,0
26740,treatment,67.0,0,0.0,0
26741,treatment,23.17,0,0.0,0
26742,treatment,58.8,0,0.0,0
26743,control,188.65,0,0.0,0
26744,treatment,171.68,0,0.0,0
26745,treatment,415.37,0,0.0,0
26746,treatment,117.47,0,0.0,0
26747,treatment,158.79,1,57.72,0
26748,control,0.0,0,0.0,0
26749,treatment,0.0,0,0.0,0
26750,control,42.2,1,116.82,0
26751,control,52.6,0,0.0,0
26752,control,177.77,0,0.0,0
26753,treatment,0.0,0,0.0,0
26754,control,0.0,0,0.0,0
26755,treatment,67.88,0,0.0,0
26756,treatment,77.37,0,0.0,0
26757,treatment,119.22,0,0.0,0
26758,control,78.62,0,0.0,0
26759,treatment,0.0,0,0.0,0
26760,control,0.0,0,0.0,0
26761,control,0.0,0,0.0,0
26762,treatment,0.0,0,0.0,0
26763,control,0.0,0,0.0,0
26764,control,0.0,0,0.0,0
26766,treatment,0.0,0,0.0,0
26767,treatment,0.0,1,14.81,0
26768,treatment,43.61,0,0.0,0
26769,control,308.43,0,0.0,0
26770,control,0.0,0,0.0,0
26771,treatment,274.69,0,0.0,0
26772,treatment,0.0,1,78.63,0
26773,treatment,251.43,0,0.0,0
26774,control,33.62,0,0.0,0
26776,treatment,0.0,0,0.0,0
26777,control,0.0,1,49.06,0
26778,treatment,0.0,0,0.0,0
26780,treatment,40.78,0,0.0,0
26781,control,231.16,1,145.68,0
26782,control,62.09,0,0.0,0
26783,control,0.0,0,0.0,0
26784,control,391.8,1,64.28,0
26785,treatment,48.49,0,0.0,0
26786,treatment,297.37,0,0.0,0
26787,control,0.0,0,0.0,0
26788,control,0.0,0,0.0,0
26789,control,302.07,1,85.27,0
26790,treatment,87.14,1,85.47,0
26791,treatment,51.95,0,0.0,0
26792,control,39.5,0,0.0,0
26793,control,0.0,0,0.0,0
26794,control,0.0,0,0.0,0
26795,treatment,0.0,0,0.0,0
26796,control,0.0,0,0.0,0
26797,control,81.46,0,0.0,0
26798,treatment,138.34,0,0.0,0
26799,treatment,0.0,1,32.62,0
26800,control,329.47,1,106.18,0
26801,treatment,30.73,0,0.0,0
26802,treatment,0.0,0,0.0,0
26803,treatment,74.82,0,0.0,0
26804,control,0.0,0,0.0,0
26805,treatment,58.38,0,0.0,0
26806,treatment,0.0,0,0.0,0
26807,control,31.85,0,0.0,0
26808,control,54.55,0,0.0,0
26809,control,0.0,0,0.0,0
26810,control,137.97,0,0.0,0
26811,control,0.0,0,0.0,0
26812,treatment,37.62,0,0.0,0
26813,treatment,143.49,0,0.0,0
26814,treatment,195.2,0,0.0,0
26815,treatment,53.71,0,0.0,0
26816,treatment,0.0,0,0.0,0
26817,treatment,0.0,0,0.0,0
26818,control,0.0,0,0.0,0
26819,treatment,0.0,0,0.0,0
26820,treatment,0.0,0,0.0,0
26821,control,0.0,0,0.0,0
26822,treatment,120.69,0,0.0,0
26823,treatment,100.62,0,0.0,0
26824,treatment,0.0,0,0.0,0
26825,control,0.0,0,0.0,0
26826,control,76.11,0,0.0,0
26827,control,51.83,0,0.0,0
26828,treatment,47.82,0,0.0,0
26829,treatment,0.0,0,0.0,0
26830,control,0.0,1,27.51,0
26831,treatment,0.0,0,0.0,0
26832,control,50.62,0,0.0,0
26833,treatment,0.0,0,0.0,0
26834,control,44.9,1,32.73,0
26835,control,131.42,0,0.0,0
26836,control,0.0,0,0.0,0
26837,treatment,175.91,0,0.0,0
26838,control,0.0,0,0.0,0
26839,treatment,172.33,0,0.0,0
26840,control,30.09,0,0.0,0
26841,control,0.0,0,0.0,0
26842,treatment,0.0,0,0.0,0
26843,treatment,441.04,1,56.44,0
26844,treatment,178.35,0,0.0,0
26845,control,0.0,0,0.0,0
26846,control,0.0,0,0.0,0
26847,treatment,0.0,0,0.0,0
26848,treatment,0.0,0,0.0,0
26849,control,0.0,0,0.0,0
26850,control,70.05,0,0.0,0
26851,control,74.27,0,0.0,0
26852,treatment,53.36,0,0.0,0
26853,control,0.0,0,0.0,0
26854,treatment,268.43,1,107.31,0
26855,treatment,0.0,0,0.0,0
26856,control,72.15,0,0.0,0
26857,treatment,122.94,0,0.0,0
26858,treatment,80.9,0,0.0,0
26859,treatment,105.53,0,0.0,0
26860,treatment,0.0,0,0.0,0
26861,treatment,0.0,0,0.0,0
26862,control,0.0,0,0.0,0
26863,treatment,0.0,0,0.0,0
26864,control,47.14,0,0.0,0
26865,treatment,0.0,0,0.0,0
26866,treatment,0.0,0,0.0,0
26867,control,0.0,0,0.0,0
26868,control,0.0,1,43.42,0
26869,treatment,0.0,0,0.0,0
26870,treatment,36.98,0,0.0,0
26871,control,0.0,0,0.0,0
26872,treatment,20.25,0,0.0,0
26873,control,0.0,0,0.0,0
26874,control,0.0,0,0.0,0
26875,treatment,52.07,0,0.0,0
26876,treatment,87.86,1,37.34,0
26877,control,57.15,0,0.0,0
26878,control,0.0,0,0.0,0
26879,treatment,83.74,0,0.0,0
26880,treatment,226.23,0,0.0,0
26881,control,0.0,0,0.0,0
26882,control,87.13,0,0.0,0
26883,treatment,82.01,0,0.0,0
26884,treatment,0.0,0,0.0,0
26885,control,0.0,0,0.0,0
26886,control,0.0,0,0.0,0
26887,control,0.0,0,0.0,0
26888,control,83.91,0,0.0,0
26889,treatment,89.8,0,0.0,0
26890,treatment,0.0,0,0.0,0
26891,control,0.0,0,0.0,0
26892,treatment,0.0,0,0.0,0
26893,treatment,0.0,0,0.0,0
26894,treatment,66.44,0,0.0,0
26895,control,0.0,0,0.0,0
26896,treatment,16.6,0,0.0,0
26897,treatment,80.67,0,0.0,0
26898,control,0.0,0,0.0,0
26899,treatment,0.0,0,0.0,0
26900,treatment,360.65,1,21.04,0
26901,control,121.09,0,0.0,0
26902,treatment,80.04,0,0.0,0
26903,control,62.39,0,0.0,0
26904,control,48.75,0,0.0,0
26905,control,0.0,0,0.0,0
26906,treatment,0.0,1,43.45,1
26907,treatment,242.35,0,0.0,0
26908,control,0.0,0,0.0,0
26909,control,0.0,0,0.0,0
26910,control,197.41,0,0.0,0
26911,treatment,0.0,0,0.0,0
26912,control,0.0,1,81.08,0
26913,treatment,0.0,0,0.0,0
26914,control,0.0,0,0.0,0
26915,treatment,345.78,0,0.0,0
26916,control,0.0,0,0.0,0
26917,control,93.53,0,0.0,0
26918,treatment,0.0,0,0.0,0
26919,treatment,116.06,0,0.0,0
26920,treatment,0.0,0,0.0,0
26921,treatment,428.6,0,0.0,0
26922,treatment,32.41,1,59.27,0
26923,treatment,214.91,1,130.01,0
26924,treatment,0.0,1,97.15,0
26925,treatment,0.0,0,0.0,0
26926,control,0.0,0,0.0,0
26927,control,0.0,0,0.0,0
26928,control,0.0,0,0.0,0
26930,control,0.0,0,0.0,0
26931,control,0.0,0,0.0,0
26932,control,0.0,1,41.37,0
26933,control,777.43,1,71.41,0
26934,treatment,49.33,0,0.0,0
26935,treatment,67.72,0,0.0,0
26936,control,40.63,0,0.0,0
26937,treatment,55.42,1,55.34,1
26938,treatment,35.56,0,0.0,0
26939,control,0.0,0,0.0,0
26940,treatment,0.0,0,0.0,0
26941,treatment,116.49,0,0.0,0
26943,control,0.0,0,0.0,0
26944,treatment,42.33,0,0.0,0
26945,treatment,0.0,0,0.0,0
26946,treatment,0.0,0,0.0,0
26947,treatment,192.09,1,50.88,0
26948,control,67.24,0,0.0,0
26949,treatment,33.64,0,0.0,0
26950,treatment,76.74,0,0.0,0
26951,treatment,0.0,0,0.0,0
26952,treatment,111.59,1,54.67,0
26953,treatment,79.4,0,0.0,0
26954,control,0.0,0,0.0,0
26955,control,17.49,0,0.0,0
26956,control,28.31,0,0.0,0
26957,control,0.0,0,0.0,0
26958,control,94.25,0,0.0,0
26959,treatment,338.8,0,0.0,0
26960,treatment,34.58,0,0.0,0
26961,control,0.0,0,0.0,0
26962,treatment,48.41,0,0.0,0
26963,control,64.35,0,0.0,0
26964,control,0.0,0,0.0,0
26965,treatment,52.72,0,0.0,0
26966,control,46.71,0,0.0,0
26967,control,0.0,0,0.0,0
26968,control,0.0,0,0.0,0
26969,control,0.0,0,0.0,0
26970,control,174.1,0,0.0,0
26971,treatment,102.77,0,0.0,0
26972,control,63.79,1,60.62,0
26973,control,90.15,0,0.0,0
26974,control,0.0,0,0.0,0
26975,treatment,0.0,0,0.0,0
26976,control,391.71,0,0.0,0
26977,control,52.31,0,0.0,0
26978,control,0.0,1,67.57,0
26979,control,82.63,0,0.0,0
26980,treatment,141.37,0,0.0,0
26981,treatment,45.1,0,0.0,0
26982,treatment,33.76,0,0.0,0
26983,treatment,0.0,0,0.0,0
26984,control,287.47,0,0.0,0
26985,control,0.0,0,0.0,0
26986,treatment,0.0,0,0.0,0
26987,control,0.0,0,0.0,0
26988,treatment,88.03,0,0.0,0
26989,control,0.0,0,0.0,0
26990,control,59.37,0,0.0,0
26991,control,0.0,0,0.0,0
26992,treatment,0.0,0,0.0,0
26993,treatment,0.0,0,0.0,0
26994,control,0.0,0,0.0,0
26995,treatment,0.0,0,0.0,0
26996,control,0.0,0,0.0,0
26997,control,70.61,0,0.0,0
26998,treatment,0.0,0,0.0,0
26999,control,0.0,0,0.0,0
27000,treatment,0.0,0,0.0,0
27001,control,0.0,0,0.0,0
27002,control,37.86,1,38.73,0
27003,treatment,0.0,0,0.0,0
27004,treatment,0.0,0,0.0,0
27005,control,0.0,0,0.0,0
27006,control,244.82,0,0.0,0
27007,control,0.0,0,0.0,0
27008,control,98.41,0,0.0,0
27009,control,0.0,0,0.0,0
27010,treatment,0.0,0,0.0,0
27011,treatment,0.0,0,0.0,0
27012,treatment,0.0,0,0.0,0
27013,control,0.0,0,0.0,0
27014,treatment,207.49,0,0.0,0
27015,control,0.0,0,0.0,0
27016,control,106.95,1,109.8,0
27017,control,0.0,0,0.0,0
27018,control,0.0,0,0.0,0
27019,control,150.05,0,0.0,0
27020,treatment,0.0,0,0.0,0
27021,control,0.0,0,0.0,0
27022,control,109.25,0,0.0,0
27023,control,0.0,0,0.0,0
27024,control,0.0,0,0.0,0
27025,control,23.71,0,0.0,0
27026,control,50.28,0,0.0,0
27027,treatment,31.72,0,0.0,0
27028,treatment,21.67,0,0.0,0
27029,control,304.98,1,64.67,0
27030,control,36.84,1,45.02,0
27031,control,0.0,0,0.0,0
27032,control,113.66,1,51.48,0
27033,treatment,0.0,0,0.0,0
27034,control,0.0,0,0.0,0
27035,treatment,63.81,0,0.0,0
27036,treatment,0.0,0,0.0,0
27038,treatment,72.65,0,0.0,0
27039,control,0.0,0,0.0,0
27040,control,0.0,0,0.0,0
27041,treatment,0.0,0,0.0,0
27042,control,0.0,0,0.0,0
27043,control,0.0,0,0.0,0
27044,treatment,95.16,1,34.79,0
27046,treatment,47.95,0,0.0,0
27047,treatment,29.76,0,0.0,0
27048,treatment,0.0,0,0.0,0
27049,treatment,0.0,0,0.0,0
27050,control,150.39,0,0.0,0
27051,control,305.52,0,0.0,0
27052,control,42.49,0,0.0,0
27053,control,0.0,1,90.76,1
27054,control,0.0,0,0.0,0
27055,treatment,0.0,0,0.0,0
27056,treatment,30.68,0,0.0,0
27057,control,115.12,0,0.0,0
27058,control,0.0,0,0.0,0
27059,control,0.0,0,0.0,0
27060,treatment,93.37,0,0.0,0
27061,control,0.0,0,0.0,0
27062,control,0.0,0,0.0,0
27063,treatment,135.34,1,21.72,0
27064,treatment,61.11,0,0.0,0
27065,treatment,0.0,0,0.0,0
27066,control,161.71,0,0.0,0
27067,treatment,0.0,0,0.0,0
27068,treatment,0.0,0,0.0,0
27069,treatment,0.0,0,0.0,0
27070,treatment,21.15,0,0.0,0
27071,treatment,0.0,0,0.0,0
27072,treatment,88.48,1,214.63,0
27073,treatment,0.0,0,0.0,0
27074,control,46.34,0,0.0,0
27075,control,291.06,0,0.0,0
27076,control,0.0,0,0.0,0
27077,control,44.55,0,0.0,0
27078,treatment,118.51,0,0.0,0
27080,treatment,130.77,0,0.0,0
27081,control,66.4,0,0.0,0
27082,treatment,0.0,0,0.0,0
27083,control,30.12,0,0.0,0
27084,control,0.0,0,0.0,0
27085,treatment,0.0,0,0.0,0
27086,control,100.49,0,0.0,0
27087,treatment,0.0,0,0.0,0
27089,control,121.92,1,107.84,0
27090,control,96.66,0,0.0,0
27091,treatment,49.49,0,0.0,0
27092,control,94.34,0,0.0,0
27093,treatment,0.0,1,60.55,0
27094,treatment,134.72,1,142.33,0
27095,treatment,101.99,1,204.78,0
27096,treatment,0.0,0,0.0,0
27097,control,89.87,0,0.0,0
27098,treatment,0.0,0,0.0,0
27099,control,0.0,0,0.0,0
27100,treatment,29.14,0,0.0,0
27101,control,36.15,0,0.0,0
27102,treatment,0.0,0,0.0,0
27103,treatment,131.08,0,0.0,0
27104,treatment,0.0,0,0.0,0
27105,control,212.9,0,0.0,0
27106,control,0.0,0,0.0,0
27107,treatment,97.92,0,0.0,0
27108,treatment,0.0,1,58.28,0
27109,treatment,97.68,1,122.11,0
27110,treatment,0.0,0,0.0,0
27111,control,0.0,0,0.0,0
27112,control,0.0,0,0.0,0
27113,control,0.0,0,0.0,0
27114,control,0.0,0,0.0,0
27115,control,0.0,0,0.0,0
27116,treatment,57.38,0,0.0,0
27117,control,25.85,0,0.0,0
27118,control,0.0,0,0.0,0
27119,treatment,39.6,0,0.0,0
27120,control,711.4,1,137.65,0
27121,control,43.89,0,0.0,0
27122,treatment,41.56,0,0.0,0
27123,treatment,77.15,0,0.0,0
27124,treatment,54.18,0,0.0,0
27125,control,0.0,0,0.0,0
27126,control,64.19,0,0.0,0
27127,treatment,0.0,0,0.0,0
27128,treatment,0.0,1,24.97,1
27129,control,981.61,0,0.0,0
27130,treatment,0.0,0,0.0,0
27131,control,94.41,0,0.0,0
27132,control,37.91,0,0.0,0
27133,control,0.0,0,0.0,0
27134,control,0.0,0,0.0,0
27135,treatment,0.0,0,0.0,0
27136,control,0.0,0,0.0,0
27137,treatment,273.31,0,0.0,0
27138,control,0.0,0,0.0,0
27139,control,0.0,1,70.64,0
27140,treatment,39.85,0,0.0,0
27141,control,60.6,0,0.0,0
27142,treatment,88.07,0,0.0,0
27143,control,422.82,0,0.0,0
27144,control,0.0,0,0.0,0
27145,treatment,262.59,0,0.0,0
27146,control,397.07,0,0.0,0
27147,treatment,55.48,0,0.0,0
27148,treatment,22.98,1,41.75,0
27149,treatment,0.0,0,0.0,0
27150,treatment,0.0,0,0.0,0
27151,control,0.0,0,0.0,0
27152,control,75.52,1,202.59,0
27153,control,108.73,1,37.71,0
27154,control,55.81,0,0.0,0
27155,control,72.56,1,59.58,0
27156,control,0.0,0,0.0,0
27157,control,0.0,0,0.0,0
27158,treatment,0.0,0,0.0,0
27159,control,0.0,0,0.0,0
27160,control,0.0,0,0.0,0
27161,control,49.83,0,0.0,0
27162,treatment,0.0,0,0.0,0
27163,treatment,73.31,0,0.0,0
27164,treatment,69.65,0,0.0,0
27165,treatment,254.83,0,0.0,0
27166,control,135.61,0,0.0,0
27167,treatment,220.85,0,0.0,0
27168,control,70.95,0,0.0,0
27169,control,0.0,0,0.0,0
27170,treatment,0.0,0,0.0,0
27171,control,44.52,0,0.0,0
27172,treatment,58.15,1,70.7,0
27173,treatment,66.49,0,0.0,0
27174,control,0.0,0,0.0,0
27175,treatment,64.38,0,0.0,0
27176,treatment,0.0,0,0.0,0
27177,control,0.0,0,0.0,0
27178,control,0.0,0,0.0,0
27179,treatment,0.0,0,0.0,0
27180,treatment,0.0,0,0.0,0
27181,treatment,176.12,1,126.85,0
27182,treatment,0.0,0,0.0,0
27183,control,97.37,0,0.0,0
27184,treatment,127.73,0,0.0,0
27185,treatment,0.0,1,89.42,0
27186,treatment,0.0,0,0.0,0
27187,control,55.88,1,79.51,0
27188,control,0.0,0,0.0,0
27189,treatment,0.0,0,0.0,0
27190,control,144.35,0,0.0,0
27191,control,45.91,0,0.0,0
27192,treatment,45.47,0,0.0,0
27193,treatment,0.0,0,0.0,0
27194,control,0.0,1,63.82,0
27195,treatment,30.18,0,0.0,0
27196,control,0.0,0,0.0,0
27197,control,0.0,0,0.0,0
27198,treatment,83.74,0,0.0,0
27199,treatment,23.73,0,0.0,0
27200,control,830.77,0,0.0,0
27201,control,0.0,0,0.0,0
27202,control,41.56,1,38.82,0
27203,control,0.0,0,0.0,0
27204,treatment,124.13,1,58.72,0
27205,control,38.01,0,0.0,0
27206,treatment,0.0,0,0.0,0
27207,treatment,40.87,0,0.0,0
27208,control,299.41,1,65.97,0
27209,treatment,113.92,1,113.07,0
27210,treatment,44.69,0,0.0,0
27212,control,33.95,0,0.0,0
27213,treatment,38.21,0,0.0,0
27214,control,0.0,0,0.0,0
27215,treatment,139.79,0,0.0,0
27216,treatment,69.91,0,0.0,0
27217,treatment,0.0,0,0.0,0
27218,treatment,63.28,0,0.0,0
27219,control,0.0,0,0.0,0
27220,control,104.26,0,0.0,0
27221,treatment,0.0,0,0.0,0
27222,treatment,0.0,0,0.0,0
27223,control,0.0,0,0.0,0
27224,control,0.0,1,41.05,0
27225,treatment,227.2,0,0.0,0
27226,treatment,44.43,0,0.0,0
27227,treatment,22.97,0,0.0,0
27228,control,91.3,0,0.0,0
27229,control,135.76,0,0.0,0
27230,control,269.19,0,0.0,0
27231,treatment,0.0,0,0.0,0
27232,control,153.09,0,0.0,0
27233,treatment,0.0,0,0.0,0
27234,treatment,0.0,0,0.0,0
27235,treatment,58.86,0,0.0,0
27236,control,52.68,0,0.0,0
27237,control,154.36,0,0.0,0
27238,treatment,0.0,0,0.0,0
27239,treatment,0.0,0,0.0,0
27240,treatment,0.0,0,0.0,0
27241,control,130.56,0,0.0,0
27242,control,101.31,0,0.0,0
27243,control,47.77,0,0.0,0
27244,treatment,95.78,0,0.0,0
27245,treatment,57.87,0,0.0,0
27246,treatment,0.0,0,0.0,0
27247,treatment,0.0,0,0.0,0
27248,treatment,120.97,0,0.0,0
27249,treatment,0.0,0,0.0,0
27250,control,0.0,0,0.0,0
27251,control,0.0,0,0.0,0
27252,treatment,0.0,0,0.0,0
27253,treatment,273.68,0,0.0,0
27254,control,621.24,0,0.0,0
27255,treatment,0.0,0,0.0,0
27256,treatment,0.0,0,0.0,0
27257,control,0.0,0,0.0,0
27258,control,0.0,0,0.0,0
27259,treatment,61.67,0,0.0,0
27260,control,0.0,0,0.0,0
27261,control,72.51,0,0.0,0
27262,control,0.0,0,0.0,0
27263,control,51.47,0,0.0,0
27264,treatment,0.0,0,0.0,0
27265,control,948.94,0,0.0,0
27266,treatment,52.03,0,0.0,0
27268,control,0.0,0,0.0,0
27269,treatment,0.0,0,0.0,0
27270,treatment,110.55,1,123.01,0
27271,treatment,0.0,0,0.0,0
27272,control,0.0,0,0.0,0
27273,treatment,0.0,0,0.0,0
27274,control,0.0,0,0.0,0
27275,treatment,208.53,0,0.0,0
27276,control,0.0,0,0.0,0
27277,control,0.0,0,0.0,0
27278,treatment,0.0,0,0.0,0
27279,treatment,0.0,1,51.83,0
27280,control,43.94,0,0.0,0
27281,control,59.31,0,0.0,0
27282,control,45.31,0,0.0,0
27283,control,38.82,0,0.0,0
27284,control,0.0,0,0.0,0
27285,control,0.0,0,0.0,0
27286,treatment,31.15,0,0.0,0
27287,treatment,0.0,0,0.0,0
27288,control,0.0,1,33.92,0
27289,treatment,65.09,0,0.0,0
27290,treatment,50.17,0,0.0,0
27291,treatment,91.14,0,0.0,0
27292,control,0.0,1,60.16,0
27293,treatment,0.0,0,0.0,0
27294,control,314.7,0,0.0,0
27295,treatment,0.0,0,0.0,0
27296,control,0.0,0,0.0,0
27297,control,0.0,0,0.0,0
27298,control,596.13,1,125.23,0
27299,control,48.1,0,0.0,0
27300,treatment,154.44,0,0.0,0
27301,treatment,0.0,0,0.0,0
27302,treatment,0.0,0,0.0,0
27303,control,0.0,1,76.82,0
27304,treatment,0.0,0,0.0,0
27305,treatment,0.0,0,0.0,0
27306,control,93.91,1,78.31,0
27307,treatment,25.32,0,0.0,0
27308,control,30.93,0,0.0,0
27309,control,51.91,0,0.0,0
27310,treatment,0.0,0,0.0,0
27311,treatment,0.0,0,0.0,0
27312,treatment,0.0,0,0.0,0
27313,control,0.0,0,0.0,0
27314,treatment,118.24,0,0.0,0
27315,treatment,61.71,1,87.67,0
27316,control,0.0,0,0.0,0
27317,treatment,30.89,0,0.0,0
27318,treatment,307.07,0,0.0,0
27319,treatment,0.0,0,0.0,0
27320,control,598.34,1,118.92,0
27321,treatment,246.63,0,0.0,0
27322,control,0.0,0,0.0,0
27323,treatment,0.0,0,0.0,0
27324,control,0.0,0,0.0,0
27325,treatment,201.85,0,0.0,0
27326,control,0.0,0,0.0,0
27327,treatment,94.31,0,0.0,0
27328,treatment,87.81,0,0.0,0
27329,treatment,34.6,0,0.0,0
27330,treatment,45.17,0,0.0,0
27331,control,25.16,0,0.0,0
27332,treatment,34.77,0,0.0,0
27333,treatment,0.0,1,84.68,0
27334,treatment,0.0,0,0.0,0
27335,treatment,56.29,0,0.0,0
27336,treatment,44.32,0,0.0,0
27337,control,451.76,0,0.0,0
27338,treatment,161.69,1,50.68,0
27339,control,80.07,0,0.0,0
27340,control,78.38,0,0.0,0
27341,control,0.0,0,0.0,0
27342,treatment,0.0,0,0.0,0
27343,control,91.64,0,0.0,0
27344,control,54.27,0,0.0,0
27345,control,0.0,0,0.0,0
27346,treatment,0.0,0,0.0,0
27347,treatment,415.37,1,110.21,0
27348,control,0.0,0,0.0,0
27349,control,0.0,0,0.0,0
27350,control,0.0,0,0.0,0
27351,control,0.0,0,0.0,0
27352,control,0.0,0,0.0,0
27353,treatment,74.59,0,0.0,0
27354,control,178.8,0,0.0,0
27355,treatment,104.89,0,0.0,0
27356,control,537.93,0,0.0,0
27357,treatment,0.0,0,0.0,0
27358,control,204.5,0,0.0,0
27359,control,0.0,0,0.0,0
27360,control,111.98,0,0.0,0
27361,control,164.86,0,0.0,0
27362,control,0.0,0,0.0,0
27363,treatment,36.25,0,0.0,0
27364,treatment,0.0,0,0.0,0
27365,treatment,31.06,0,0.0,0
27366,treatment,66.14,1,106.86,0
27367,treatment,55.17,1,36.36,0
27368,control,24.9,0,0.0,0
27369,treatment,69.93,0,0.0,0
27370,control,0.0,0,0.0,0
27371,control,63.56,0,0.0,0
27372,treatment,0.0,0,0.0,0
27373,treatment,47.85,0,0.0,0
27374,treatment,148.42,0,0.0,0
27375,treatment,0.0,0,0.0,0
27376,control,0.0,0,0.0,0
27377,treatment,47.52,0,0.0,0
27378,control,0.0,0,0.0,0
27379,treatment,156.32,0,0.0,0
27380,control,0.0,0,0.0,0
27381,control,67.74,0,0.0,0
27382,treatment,179.06,0,0.0,0
27383,treatment,0.0,0,0.0,0
27384,treatment,32.73,0,0.0,0
27385,control,0.0,0,0.0,0
27386,treatment,167.52,0,0.0,0
27387,treatment,39.4,0,0.0,0
27388,control,0.0,0,0.0,0
27389,treatment,0.0,0,0.0,0
27390,treatment,51.75,0,0.0,0
27391,control,0.0,0,0.0,0
27392,treatment,0.0,0,0.0,0
27393,treatment,0.0,1,30.61,0
27394,control,0.0,0,0.0,0
27395,treatment,0.0,0,0.0,0
27396,control,0.0,0,0.0,0
27397,treatment,0.0,0,0.0,0
27398,control,0.0,0,0.0,0
27399,control,101.9,0,0.0,0
27400,control,0.0,0,0.0,0
27401,treatment,0.0,0,0.0,0
27402,treatment,40.63,0,0.0,0
27403,control,0.0,0,0.0,0
27404,treatment,0.0,0,0.0,0
27405,control,46.86,0,0.0,0
27406,control,198.0,1,64.8,0
27407,treatment,0.0,0,0.0,0
27408,control,0.0,0,0.0,0
27409,treatment,0.0,0,0.0,0
27410,treatment,97.94,0,0.0,0
27411,treatment,64.17,0,0.0,0
27412,treatment,0.0,0,0.0,0
27413,control,0.0,0,0.0,0
27414,treatment,0.0,0,0.0,0
27415,control,1638.92,1,80.58,0
27416,treatment,82.68,0,0.0,0
27417,control,91.13,0,0.0,0
27418,control,0.0,1,38.07,0
27419,treatment,0.0,0,0.0,0
27420,treatment,0.0,0,0.0,0
27421,treatment,145.63,1,69.48,0
27422,control,31.67,1,28.53,0
27423,control,0.0,0,0.0,0
27424,treatment,0.0,0,0.0,0
27425,treatment,0.0,0,0.0,0
27426,control,185.9,0,0.0,0
27427,control,0.0,0,0.0,0
27428,control,55.51,0,0.0,0
27429,control,0.0,0,0.0,0
27430,control,0.0,0,0.0,0
27431,treatment,40.06,0,0.0,0
27432,control,30.39,0,0.0,0
27433,treatment,0.0,1,51.96,0
27434,control,24.7,0,0.0,0
27435,treatment,34.47,0,0.0,0
27436,control,0.0,0,0.0,0
27437,treatment,0.0,0,0.0,0
27438,control,0.0,0,0.0,0
27439,treatment,271.63,0,0.0,0
27440,control,0.0,1,71.43,0
27441,treatment,70.94,1,40.89,0
27442,control,0.0,1,57.38,0
27443,treatment,0.0,0,0.0,0
27444,treatment,83.39,0,0.0,0
27446,control,51.59,1,54.37,0
27447,control,132.92,0,0.0,0
27448,treatment,316.74,0,0.0,0
27449,treatment,0.0,0,0.0,0
27450,treatment,150.92,0,0.0,0
27451,treatment,0.0,0,0.0,0
27452,treatment,87.01,0,0.0,0
27453,treatment,90.84,1,33.77,0
27454,treatment,56.36,0,0.0,0
27455,control,49.98,0,0.0,0
27456,treatment,49.87,0,0.0,0
27457,control,0.0,0,0.0,0
27458,treatment,41.61,0,0.0,0
27459,treatment,0.0,0,0.0,0
27460,treatment,0.0,0,0.0,0
27461,control,0.0,1,20.25,0
27462,control,89.89,0,0.0,0
27463,treatment,201.65,0,0.0,0
27464,treatment,0.0,0,0.0,0
27465,control,0.0,1,91.82,1
27466,treatment,0.0,0,0.0,0
27467,treatment,0.0,0,0.0,0
27468,treatment,0.0,0,0.0,0
27469,control,0.0,0,0.0,0
27470,control,0.0,0,0.0,0
27471,control,187.42,0,0.0,0
27472,control,0.0,0,0.0,0
27473,control,55.81,0,0.0,0
27474,treatment,90.56,0,0.0,0
27475,control,0.0,0,0.0,0
27476,control,51.02,0,0.0,0
27477,control,0.0,0,0.0,0
27478,treatment,0.0,0,0.0,0
27479,treatment,84.31,0,0.0,0
27480,control,0.0,0,0.0,0
27481,treatment,0.0,0,0.0,0
27482,control,366.01,1,75.97,0
27483,treatment,44.96,1,23.09,0
27484,treatment,164.9,1,42.33,0
27485,treatment,62.23,0,0.0,0
27486,control,66.84,1,80.48,0
27487,control,252.44,0,0.0,0
27488,control,0.0,0,0.0,0
27489,control,79.45,0,0.0,0
27490,treatment,210.81,1,87.16,0
27491,treatment,157.5,0,0.0,0
27492,treatment,0.0,0,0.0,0
27493,treatment,291.42,0,0.0,0
27494,control,48.74,0,0.0,0
27495,control,0.0,0,0.0,0
27496,control,67.9,0,0.0,0
27497,control,304.67,0,0.0,0
27498,control,167.55,0,0.0,0
27499,control,0.0,0,0.0,0
27500,control,179.98,1,95.11,0
27501,treatment,218.77,0,0.0,0
27502,treatment,0.0,0,0.0,0
27503,control,233.7,0,0.0,0
27504,control,357.28,1,118.71,0
27505,treatment,0.0,1,78.2,0
27506,treatment,0.0,0,0.0,0
27507,control,67.2,0,0.0,0
27508,treatment,65.77,0,0.0,0
27509,treatment,90.89,0,0.0,0
27510,treatment,0.0,0,0.0,0
27511,treatment,90.69,0,0.0,0
27512,control,0.0,0,0.0,0
27513,control,66.46,0,0.0,0
27514,treatment,178.72,0,0.0,0
27515,control,47.28,0,0.0,0
27516,treatment,21.99,0,0.0,0
27517,control,82.61,0,0.0,0
27518,control,0.0,0,0.0,0
27519,treatment,0.0,0,0.0,0
27520,control,0.0,1,106.46,0
27522,control,0.0,0,0.0,0
27523,treatment,0.0,0,0.0,0
27524,treatment,0.0,0,0.0,0
27525,control,160.15,1,53.29,0
27526,control,0.0,0,0.0,0
27527,control,19.05,1,25.95,0
27529,control,58.29,0,0.0,0
27530,control,48.43,0,0.0,0
27531,treatment,95.1,0,0.0,0
27532,control,0.0,0,0.0,0
27533,treatment,87.13,0,0.0,0
27534,control,0.0,0,0.0,0
27535,treatment,53.42,0,0.0,0
27536,treatment,120.49,1,69.02,0
27537,treatment,0.0,0,0.0,0
27538,control,50.85,0,0.0,0
27539,treatment,0.0,0,0.0,0
27540,treatment,0.0,0,0.0,0
27541,control,0.0,0,0.0,0
27542,treatment,0.0,1,61.12,0
27544,control,0.0,0,0.0,0
27545,treatment,0.0,0,0.0,0
27546,control,702.91,0,0.0,0
27547,treatment,124.35,0,0.0,0
27548,control,0.0,0,0.0,0
27549,control,57.09,0,0.0,0
27550,control,38.34,0,0.0,0
27551,treatment,0.0,0,0.0,0
27552,control,0.0,0,0.0,0
27553,treatment,155.48,0,0.0,0
27554,control,81.03,0,0.0,0
27555,treatment,22.43,0,0.0,0
27556,control,101.79,0,0.0,0
27557,control,58.9,1,26.56,0
27558,treatment,0.0,1,41.34,0
27559,treatment,45.65,0,0.0,0
27560,control,0.0,0,0.0,0
27561,control,68.9,0,0.0,0
27562,control,0.0,0,0.0,0
27563,treatment,0.0,0,0.0,0
27564,control,0.0,0,0.0,0
27565,control,0.0,0,0.0,0
27566,treatment,363.59,0,0.0,0
27567,treatment,24.61,0,0.0,0
27568,control,226.99,0,0.0,0
27569,treatment,138.65,0,0.0,0
27570,treatment,0.0,1,106.13,0
27571,control,0.0,0,0.0,0
27572,treatment,57.39,0,0.0,0
27573,treatment,87.26,0,0.0,0
27574,control,44.91,0,0.0,0
27575,treatment,77.57,0,0.0,0
27576,control,416.94,0,0.0,0
27577,control,0.0,0,0.0,0
27578,treatment,0.0,0,0.0,0
27579,control,126.04,0,0.0,0
27580,control,85.83,0,0.0,0
27581,treatment,95.65,1,128.48,0
27582,control,0.0,0,0.0,0
27583,treatment,0.0,0,0.0,0
27584,control,84.47,1,37.16,0
27585,treatment,0.0,0,0.0,0
27586,treatment,0.0,0,0.0,0
27587,control,259.87,0,0.0,0
27588,control,92.61,0,0.0,0
27589,control,58.47,0,0.0,0
27590,treatment,83.95,0,0.0,0
27591,control,0.0,0,0.0,0
27592,treatment,0.0,0,0.0,0
27593,treatment,52.28,0,0.0,0
27594,treatment,58.72,0,0.0,0
27595,treatment,320.34,0,0.0,0
27596,control,117.08,0,0.0,0
27597,control,0.0,0,0.0,0
27598,control,33.51,0,0.0,0
27599,control,0.0,0,0.0,0
27600,control,40.62,0,0.0,0
27601,treatment,0.0,0,0.0,0
27602,control,0.0,0,0.0,0
27603,control,0.0,0,0.0,0
27604,control,0.0,0,0.0,0
27605,control,0.0,0,0.0,0
27606,treatment,0.0,0,0.0,0
27609,control,626.29,1,52.57,0
27610,control,92.23,0,0.0,0
27611,control,87.4,0,0.0,0
27612,treatment,532.6,1,302.04,0
27613,treatment,0.0,0,0.0,0
27614,treatment,227.17,0,0.0,0
27615,treatment,0.0,0,0.0,0
27616,treatment,236.0,0,0.0,0
27617,treatment,84.4,0,0.0,0
27618,treatment,0.0,0,0.0,0
27619,control,67.93,0,0.0,0
27620,treatment,152.61,0,0.0,0
27621,treatment,171.73,1,98.95,0
27622,control,0.0,0,0.0,0
27623,treatment,68.24,0,0.0,0
27624,control,101.92,0,0.0,0
27625,treatment,0.0,0,0.0,0
27626,treatment,0.0,0,0.0,0
27627,control,0.0,0,0.0,0
27628,control,0.0,0,0.0,0
27629,treatment,99.22,0,0.0,0
27630,treatment,0.0,0,0.0,0
27631,control,171.1,0,0.0,0
27632,treatment,0.0,0,0.0,0
27633,control,0.0,0,0.0,0
27634,control,180.38,0,0.0,0
27635,control,46.2,1,67.57,0
27636,control,498.21,1,117.86,0
27638,control,0.0,0,0.0,0
27639,control,148.52,0,0.0,0
27640,treatment,0.0,1,47.86,0
27641,control,0.0,0,0.0,0
27642,control,89.59,0,0.0,0
27643,control,57.93,0,0.0,0
27645,control,128.33,0,0.0,0
27646,control,57.29,0,0.0,0
27647,treatment,32.82,1,44.21,0
27648,control,0.0,0,0.0,0
27649,treatment,123.81,0,0.0,0
27650,control,112.9,0,0.0,0
27651,treatment,0.0,0,0.0,0
27652,treatment,290.04,0,0.0,0
27653,treatment,0.0,0,0.0,0
27654,treatment,23.05,0,0.0,0
27655,treatment,0.0,1,46.06,0
27656,control,0.0,0,0.0,0
27657,control,0.0,0,0.0,0
27658,control,35.54,0,0.0,0
27659,control,43.25,0,0.0,0
27660,treatment,187.61,0,0.0,0
27661,treatment,0.0,0,0.0,0
27662,control,0.0,0,0.0,0
27663,treatment,50.76,1,42.35,0
27664,treatment,0.0,0,0.0,0
27665,treatment,0.0,0,0.0,0
27666,treatment,0.0,0,0.0,0
27667,control,31.86,0,0.0,0
27668,treatment,0.0,0,0.0,0
27669,treatment,61.03,0,0.0,0
27670,control,0.0,1,110.25,0
27671,treatment,66.4,0,0.0,0
27672,control,0.0,0,0.0,0
27673,treatment,0.0,0,0.0,0
27674,control,151.27,0,0.0,0
27675,control,155.42,0,0.0,0
27676,control,0.0,0,0.0,0
27677,control,82.87,0,0.0,0
27678,control,0.0,0,0.0,0
27679,control,0.0,0,0.0,0
27680,treatment,0.0,0,0.0,0
27682,control,0.0,0,0.0,0
27683,control,0.0,0,0.0,0
27684,treatment,0.0,0,0.0,0
27685,treatment,184.88,0,0.0,0
27686,control,0.0,0,0.0,0
27687,treatment,1165.67,1,45.96,0
27688,control,0.0,0,0.0,0
27689,treatment,0.0,1,72.85,0
27690,control,0.0,0,0.0,0
27691,treatment,0.0,0,0.0,0
27692,treatment,371.2,1,75.12,0
27693,control,152.35,0,0.0,0
27694,control,73.12,0,0.0,0
27695,treatment,0.0,0,0.0,0
27696,control,0.0,0,0.0,0
27697,treatment,0.0,0,0.0,0
27698,control,0.0,0,0.0,0
27699,treatment,66.36,0,0.0,0
27700,treatment,62.35,1,100.03,0
27701,treatment,105.29,0,0.0,0
27702,control,37.86,0,0.0,0
27703,treatment,53.94,0,0.0,0
27704,treatment,0.0,1,22.73,0
27705,control,69.63,0,0.0,0
27706,treatment,0.0,1,50.55,0
27707,treatment,39.22,0,0.0,0
27708,treatment,113.83,1,29.71,0
27709,control,0.0,0,0.0,0
27710,treatment,0.0,0,0.0,0
27711,control,37.37,0,0.0,0
27712,treatment,443.73,0,0.0,0
27713,control,53.08,0,0.0,0
27715,control,44.93,0,0.0,0
27716,treatment,109.38,0,0.0,0
27717,treatment,133.53,0,0.0,0
27718,treatment,0.0,0,0.0,0
27719,control,116.6,0,0.0,0
27720,control,36.06,0,0.0,0
27721,control,67.08,0,0.0,0
27722,treatment,129.07,0,0.0,0
27723,treatment,0.0,0,0.0,0
27724,control,0.0,0,0.0,0
27725,treatment,114.65,0,0.0,0
27726,control,169.58,0,0.0,0
27727,treatment,0.0,0,0.0,0
27728,control,43.03,1,66.73,0
27729,control,46.96,0,0.0,0
27730,control,0.0,0,0.0,0
27731,control,74.35,0,0.0,0
27732,control,0.0,0,0.0,0
27733,control,0.0,0,0.0,0
27734,control,97.27,0,0.0,0
27735,control,0.0,0,0.0,0
27736,control,48.61,0,0.0,0
27737,treatment,0.0,0,0.0,0
27738,treatment,72.02,0,0.0,0
27739,control,0.0,0,0.0,0
27740,treatment,0.0,0,0.0,0
27741,treatment,0.0,0,0.0,0
27742,treatment,124.31,0,0.0,0
27743,treatment,38.39,0,0.0,0
27744,treatment,0.0,0,0.0,0
27745,control,54.71,1,54.87,0
27746,control,104.36,0,0.0,0
27747,treatment,40.37,0,0.0,0
27748,control,536.91,0,0.0,0
27749,control,0.0,0,0.0,0
27750,control,0.0,1,61.65,0
27751,control,0.0,0,0.0,0
27752,treatment,0.0,0,0.0,0
27753,treatment,0.0,0,0.0,0
27754,control,0.0,0,0.0,0
27755,control,0.0,0,0.0,0
27756,control,0.0,0,0.0,0
27757,control,0.0,0,0.0,0
27758,treatment,265.63,1,189.3,0
27759,control,0.0,0,0.0,0
27760,control,59.35,0,0.0,0
27761,treatment,0.0,0,0.0,0
27762,treatment,269.81,0,0.0,0
27763,treatment,128.88,1,158.66,0
27764,treatment,0.0,0,0.0,0
27765,control,0.0,0,0.0,0
27766,treatment,0.0,0,0.0,0
27767,treatment,73.48,0,0.0,0
27768,control,0.0,0,0.0,0
27769,treatment,0.0,0,0.0,0
27771,control,0.0,0,0.0,0
27772,control,74.13,0,0.0,0
27773,treatment,0.0,0,0.0,0
27774,control,100.06,0,0.0,0
27775,treatment,0.0,1,56.47,0
27776,treatment,0.0,0,0.0,0
27777,control,0.0,0,0.0,0
27778,control,210.03,0,0.0,0
27779,control,87.61,0,0.0,0
27780,treatment,56.31,0,0.0,0
27781,treatment,384.56,0,0.0,0
27783,control,0.0,1,79.03,0
27784,treatment,227.68,0,0.0,0
27785,treatment,0.0,0,0.0,0
27786,treatment,35.18,0,0.0,0
27787,control,0.0,0,0.0,0
27788,control,0.0,0,0.0,0
27789,control,0.0,0,0.0,0
27790,control,0.0,0,0.0,0
27791,control,0.0,0,0.0,0
27792,control,0.0,0,0.0,0
27793,treatment,0.0,0,0.0,0
27794,control,42.55,0,0.0,0
27795,control,0.0,0,0.0,0
27796,treatment,0.0,0,0.0,0
27797,treatment,60.98,1,29.88,0
27798,control,95.56,1,85.28,0
27799,control,110.23,0,0.0,0
27800,treatment,0.0,0,0.0,0
27801,control,0.0,0,0.0,0
27802,control,78.88,0,0.0,0
27803,control,0.0,0,0.0,0
27804,treatment,0.0,1,43.23,0
27805,control,173.49,1,68.85,0
27806,treatment,50.64,0,0.0,0
27807,control,0.0,0,0.0,0
27808,control,0.0,0,0.0,0
27809,treatment,41.96,0,0.0,0
27810,treatment,215.35,0,0.0,0
27811,control,41.39,1,57.44,0
27812,treatment,0.0,0,0.0,0
27813,control,0.0,1,51.27,0
27814,control,0.0,0,0.0,0
27815,treatment,47.16,0,0.0,0
27816,control,0.0,0,0.0,0
27817,control,0.0,0,0.0,0
27818,treatment,0.0,0,0.0,0
27819,control,0.0,0,0.0,0
27820,control,69.73,1,138.3,0
27821,control,131.31,1,40.69,0
27822,treatment,0.0,0,0.0,0
27823,control,0.0,0,0.0,0
27824,treatment,0.0,0,0.0,0
27825,control,0.0,0,0.0,0
27826,treatment,954.33,0,0.0,0
27827,control,62.98,0,0.0,0
27828,control,0.0,0,0.0,0
27829,treatment,0.0,0,0.0,0
27830,treatment,354.28,1,73.23,0
27831,treatment,0.0,0,0.0,0
27832,treatment,39.91,0,0.0,0
27833,treatment,0.0,0,0.0,0
27834,treatment,62.73,0,0.0,0
27835,control,29.52,0,0.0,0
27836,control,51.18,0,0.0,0
27837,treatment,28.88,0,0.0,0
27838,control,113.03,0,0.0,0
27839,treatment,0.0,0,0.0,0
27840,treatment,0.0,0,0.0,0
27841,treatment,0.0,0,0.0,0
27842,treatment,0.0,0,0.0,0
27843,treatment,238.1,0,0.0,0
27845,treatment,117.27,0,0.0,0
27846,control,94.22,0,0.0,0
27847,control,0.0,0,0.0,0
27848,control,0.0,0,0.0,0
27849,treatment,0.0,0,0.0,0
27850,treatment,523.37,0,0.0,0
27851,control,22.45,0,0.0,0
27852,control,0.0,0,0.0,0
27853,treatment,0.0,0,0.0,0
27854,treatment,908.36,1,83.31,0
27855,control,38.76,0,0.0,0
27856,treatment,0.0,0,0.0,0
27857,control,0.0,0,0.0,0
27858,control,139.35,1,28.09,0
27859,control,144.3,0,0.0,0
27860,treatment,0.0,0,0.0,0
27861,treatment,33.22,0,0.0,0
27862,control,0.0,0,0.0,0
27863,control,0.0,0,0.0,0
27864,control,31.77,0,0.0,0
27865,control,0.0,0,0.0,0
27866,treatment,120.04,0,0.0,0
27867,treatment,46.01,0,0.0,0
27868,control,0.0,0,0.0,0
27869,control,1425.7,1,113.99,0
27870,treatment,50.74,0,0.0,0
27871,treatment,54.79,0,0.0,0
27872,control,0.0,0,0.0,0
27873,treatment,109.02,0,0.0,0
27874,control,0.0,0,0.0,0
27875,control,0.0,0,0.0,0
27876,control,0.0,0,0.0,0
27877,control,0.0,0,0.0,0
27878,treatment,0.0,0,0.0,0
27879,control,23.79,0,0.0,0
27880,control,67.02,0,0.0,0
27881,control,0.0,0,0.0,0
27882,control,79.06,0,0.0,0
27883,treatment,0.0,0,0.0,0
27884,control,175.62,0,0.0,0
27885,treatment,0.0,0,0.0,0
27886,treatment,61.17,1,98.37,0
27887,control,0.0,0,0.0,0
27888,treatment,59.03,0,0.0,0
27889,control,0.0,0,0.0,0
27890,control,0.0,0,0.0,0
27891,control,0.0,0,0.0,0
27892,control,0.0,0,0.0,0
27894,treatment,84.27,0,0.0,0
27895,treatment,57.01,0,0.0,0
27896,control,127.3,0,0.0,0
27897,treatment,0.0,0,0.0,0
27898,treatment,107.2,0,0.0,0
27899,control,0.0,0,0.0,0
27900,treatment,95.18,0,0.0,0
27901,control,61.56,0,0.0,0
27902,treatment,0.0,0,0.0,0
27903,control,0.0,0,0.0,0
27904,treatment,154.77,0,0.0,0
27905,control,60.91,0,0.0,0
27906,control,75.71,0,0.0,0
27907,control,0.0,0,0.0,0
27908,treatment,36.79,0,0.0,0
27909,treatment,108.79,0,0.0,0
27910,control,0.0,0,0.0,0
27911,control,199.82,0,0.0,0
27912,treatment,39.07,0,0.0,0
27913,control,118.89,0,0.0,0
27914,control,109.25,0,0.0,0
27915,treatment,93.26,0,0.0,0
27916,treatment,628.2,0,0.0,0
27917,control,0.0,0,0.0,0
27918,treatment,44.75,0,0.0,0
27919,control,52.06,0,0.0,0
27920,control,974.7,0,0.0,0
27921,treatment,163.02,0,0.0,0
27922,treatment,0.0,0,0.0,0
27923,control,0.0,0,0.0,0
27924,treatment,0.0,0,0.0,0
27925,treatment,0.0,0,0.0,0
27926,treatment,0.0,0,0.0,0
27927,control,55.42,0,0.0,0
27928,control,122.37,0,0.0,0
27929,control,64.99,0,0.0,0
27930,treatment,32.85,0,0.0,0
27931,control,66.51,0,0.0,0
27932,treatment,96.67,0,0.0,0
27933,treatment,353.21,0,0.0,0
27934,treatment,91.46,1,63.44,0
27936,control,0.0,0,0.0,0
27937,treatment,0.0,0,0.0,0
27938,treatment,0.0,0,0.0,0
27939,treatment,0.0,0,0.0,0
27940,treatment,0.0,0,0.0,0
27941,treatment,0.0,0,0.0,0
27942,control,22.86,0,0.0,0
27943,control,146.26,0,0.0,0
27944,control,28.94,0,0.0,0
27945,control,0.0,0,0.0,0
27946,control,57.16,0,0.0,0
27947,treatment,55.55,0,0.0,0
27948,control,112.6,1,99.7,0
27949,control,0.0,1,58.85,0
27950,treatment,120.4,0,0.0,0
27951,control,0.0,0,0.0,0
27952,control,0.0,0,0.0,0
27953,treatment,118.13,0,0.0,0
27954,control,177.49,0,0.0,0
27955,treatment,0.0,0,0.0,0
27956,control,64.15,0,0.0,0
27957,control,0.0,0,0.0,0
27958,control,0.0,0,0.0,0
27959,control,177.89,0,0.0,0
27960,control,0.0,0,0.0,0
27961,treatment,55.99,0,0.0,0
27962,treatment,0.0,0,0.0,0
27963,control,0.0,0,0.0,0
27964,treatment,154.57,0,0.0,0
27965,treatment,79.04,0,0.0,0
27966,control,280.05,0,0.0,0
27967,control,36.8,0,0.0,0
27968,control,0.0,0,0.0,0
27969,control,110.86,0,0.0,0
27970,control,0.0,1,35.55,0
27971,treatment,0.0,0,0.0,0
27972,control,70.83,1,74.79,0
27973,treatment,0.0,0,0.0,0
27974,treatment,0.0,0,0.0,0
27975,control,0.0,0,0.0,0
27976,treatment,0.0,0,0.0,0
27977,control,203.87,1,98.49,0
27978,treatment,33.76,0,0.0,0
27979,control,198.76,0,0.0,0
27980,treatment,0.0,0,0.0,0
27981,treatment,0.0,0,0.0,0
27982,treatment,24.88,0,0.0,0
27983,control,0.0,0,0.0,0
27984,treatment,0.0,0,0.0,0
27985,control,0.0,0,0.0,0
27986,control,42.67,0,0.0,0
27987,control,0.0,0,0.0,0
27988,control,0.0,0,0.0,0
27989,control,340.17,1,73.2,0
27990,treatment,0.0,1,34.33,0
27991,treatment,38.23,1,41.53,0
27992,treatment,150.93,0,0.0,0
27993,control,0.0,0,0.0,0
27994,control,180.07,1,131.21,0
27995,treatment,49.45,0,0.0,0
27996,control,83.46,0,0.0,0
27997,treatment,0.0,0,0.0,0
27998,treatment,41.44,0,0.0,0
27999,control,0.0,0,0.0,0
28000,treatment,0.0,0,0.0,0
28001,treatment,0.0,0,0.0,0
28002,treatment,0.0,0,0.0,0
28003,treatment,71.97,1,57.97,0
28004,treatment,74.78,0,0.0,0
28005,treatment,60.43,0,0.0,0
28006,control,41.78,0,0.0,0
28007,control,0.0,0,0.0,0
28008,control,0.0,0,0.0,0
28009,treatment,379.68,1,309.45,1
28010,control,0.0,0,0.0,0
28011,control,0.0,0,0.0,0
28012,treatment,584.81,1,211.89,0
28013,control,156.41,0,0.0,0
28014,treatment,0.0,0,0.0,0
28015,control,0.0,0,0.0,0
28016,treatment,0.0,0,0.0,0
28017,treatment,34.26,0,0.0,0
28018,control,0.0,0,0.0,0
28019,control,0.0,0,0.0,0
28020,control,136.89,1,29.55,0
28021,control,0.0,0,0.0,0
28022,treatment,0.0,0,0.0,0
28023,control,88.39,1,66.61,0
28024,treatment,242.41,0,0.0,0
28025,treatment,43.86,0,0.0,0
28026,control,0.0,0,0.0,0
28027,treatment,306.48,1,71.85,0
28028,treatment,38.33,0,0.0,0
28029,control,0.0,0,0.0,0
28030,control,60.84,0,0.0,0
28031,control,57.92,0,0.0,0
28032,treatment,0.0,0,0.0,0
28033,control,50.81,1,74.5,0
28034,control,0.0,0,0.0,0
28035,control,0.0,0,0.0,0
28036,control,67.05,0,0.0,0
28037,treatment,0.0,0,0.0,0
28038,control,0.0,0,0.0,0
28039,treatment,58.41,0,0.0,0
28040,control,0.0,0,0.0,0
28041,control,89.55,1,143.1,0
28042,treatment,0.0,0,0.0,0
28043,control,0.0,0,0.0,0
28044,treatment,24.67,0,0.0,0
28045,control,0.0,0,0.0,0
28046,control,0.0,1,84.46,0
28047,control,170.05,0,0.0,0
28048,control,148.63,0,0.0,0
28049,control,66.05,0,0.0,0
28051,control,96.66,0,0.0,0
28052,treatment,0.0,0,0.0,0
28053,treatment,41.71,0,0.0,0
28054,treatment,127.5,0,0.0,0
28055,control,203.18,0,0.0,0
28056,control,0.0,1,67.99,0
28057,treatment,60.73,0,0.0,0
28058,treatment,0.0,0,0.0,0
28059,control,97.21,0,0.0,0
28060,control,0.0,1,82.99,0
28061,control,0.0,0,0.0,0
28062,treatment,0.0,0,0.0,0
28063,treatment,0.0,0,0.0,0
28064,control,78.75,0,0.0,0
28065,treatment,0.0,0,0.0,0
28066,control,0.0,0,0.0,0
28067,treatment,0.0,0,0.0,0
28068,control,34.77,0,0.0,0
28069,treatment,0.0,0,0.0,0
28070,treatment,45.26,0,0.0,0
28072,treatment,0.0,0,0.0,0
28073,control,0.0,0,0.0,0
28074,treatment,0.0,1,33.54,0
28075,treatment,0.0,0,0.0,0
28076,control,55.02,0,0.0,0
28077,control,0.0,0,0.0,0
28078,control,283.6,1,205.51,0
28079,control,26.67,0,0.0,0
28080,treatment,0.0,0,0.0,0
28081,treatment,37.54,0,0.0,0
28082,treatment,222.42,0,0.0,0
28083,treatment,112.15,0,0.0,0
28084,treatment,0.0,0,0.0,0
28085,treatment,23.57,0,0.0,0
28087,control,0.0,0,0.0,0
28089,treatment,0.0,0,0.0,0
28090,control,83.62,0,0.0,0
28091,treatment,0.0,0,0.0,0
28092,treatment,0.0,1,24.6,0
28093,treatment,183.61,1,57.77,0
28094,treatment,0.0,1,57.28,0
28095,control,84.1,0,0.0,0
28096,control,191.15,0,0.0,0
28097,control,0.0,0,0.0,0
28098,control,0.0,0,0.0,0
28099,control,0.0,0,0.0,0
28100,control,0.0,0,0.0,0
28101,treatment,48.38,0,0.0,0
28102,control,49.02,0,0.0,0
28103,control,0.0,0,0.0,0
28104,treatment,0.0,0,0.0,0
28105,control,0.0,0,0.0,0
28106,control,35.23,1,48.76,0
28107,treatment,0.0,0,0.0,0
28109,control,0.0,0,0.0,0
28110,treatment,0.0,0,0.0,0
28111,control,0.0,0,0.0,0
28112,treatment,77.61,0,0.0,0
28113,treatment,0.0,0,0.0,0
28114,treatment,163.74,0,0.0,0
28115,control,389.16,0,0.0,0
28116,control,83.45,1,57.75,0
28117,control,0.0,1,155.22,0
28118,control,0.0,0,0.0,0
28119,control,60.36,0,0.0,0
28120,control,0.0,0,0.0,0
28121,control,0.0,0,0.0,0
28122,treatment,84.72,0,0.0,0
28123,control,569.7,1,55.99,0
28124,control,68.69,0,0.0,0
28125,treatment,163.51,1,97.5,0
28126,control,155.0,0,0.0,0
28127,treatment,63.22,0,0.0,0
28128,treatment,100.42,1,38.93,0
28129,control,0.0,0,0.0,0
28130,control,208.08,0,0.0,0
28131,control,0.0,0,0.0,0
28132,treatment,0.0,0,0.0,0
28133,treatment,410.5,1,186.4,0
28134,treatment,0.0,0,0.0,0
28135,control,0.0,0,0.0,0
28136,treatment,99.73,0,0.0,0
28137,treatment,0.0,0,0.0,0
28138,treatment,55.42,0,0.0,0
28139,treatment,177.93,0,0.0,0
28140,control,0.0,0,0.0,0
28141,control,88.62,0,0.0,0
28142,control,0.0,0,0.0,0
28143,control,0.0,0,0.0,0
28144,control,65.15,1,98.49,0
28145,control,108.13,0,0.0,0
28146,treatment,367.16,0,0.0,0
28147,treatment,0.0,0,0.0,0
28148,treatment,0.0,0,0.0,0
28149,control,0.0,0,0.0,0
28150,control,50.95,0,0.0,0
28151,treatment,0.0,0,0.0,0
28152,treatment,0.0,0,0.0,0
28153,treatment,0.0,0,0.0,0
28154,treatment,0.0,0,0.0,0
28155,control,0.0,1,34.73,0
28156,treatment,0.0,0,0.0,0
28157,treatment,0.0,0,0.0,0
28158,treatment,48.21,0,0.0,0
28159,treatment,81.72,0,0.0,0
28160,treatment,0.0,0,0.0,0
28161,treatment,0.0,0,0.0,0
28162,control,0.0,0,0.0,0
28163,treatment,0.0,0,0.0,0
28164,control,0.0,0,0.0,0
28165,treatment,73.46,0,0.0,0
28166,treatment,42.03,0,0.0,0
28167,control,0.0,0,0.0,0
28168,treatment,0.0,1,53.14,0
28169,treatment,0.0,0,0.0,0
28170,control,34.43,0,0.0,0
28171,control,365.84,1,86.74,0
28172,control,0.0,0,0.0,0
28173,treatment,197.54,0,0.0,0
28174,control,164.57,0,0.0,0
28175,treatment,224.33,0,0.0,0
28176,treatment,75.24,0,0.0,0
28177,treatment,92.73,0,0.0,0
28178,treatment,90.18,0,0.0,0
28179,control,0.0,0,0.0,0
28180,control,0.0,0,0.0,0
28181,treatment,52.34,0,0.0,0
28182,control,0.0,0,0.0,0
28183,control,0.0,0,0.0,0
28184,control,0.0,1,33.28,0
28185,treatment,713.68,1,32.02,0
28186,control,0.0,0,0.0,0
28187,control,0.0,0,0.0,0
28188,treatment,0.0,0,0.0,0
28189,control,56.04,0,0.0,0
28190,treatment,0.0,0,0.0,0
28191,control,0.0,0,0.0,0
28192,treatment,0.0,0,0.0,0
28193,treatment,58.02,0,0.0,0
28194,control,0.0,0,0.0,0
28195,control,145.77,0,0.0,0
28196,treatment,30.11,0,0.0,0
28197,control,0.0,0,0.0,0
28198,control,0.0,0,0.0,0
28199,control,50.75,0,0.0,0
28200,treatment,0.0,0,0.0,0
28201,treatment,57.47,0,0.0,0
28202,control,33.91,0,0.0,0
28203,treatment,37.03,0,0.0,0
28204,control,0.0,0,0.0,0
28205,treatment,86.46,0,0.0,0
28206,treatment,62.69,0,0.0,0
28207,control,102.99,0,0.0,0
28208,control,87.72,0,0.0,0
28209,control,0.0,0,0.0,0
28210,control,0.0,0,0.0,0
28211,treatment,85.6,0,0.0,0
28212,control,0.0,0,0.0,0
28213,control,69.14,0,0.0,0
28214,treatment,0.0,0,0.0,0
28215,control,113.3,0,0.0,0
28217,control,131.78,0,0.0,0
28218,control,0.0,0,0.0,0
28219,control,47.83,0,0.0,0
28220,treatment,324.09,1,65.52,0
28221,treatment,192.98,0,0.0,0
28222,treatment,0.0,0,0.0,0
28223,control,60.9,0,0.0,0
28224,control,53.86,0,0.0,0
28225,control,0.0,0,0.0,0
28226,treatment,40.89,0,0.0,0
28227,treatment,163.09,0,0.0,0
28228,control,47.91,0,0.0,0
28229,treatment,31.55,0,0.0,0
28230,control,0.0,0,0.0,0
28231,treatment,0.0,0,0.0,0
28232,treatment,0.0,0,0.0,0
28233,control,0.0,0,0.0,0
28234,control,0.0,0,0.0,0
28235,control,0.0,0,0.0,0
28236,control,43.02,0,0.0,0
28237,control,0.0,0,0.0,0
28238,control,327.05,0,0.0,0
28239,control,0.0,0,0.0,0
28240,control,0.0,0,0.0,0
28241,control,0.0,0,0.0,0
28242,control,30.82,0,0.0,0
28243,control,181.77,0,0.0,0
28244,control,0.0,0,0.0,0
28245,control,0.0,0,0.0,0
28246,treatment,108.43,0,0.0,0
28247,treatment,58.45,0,0.0,0
28248,treatment,0.0,0,0.0,0
28249,treatment,0.0,0,0.0,0
28250,control,209.46,0,0.0,0
28251,control,0.0,0,0.0,0
28252,control,0.0,0,0.0,0
28253,treatment,0.0,0,0.0,0
28254,treatment,0.0,0,0.0,0
28255,treatment,0.0,0,0.0,0
28256,treatment,107.28,0,0.0,0
28257,treatment,0.0,0,0.0,0
28258,control,0.0,0,0.0,0
28259,control,0.0,0,0.0,0
28260,treatment,0.0,0,0.0,0
28261,treatment,0.0,0,0.0,0
28262,treatment,0.0,0,0.0,0
28263,control,35.92,0,0.0,0
28264,treatment,89.62,0,0.0,0
28265,treatment,0.0,0,0.0,0
28266,treatment,53.05,1,42.96,0
28267,control,0.0,0,0.0,0
28268,treatment,0.0,0,0.0,0
28269,treatment,0.0,0,0.0,0
28270,treatment,0.0,0,0.0,0
28271,treatment,180.3,0,0.0,0
28272,control,0.0,0,0.0,0
28273,treatment,388.3,0,0.0,0
28274,treatment,0.0,0,0.0,0
28275,control,0.0,0,0.0,0
28276,treatment,71.85,0,0.0,0
28277,control,92.9,0,0.0,0
28278,control,0.0,0,0.0,0
28279,treatment,0.0,0,0.0,0
28280,control,42.1,0,0.0,0
28281,control,0.0,0,0.0,0
28282,control,39.13,0,0.0,0
28283,treatment,0.0,0,0.0,0
28284,control,180.67,0,0.0,0
28285,treatment,0.0,0,0.0,0
28286,control,0.0,0,0.0,0
28287,treatment,520.87,1,87.53,0
28288,control,170.49,1,75.95,0
28289,treatment,173.93,0,0.0,0
28290,treatment,0.0,0,0.0,0
28291,control,0.0,0,0.0,0
28292,control,0.0,0,0.0,0
28293,control,0.0,0,0.0,0
28294,control,63.47,0,0.0,0
28296,treatment,0.0,0,0.0,0
28297,control,62.46,0,0.0,0
28298,treatment,0.0,0,0.0,0
28299,control,0.0,0,0.0,0
28300,control,91.52,0,0.0,0
28301,treatment,0.0,1,41.54,0
28302,control,74.89,0,0.0,0
28303,control,0.0,0,0.0,0
28304,treatment,0.0,0,0.0,0
28305,treatment,0.0,0,0.0,0
28306,control,49.12,0,0.0,0
28307,control,0.0,0,0.0,0
28308,control,37.05,0,0.0,0
28309,control,0.0,0,0.0,0
28310,control,0.0,0,0.0,0
28311,treatment,0.0,0,0.0,0
28312,control,0.0,0,0.0,0
28313,control,0.0,0,0.0,0
28314,control,30.17,0,0.0,0
28315,treatment,0.0,0,0.0,0
28316,treatment,230.09,1,97.52,0
28317,treatment,0.0,0,0.0,0
28318,treatment,0.0,1,31.35,0
28319,treatment,0.0,0,0.0,0
28320,treatment,121.24,0,0.0,0
28321,treatment,43.09,0,0.0,0
28322,control,81.21,1,93.13,0
28323,treatment,70.3,0,0.0,0
28324,treatment,0.0,0,0.0,0
28325,control,0.0,0,0.0,0
28326,treatment,40.01,0,0.0,0
28327,treatment,0.0,0,0.0,0
28328,treatment,0.0,1,21.46,0
28329,control,107.79,1,116.54,0
28330,control,0.0,1,36.3,0
28331,control,0.0,0,0.0,0
28332,treatment,0.0,0,0.0,0
28333,control,0.0,0,0.0,0
28334,control,0.0,0,0.0,0
28335,treatment,0.0,0,0.0,0
28336,control,0.0,0,0.0,0
28337,treatment,0.0,0,0.0,0
28338,treatment,0.0,0,0.0,0
28339,control,0.0,0,0.0,0
28340,treatment,54.43,0,0.0,0
28341,control,68.42,0,0.0,0
28342,treatment,36.86,0,0.0,0
28343,control,0.0,0,0.0,0
28344,treatment,0.0,0,0.0,0
28345,treatment,0.0,0,0.0,0
28346,control,0.0,0,0.0,0
28347,treatment,0.0,0,0.0,0
28349,treatment,274.03,0,0.0,0
28350,treatment,33.63,0,0.0,0
28351,control,0.0,0,0.0,0
28352,treatment,23.6,0,0.0,0
28353,control,0.0,0,0.0,0
28354,control,0.0,0,0.0,0
28355,control,0.0,0,0.0,0
28356,control,38.95,1,50.37,0
28357,control,0.0,0,0.0,0
28358,control,0.0,0,0.0,0
28359,control,0.0,0,0.0,0
28360,control,0.0,0,0.0,0
28361,treatment,0.0,0,0.0,0
28362,treatment,64.91,0,0.0,0
28363,treatment,65.98,0,0.0,0
28364,control,0.0,1,69.47,0
28365,treatment,230.67,0,0.0,0
28366,treatment,0.0,0,0.0,0
28367,control,0.0,0,0.0,0
28368,treatment,0.0,0,0.0,0
28369,treatment,103.86,0,0.0,0
28370,treatment,0.0,0,0.0,0
28371,treatment,68.12,1,89.74,0
28372,control,51.2,0,0.0,0
28373,control,0.0,0,0.0,0
28374,treatment,0.0,0,0.0,0
28375,treatment,265.51,1,81.2,0
28376,treatment,0.0,0,0.0,0
28377,control,219.69,0,0.0,0
28378,control,0.0,0,0.0,0
28379,treatment,136.6,0,0.0,0
28380,control,108.48,0,0.0,0
28381,control,273.51,0,0.0,0
28382,treatment,0.0,0,0.0,0
28383,control,0.0,0,0.0,0
28384,control,0.0,0,0.0,0
28385,control,164.55,0,0.0,0
28386,treatment,48.77,1,115.74,0
28387,treatment,57.21,0,0.0,0
28388,treatment,45.23,0,0.0,0
28389,control,0.0,0,0.0,0
28390,treatment,0.0,0,0.0,0
28391,control,0.0,0,0.0,0
28392,treatment,101.97,0,0.0,0
28393,treatment,0.0,0,0.0,0
28394,treatment,0.0,0,0.0,0
28395,treatment,0.0,0,0.0,0
28396,control,0.0,0,0.0,0
28397,treatment,0.0,0,0.0,0
28398,treatment,0.0,0,0.0,0
28399,treatment,0.0,0,0.0,0
28400,control,44.69,0,0.0,0
28401,treatment,0.0,0,0.0,0
28402,control,47.43,1,92.26,0
28403,control,0.0,0,0.0,0
28404,control,48.79,0,0.0,0
28405,treatment,0.0,0,0.0,0
28406,treatment,0.0,0,0.0,0
28407,control,0.0,0,0.0,0
28408,control,185.25,0,0.0,0
28409,treatment,21.96,0,0.0,0
28410,control,0.0,0,0.0,0
28411,treatment,23.87,0,0.0,0
28412,control,79.9,0,0.0,0
28413,treatment,61.55,1,88.89,0
28414,control,0.0,0,0.0,0
28415,treatment,0.0,0,0.0,0
28416,control,242.46,1,54.74,0
28417,control,67.89,0,0.0,0
28418,treatment,0.0,0,0.0,0
28419,control,23.77,0,0.0,0
28420,control,40.23,0,0.0,0
28421,control,0.0,0,0.0,0
28422,treatment,45.01,0,0.0,0
28423,control,18.93,0,0.0,0
28424,treatment,0.0,0,0.0,0
28425,control,0.0,0,0.0,0
28426,control,0.0,0,0.0,0
28427,control,321.26,0,0.0,0
28428,control,0.0,0,0.0,0
28429,treatment,24.75,0,0.0,0
28430,control,25.27,0,0.0,0
28431,treatment,0.0,0,0.0,0
28432,treatment,125.78,0,0.0,0
28433,treatment,0.0,0,0.0,0
28434,treatment,134.64,1,90.71,0
28435,treatment,0.0,0,0.0,0
28436,treatment,0.0,0,0.0,0
28437,treatment,80.16,0,0.0,0
28438,control,0.0,0,0.0,0
28439,control,0.0,0,0.0,0
28440,treatment,0.0,0,0.0,0
28441,control,131.19,1,67.29,0
28442,control,0.0,0,0.0,0
28443,control,0.0,0,0.0,0
28444,control,0.0,0,0.0,0
28445,control,43.1,1,53.53,0
28446,control,34.04,0,0.0,0
28447,control,0.0,0,0.0,0
28448,control,0.0,0,0.0,0
28449,control,84.87,0,0.0,0
28450,treatment,183.94,0,0.0,0
28451,treatment,0.0,0,0.0,0
28452,control,0.0,0,0.0,0
28453,treatment,78.24,1,43.92,0
28454,treatment,94.31,0,0.0,0
28455,treatment,77.94,0,0.0,0
28456,treatment,51.29,0,0.0,0
28457,control,0.0,0,0.0,0
28458,control,0.0,0,0.0,0
28459,control,0.0,0,0.0,0
28460,treatment,0.0,1,117.91,0
28461,treatment,0.0,0,0.0,0
28462,control,0.0,0,0.0,0
28463,control,0.0,0,0.0,0
28464,control,0.0,0,0.0,0
28465,treatment,0.0,0,0.0,0
28466,treatment,0.0,0,0.0,0
28467,treatment,46.56,0,0.0,0
28468,control,0.0,0,0.0,0
28469,control,205.65,0,0.0,0
28470,control,0.0,0,0.0,0
28471,treatment,0.0,0,0.0,0
28472,treatment,0.0,0,0.0,0
28473,treatment,41.05,0,0.0,0
28474,treatment,83.54,0,0.0,0
28475,treatment,0.0,0,0.0,0
28476,control,0.0,0,0.0,0
28477,treatment,0.0,0,0.0,0
28478,control,35.62,0,0.0,0
28479,control,0.0,0,0.0,0
28480,treatment,123.57,0,0.0,0
28481,control,53.21,0,0.0,0
28482,control,0.0,0,0.0,0
28483,treatment,81.27,0,0.0,0
28484,treatment,63.51,0,0.0,0
28485,treatment,0.0,0,0.0,0
28486,treatment,30.29,0,0.0,0
28487,treatment,68.78,0,0.0,0
28488,control,0.0,0,0.0,0
28489,control,0.0,0,0.0,0
28490,treatment,308.58,0,0.0,0
28491,treatment,157.99,0,0.0,0
28492,treatment,62.72,0,0.0,0
28493,control,52.57,0,0.0,0
28494,control,0.0,0,0.0,0
28495,treatment,0.0,0,0.0,0
28496,control,0.0,0,0.0,0
28497,treatment,0.0,0,0.0,0
28498,control,44.5,0,0.0,0
28499,treatment,0.0,0,0.0,0
28500,control,22.11,0,0.0,0
28501,control,395.82,1,53.22,0
28502,control,0.0,0,0.0,0
28503,control,45.98,0,0.0,0
28504,treatment,0.0,1,64.51,0
28505,control,10.88,0,0.0,0
28506,control,0.0,0,0.0,0
28507,control,0.0,0,0.0,0
28508,control,0.0,0,0.0,0
28509,control,0.0,0,0.0,0
28510,control,0.0,0,0.0,0
28511,treatment,0.0,0,0.0,0
28512,treatment,35.41,0,0.0,0
28513,treatment,31.15,0,0.0,0
28514,treatment,267.01,1,85.91,0
28515,treatment,0.0,0,0.0,0
28516,control,80.5,1,97.2,0
28517,control,0.0,0,0.0,0
28518,treatment,46.01,0,0.0,0
28519,treatment,0.0,0,0.0,0
28520,treatment,0.0,0,0.0,0
28521,treatment,0.0,0,0.0,0
28522,control,135.82,1,56.47,0
28523,control,0.0,0,0.0,0
28524,treatment,0.0,0,0.0,0
28525,control,428.85,0,0.0,0
28526,treatment,0.0,0,0.0,0
28527,control,184.53,0,0.0,0
28528,control,17.73,0,0.0,0
28529,treatment,0.0,0,0.0,0
28530,treatment,91.67,1,26.27,0
28531,control,0.0,0,0.0,0
28532,control,73.82,0,0.0,0
28533,treatment,153.83,1,29.71,0
28534,control,0.0,0,0.0,0
28535,treatment,92.48,1,27.23,0
28536,treatment,79.73,0,0.0,0
28537,treatment,0.0,0,0.0,0
28538,treatment,114.07,0,0.0,0
28539,treatment,0.0,0,0.0,0
28540,treatment,43.4,0,0.0,0
28541,treatment,63.7,0,0.0,0
28542,control,0.0,0,0.0,0
28543,treatment,0.0,0,0.0,0
28544,treatment,35.36,0,0.0,0
28545,control,58.58,0,0.0,0
28546,treatment,263.15,1,116.49,0
28547,treatment,54.22,0,0.0,0
28548,control,0.0,0,0.0,0
28549,control,50.62,0,0.0,0
28550,treatment,83.84,0,0.0,0
28551,treatment,174.03,0,0.0,0
28552,control,0.0,0,0.0,0
28553,treatment,107.84,1,29.07,0
28554,control,0.0,0,0.0,0
28555,control,33.83,0,0.0,0
28556,treatment,0.0,0,0.0,0
28557,control,0.0,0,0.0,0
28558,treatment,0.0,0,0.0,0
28559,control,0.0,0,0.0,0
28560,treatment,102.09,0,0.0,0
28561,treatment,0.0,0,0.0,0
28562,treatment,246.1,0,0.0,0
28563,treatment,82.77,0,0.0,0
28565,control,44.71,0,0.0,0
28566,treatment,211.85,0,0.0,0
28567,control,0.0,0,0.0,0
28568,control,0.0,0,0.0,0
28569,treatment,0.0,0,0.0,0
28570,treatment,0.0,0,0.0,0
28571,treatment,89.53,1,45.78,0
28572,treatment,42.07,0,0.0,0
28573,treatment,0.0,0,0.0,0
28574,treatment,0.0,0,0.0,0
28575,control,0.0,1,17.26,0
28576,control,0.0,0,0.0,0
28577,treatment,0.0,0,0.0,0
28578,control,247.47,0,0.0,0
28579,treatment,44.83,0,0.0,0
28580,treatment,70.89,0,0.0,0
28581,treatment,141.75,0,0.0,0
28582,control,0.0,0,0.0,0
28583,control,0.0,0,0.0,0
28584,control,0.0,0,0.0,0
28585,control,56.22,0,0.0,0
28586,control,30.54,0,0.0,0
28587,treatment,144.31,0,0.0,0
28589,treatment,0.0,0,0.0,0
28590,control,167.87,0,0.0,0
28591,treatment,0.0,0,0.0,0
28592,control,0.0,0,0.0,0
28595,treatment,53.74,0,0.0,0
28596,control,0.0,0,0.0,0
28597,treatment,31.71,0,0.0,0
28598,treatment,69.32,0,0.0,0
28599,control,0.0,0,0.0,0
28600,treatment,204.63,0,0.0,0
28601,treatment,0.0,0,0.0,0
28602,treatment,0.0,0,0.0,0
28603,control,0.0,0,0.0,0
28604,control,0.0,0,0.0,0
28605,control,326.76,0,0.0,0
28606,control,65.13,0,0.0,0
28607,treatment,0.0,0,0.0,0
28608,control,28.63,1,47.69,0
28609,control,0.0,0,0.0,0
28610,control,0.0,0,0.0,0
28611,treatment,25.9,0,0.0,0
28612,treatment,0.0,0,0.0,0
28613,treatment,29.48,0,0.0,0
28614,control,0.0,0,0.0,0
28615,control,0.0,0,0.0,0
28616,control,74.16,0,0.0,0
28617,treatment,0.0,0,0.0,0
28618,control,48.45,1,80.01,0
28619,treatment,0.0,0,0.0,0
28620,control,0.0,0,0.0,0
28621,control,0.0,1,57.58,0
28622,control,183.03,0,0.0,0
28623,treatment,0.0,0,0.0,0
28624,control,0.0,1,108.21,0
28625,control,0.0,0,0.0,0
28626,control,370.97,1,60.15,0
28627,treatment,76.09,0,0.0,0
28628,treatment,0.0,0,0.0,0
28629,control,222.4,0,0.0,0
28630,control,0.0,1,34.97,0
28631,control,116.94,1,62.81,0
28632,treatment,0.0,0,0.0,0
28633,control,0.0,0,0.0,0
28634,treatment,0.0,1,40.7,0
28635,control,0.0,0,0.0,0
28636,control,0.0,0,0.0,0
28637,control,0.0,0,0.0,0
28638,treatment,0.0,0,0.0,0
28639,control,438.37,1,56.27,0
28640,treatment,0.0,1,138.86,0
28641,treatment,72.71,0,0.0,0
28642,treatment,0.0,0,0.0,0
28643,control,0.0,0,0.0,0
28644,control,0.0,0,0.0,0
28645,control,0.0,0,0.0,0
28646,control,0.0,0,0.0,0
28647,control,0.0,0,0.0,0
28648,treatment,0.0,0,0.0,0
28649,treatment,38.63,0,0.0,0
28650,control,39.87,1,54.26,0
28651,control,0.0,0,0.0,0
28653,treatment,107.95,1,163.65,1
28654,control,51.08,0,0.0,0
28655,control,163.73,0,0.0,0
28656,control,314.22,0,0.0,0
28657,treatment,112.58,0,0.0,0
28658,control,71.3,1,35.89,0
28659,control,107.25,0,0.0,0
28660,control,57.47,0,0.0,0
28661,control,0.0,0,0.0,0
28662,control,0.0,0,0.0,0
28663,treatment,676.45,0,0.0,0
28664,treatment,114.57,0,0.0,0
28665,treatment,58.35,0,0.0,0
28666,control,69.52,0,0.0,0
28667,treatment,539.38,0,0.0,0
28668,treatment,0.0,0,0.0,0
28669,control,0.0,0,0.0,0
28670,treatment,28.89,0,0.0,0
28671,treatment,0.0,0,0.0,0
28672,treatment,0.0,0,0.0,0
28673,treatment,0.0,0,0.0,0
28674,treatment,0.0,0,0.0,0
28675,treatment,0.0,0,0.0,0
28676,treatment,0.0,0,0.0,0
28677,control,136.79,0,0.0,0
28678,treatment,0.0,0,0.0,0
28679,control,108.53,0,0.0,0
28680,control,135.12,0,0.0,0
28681,treatment,30.69,0,0.0,0
28682,treatment,379.44,1,84.29,0
28683,control,0.0,0,0.0,0
28684,treatment,0.0,0,0.0,0
28685,control,0.0,0,0.0,0
28686,treatment,171.9,0,0.0,0
28687,treatment,0.0,0,0.0,0
28688,control,43.58,0,0.0,0
28689,control,79.16,0,0.0,0
28690,control,235.76,1,79.37,0
28691,control,0.0,0,0.0,0
28692,treatment,0.0,0,0.0,0
28693,control,0.0,0,0.0,0
28694,control,138.51,0,0.0,0
28695,control,0.0,0,0.0,0
28696,treatment,0.0,0,0.0,0
28697,treatment,0.0,0,0.0,0
28698,control,217.85,1,88.61,0
28699,treatment,0.0,1,60.91,0
28700,control,51.13,0,0.0,0
28701,treatment,38.33,0,0.0,0
28702,control,0.0,0,0.0,0
28703,treatment,47.77,0,0.0,0
28704,treatment,170.77,0,0.0,0
28705,treatment,0.0,0,0.0,0
28706,treatment,529.75,1,105.78,0
28707,treatment,35.04,0,0.0,0
28708,control,75.08,0,0.0,0
28709,control,30.07,0,0.0,0
28711,treatment,29.97,0,0.0,0
28712,treatment,130.38,1,30.36,1
28713,control,96.56,0,0.0,0
28714,control,0.0,0,0.0,0
28715,control,34.38,0,0.0,0
28716,treatment,0.0,0,0.0,0
28717,control,42.23,0,0.0,0
28718,treatment,153.04,0,0.0,0
28719,control,0.0,0,0.0,0
28720,treatment,46.7,0,0.0,0
28721,treatment,0.0,0,0.0,0
28722,control,0.0,0,0.0,0
28723,control,58.55,0,0.0,0
28724,treatment,0.0,0,0.0,0
28725,treatment,0.0,1,46.5,0
28726,treatment,62.02,0,0.0,0
28727,treatment,38.89,0,0.0,0
28728,control,0.0,1,28.76,0
28729,treatment,74.54,0,0.0,0
28730,control,0.0,0,0.0,0
28731,control,0.0,0,0.0,0
28732,treatment,105.79,0,0.0,0
28733,treatment,0.0,1,25.22,0
28734,control,59.2,0,0.0,0
28735,control,0.0,1,45.7,0
28736,control,29.98,0,0.0,0
28737,control,0.0,0,0.0,0
28738,control,164.33,0,0.0,0
28739,treatment,0.0,0,0.0,0
28740,control,0.0,0,0.0,0
28741,control,105.33,0,0.0,0
28742,control,0.0,0,0.0,0
28743,treatment,66.45,0,0.0,0
28744,treatment,0.0,0,0.0,0
28746,control,0.0,0,0.0,0
28747,control,71.84,0,0.0,0
28748,control,315.8,0,0.0,0
28750,treatment,0.0,0,0.0,0
28751,treatment,50.25,0,0.0,0
28752,treatment,0.0,0,0.0,0
28753,treatment,0.0,1,46.81,0
28754,control,0.0,0,0.0,0
28755,control,158.43,0,0.0,0
28756,treatment,0.0,0,0.0,0
28757,treatment,0.0,0,0.0,0
28758,control,83.06,1,48.62,0
28759,treatment,35.56,1,11.94,0
28760,treatment,118.23,0,0.0,0
28761,control,0.0,0,0.0,0
28762,control,0.0,0,0.0,0
28763,control,0.0,0,0.0,0
28764,treatment,36.1,0,0.0,0
28765,treatment,0.0,0,0.0,0
28766,treatment,104.0,0,0.0,0
28767,treatment,0.0,0,0.0,0
28768,treatment,274.75,1,34.9,0
28769,control,0.0,0,0.0,0
28770,treatment,0.0,0,0.0,0
28772,treatment,0.0,0,0.0,0
28773,treatment,60.49,0,0.0,0
28774,treatment,144.09,0,0.0,0
28775,treatment,71.01,0,0.0,0
28776,treatment,134.12,1,47.74,0
28777,treatment,215.66,0,0.0,0
28778,control,0.0,0,0.0,0
28779,control,0.0,0,0.0,0
28780,treatment,57.7,0,0.0,0
28781,control,0.0,0,0.0,0
28782,control,0.0,0,0.0,0
28783,control,0.0,0,0.0,0
28784,treatment,0.0,0,0.0,0
28785,treatment,49.56,0,0.0,0
28787,control,0.0,0,0.0,0
28788,treatment,0.0,0,0.0,0
28789,control,0.0,0,0.0,0
28790,treatment,39.77,0,0.0,0
28791,control,44.68,0,0.0,0
28792,treatment,0.0,0,0.0,0
28793,treatment,58.06,1,103.67,0
28794,treatment,0.0,0,0.0,0
28795,control,104.86,0,0.0,0
28796,treatment,33.14,1,49.24,0
28797,control,49.45,0,0.0,0
28798,control,0.0,0,0.0,0
28799,treatment,0.0,0,0.0,0
28800,control,0.0,0,0.0,0
28801,treatment,99.89,1,61.81,0
28802,treatment,105.91,0,0.0,0
28803,treatment,146.05,0,0.0,0
28804,treatment,0.0,0,0.0,0
28805,control,0.0,0,0.0,0
28806,treatment,34.05,0,0.0,0
28807,treatment,0.0,0,0.0,0
28808,treatment,60.26,0,0.0,0
28809,treatment,191.88,0,0.0,0
28810,control,0.0,0,0.0,0
28811,treatment,45.52,0,0.0,0
28812,treatment,0.0,0,0.0,0
28813,treatment,0.0,0,0.0,0
28815,treatment,0.0,0,0.0,0
28816,control,182.94,0,0.0,0
28817,treatment,0.0,0,0.0,0
28818,treatment,127.09,0,0.0,0
28819,control,39.55,0,0.0,0
28820,treatment,0.0,0,0.0,0
28822,treatment,118.43,0,0.0,0
28823,treatment,366.86,0,0.0,0
28824,treatment,0.0,0,0.0,0
28825,treatment,0.0,0,0.0,0
28826,treatment,79.43,0,0.0,0
28827,control,0.0,0,0.0,0
28828,control,0.0,0,0.0,0
28829,treatment,0.0,0,0.0,0
28830,treatment,0.0,1,98.63,0
28831,control,0.0,0,0.0,0
28832,treatment,0.0,0,0.0,0
28833,control,0.0,0,0.0,0
28834,treatment,0.0,0,0.0,0
28836,control,0.0,0,0.0,0
28837,control,0.0,0,0.0,0
28838,control,26.12,0,0.0,0
28839,control,0.0,0,0.0,0
28840,treatment,78.63,1,36.45,0
28841,control,0.0,0,0.0,0
28842,control,17.87,0,0.0,0
28843,treatment,0.0,0,0.0,0
28844,treatment,0.0,0,0.0,0
28845,treatment,51.03,0,0.0,0
28846,control,0.0,0,0.0,0
28847,treatment,0.0,0,0.0,0
28848,control,79.49,0,0.0,0
28849,treatment,0.0,0,0.0,0
28850,treatment,42.03,0,0.0,0
28851,control,83.53,0,0.0,0
28852,control,0.0,0,0.0,0
28853,treatment,150.8,0,0.0,0
28854,treatment,0.0,0,0.0,0
28855,control,121.0,0,0.0,0
28856,control,17.68,0,0.0,0
28857,treatment,72.2,0,0.0,0
28858,treatment,0.0,0,0.0,0
28859,control,0.0,0,0.0,0
28860,control,0.0,0,0.0,0
28861,treatment,0.0,0,0.0,0
28862,control,105.87,1,67.2,0
28863,treatment,79.03,1,37.97,0
28864,treatment,157.08,0,0.0,0
28865,treatment,123.39,0,0.0,0
28867,treatment,0.0,0,0.0,0
28868,treatment,0.0,0,0.0,0
28869,treatment,142.16,0,0.0,0
28870,treatment,56.12,0,0.0,0
28871,control,202.06,0,0.0,0
28872,control,33.64,0,0.0,0
28873,control,0.0,1,92.36,0
28874,control,144.65,0,0.0,0
28875,treatment,32.63,0,0.0,0
28876,control,76.1,0,0.0,0
28877,treatment,47.29,0,0.0,0
28878,treatment,0.0,0,0.0,0
28879,treatment,73.58,0,0.0,0
28880,control,0.0,0,0.0,0
28881,treatment,28.66,0,0.0,0
28882,treatment,21.23,0,0.0,0
28883,treatment,141.5,0,0.0,0
28884,treatment,0.0,0,0.0,0
28885,treatment,525.68,1,157.45,0
28886,treatment,0.0,0,0.0,0
28887,treatment,220.58,1,131.76,0
28888,treatment,0.0,1,37.33,0
28889,control,0.0,0,0.0,0
28890,treatment,106.8,0,0.0,0
28891,control,495.44,1,50.78,0
28892,control,0.0,0,0.0,0
28893,treatment,0.0,1,57.7,0
28894,control,0.0,0,0.0,0
28895,control,101.2,1,67.0,0
28896,control,0.0,0,0.0,0
28897,control,0.0,0,0.0,0
28898,control,100.32,0,0.0,0
28899,control,0.0,0,0.0,0
28900,control,0.0,0,0.0,0
28901,treatment,0.0,0,0.0,0
28902,treatment,0.0,0,0.0,0
28903,treatment,72.13,0,0.0,0
28904,control,160.87,0,0.0,0
28905,treatment,0.0,0,0.0,0
28906,treatment,262.36,0,0.0,0
28907,treatment,0.0,1,33.4,0
28908,control,0.0,0,0.0,0
28909,treatment,0.0,0,0.0,0
28910,treatment,0.0,0,0.0,0
28911,treatment,0.0,0,0.0,0
28912,control,0.0,0,0.0,0
28913,treatment,58.43,0,0.0,0
28914,treatment,164.05,0,0.0,0
28915,control,0.0,0,0.0,0
28916,control,206.45,0,0.0,0
28917,treatment,0.0,1,37.84,0
28918,control,0.0,1,35.57,0
28920,control,0.0,0,0.0,0
28921,treatment,0.0,0,0.0,0
28922,control,65.52,0,0.0,0
28923,treatment,34.84,1,71.59,0
28924,treatment,0.0,0,0.0,0
28925,control,0.0,0,0.0,0
28926,control,0.0,0,0.0,0
28927,control,25.59,0,0.0,0
28928,treatment,38.45,0,0.0,0
28929,control,0.0,0,0.0,0
28930,treatment,185.78,1,71.0,0
28931,control,69.15,1,68.09,0
28932,treatment,0.0,0,0.0,0
28933,treatment,0.0,0,0.0,0
28934,control,55.9,0,0.0,0
28935,treatment,122.92,1,32.69,0
28936,control,543.41,1,97.57,0
28937,treatment,0.0,0,0.0,0
28938,treatment,0.0,0,0.0,0
28939,control,0.0,0,0.0,0
28940,control,119.95,0,0.0,0
28941,control,0.0,0,0.0,0
28942,treatment,0.0,0,0.0,0
28943,treatment,0.0,0,0.0,0
28944,treatment,90.24,0,0.0,0
28945,treatment,44.19,0,0.0,0
28946,treatment,52.37,0,0.0,0
28947,control,0.0,0,0.0,0
28948,treatment,0.0,0,0.0,0
28949,treatment,0.0,0,0.0,0
28950,treatment,231.96,1,107.21,0
28951,control,64.6,0,0.0,0
28952,control,42.28,0,0.0,0
28953,control,114.13,1,63.7,1
28954,control,37.83,0,0.0,0
28955,control,78.84,0,0.0,0
28956,treatment,0.0,0,0.0,0
28957,treatment,0.0,0,0.0,0
28958,treatment,0.0,0,0.0,0
28959,control,0.0,0,0.0,0
28960,treatment,0.0,0,0.0,0
28961,control,0.0,0,0.0,0
28962,treatment,0.0,1,68.42,0
28963,control,76.72,0,0.0,0
28964,control,0.0,0,0.0,0
28965,control,0.0,1,29.55,0
28966,control,76.27,1,56.62,0
28967,control,52.81,0,0.0,0
28968,control,0.0,0,0.0,0
28969,treatment,0.0,0,0.0,0
28970,treatment,0.0,0,0.0,0
28971,treatment,202.19,1,46.35,0
28972,control,0.0,0,0.0,0
28973,control,0.0,0,0.0,0
28974,control,0.0,0,0.0,0
28975,control,133.43,1,81.1,0
28976,control,79.93,1,56.49,0
28977,control,0.0,0,0.0,0
28978,control,0.0,0,0.0,0
28979,control,152.17,1,194.95,0
28980,control,0.0,0,0.0,0
28981,control,26.07,0,0.0,0
28982,control,0.0,0,0.0,0
28983,control,54.8,0,0.0,0
28984,control,28.89,0,0.0,0
28985,treatment,24.37,0,0.0,0
28986,treatment,0.0,0,0.0,0
28987,control,44.91,0,0.0,0
28988,control,0.0,0,0.0,0
28989,treatment,158.21,0,0.0,0
28990,control,291.9,0,0.0,0
28991,control,34.79,0,0.0,0
28992,control,175.99,1,129.71,0
28993,control,0.0,0,0.0,0
28994,control,0.0,0,0.0,0
28995,control,74.63,0,0.0,0
28996,control,0.0,0,0.0,0
28997,treatment,269.73,0,0.0,0
28998,control,0.0,0,0.0,0
28999,control,218.22,1,119.83,0
29000,treatment,311.77,0,0.0,0
29001,control,0.0,0,0.0,0
29002,control,82.01,0,0.0,0
29003,treatment,1026.84,0,0.0,0
29004,control,0.0,0,0.0,0
29005,treatment,0.0,0,0.0,0
29006,control,40.28,0,0.0,0
29007,treatment,0.0,0,0.0,0
29008,treatment,0.0,0,0.0,0
29009,treatment,407.26,0,0.0,0
29010,treatment,30.05,0,0.0,0
29011,treatment,0.0,0,0.0,0
29012,control,35.56,0,0.0,0
29013,treatment,0.0,0,0.0,0
29014,treatment,48.97,0,0.0,0
29015,control,46.11,0,0.0,0
29016,control,113.12,0,0.0,0
29017,control,0.0,0,0.0,0
29018,treatment,0.0,0,0.0,0
29019,treatment,0.0,0,0.0,0
29020,control,0.0,0,0.0,0
29021,control,0.0,0,0.0,0
29022,treatment,0.0,0,0.0,0
29023,control,91.2,0,0.0,0
29024,treatment,0.0,1,8.92,0
29025,control,58.93,1,53.78,0
29026,control,52.91,0,0.0,0
29027,control,42.68,0,0.0,0
29028,treatment,0.0,0,0.0,0
29029,control,0.0,0,0.0,0
29030,control,0.0,0,0.0,0
29031,treatment,684.6,0,0.0,0
29032,control,0.0,0,0.0,0
29033,treatment,0.0,0,0.0,0
29034,control,0.0,0,0.0,0
29035,treatment,30.37,0,0.0,0
29036,treatment,0.0,0,0.0,0
29037,control,0.0,0,0.0,0
29038,treatment,80.27,0,0.0,0
29039,treatment,0.0,0,0.0,0
29040,control,58.74,0,0.0,0
29041,treatment,79.77,1,122.51,0
29042,treatment,0.0,0,0.0,0
29043,control,91.89,0,0.0,0
29044,control,0.0,0,0.0,0
29045,control,40.87,0,0.0,0
29046,control,0.0,1,114.23,1
29047,control,279.66,0,0.0,0
29048,treatment,49.35,0,0.0,0
29049,control,0.0,0,0.0,0
29050,treatment,46.74,0,0.0,0
29051,control,0.0,0,0.0,0
29052,treatment,0.0,0,0.0,0
29053,control,0.0,0,0.0,0
29054,control,56.82,0,0.0,0
29055,control,0.0,0,0.0,0
29056,control,0.0,0,0.0,0
29057,treatment,0.0,0,0.0,0
29058,treatment,396.32,0,0.0,0
29059,treatment,0.0,0,0.0,0
29060,treatment,0.0,0,0.0,0
29061,control,0.0,0,0.0,0
29062,treatment,62.16,0,0.0,0
29063,control,156.25,0,0.0,0
29064,treatment,0.0,0,0.0,0
29065,treatment,0.0,0,0.0,0
29066,treatment,0.0,0,0.0,0
29067,treatment,63.82,0,0.0,0
29068,treatment,0.0,0,0.0,0
29069,treatment,34.73,0,0.0,0
29070,treatment,0.0,1,37.76,0
29071,control,0.0,1,45.68,0
29072,control,0.0,1,105.47,0
29073,control,71.86,1,39.36,0
29074,treatment,0.0,0,0.0,0
29075,treatment,56.53,0,0.0,0
29076,treatment,87.34,0,0.0,0
29077,treatment,40.39,0,0.0,0
29078,control,145.91,0,0.0,0
29079,treatment,86.61,0,0.0,0
29080,treatment,0.0,0,0.0,0
29081,control,0.0,0,0.0,0
29082,treatment,0.0,0,0.0,0
29083,control,0.0,0,0.0,0
29084,treatment,116.75,0,0.0,0
29085,treatment,215.06,0,0.0,0
29086,control,0.0,0,0.0,0
29087,treatment,212.87,0,0.0,0
29088,treatment,49.79,0,0.0,0
29089,treatment,216.55,0,0.0,0
29090,control,0.0,0,0.0,0
29091,control,295.05,0,0.0,0
29092,treatment,92.2,0,0.0,0
29093,treatment,507.68,1,37.0,0
29094,control,0.0,0,0.0,0
29095,treatment,0.0,0,0.0,0
29096,control,162.67,0,0.0,0
29097,control,139.39,0,0.0,0
29098,treatment,0.0,0,0.0,0
29099,control,0.0,0,0.0,0
29100,treatment,0.0,0,0.0,0
29101,control,43.88,0,0.0,0
29102,control,74.66,0,0.0,0
29103,control,372.6,0,0.0,0
29104,treatment,0.0,0,0.0,0
29105,control,0.0,0,0.0,0
29106,control,87.68,0,0.0,0
29107,control,34.53,1,30.46,0
29108,treatment,0.0,0,0.0,0
29109,treatment,125.1,1,47.48,0
29110,control,0.0,0,0.0,0
29111,treatment,0.0,0,0.0,0
29112,control,0.0,0,0.0,0
29113,control,0.0,0,0.0,0
29114,control,0.0,0,0.0,0
29115,treatment,0.0,0,0.0,0
29116,treatment,0.0,0,0.0,0
29117,control,114.2,0,0.0,0
29119,control,56.21,0,0.0,0
29120,treatment,74.7,0,0.0,0
29121,treatment,131.98,0,0.0,0
29122,control,114.47,0,0.0,0
29123,treatment,0.0,0,0.0,0
29124,control,0.0,0,0.0,0
29125,control,162.62,0,0.0,0
29126,treatment,0.0,0,0.0,0
29127,control,356.17,0,0.0,0
29128,treatment,177.59,1,89.06,0
29129,control,26.5,0,0.0,0
29130,treatment,92.43,0,0.0,0
29131,control,0.0,0,0.0,0
29132,control,0.0,0,0.0,0
29133,control,0.0,0,0.0,0
29134,control,245.11,0,0.0,0
29135,treatment,50.96,0,0.0,0
29136,control,57.55,0,0.0,0
29137,treatment,344.66,1,49.51,0
29138,treatment,86.48,0,0.0,0
29139,control,0.0,0,0.0,0
29140,treatment,0.0,0,0.0,0
29141,treatment,26.38,0,0.0,0
29142,control,0.0,0,0.0,0
29143,control,36.65,1,53.62,0
29144,control,24.82,0,0.0,0
29145,control,91.92,1,34.01,0
29146,treatment,0.0,0,0.0,0
29147,control,0.0,0,0.0,0
29148,treatment,122.47,0,0.0,0
29149,control,608.17,0,0.0,0
29150,control,0.0,0,0.0,0
29151,treatment,0.0,0,0.0,0
29152,control,0.0,0,0.0,0
29153,treatment,82.14,0,0.0,0
29154,treatment,162.78,0,0.0,0
29155,treatment,15.6,0,0.0,0
29156,control,148.22,0,0.0,0
29157,treatment,0.0,0,0.0,0
29158,control,0.0,0,0.0,0
29159,treatment,63.9,0,0.0,0
29160,treatment,146.71,0,0.0,0
29161,control,0.0,1,83.96,0
29162,control,716.24,1,56.91,0
29163,control,254.85,1,54.21,0
29164,treatment,80.55,0,0.0,0
29165,treatment,0.0,1,35.57,0
29166,treatment,0.0,0,0.0,0
29167,control,394.85,0,0.0,0
29168,control,127.52,0,0.0,0
29169,control,54.32,1,51.5,0
29170,control,0.0,0,0.0,0
29171,treatment,271.18,1,51.3,0
29172,treatment,0.0,0,0.0,0
29173,treatment,0.0,0,0.0,0
29174,control,0.0,0,0.0,0
29175,treatment,452.25,0,0.0,0
29176,treatment,86.43,0,0.0,0
29177,control,0.0,0,0.0,0
29178,control,74.6,0,0.0,0
29179,treatment,0.0,0,0.0,0
29180,control,0.0,1,44.05,0
29181,treatment,0.0,0,0.0,0
29182,control,37.91,0,0.0,0
29183,treatment,0.0,0,0.0,0
29184,control,0.0,0,0.0,0
29185,treatment,280.04,0,0.0,0
29186,treatment,0.0,0,0.0,0
29187,control,99.92,0,0.0,0
29188,treatment,0.0,0,0.0,0
29189,treatment,0.0,0,0.0,0
29190,control,0.0,0,0.0,0
29191,treatment,44.66,0,0.0,0
29192,treatment,70.98,0,0.0,0
29193,control,226.96,0,0.0,0
29194,control,63.35,0,0.0,0
29195,treatment,0.0,0,0.0,0
29196,treatment,28.13,0,0.0,0
29197,control,19.8,0,0.0,0
29198,treatment,114.19,1,29.23,0
29199,treatment,0.0,0,0.0,0
29200,control,0.0,0,0.0,0
29201,control,0.0,0,0.0,0
29202,treatment,42.38,0,0.0,0
29203,treatment,0.0,0,0.0,0
29204,control,90.46,0,0.0,0
29205,treatment,0.0,0,0.0,0
29206,control,93.83,1,83.8,0
29207,control,0.0,0,0.0,0
29208,control,0.0,0,0.0,0
29209,control,0.0,1,62.36,0
29210,control,0.0,0,0.0,0
29211,treatment,248.36,0,0.0,0
29212,treatment,102.09,0,0.0,0
29213,treatment,0.0,0,0.0,0
29214,control,60.88,0,0.0,0
29215,treatment,33.68,0,0.0,0
29216,treatment,67.53,0,0.0,0
29217,control,0.0,0,0.0,0
29218,treatment,0.0,0,0.0,0
29219,treatment,0.0,0,0.0,0
29220,control,87.77,0,0.0,0
29221,control,45.99,1,52.49,0
29222,control,0.0,0,0.0,0
29223,treatment,61.11,1,89.05,1
29224,control,184.5,1,60.54,0
29225,control,236.3,0,0.0,0
29226,control,42.99,0,0.0,0
29227,control,36.94,0,0.0,0
29228,treatment,0.0,0,0.0,0
29229,control,0.0,0,0.0,0
29230,control,95.88,0,0.0,0
29231,treatment,145.72,1,69.09,0
29232,control,0.0,0,0.0,0
29233,control,152.75,0,0.0,0
29234,control,37.38,0,0.0,0
29235,treatment,0.0,0,0.0,0
29236,control,18.11,0,0.0,0
29237,control,419.24,1,31.51,0
29238,treatment,0.0,0,0.0,0
29239,control,0.0,0,0.0,0
29240,control,54.91,0,0.0,0
29241,control,32.75,0,0.0,0
29242,control,0.0,0,0.0,0
29243,control,85.82,0,0.0,0
29244,treatment,70.63,0,0.0,0
29245,treatment,0.0,0,0.0,0
29246,treatment,0.0,0,0.0,0
29247,control,21.86,0,0.0,0
29248,treatment,92.03,0,0.0,0
29249,control,136.77,0,0.0,0
29250,treatment,0.0,1,28.35,0
29251,control,129.75,0,0.0,0
29252,treatment,100.24,0,0.0,0
29253,treatment,137.53,0,0.0,0
29254,control,45.58,0,0.0,0
29255,treatment,0.0,0,0.0,0
29256,control,0.0,0,0.0,0
29257,control,69.49,0,0.0,0
29258,control,0.0,0,0.0,0
29259,control,0.0,0,0.0,0
29260,control,0.0,0,0.0,0
29261,treatment,0.0,0,0.0,0
29262,control,0.0,0,0.0,0
29263,control,0.0,1,65.5,0
29264,treatment,113.11,0,0.0,0
29265,treatment,0.0,0,0.0,0
29266,treatment,0.0,0,0.0,0
29267,treatment,0.0,1,79.18,0
29268,control,0.0,0,0.0,0
29269,treatment,0.0,0,0.0,0
29270,treatment,233.77,1,222.43,0
29271,treatment,22.33,0,0.0,0
29272,treatment,0.0,0,0.0,0
29273,treatment,54.83,0,0.0,0
29274,treatment,49.97,0,0.0,0
29275,control,82.37,0,0.0,0
29276,control,34.61,0,0.0,0
29277,treatment,0.0,0,0.0,0
29278,control,140.29,0,0.0,0
29279,control,0.0,0,0.0,0
29280,control,0.0,0,0.0,0
29281,control,0.0,0,0.0,0
29282,treatment,46.09,1,71.08,0
29283,treatment,297.05,1,60.14,0
29284,treatment,61.99,0,0.0,0
29285,control,0.0,0,0.0,0
29286,treatment,275.06,1,41.21,0
29287,control,0.0,0,0.0,0
29288,treatment,54.8,0,0.0,0
29289,control,70.02,0,0.0,0
29290,treatment,0.0,1,44.42,0
29291,treatment,61.88,0,0.0,0
29292,control,0.0,0,0.0,0
29293,treatment,0.0,0,0.0,0
29294,control,0.0,1,62.9,0
29295,treatment,176.53,0,0.0,0
29296,control,43.43,0,0.0,0
29297,control,0.0,0,0.0,0
29298,treatment,0.0,0,0.0,0
29299,treatment,88.82,0,0.0,0
29300,control,82.88,0,0.0,0
29301,control,0.0,0,0.0,0
29302,treatment,0.0,0,0.0,0
29303,treatment,70.96,1,36.31,0
29304,control,83.1,0,0.0,0
29305,control,0.0,0,0.0,0
29306,control,0.0,0,0.0,0
29307,treatment,0.0,0,0.0,0
29308,control,0.0,0,0.0,0
29309,control,0.0,0,0.0,0
29310,treatment,0.0,0,0.0,0
29311,control,122.35,0,0.0,0
29312,treatment,67.31,0,0.0,0
29313,treatment,114.76,0,0.0,0
29314,control,85.48,0,0.0,0
29315,control,0.0,0,0.0,0
29316,treatment,167.58,0,0.0,0
29317,treatment,399.58,1,76.61,0
29318,control,55.06,0,0.0,0
29319,treatment,0.0,0,0.0,0
29320,control,0.0,1,69.41,0
29321,treatment,0.0,0,0.0,0
29322,control,0.0,0,0.0,0
29323,treatment,56.33,0,0.0,0
29324,treatment,46.65,0,0.0,0
29325,treatment,80.19,0,0.0,0
29326,control,286.17,0,0.0,0
29327,treatment,70.85,0,0.0,0
29328,control,63.3,0,0.0,0
29329,control,47.37,0,0.0,0
29330,treatment,0.0,0,0.0,0
29331,control,0.0,0,0.0,0
29332,treatment,210.75,0,0.0,0
29333,treatment,81.16,0,0.0,0
29334,treatment,0.0,0,0.0,0
29335,control,15.07,0,0.0,0
29336,treatment,169.19,1,44.37,0
29337,treatment,0.0,0,0.0,0
29338,control,98.88,1,69.48,0
29339,control,0.0,0,0.0,0
29340,treatment,0.0,0,0.0,0
29341,treatment,115.2,0,0.0,0
29342,control,0.0,0,0.0,0
29343,treatment,0.0,0,0.0,0
29344,control,0.0,0,0.0,0
29345,control,0.0,0,0.0,0
29346,control,30.15,0,0.0,0
29347,control,45.69,0,0.0,0
29348,control,0.0,0,0.0,0
29349,treatment,635.71,0,0.0,0
29350,control,0.0,0,0.0,0
29351,treatment,0.0,0,0.0,0
29352,treatment,0.0,0,0.0,0
29353,control,254.75,0,0.0,0
29354,treatment,0.0,0,0.0,0
29355,treatment,0.0,0,0.0,0
29356,control,32.05,0,0.0,0
29357,control,0.0,0,0.0,0
29358,control,101.59,0,0.0,0
29359,treatment,0.0,0,0.0,0
29360,control,72.52,0,0.0,0
29361,control,43.95,0,0.0,0
29362,control,0.0,0,0.0,0
29363,treatment,44.66,0,0.0,0
29364,control,21.97,0,0.0,0
29365,control,0.0,0,0.0,0
29366,control,0.0,0,0.0,0
29367,control,0.0,0,0.0,0
29368,control,0.0,0,0.0,0
29369,treatment,0.0,0,0.0,0
29370,control,0.0,0,0.0,0
29371,control,0.0,0,0.0,0
29372,treatment,0.0,0,0.0,0
29373,treatment,0.0,0,0.0,0
29374,treatment,111.43,0,0.0,0
29375,control,0.0,0,0.0,0
29376,treatment,0.0,0,0.0,0
29377,control,0.0,0,0.0,0
29378,treatment,0.0,0,0.0,0
29379,treatment,0.0,0,0.0,0
29380,control,65.26,0,0.0,0
29381,control,32.99,0,0.0,0
29382,control,65.38,0,0.0,0
29384,treatment,52.17,0,0.0,0
29385,treatment,0.0,0,0.0,0
29386,treatment,0.0,0,0.0,0
29387,control,0.0,0,0.0,0
29388,control,167.41,0,0.0,0
29389,control,36.86,0,0.0,0
29390,treatment,0.0,0,0.0,0
29391,treatment,40.7,1,61.9,0
29392,treatment,0.0,0,0.0,0
29393,treatment,0.0,0,0.0,0
29394,control,292.4,0,0.0,0
29395,treatment,0.0,1,17.78,0
29396,control,152.31,0,0.0,0
29397,treatment,246.81,1,67.0,0
29398,control,0.0,0,0.0,0
29399,treatment,864.68,1,80.85,0
29400,control,46.44,0,0.0,0
29401,treatment,59.68,0,0.0,0
29402,treatment,93.34,0,0.0,0
29403,treatment,0.0,0,0.0,0
29404,treatment,0.0,0,0.0,0
29405,control,127.34,0,0.0,0
29406,control,0.0,0,0.0,0
29407,treatment,0.0,0,0.0,0
29408,control,102.66,0,0.0,0
29409,treatment,0.0,0,0.0,0
29410,treatment,0.0,0,0.0,0
29411,treatment,305.37,1,43.95,0
29412,control,244.56,0,0.0,0
29413,treatment,47.84,0,0.0,0
29414,control,50.84,0,0.0,0
29415,control,0.0,0,0.0,0
29416,treatment,674.59,1,165.68,0
29417,treatment,48.93,0,0.0,0
29418,control,0.0,0,0.0,0
29419,control,224.24,0,0.0,0
29420,treatment,0.0,0,0.0,0
29421,treatment,716.32,0,0.0,0
29422,treatment,39.35,0,0.0,0
29423,treatment,0.0,0,0.0,0
29424,control,0.0,0,0.0,0
29425,treatment,36.13,0,0.0,0
29426,control,26.11,0,0.0,0
29427,control,0.0,0,0.0,0
29428,treatment,70.55,0,0.0,0
29429,treatment,72.41,0,0.0,0
29430,treatment,75.26,0,0.0,0
29431,treatment,0.0,0,0.0,0
29432,control,91.77,1,63.95,0
29433,treatment,183.55,1,89.45,0
29435,control,995.93,1,123.05,0
29436,treatment,39.6,0,0.0,0
29437,treatment,0.0,0,0.0,0
29438,control,25.61,0,0.0,0
29439,treatment,92.55,0,0.0,0
29440,control,66.46,0,0.0,0
29441,treatment,43.65,0,0.0,0
29442,control,0.0,0,0.0,0
29443,control,0.0,0,0.0,0
29444,treatment,0.0,0,0.0,0
29445,treatment,0.0,0,0.0,0
29446,treatment,0.0,0,0.0,0
29447,treatment,0.0,0,0.0,0
29448,treatment,586.03,0,0.0,0
29449,treatment,29.64,0,0.0,0
29450,control,119.45,1,37.73,0
29451,treatment,0.0,0,0.0,0
29452,control,29.26,0,0.0,0
29453,control,0.0,0,0.0,0
29454,treatment,26.12,0,0.0,0
29455,treatment,0.0,0,0.0,0
29456,control,0.0,1,32.68,0
29457,control,0.0,0,0.0,0
29458,treatment,0.0,0,0.0,0
29459,treatment,105.9,1,88.39,0
29460,control,51.11,0,0.0,0
29461,control,25.14,0,0.0,0
29462,control,129.58,1,126.73,0
29463,control,0.0,0,0.0,0
29464,treatment,57.41,0,0.0,0
29465,control,45.78,0,0.0,0
29466,treatment,0.0,0,0.0,0
29467,control,131.08,0,0.0,0
29468,treatment,0.0,0,0.0,0
29469,control,40.17,0,0.0,0
29470,treatment,0.0,1,85.51,0
29471,treatment,0.0,0,0.0,0
29472,treatment,80.32,0,0.0,0
29473,control,0.0,1,62.3,0
29474,control,0.0,0,0.0,0
29475,treatment,182.61,1,291.83,0
29476,control,100.86,0,0.0,0
29477,control,55.31,0,0.0,0
29478,treatment,0.0,0,0.0,0
29479,treatment,0.0,0,0.0,0
29480,treatment,0.0,0,0.0,0
29481,treatment,48.73,0,0.0,0
29482,control,0.0,1,74.09,0
29483,control,0.0,1,117.04,0
29484,control,84.84,0,0.0,0
29485,control,0.0,0,0.0,0
29486,treatment,0.0,0,0.0,0
29487,treatment,0.0,0,0.0,0
29488,treatment,49.17,0,0.0,0
29489,treatment,0.0,0,0.0,0
29490,control,65.25,0,0.0,0
29491,treatment,106.75,0,0.0,0
29492,control,62.33,0,0.0,0
29493,control,0.0,0,0.0,0
29494,control,0.0,0,0.0,0
29495,treatment,57.23,0,0.0,0
29496,control,0.0,1,100.31,0
29497,treatment,97.0,0,0.0,0
29498,control,0.0,0,0.0,0
29499,treatment,0.0,0,0.0,0
29500,treatment,81.18,0,0.0,0
29501,treatment,88.7,0,0.0,0
29502,treatment,0.0,0,0.0,0
29503,treatment,49.51,0,0.0,0
29504,treatment,266.76,0,0.0,0
29505,treatment,0.0,1,52.97,0
29506,treatment,59.76,0,0.0,0
29507,treatment,0.0,0,0.0,0
29508,control,40.52,0,0.0,0
29509,treatment,0.0,0,0.0,0
29510,control,56.34,0,0.0,0
29511,treatment,38.42,0,0.0,0
29512,control,64.39,0,0.0,0
29513,control,50.25,0,0.0,0
29514,treatment,0.0,0,0.0,0
29515,control,471.72,0,0.0,0
29516,control,0.0,0,0.0,0
29517,control,0.0,0,0.0,0
29518,control,256.25,0,0.0,0
29519,treatment,0.0,0,0.0,0
29520,treatment,82.53,0,0.0,0
29521,treatment,113.46,0,0.0,0
29522,treatment,0.0,0,0.0,0
29523,control,56.84,0,0.0,0
29524,treatment,85.5,1,26.96,0
29526,control,0.0,0,0.0,0
29527,control,0.0,0,0.0,0
29528,treatment,216.98,0,0.0,0
29529,control,0.0,0,0.0,0
29530,control,0.0,0,0.0,0
29531,control,0.0,0,0.0,0
29532,treatment,413.72,0,0.0,0
29533,treatment,0.0,0,0.0,0
29534,treatment,171.22,0,0.0,0
29535,treatment,132.79,1,14.54,0
29536,treatment,26.71,0,0.0,0
29537,treatment,109.73,0,0.0,0
29538,treatment,0.0,0,0.0,0
29539,treatment,0.0,0,0.0,0
29540,control,593.64,0,0.0,0
29541,control,0.0,0,0.0,0
29542,treatment,45.97,0,0.0,0
29543,control,0.0,0,0.0,0
29544,control,0.0,0,0.0,0
29545,treatment,76.86,0,0.0,0
29546,control,57.94,0,0.0,0
29547,control,0.0,0,0.0,0
29548,treatment,0.0,0,0.0,0
29549,control,124.07,0,0.0,0
29550,control,0.0,0,0.0,0
29551,treatment,0.0,1,18.53,0
29552,treatment,31.7,0,0.0,0
29553,control,0.0,0,0.0,0
29554,control,0.0,0,0.0,0
29555,control,0.0,1,55.99,0
29556,control,133.7,1,17.09,1
29557,treatment,0.0,0,0.0,0
29558,control,0.0,0,0.0,0
29559,treatment,0.0,0,0.0,0
29560,treatment,278.84,0,0.0,0
29561,control,43.47,0,0.0,0
29562,treatment,101.41,0,0.0,0
29563,treatment,0.0,0,0.0,0
29564,control,295.14,1,98.81,0
29565,control,0.0,0,0.0,0
29567,treatment,0.0,0,0.0,0
29568,control,0.0,0,0.0,0
29569,treatment,0.0,0,0.0,0
29570,control,0.0,0,0.0,0
29571,treatment,0.0,0,0.0,0
29572,control,51.87,0,0.0,0
29573,control,0.0,0,0.0,0
29574,treatment,0.0,1,104.99,0
29575,treatment,36.12,0,0.0,0
29576,control,0.0,0,0.0,0
29577,control,186.6,0,0.0,0
29578,control,28.35,0,0.0,0
29579,control,0.0,0,0.0,0
29580,control,66.17,0,0.0,0
29581,control,114.4,0,0.0,0
29582,treatment,0.0,0,0.0,0
29583,treatment,62.2,0,0.0,0
29584,treatment,0.0,0,0.0,0
29585,control,48.78,0,0.0,0
29586,control,255.29,0,0.0,0
29587,treatment,0.0,0,0.0,0
29588,control,46.83,1,44.87,0
29589,treatment,54.8,1,62.17,0
29590,treatment,0.0,0,0.0,0
29591,control,0.0,0,0.0,0
29592,control,0.0,0,0.0,0
29593,control,0.0,0,0.0,0
29594,treatment,0.0,0,0.0,0
29595,control,0.0,0,0.0,0
29596,control,0.0,0,0.0,0
29597,control,0.0,0,0.0,0
29598,treatment,37.76,0,0.0,0
29599,control,38.77,0,0.0,0
29600,control,0.0,0,0.0,0
29601,control,79.72,0,0.0,0
29602,treatment,0.0,0,0.0,0
29603,treatment,0.0,0,0.0,0
29604,control,0.0,1,82.43,0
29605,control,77.63,1,63.68,0
29606,treatment,86.09,0,0.0,0
29607,control,57.74,1,166.27,0
29608,control,211.25,0,0.0,0
29609,control,0.0,0,0.0,0
29610,control,91.06,0,0.0,0
29611,treatment,0.0,0,0.0,0
29612,control,0.0,0,0.0,0
29613,control,128.63,1,84.15,0
29614,treatment,722.82,1,133.67,0
29615,control,77.69,0,0.0,0
29616,control,108.05,0,0.0,0
29617,control,424.01,1,72.25,0
29618,treatment,27.26,1,16.33,0
29619,control,265.27,0,0.0,0
29620,treatment,26.98,0,0.0,0
29621,control,0.0,0,0.0,0
29622,control,0.0,0,0.0,0
29623,treatment,49.31,0,0.0,0
29624,treatment,61.31,0,0.0,0
29625,control,0.0,0,0.0,0
29626,treatment,141.83,0,0.0,0
29627,treatment,0.0,0,0.0,0
29628,treatment,61.53,0,0.0,0
29629,control,447.35,1,76.44,0
29630,control,0.0,0,0.0,0
29631,control,42.47,0,0.0,0
29632,control,107.39,0,0.0,0
29633,treatment,25.26,0,0.0,0
29634,control,0.0,0,0.0,0
29635,control,68.97,0,0.0,0
29636,treatment,0.0,0,0.0,0
29637,control,0.0,0,0.0,0
29638,treatment,79.66,0,0.0,0
29639,treatment,0.0,0,0.0,0
29640,control,0.0,0,0.0,0
29641,treatment,25.94,0,0.0,0
29642,treatment,117.61,0,0.0,0
29643,treatment,27.53,0,0.0,0
29644,control,105.34,0,0.0,0
29645,treatment,0.0,0,0.0,0
29646,control,0.0,0,0.0,0
29647,control,53.98,0,0.0,0
29648,control,1073.06,1,43.4,1
29649,treatment,0.0,0,0.0,0
29650,control,40.06,0,0.0,0
29651,treatment,206.39,0,0.0,0
29652,control,0.0,0,0.0,0
29653,control,0.0,0,0.0,0
29654,treatment,118.13,0,0.0,0
29655,control,0.0,0,0.0,0
29656,control,22.15,0,0.0,0
29657,treatment,53.98,0,0.0,0
29658,control,105.66,0,0.0,0
29659,treatment,145.17,0,0.0,0
29660,treatment,0.0,0,0.0,0
29661,control,29.44,0,0.0,0
29662,control,254.07,0,0.0,0
29663,control,1835.22,1,72.62,0
29664,control,60.39,0,0.0,0
29665,treatment,0.0,0,0.0,0
29666,treatment,0.0,0,0.0,0
29667,control,0.0,0,0.0,0
29668,treatment,82.78,0,0.0,0
29669,treatment,0.0,0,0.0,0
29670,treatment,101.28,0,0.0,0
29671,treatment,54.21,0,0.0,0
29672,control,0.0,0,0.0,0
29673,treatment,0.0,0,0.0,0
29674,control,26.87,0,0.0,0
29675,control,0.0,0,0.0,0
29676,treatment,29.91,0,0.0,0
29677,control,781.15,0,0.0,0
29678,treatment,0.0,0,0.0,0
29679,control,42.65,0,0.0,0
29680,treatment,0.0,0,0.0,0
29681,control,0.0,0,0.0,0
29682,control,0.0,0,0.0,0
29683,control,0.0,0,0.0,0
29684,treatment,0.0,0,0.0,0
29685,treatment,0.0,0,0.0,0
29686,treatment,71.73,0,0.0,0
29687,treatment,31.91,0,0.0,0
29688,treatment,67.98,1,117.44,0
29689,control,72.02,1,39.24,0
29690,treatment,0.0,0,0.0,0
29691,control,62.6,0,0.0,0
29692,control,0.0,0,0.0,0
29693,treatment,0.0,0,0.0,0
29694,control,197.0,0,0.0,0
29695,control,0.0,0,0.0,0
29696,treatment,39.36,0,0.0,0
29697,control,0.0,0,0.0,0
29698,treatment,0.0,0,0.0,0
29699,treatment,64.18,0,0.0,0
29700,control,0.0,0,0.0,0
29701,control,477.19,0,0.0,0
29702,control,0.0,0,0.0,0
29703,treatment,44.02,0,0.0,0
29704,control,0.0,0,0.0,0
29705,treatment,0.0,0,0.0,0
29706,control,0.0,0,0.0,0
29707,control,142.88,1,53.11,0
29708,treatment,33.84,0,0.0,0
29709,treatment,0.0,0,0.0,0
29710,treatment,0.0,0,0.0,0
29711,control,139.81,0,0.0,0
29712,control,104.38,0,0.0,0
29713,treatment,0.0,0,0.0,0
29714,control,196.23,0,0.0,0
29715,control,36.54,0,0.0,0
29716,control,534.57,0,0.0,0
29717,control,0.0,0,0.0,0
29718,control,28.39,0,0.0,0
29719,treatment,55.29,1,149.09,0
29720,control,0.0,0,0.0,0
29721,treatment,0.0,0,0.0,0
29722,control,0.0,1,138.75,0
29723,control,0.0,0,0.0,0
29724,control,42.83,1,31.2,0
29725,control,0.0,0,0.0,0
29726,treatment,301.98,0,0.0,0
29727,control,161.36,0,0.0,0
29728,control,0.0,0,0.0,0
29729,treatment,0.0,0,0.0,0
29730,treatment,66.07,1,46.82,0
29731,treatment,24.11,0,0.0,0
29732,control,98.34,0,0.0,0
29733,treatment,142.49,1,48.4,0
29734,treatment,0.0,0,0.0,0
29735,treatment,953.6,0,0.0,0
29736,control,0.0,0,0.0,0
29737,treatment,0.0,0,0.0,0
29738,treatment,57.08,0,0.0,0
29739,treatment,0.0,0,0.0,0
29740,control,0.0,0,0.0,0
29741,treatment,96.02,0,0.0,0
29742,treatment,30.8,0,0.0,0
29743,treatment,0.0,0,0.0,0
29744,treatment,0.0,0,0.0,0
29745,control,0.0,0,0.0,0
29746,control,173.18,0,0.0,0
29747,treatment,0.0,0,0.0,0
29748,treatment,0.0,0,0.0,0
29749,treatment,0.0,0,0.0,0
29750,control,0.0,0,0.0,0
29751,control,0.0,0,0.0,0
29752,treatment,0.0,1,157.54,0
29753,treatment,109.44,1,62.81,0
29754,treatment,0.0,0,0.0,0
29755,control,75.79,0,0.0,0
29756,treatment,60.44,0,0.0,0
29757,treatment,31.79,0,0.0,0
29758,treatment,520.35,1,121.42,0
29759,treatment,0.0,0,0.0,0
29760,treatment,55.59,0,0.0,0
29761,control,0.0,0,0.0,0
29762,control,0.0,0,0.0,0
29763,control,29.5,0,0.0,0
29764,treatment,186.33,0,0.0,0
29765,treatment,19.96,0,0.0,0
29766,control,65.11,0,0.0,0
29767,treatment,0.0,0,0.0,0
29768,treatment,0.0,0,0.0,0
29769,control,0.0,0,0.0,0
29770,control,0.0,0,0.0,0
29771,control,393.11,0,0.0,0
29772,treatment,49.5,0,0.0,0
29773,control,0.0,0,0.0,0
29774,treatment,0.0,0,0.0,0
29775,treatment,41.43,0,0.0,0
29776,control,63.43,0,0.0,0
29778,control,54.33,0,0.0,0
29779,treatment,95.97,0,0.0,0
29780,treatment,0.0,0,0.0,0
29781,treatment,46.69,0,0.0,0
29782,control,38.05,0,0.0,0
29783,treatment,58.67,0,0.0,0
29784,treatment,109.67,0,0.0,0
29785,treatment,140.32,0,0.0,0
29786,control,64.06,0,0.0,0
29787,treatment,89.27,0,0.0,0
29788,treatment,0.0,0,0.0,0
29789,treatment,0.0,0,0.0,0
29790,treatment,0.0,0,0.0,0
29791,control,0.0,0,0.0,0
29793,control,94.7,0,0.0,0
29794,control,0.0,0,0.0,0
29795,treatment,0.0,0,0.0,0
29796,treatment,55.03,0,0.0,0
29797,treatment,31.65,0,0.0,0
29798,control,0.0,0,0.0,0
29799,control,51.99,0,0.0,0
29800,treatment,0.0,0,0.0,0
29801,treatment,33.22,0,0.0,0
29802,treatment,47.95,0,0.0,0
29803,control,0.0,0,0.0,0
29804,control,0.0,0,0.0,0
29805,control,1082.48,1,108.74,0
29806,control,133.04,1,52.9,0
29807,control,0.0,0,0.0,0
29808,treatment,611.88,1,127.99,0
29809,control,33.22,0,0.0,0
29810,control,101.94,0,0.0,0
29811,control,0.0,1,58.34,0
29812,control,0.0,0,0.0,0
29813,control,32.09,0,0.0,0
29814,treatment,0.0,1,40.32,0
29815,treatment,0.0,0,0.0,0
29816,control,94.05,0,0.0,0
29817,control,109.32,0,0.0,0
29818,treatment,44.0,0,0.0,0
29819,treatment,0.0,0,0.0,0
29820,treatment,23.0,0,0.0,0
29821,control,44.83,1,64.6,0
29822,control,0.0,0,0.0,0
29823,treatment,0.0,1,74.33,0
29824,control,12.43,0,0.0,0
29825,control,0.0,0,0.0,0
29826,control,0.0,0,0.0,0
29827,control,76.6,0,0.0,0
29828,control,80.27,0,0.0,0
29829,control,183.16,0,0.0,0
29830,treatment,92.36,0,0.0,0
29831,control,150.72,0,0.0,0
29832,treatment,149.05,1,47.35,0
29833,treatment,100.26,1,80.19,0
29834,treatment,0.0,0,0.0,0
29835,control,0.0,0,0.0,0
29836,control,0.0,0,0.0,0
29837,treatment,53.03,0,0.0,0
29838,treatment,95.92,0,0.0,0
29839,control,195.49,1,80.04,0
29840,control,0.0,0,0.0,0
29841,treatment,0.0,0,0.0,0
29842,treatment,0.0,0,0.0,0
29843,control,0.0,0,0.0,0
29844,control,1060.53,1,80.67,0
29845,control,0.0,0,0.0,0
29846,treatment,0.0,0,0.0,0
29847,treatment,82.28,0,0.0,0
29848,treatment,0.0,0,0.0,0
29849,control,52.39,0,0.0,0
29850,control,0.0,0,0.0,0
29851,control,102.52,0,0.0,0
29852,treatment,154.02,1,103.95,0
29853,control,147.27,0,0.0,0
29854,control,477.18,0,0.0,0
29855,treatment,43.87,0,0.0,0
29856,control,0.0,0,0.0,0
29857,treatment,57.07,0,0.0,0
29858,treatment,0.0,0,0.0,0
29859,treatment,0.0,0,0.0,0
29860,control,0.0,0,0.0,0
29861,treatment,0.0,0,0.0,0
29862,treatment,0.0,0,0.0,0
29863,control,45.58,0,0.0,0
29864,control,0.0,0,0.0,0
29865,control,759.57,0,0.0,0
29866,treatment,171.26,0,0.0,0
29867,treatment,0.0,0,0.0,0
29868,treatment,107.76,0,0.0,0
29869,control,0.0,0,0.0,0
29870,treatment,0.0,1,99.98,0
29871,treatment,0.0,0,0.0,0
29872,treatment,0.0,0,0.0,0
29873,treatment,67.65,0,0.0,0
29874,treatment,0.0,0,0.0,0
29875,treatment,72.42,0,0.0,0
29876,control,0.0,0,0.0,0
29877,treatment,124.98,0,0.0,0
29878,treatment,67.84,1,87.68,0
29879,control,204.54,0,0.0,0
29880,control,0.0,0,0.0,0
29881,control,0.0,0,0.0,0
29882,treatment,106.51,0,0.0,0
29883,treatment,0.0,0,0.0,0
29884,treatment,0.0,0,0.0,0
29885,treatment,96.83,0,0.0,0
29886,control,52.51,0,0.0,0
29887,control,25.85,0,0.0,0
29888,treatment,58.78,0,0.0,0
29889,treatment,44.24,0,0.0,0
29890,treatment,47.89,0,0.0,0
29891,control,196.86,0,0.0,0
29892,treatment,39.76,0,0.0,0
29893,treatment,0.0,0,0.0,0
29894,control,31.44,1,36.35,0
29895,treatment,41.21,0,0.0,0
29896,control,0.0,0,0.0,0
29897,control,0.0,0,0.0,0
29898,control,233.74,0,0.0,0
29899,control,400.05,0,0.0,0
29900,treatment,40.33,0,0.0,0
29901,treatment,88.97,0,0.0,0
29902,treatment,59.24,1,30.67,0
29903,control,0.0,0,0.0,0
29904,control,221.98,0,0.0,0
29905,treatment,134.74,0,0.0,0
29906,control,0.0,0,0.0,0
29907,control,64.24,0,0.0,0
29908,control,0.0,0,0.0,0
29909,control,155.18,0,0.0,0
29910,control,206.18,0,0.0,0
29911,treatment,166.46,0,0.0,0
29912,treatment,0.0,0,0.0,0
29913,control,59.65,1,35.65,0
29914,control,0.0,0,0.0,0
29915,control,0.0,0,0.0,0
29916,control,0.0,0,0.0,0
29917,control,0.0,1,51.76,0
29918,control,0.0,0,0.0,0
29919,treatment,55.85,0,0.0,0
29920,control,0.0,0,0.0,0
29921,treatment,0.0,0,0.0,0
29922,treatment,0.0,0,0.0,0
29923,control,206.21,0,0.0,0
29924,treatment,163.35,0,0.0,0
29925,treatment,58.73,0,0.0,0
29926,control,0.0,1,73.92,0
29927,control,0.0,0,0.0,0
29928,treatment,0.0,0,0.0,0
29929,control,130.23,0,0.0,0
29930,treatment,32.89,0,0.0,0
29931,treatment,132.57,0,0.0,0
29932,treatment,267.97,0,0.0,0
29933,treatment,96.17,0,0.0,0
29934,treatment,0.0,0,0.0,0
29935,control,351.31,1,117.47,0
29936,treatment,0.0,0,0.0,0
29937,treatment,0.0,0,0.0,0
29938,control,76.06,0,0.0,0
29939,control,56.76,0,0.0,0
29940,control,1366.18,1,108.06,0
29941,treatment,0.0,0,0.0,0
29942,treatment,187.52,1,50.79,0
29943,control,0.0,1,49.86,0
29944,treatment,0.0,0,0.0,0
29945,treatment,0.0,0,0.0,0
29946,control,0.0,0,0.0,0
29947,control,0.0,0,0.0,0
29948,treatment,32.57,0,0.0,0
29949,control,166.05,0,0.0,0
29950,control,0.0,0,0.0,0
29951,control,0.0,1,75.43,0
29952,control,511.67,1,50.49,0
29954,control,74.65,0,0.0,0
29955,control,0.0,0,0.0,0
29956,control,0.0,0,0.0,0
29957,control,0.0,0,0.0,0
29958,control,0.0,0,0.0,0
29959,treatment,0.0,0,0.0,0
29960,control,47.8,0,0.0,0
29961,treatment,0.0,0,0.0,0
29962,control,0.0,0,0.0,0
29963,treatment,0.0,0,0.0,0
29964,treatment,52.09,1,66.38,0
29965,control,62.96,0,0.0,0
29966,control,0.0,0,0.0,0
29967,control,0.0,0,0.0,0
29968,treatment,508.04,1,26.0,0
29969,treatment,0.0,0,0.0,0
29970,treatment,90.83,0,0.0,0
29971,control,83.95,0,0.0,0
29972,treatment,0.0,0,0.0,0
29973,treatment,28.85,0,0.0,0
29974,control,0.0,0,0.0,0
29975,control,66.95,0,0.0,0
29976,treatment,0.0,1,77.02,0
29977,treatment,47.48,0,0.0,0
29978,control,55.99,1,71.55,0
29979,treatment,0.0,0,0.0,0
29980,control,102.39,0,0.0,0
29981,treatment,56.83,0,0.0,0
29982,control,0.0,0,0.0,0
29983,treatment,41.87,0,0.0,0
29984,treatment,80.79,0,0.0,0
29985,control,51.57,0,0.0,0
29986,treatment,141.64,1,65.69,0
29987,control,46.35,0,0.0,0
29988,control,0.0,0,0.0,0
29989,control,55.82,0,0.0,0
29990,treatment,0.0,0,0.0,0
29991,treatment,0.0,0,0.0,0
29992,control,0.0,0,0.0,0
29993,treatment,237.25,0,0.0,0
29994,control,741.38,0,0.0,0
29995,control,373.66,1,235.41,0
29996,control,0.0,0,0.0,0
29997,control,109.27,0,0.0,0
29998,control,0.0,0,0.0,0
29999,treatment,0.0,0,0.0,0
30000,treatment,472.98,0,0.0,0
30001,treatment,0.0,0,0.0,0
30002,treatment,85.29,0,0.0,0
30003,treatment,0.0,0,0.0,0
30004,treatment,194.04,0,0.0,0
30005,treatment,59.03,0,0.0,0
30006,treatment,52.75,0,0.0,0
30007,control,0.0,0,0.0,0
30008,treatment,584.41,0,0.0,0
30009,treatment,164.35,1,46.91,0
30010,treatment,70.22,1,77.2,0
30011,treatment,80.62,0,0.0,0
30012,treatment,0.0,0,0.0,0
30013,treatment,120.48,1,22.95,1
30014,treatment,66.68,1,37.06,0
30015,control,0.0,0,0.0,0
30016,treatment,98.54,0,0.0,0
30017,treatment,146.9,0,0.0,0
30018,control,0.0,0,0.0,0
30019,treatment,0.0,0,0.0,0
30020,control,0.0,0,0.0,0
30021,treatment,38.52,0,0.0,0
30022,treatment,0.0,0,0.0,0
30023,treatment,37.85,1,58.26,0
30024,control,404.12,0,0.0,0
30026,control,0.0,0,0.0,0
30027,treatment,51.71,0,0.0,0
30028,control,81.78,0,0.0,0
30029,control,982.99,1,159.42,0
30030,treatment,0.0,0,0.0,0
30031,control,0.0,1,103.11,0
30032,treatment,0.0,0,0.0,0
30033,control,0.0,1,49.59,0
30034,control,103.99,1,39.01,1
30035,control,33.27,0,0.0,0
30036,treatment,0.0,0,0.0,0
30037,control,512.16,0,0.0,0
30039,control,54.82,0,0.0,0
30040,control,0.0,0,0.0,0
30041,treatment,1064.09,0,0.0,0
30042,control,125.1,0,0.0,0
30043,treatment,0.0,0,0.0,0
30044,treatment,0.0,0,0.0,0
30045,treatment,45.33,0,0.0,0
30046,control,50.29,0,0.0,0
30047,treatment,128.18,0,0.0,0
30048,control,0.0,0,0.0,0
30049,treatment,0.0,0,0.0,0
30050,control,0.0,0,0.0,0
30051,control,0.0,0,0.0,0
30052,treatment,0.0,0,0.0,0
30053,treatment,31.22,0,0.0,0
30054,control,279.89,1,30.79,0
30055,control,77.98,1,45.99,0
30056,treatment,0.0,0,0.0,0
30057,treatment,0.0,0,0.0,0
30058,treatment,72.27,0,0.0,0
30059,control,0.0,0,0.0,0
30060,treatment,66.72,0,0.0,0
30061,control,0.0,1,135.64,0
30062,control,0.0,0,0.0,0
30063,treatment,0.0,1,36.29,0
30064,treatment,710.38,0,0.0,0
30065,control,0.0,0,0.0,0
30066,control,0.0,0,0.0,0
30067,control,0.0,0,0.0,0
30068,treatment,134.29,0,0.0,0
30069,control,0.0,0,0.0,0
30070,control,28.44,0,0.0,0
30071,treatment,83.73,0,0.0,0
30072,treatment,430.01,0,0.0,0
30073,treatment,27.77,1,132.88,0
30074,control,0.0,0,0.0,0
30075,treatment,0.0,0,0.0,0
30076,treatment,303.9,0,0.0,0
30077,treatment,0.0,0,0.0,0
30078,treatment,0.0,0,0.0,0
30079,control,0.0,0,0.0,0
30080,control,0.0,0,0.0,0
30081,treatment,0.0,0,0.0,0
30082,control,0.0,0,0.0,0
30083,control,0.0,0,0.0,0
30084,control,0.0,0,0.0,0
30085,control,0.0,0,0.0,0
30086,treatment,0.0,0,0.0,0
30087,control,74.52,0,0.0,0
30088,treatment,0.0,0,0.0,0
30089,treatment,174.13,0,0.0,0
30090,treatment,0.0,0,0.0,0
30091,treatment,0.0,0,0.0,0
30092,control,0.0,0,0.0,0
30093,control,52.6,0,0.0,0
30094,treatment,38.72,1,109.78,0
30095,treatment,73.29,0,0.0,0
30096,control,823.38,1,75.14,0
30097,control,0.0,1,49.65,0
30098,control,281.12,0,0.0,0
30099,treatment,0.0,0,0.0,0
30100,treatment,0.0,0,0.0,0
30101,treatment,0.0,0,0.0,0
30102,control,0.0,1,48.77,0
30103,treatment,0.0,0,0.0,0
30104,control,0.0,0,0.0,0
30105,control,180.72,0,0.0,0
30106,treatment,0.0,0,0.0,0
30107,treatment,0.0,0,0.0,0
30108,treatment,0.0,0,0.0,0
30109,control,103.25,0,0.0,0
30110,treatment,47.05,0,0.0,0
30111,control,0.0,1,58.72,0
30112,control,60.44,0,0.0,0
30113,treatment,0.0,0,0.0,0
30114,treatment,122.01,0,0.0,0
30115,treatment,0.0,0,0.0,0
30116,control,0.0,0,0.0,0
30117,control,403.45,0,0.0,0
30118,control,0.0,0,0.0,0
30119,treatment,640.64,0,0.0,0
30120,control,0.0,0,0.0,0
30121,treatment,0.0,0,0.0,0
30122,control,0.0,0,0.0,0
30123,control,0.0,0,0.0,0
30124,control,76.9,0,0.0,0
30125,control,0.0,0,0.0,0
30126,treatment,45.15,0,0.0,0
30127,control,0.0,0,0.0,0
30128,treatment,82.69,0,0.0,0
30129,control,76.46,1,46.87,1
30130,control,0.0,0,0.0,0
30131,control,0.0,0,0.0,0
30132,control,26.4,0,0.0,0
30133,control,0.0,0,0.0,0
30134,treatment,0.0,0,0.0,0
30135,treatment,96.03,0,0.0,0
30136,treatment,0.0,0,0.0,0
30137,control,0.0,0,0.0,0
30138,treatment,0.0,0,0.0,0
30139,treatment,0.0,0,0.0,0
30140,treatment,0.0,0,0.0,0
30141,control,0.0,0,0.0,0
30142,treatment,25.62,0,0.0,0
30143,control,0.0,0,0.0,0
30144,control,0.0,0,0.0,0
30145,control,40.24,0,0.0,0
30146,control,0.0,0,0.0,0
30147,treatment,0.0,0,0.0,0
30148,treatment,0.0,0,0.0,0
30149,treatment,0.0,0,0.0,0
30150,control,0.0,0,0.0,0
30151,treatment,49.62,1,52.35,0
30152,treatment,122.12,0,0.0,0
30153,treatment,144.49,0,0.0,0
30154,control,0.0,0,0.0,0
30155,control,48.72,1,196.11,0
30156,control,0.0,0,0.0,0
30157,treatment,31.2,0,0.0,0
30158,control,307.89,0,0.0,0
30159,control,0.0,0,0.0,0
30160,control,57.5,0,0.0,0
30161,control,104.14,0,0.0,0
30162,treatment,0.0,0,0.0,0
30163,treatment,214.51,0,0.0,0
30164,treatment,0.0,0,0.0,0
30165,control,0.0,0,0.0,0
30166,control,0.0,0,0.0,0
30167,treatment,0.0,0,0.0,0
30168,control,179.1,0,0.0,0
30169,treatment,75.02,0,0.0,0
30170,control,54.71,0,0.0,0
30171,control,0.0,0,0.0,0
30172,control,27.38,0,0.0,0
30173,treatment,0.0,0,0.0,0
30174,control,70.35,0,0.0,0
30175,control,0.0,0,0.0,0
30176,control,0.0,0,0.0,0
30177,control,0.0,0,0.0,0
30178,control,102.26,0,0.0,0
30179,control,0.0,0,0.0,0
30180,control,0.0,0,0.0,0
30181,control,0.0,0,0.0,0
30182,control,69.61,0,0.0,0
30183,treatment,0.0,0,0.0,0
30184,treatment,0.0,0,0.0,0
30185,treatment,0.0,0,0.0,0
30186,control,67.03,0,0.0,0
30187,control,28.54,0,0.0,0
30188,control,0.0,0,0.0,0
30189,treatment,54.83,0,0.0,0
30190,treatment,0.0,0,0.0,0
30191,treatment,133.93,1,52.46,0
30192,treatment,25.61,0,0.0,0
30193,control,32.68,0,0.0,0
30194,treatment,0.0,0,0.0,0
30195,control,0.0,0,0.0,0
30196,control,0.0,0,0.0,0
30197,treatment,31.5,0,0.0,0
30198,control,0.0,0,0.0,0
30199,treatment,0.0,0,0.0,0
30200,treatment,0.0,0,0.0,0
30201,control,0.0,0,0.0,0
30202,control,0.0,0,0.0,0
30203,treatment,0.0,0,0.0,0
30204,control,60.58,0,0.0,0
30205,control,0.0,0,0.0,0
30206,control,49.03,0,0.0,0
30207,treatment,0.0,0,0.0,0
30208,treatment,0.0,0,0.0,0
30209,treatment,0.0,0,0.0,0
30210,control,0.0,0,0.0,0
30211,treatment,65.95,1,34.7,0
30212,control,39.02,0,0.0,0
30213,treatment,51.69,0,0.0,0
30214,control,0.0,0,0.0,0
30215,treatment,0.0,0,0.0,0
30216,control,18.82,0,0.0,0
30217,treatment,0.0,0,0.0,0
30218,control,70.05,1,66.78,0
30219,control,0.0,0,0.0,0
30220,control,0.0,0,0.0,0
30221,treatment,166.82,1,46.2,0
30222,treatment,0.0,0,0.0,0
30223,treatment,0.0,0,0.0,0
30224,control,67.1,0,0.0,0
30225,control,33.52,0,0.0,0
30226,treatment,1708.13,0,0.0,0
30227,treatment,37.52,0,0.0,0
30228,control,0.0,0,0.0,0
30229,control,71.94,1,25.64,0
30230,control,124.36,0,0.0,0
30231,treatment,47.07,0,0.0,0
30232,treatment,0.0,0,0.0,0
30233,control,0.0,0,0.0,0
30234,treatment,45.5,0,0.0,0
30235,control,0.0,0,0.0,0
30236,control,0.0,0,0.0,0
30237,control,67.22,0,0.0,0
30238,treatment,66.32,0,0.0,0
30239,control,34.73,0,0.0,0
30240,control,0.0,0,0.0,0
30241,control,0.0,0,0.0,0
30242,treatment,0.0,0,0.0,0
30243,treatment,0.0,0,0.0,0
30244,control,0.0,0,0.0,0
30245,control,37.21,0,0.0,0
30246,control,68.5,0,0.0,0
30247,treatment,32.97,1,87.17,0
30248,treatment,0.0,0,0.0,0
30249,control,97.08,0,0.0,0
30251,control,53.37,0,0.0,0
30252,control,69.23,0,0.0,0
30253,treatment,0.0,0,0.0,0
30254,control,37.05,0,0.0,0
30255,control,0.0,0,0.0,0
30256,treatment,125.84,0,0.0,0
30257,treatment,0.0,0,0.0,0
30258,control,0.0,0,0.0,0
30259,treatment,0.0,0,0.0,0
30260,treatment,124.81,0,0.0,0
30261,control,256.04,0,0.0,0
30262,treatment,0.0,0,0.0,0
30263,treatment,51.56,0,0.0,0
30264,control,0.0,0,0.0,0
30266,control,93.81,0,0.0,0
30267,treatment,0.0,0,0.0,0
30268,treatment,155.3,0,0.0,0
30269,control,52.22,0,0.0,0
30270,treatment,23.68,0,0.0,0
30271,control,0.0,0,0.0,0
30272,treatment,43.44,0,0.0,0
30273,treatment,0.0,0,0.0,0
30274,treatment,459.03,1,384.87,0
30275,treatment,0.0,0,0.0,0
30276,control,60.27,0,0.0,0
30277,control,0.0,1,43.71,0
30279,control,0.0,0,0.0,0
30280,treatment,0.0,1,35.18,0
30281,treatment,0.0,0,0.0,0
30282,control,0.0,0,0.0,0
30283,control,19.15,0,0.0,0
30284,control,0.0,0,0.0,0
30285,treatment,0.0,0,0.0,0
30286,treatment,41.87,0,0.0,0
30287,control,71.07,0,0.0,0
30288,treatment,25.96,0,0.0,0
30289,treatment,0.0,1,114.23,0
30290,treatment,85.95,1,103.91,0
30291,control,0.0,0,0.0,0
30292,treatment,0.0,0,0.0,0
30293,treatment,55.28,0,0.0,0
30294,control,30.73,0,0.0,0
30295,treatment,385.33,1,78.22,0
30296,treatment,0.0,0,0.0,0
30297,control,0.0,0,0.0,0
30298,control,178.17,0,0.0,0
30299,control,0.0,0,0.0,0
30300,treatment,116.23,0,0.0,0
30301,control,0.0,0,0.0,0
30302,control,38.93,0,0.0,0
30303,control,34.14,0,0.0,0
30304,control,46.89,0,0.0,0
30305,control,0.0,0,0.0,0
30307,treatment,350.2,0,0.0,0
30308,control,31.7,0,0.0,0
30309,treatment,160.43,1,101.56,0
30310,treatment,228.6,0,0.0,0
30311,control,73.8,0,0.0,0
30312,control,0.0,0,0.0,0
30313,control,39.47,0,0.0,0
30314,treatment,26.31,0,0.0,0
30315,control,0.0,0,0.0,0
30316,treatment,0.0,0,0.0,0
30317,treatment,35.44,0,0.0,0
30318,control,77.62,0,0.0,0
30319,treatment,0.0,0,0.0,0
30320,control,0.0,0,0.0,0
30321,treatment,56.38,0,0.0,0
30322,treatment,53.28,0,0.0,0
30323,treatment,34.85,0,0.0,0
30324,control,0.0,0,0.0,0
30325,control,189.25,0,0.0,0
30326,treatment,0.0,0,0.0,0
30327,control,127.47,0,0.0,0
30328,treatment,153.82,0,0.0,0
30329,control,0.0,0,0.0,0
30330,treatment,49.54,0,0.0,0
30331,treatment,507.13,0,0.0,0
30332,treatment,127.18,0,0.0,0
30333,treatment,0.0,0,0.0,0
30334,treatment,0.0,0,0.0,0
30335,control,139.7,0,0.0,0
30336,control,0.0,0,0.0,0
30337,control,18.31,0,0.0,0
30338,treatment,29.24,0,0.0,0
30339,treatment,48.39,0,0.0,0
30340,control,54.81,0,0.0,0
30341,control,0.0,0,0.0,0
30342,treatment,124.29,1,60.16,0
30343,treatment,231.13,0,0.0,0
30344,control,0.0,0,0.0,0
30345,control,0.0,0,0.0,0
30346,treatment,0.0,0,0.0,0
30347,treatment,60.39,1,67.87,0
30348,control,65.19,0,0.0,0
30349,treatment,29.08,0,0.0,0
30350,treatment,25.68,0,0.0,0
30351,control,0.0,0,0.0,0
30352,control,65.16,0,0.0,0
30353,treatment,14.12,0,0.0,0
30354,treatment,122.46,0,0.0,0
30355,control,0.0,0,0.0,0
30356,control,0.0,0,0.0,0
30357,control,41.96,1,168.36,0
30358,control,0.0,0,0.0,0
30359,control,82.6,0,0.0,0
30360,control,0.0,0,0.0,0
30361,control,0.0,0,0.0,0
30362,control,198.43,0,0.0,0
30363,control,0.0,0,0.0,0
30364,control,0.0,0,0.0,0
30365,treatment,0.0,0,0.0,0
30367,treatment,143.55,1,84.59,0
30368,treatment,0.0,0,0.0,0
30369,treatment,44.75,0,0.0,0
30370,control,0.0,0,0.0,0
30371,control,0.0,0,0.0,0
30372,treatment,37.58,1,43.68,0
30373,control,680.87,1,79.14,0
30374,control,129.31,0,0.0,0
30375,treatment,105.95,0,0.0,0
30376,treatment,20.4,0,0.0,0
30377,treatment,101.48,0,0.0,0
30378,treatment,0.0,0,0.0,0
30379,treatment,47.8,0,0.0,0
30381,treatment,0.0,0,0.0,0
30382,control,288.6,1,83.16,0
30383,treatment,0.0,0,0.0,0
30384,control,0.0,0,0.0,0
30385,treatment,0.0,0,0.0,0
30387,treatment,64.86,0,0.0,0
30388,treatment,0.0,0,0.0,0
30389,treatment,73.74,0,0.0,0
30390,treatment,0.0,0,0.0,0
30391,control,44.54,0,0.0,0
30392,control,0.0,0,0.0,0
30393,treatment,0.0,0,0.0,0
30394,treatment,0.0,0,0.0,0
30395,treatment,0.0,0,0.0,0
30396,control,66.16,0,0.0,0
30397,treatment,0.0,0,0.0,0
30398,control,0.0,0,0.0,0
30399,control,0.0,0,0.0,0
30400,control,66.05,0,0.0,0
30401,control,0.0,1,128.68,0
30402,control,0.0,0,0.0,0
30403,treatment,120.6,0,0.0,0
30404,control,27.73,0,0.0,0
30405,control,0.0,0,0.0,0
30406,treatment,0.0,0,0.0,0
30407,control,0.0,0,0.0,0
30408,treatment,374.97,1,342.76,0
30409,treatment,0.0,0,0.0,0
30410,control,0.0,0,0.0,0
30411,treatment,0.0,0,0.0,0
30412,control,0.0,0,0.0,0
30413,treatment,0.0,0,0.0,0
30414,control,0.0,0,0.0,0
30415,treatment,0.0,0,0.0,0
30416,control,0.0,0,0.0,0
30417,treatment,0.0,0,0.0,0
30418,treatment,45.49,0,0.0,0
30419,control,81.72,0,0.0,0
30420,treatment,18.59,1,72.28,0
30421,control,0.0,0,0.0,0
30422,control,145.01,0,0.0,0
30423,control,2018.72,1,66.45,0
30424,treatment,0.0,0,0.0,0
30425,control,54.4,0,0.0,0
30426,control,0.0,0,0.0,0
30427,treatment,0.0,0,0.0,0
30428,control,0.0,1,60.03,0
30429,treatment,47.43,0,0.0,0
30430,treatment,41.12,0,0.0,0
30431,control,48.76,0,0.0,0
30432,treatment,0.0,0,0.0,0
30433,control,0.0,0,0.0,0
30434,treatment,0.0,0,0.0,0
30435,control,0.0,1,38.42,0
30437,treatment,23.65,0,0.0,0
30438,control,0.0,0,0.0,0
30439,treatment,80.96,0,0.0,0
30440,control,25.95,0,0.0,0
30441,control,60.91,0,0.0,0
30442,control,112.01,0,0.0,0
30443,control,34.48,0,0.0,0
30444,control,0.0,0,0.0,0
30445,treatment,0.0,0,0.0,0
30446,control,0.0,0,0.0,0
30447,control,126.31,0,0.0,0
30448,treatment,85.36,1,71.62,0
30449,control,0.0,0,0.0,0
30450,treatment,0.0,0,0.0,0
30451,control,112.66,0,0.0,0
30453,control,69.44,0,0.0,0
30454,control,269.37,1,63.61,0
30455,treatment,49.58,0,0.0,0
30456,control,133.49,0,0.0,0
30457,control,42.08,1,79.3,0
30458,control,61.09,0,0.0,0
30459,treatment,0.0,0,0.0,0
30460,control,52.79,0,0.0,0
30461,treatment,0.0,0,0.0,0
30462,control,151.55,0,0.0,0
30463,control,49.87,0,0.0,0
30464,control,103.19,1,53.17,0
30465,control,173.4,0,0.0,0
30466,treatment,0.0,0,0.0,0
30467,treatment,0.0,0,0.0,0
30468,control,0.0,0,0.0,0
30469,treatment,0.0,0,0.0,0
30470,control,0.0,0,0.0,0
30471,control,0.0,0,0.0,0
30472,control,185.92,0,0.0,0
30473,control,0.0,0,0.0,0
30474,control,35.9,0,0.0,0
30475,treatment,0.0,0,0.0,0
30476,treatment,65.59,1,54.58,0
30477,treatment,178.15,0,0.0,0
30478,treatment,60.13,0,0.0,0
30480,control,0.0,0,0.0,0
30481,treatment,57.91,1,52.4,0
30482,control,64.58,0,0.0,0
30483,control,677.35,1,164.4,0
30484,control,0.0,0,0.0,0
30485,treatment,0.0,1,40.53,0
30486,treatment,0.0,0,0.0,0
30487,treatment,17.64,0,0.0,0
30488,control,0.0,0,0.0,0
30489,control,0.0,0,0.0,0
30490,control,0.0,0,0.0,0
30491,treatment,0.0,0,0.0,0
30492,control,0.0,0,0.0,0
30493,control,0.0,0,0.0,0
30494,treatment,97.87,0,0.0,0
30495,control,0.0,0,0.0,0
30496,control,206.02,0,0.0,0
30497,treatment,41.83,0,0.0,0
30498,control,385.19,0,0.0,0
30499,treatment,42.69,0,0.0,0
30500,treatment,0.0,0,0.0,0
30501,treatment,218.56,0,0.0,0
30502,control,0.0,0,0.0,0
30503,treatment,0.0,0,0.0,0
30504,control,203.06,1,125.25,0
30505,treatment,0.0,0,0.0,0
30506,control,81.14,1,35.59,0
30507,treatment,1215.55,1,57.76,0
30508,treatment,0.0,0,0.0,0
30509,control,35.71,0,0.0,0
30510,treatment,56.9,0,0.0,0
30511,control,0.0,0,0.0,0
30512,treatment,142.94,0,0.0,0
30513,treatment,0.0,0,0.0,0
30514,treatment,0.0,0,0.0,0
30515,control,158.1,0,0.0,0
30516,treatment,0.0,0,0.0,0
30517,treatment,0.0,0,0.0,0
30518,treatment,134.35,0,0.0,0
30519,treatment,0.0,0,0.0,0
30520,control,0.0,0,0.0,0
30522,treatment,117.59,1,19.4,0
30523,treatment,0.0,0,0.0,0
30524,treatment,0.0,0,0.0,0
30525,control,98.17,0,0.0,0
30526,treatment,0.0,1,81.31,0
30527,control,94.35,1,25.56,0
30528,control,0.0,0,0.0,0
30529,control,71.93,1,60.35,0
30530,control,68.75,0,0.0,0
30531,control,0.0,1,61.87,0
30532,control,41.45,0,0.0,0
30533,treatment,39.59,0,0.0,0
30534,control,0.0,0,0.0,0
30536,treatment,35.01,0,0.0,0
30537,treatment,29.43,0,0.0,0
30538,treatment,60.86,0,0.0,0
30539,control,0.0,0,0.0,0
30540,control,0.0,0,0.0,0
30541,control,32.62,0,0.0,0
30542,treatment,0.0,0,0.0,0
30543,treatment,123.49,0,0.0,0
30544,treatment,0.0,1,32.6,0
30545,control,0.0,0,0.0,0
30546,control,0.0,0,0.0,0
30547,treatment,0.0,0,0.0,0
30548,treatment,0.0,0,0.0,0
30549,treatment,0.0,0,0.0,0
30550,control,0.0,0,0.0,0
30551,treatment,0.0,0,0.0,0
30552,treatment,166.8,1,121.07,0
30553,control,0.0,0,0.0,0
30554,treatment,0.0,0,0.0,0
30555,treatment,0.0,0,0.0,0
30556,control,150.92,0,0.0,0
30557,treatment,58.95,0,0.0,0
30558,treatment,0.0,0,0.0,0
30559,treatment,118.29,0,0.0,0
30560,control,0.0,0,0.0,0
30561,treatment,0.0,0,0.0,0
30562,control,107.23,0,0.0,0
30563,control,0.0,0,0.0,0
30564,treatment,0.0,0,0.0,0
30565,control,0.0,0,0.0,0
30566,control,55.68,0,0.0,0
30567,treatment,0.0,0,0.0,0
30568,control,0.0,0,0.0,0
30569,control,0.0,0,0.0,0
30570,control,80.48,0,0.0,0
30571,treatment,37.04,0,0.0,0
30572,treatment,0.0,0,0.0,0
30573,control,37.99,0,0.0,0
30574,treatment,0.0,0,0.0,0
30575,treatment,0.0,0,0.0,0
30576,treatment,82.01,0,0.0,0
30577,treatment,173.74,0,0.0,0
30578,control,0.0,0,0.0,0
30579,treatment,0.0,0,0.0,0
30580,control,0.0,0,0.0,0
30581,control,26.98,0,0.0,0
30582,control,159.23,1,59.08,0
30583,treatment,219.14,0,0.0,0
30584,treatment,0.0,0,0.0,0
30585,control,0.0,0,0.0,0
30586,control,0.0,0,0.0,0
30587,treatment,0.0,0,0.0,0
30588,treatment,0.0,0,0.0,0
30589,control,52.2,0,0.0,0
30590,control,42.09,0,0.0,0
30591,control,157.7,0,0.0,0
30592,control,128.62,0,0.0,0
30593,treatment,0.0,0,0.0,0
30594,treatment,1652.06,1,130.02,0
30595,treatment,24.05,1,75.77,0
30596,control,0.0,0,0.0,0
30597,control,0.0,0,0.0,0
30598,control,94.53,0,0.0,0
30599,control,461.84,0,0.0,0
30600,control,58.89,0,0.0,0
30601,treatment,203.8,0,0.0,0
30602,control,66.32,0,0.0,0
30603,control,140.3,0,0.0,0
30604,treatment,0.0,0,0.0,0
30605,control,0.0,0,0.0,0
30606,treatment,0.0,1,172.74,1
30607,control,196.58,1,60.08,0
30608,control,44.75,0,0.0,0
30609,control,55.99,1,55.68,0
30610,treatment,0.0,0,0.0,0
30611,control,35.43,0,0.0,0
30612,control,0.0,0,0.0,0
30613,treatment,275.49,0,0.0,0
30614,treatment,290.97,0,0.0,0
30615,treatment,111.63,1,31.03,0
30616,control,151.98,0,0.0,0
30617,treatment,29.71,0,0.0,0
30618,control,42.43,0,0.0,0
30619,control,0.0,0,0.0,0
30620,treatment,0.0,0,0.0,0
30621,treatment,125.61,1,72.04,0
30622,control,0.0,0,0.0,0
30623,control,222.18,1,49.46,0
30624,control,46.33,0,0.0,0
30625,treatment,0.0,0,0.0,0
30626,control,45.74,0,0.0,0
30627,control,319.14,0,0.0,0
30628,control,101.68,1,60.02,0
30629,control,0.0,0,0.0,0
30630,treatment,0.0,1,54.29,0
30631,control,0.0,0,0.0,0
30632,control,0.0,0,0.0,0
30633,control,38.62,1,33.53,0
30634,treatment,77.0,0,0.0,0
30635,treatment,0.0,1,27.54,0
30636,control,68.86,0,0.0,0
30637,treatment,0.0,0,0.0,0
30638,treatment,183.93,0,0.0,0
30639,treatment,0.0,0,0.0,0
30640,control,0.0,0,0.0,0
30641,control,52.15,0,0.0,0
30642,control,46.61,0,0.0,0
30643,control,0.0,0,0.0,0
30644,control,0.0,1,42.82,0
30645,control,136.42,0,0.0,0
30646,treatment,44.31,0,0.0,0
30647,control,0.0,0,0.0,0
30648,treatment,0.0,0,0.0,0
30649,treatment,30.84,0,0.0,0
30650,treatment,0.0,0,0.0,0
30651,treatment,0.0,0,0.0,0
30652,treatment,0.0,0,0.0,0
30653,treatment,70.21,0,0.0,0
30654,treatment,79.72,0,0.0,0
30655,control,0.0,0,0.0,0
30656,treatment,0.0,0,0.0,0
30657,control,0.0,0,0.0,0
30658,control,0.0,0,0.0,0
30659,treatment,77.94,0,0.0,0
30660,control,0.0,1,116.42,0
30661,control,0.0,0,0.0,0
30662,control,0.0,0,0.0,0
30663,treatment,0.0,0,0.0,0
30664,treatment,83.41,0,0.0,0
30665,control,58.25,0,0.0,0
30666,treatment,111.3,1,97.67,0
30667,control,0.0,0,0.0,0
30668,control,84.9,0,0.0,0
30669,control,0.0,0,0.0,0
30670,control,72.73,0,0.0,0
30671,control,0.0,0,0.0,0
30672,treatment,59.97,0,0.0,0
30673,treatment,0.0,0,0.0,0
30674,treatment,314.0,0,0.0,0
30675,treatment,0.0,0,0.0,0
30676,treatment,58.0,0,0.0,0
30677,treatment,0.0,0,0.0,0
30678,control,160.26,0,0.0,0
30679,treatment,0.0,0,0.0,0
30680,treatment,0.0,0,0.0,0
30681,control,0.0,0,0.0,0
30682,control,295.07,0,0.0,0
30683,control,0.0,0,0.0,0
30684,treatment,0.0,0,0.0,0
30685,treatment,0.0,0,0.0,0
30687,control,116.22,0,0.0,0
30688,control,0.0,0,0.0,0
30690,control,0.0,0,0.0,0
30691,treatment,146.44,0,0.0,0
30692,control,0.0,0,0.0,0
30693,control,0.0,0,0.0,0
30694,treatment,297.02,0,0.0,0
30695,treatment,0.0,0,0.0,0
30696,treatment,42.22,1,27.8,0
30697,control,0.0,0,0.0,0
30698,control,33.98,0,0.0,0
30699,treatment,289.06,1,41.89,1
30700,control,42.84,0,0.0,0
30701,treatment,394.82,0,0.0,0
30702,control,0.0,1,58.47,0
30703,treatment,1272.19,1,126.13,0
30704,control,0.0,0,0.0,0
30705,control,47.19,0,0.0,0
30706,treatment,95.83,0,0.0,0
30707,control,71.32,0,0.0,0
30708,control,22.84,0,0.0,0
30709,treatment,266.97,0,0.0,0
30710,treatment,76.39,0,0.0,0
30711,control,0.0,0,0.0,0
30712,treatment,31.51,0,0.0,0
30713,treatment,0.0,0,0.0,0
30714,treatment,363.78,1,48.63,0
30715,control,97.56,0,0.0,0
30716,treatment,0.0,0,0.0,0
30717,control,0.0,0,0.0,0
30718,treatment,0.0,0,0.0,0
30719,treatment,37.26,1,33.55,0
30720,treatment,74.14,0,0.0,0
30721,treatment,0.0,0,0.0,0
30722,treatment,0.0,0,0.0,0
30723,treatment,0.0,0,0.0,0
30724,treatment,0.0,0,0.0,0
30725,control,153.6,0,0.0,0
30726,control,0.0,0,0.0,0
30727,control,0.0,0,0.0,0
30728,treatment,0.0,0,0.0,0
30729,control,282.71,1,222.95,0
30730,treatment,0.0,0,0.0,0
30731,treatment,42.14,0,0.0,0
30732,control,88.81,0,0.0,0
30733,treatment,0.0,0,0.0,0
30734,treatment,467.61,0,0.0,0
30735,treatment,74.53,0,0.0,0
30736,treatment,217.94,0,0.0,0
30737,treatment,0.0,0,0.0,0
30738,control,0.0,0,0.0,0
30739,treatment,75.62,0,0.0,0
30740,treatment,0.0,0,0.0,0
30741,treatment,67.97,0,0.0,0
30742,treatment,0.0,1,26.82,0
30743,control,89.42,0,0.0,0
30744,treatment,279.51,1,34.12,0
30745,control,0.0,0,0.0,0
30746,control,67.04,0,0.0,0
30747,control,0.0,0,0.0,0
30748,control,54.02,0,0.0,0
30749,control,21.73,0,0.0,0
30750,control,0.0,1,50.33,0
30751,control,0.0,0,0.0,0
30752,control,0.0,0,0.0,0
30753,treatment,105.23,0,0.0,0
30754,control,0.0,0,0.0,0
30755,control,0.0,1,39.09,0
30756,control,61.93,0,0.0,0
30757,control,0.0,0,0.0,0
30758,control,0.0,0,0.0,0
30759,treatment,147.63,0,0.0,0
30760,treatment,0.0,0,0.0,0
30761,control,0.0,0,0.0,0
30762,treatment,158.06,0,0.0,0
30763,control,56.18,0,0.0,0
30764,control,35.98,0,0.0,0
30765,control,330.47,0,0.0,0
30766,control,0.0,0,0.0,0
30767,treatment,0.0,0,0.0,0
30769,treatment,0.0,0,0.0,0
30770,control,39.04,0,0.0,0
30771,treatment,0.0,0,0.0,0
30772,control,0.0,0,0.0,0
30773,treatment,0.0,0,0.0,0
30774,treatment,123.71,0,0.0,0
30775,treatment,277.69,0,0.0,0
30776,control,42.62,0,0.0,0
30777,control,0.0,0,0.0,0
30778,treatment,0.0,0,0.0,0
30779,treatment,0.0,1,61.69,0
30780,control,74.99,1,72.4,0
30781,treatment,111.38,0,0.0,0
30782,treatment,96.88,0,0.0,0
30783,control,79.1,1,73.89,0
30784,treatment,0.0,0,0.0,0
30785,control,27.1,0,0.0,0
30786,control,257.09,0,0.0,0
30787,control,41.95,0,0.0,0
30788,treatment,0.0,0,0.0,0
30789,treatment,65.27,0,0.0,0
30790,control,87.9,0,0.0,0
30791,control,0.0,0,0.0,0
30792,control,77.46,0,0.0,0
30793,control,0.0,0,0.0,0
30794,control,20.77,0,0.0,0
30795,control,68.14,0,0.0,0
30797,control,71.03,0,0.0,0
30798,control,0.0,0,0.0,0
30799,control,0.0,0,0.0,0
30800,control,57.53,0,0.0,0
30801,control,0.0,0,0.0,0
30803,treatment,247.72,0,0.0,0
30804,treatment,22.01,0,0.0,0
30805,control,0.0,0,0.0,0
30806,treatment,0.0,0,0.0,0
30807,control,0.0,0,0.0,0
30808,treatment,326.72,0,0.0,0
30809,treatment,0.0,0,0.0,0
30810,treatment,84.03,0,0.0,0
30811,control,73.83,1,42.19,0
30812,control,0.0,0,0.0,0
30813,control,0.0,0,0.0,0
30814,control,0.0,1,28.43,0
30815,treatment,26.43,0,0.0,0
30816,treatment,0.0,0,0.0,0
30817,control,101.71,0,0.0,0
30818,treatment,34.1,0,0.0,0
30819,treatment,0.0,0,0.0,0
30820,treatment,30.76,0,0.0,0
30821,treatment,0.0,0,0.0,0
30822,control,0.0,0,0.0,0
30823,treatment,0.0,0,0.0,0
30824,control,0.0,0,0.0,0
30825,treatment,0.0,0,0.0,0
30826,treatment,15.93,0,0.0,0
30827,control,0.0,0,0.0,0
30828,treatment,0.0,0,0.0,0
30829,control,425.69,0,0.0,0
30830,treatment,0.0,0,0.0,0
30831,control,35.02,0,0.0,0
30832,control,0.0,0,0.0,0
30833,treatment,59.42,0,0.0,0
30834,treatment,0.0,0,0.0,0
30835,control,109.21,0,0.0,0
30836,control,51.24,1,44.05,0
30837,treatment,0.0,0,0.0,0
30838,treatment,25.52,0,0.0,0
30839,treatment,116.42,0,0.0,0
30840,control,36.53,0,0.0,0
30841,treatment,84.65,1,37.74,0
30842,control,0.0,0,0.0,0
30843,control,0.0,0,0.0,0
30844,control,68.79,0,0.0,0
30845,treatment,31.82,0,0.0,0
30846,treatment,135.99,1,34.73,0
30847,treatment,0.0,0,0.0,0
30848,treatment,0.0,0,0.0,0
30849,treatment,0.0,0,0.0,0
30850,control,0.0,1,32.25,0
30851,treatment,0.0,0,0.0,0
30852,treatment,0.0,0,0.0,0
30853,control,26.18,0,0.0,0
30854,treatment,0.0,0,0.0,0
30855,control,0.0,0,0.0,0
30856,treatment,0.0,0,0.0,0
30857,treatment,120.06,0,0.0,0
30858,treatment,0.0,0,0.0,0
30859,treatment,0.0,0,0.0,0
30860,control,0.0,0,0.0,0
30861,control,70.92,0,0.0,0
30862,treatment,0.0,0,0.0,0
30863,treatment,1553.87,1,64.11,1
30864,treatment,50.02,0,0.0,0
30865,control,0.0,0,0.0,0
30866,control,43.82,0,0.0,0
30867,control,0.0,0,0.0,0
30868,control,0.0,0,0.0,0
30869,control,53.41,0,0.0,0
30870,control,42.38,0,0.0,0
30871,control,76.78,0,0.0,0
30872,treatment,0.0,0,0.0,0
30873,control,0.0,0,0.0,0
30874,control,136.4,0,0.0,0
30875,control,35.91,0,0.0,0
30876,control,0.0,0,0.0,0
30877,control,0.0,0,0.0,0
30878,control,40.79,0,0.0,0
30879,treatment,0.0,0,0.0,0
30880,control,0.0,0,0.0,0
30881,control,0.0,1,22.61,1
30882,control,98.7,0,0.0,0
30883,control,0.0,0,0.0,0
30884,control,16.75,1,26.0,0
30885,treatment,47.56,0,0.0,0
30886,treatment,28.87,0,0.0,0
30887,control,0.0,0,0.0,0
30888,treatment,220.99,1,86.85,0
30889,control,0.0,0,0.0,0
30890,control,211.65,0,0.0,0
30891,treatment,0.0,0,0.0,0
30892,treatment,30.03,0,0.0,0
30893,control,0.0,1,23.36,0
30894,control,37.44,0,0.0,0
30895,control,0.0,0,0.0,0
30896,control,0.0,0,0.0,0
30897,control,99.31,0,0.0,0
30898,control,39.16,0,0.0,0
30899,treatment,32.28,0,0.0,0
30900,control,122.4,0,0.0,0
30901,control,0.0,0,0.0,0
30902,control,45.45,0,0.0,0
30903,control,0.0,0,0.0,0
30904,treatment,110.62,0,0.0,0
30905,treatment,0.0,0,0.0,0
30906,control,0.0,1,55.82,0
30907,control,58.08,1,36.63,0
30908,treatment,0.0,0,0.0,0
30909,treatment,0.0,0,0.0,0
30910,control,94.04,0,0.0,0
30911,control,123.17,0,0.0,0
30912,treatment,0.0,1,37.86,0
30913,treatment,44.21,0,0.0,0
30914,control,0.0,0,0.0,0
30915,control,0.0,0,0.0,0
30916,control,345.62,1,40.69,0
30917,treatment,52.01,0,0.0,0
30918,control,0.0,0,0.0,0
30919,control,0.0,0,0.0,0
30920,treatment,67.98,0,0.0,0
30921,treatment,0.0,0,0.0,0
30923,control,78.03,0,0.0,0
30924,control,0.0,0,0.0,0
30925,treatment,0.0,1,87.39,0
30926,control,125.28,0,0.0,0
30927,control,24.27,1,22.7,0
30928,treatment,0.0,0,0.0,0
30929,treatment,242.29,0,0.0,0
30930,control,144.17,0,0.0,0
30931,control,135.67,0,0.0,0
30932,control,54.74,0,0.0,0
30933,treatment,47.17,0,0.0,0
30934,treatment,37.69,0,0.0,0
30935,control,0.0,0,0.0,0
30936,control,31.38,0,0.0,0
30937,control,0.0,0,0.0,0
30938,treatment,0.0,1,45.07,0
30939,treatment,0.0,0,0.0,0
30940,control,51.64,0,0.0,0
30941,treatment,66.8,0,0.0,0
30942,treatment,0.0,0,0.0,0
30943,treatment,0.0,0,0.0,0
30944,control,0.0,0,0.0,0
30945,treatment,43.64,0,0.0,0
30946,control,50.48,0,0.0,0
30947,treatment,1443.46,1,167.57,0
30948,control,0.0,0,0.0,0
30949,control,35.48,0,0.0,0
30950,treatment,0.0,0,0.0,0
30951,treatment,0.0,0,0.0,0
30952,control,0.0,0,0.0,0
30953,control,101.43,0,0.0,0
30954,control,0.0,0,0.0,0
30955,control,92.18,0,0.0,0
30956,treatment,0.0,0,0.0,0
30957,treatment,86.31,0,0.0,0
30958,treatment,618.01,0,0.0,0
30959,control,0.0,1,58.7,0
30960,treatment,0.0,0,0.0,0
30961,control,0.0,1,81.16,0
30962,control,102.29,0,0.0,0
30963,treatment,0.0,0,0.0,0
30964,treatment,21.3,0,0.0,0
30965,treatment,0.0,0,0.0,0
30966,control,140.58,0,0.0,0
30967,control,0.0,0,0.0,0
30968,treatment,0.0,0,0.0,0
30969,control,0.0,0,0.0,0
30970,treatment,0.0,0,0.0,0
30971,control,34.7,0,0.0,0
30972,treatment,192.32,0,0.0,0
30973,control,0.0,0,0.0,0
30974,control,46.01,0,0.0,0
30975,treatment,0.0,0,0.0,0
30976,control,21.36,0,0.0,0
30977,treatment,0.0,1,19.42,0
30978,treatment,110.14,0,0.0,0
30979,treatment,0.0,0,0.0,0
30980,control,0.0,0,0.0,0
30981,control,304.81,0,0.0,0
30982,control,70.55,0,0.0,0
30983,control,34.9,1,41.34,0
30984,control,0.0,0,0.0,0
30985,treatment,103.04,0,0.0,0
30986,treatment,0.0,0,0.0,0
30987,control,44.55,1,20.89,0
30988,control,0.0,0,0.0,0
30989,control,95.19,0,0.0,0
30990,treatment,0.0,0,0.0,0
30991,treatment,226.4,1,32.82,0
30992,control,195.89,1,42.71,0
30993,treatment,698.68,0,0.0,0
30994,treatment,80.34,0,0.0,0
30995,treatment,0.0,0,0.0,0
30996,control,0.0,0,0.0,0
30997,treatment,0.0,0,0.0,0
30998,control,31.51,0,0.0,0
30999,treatment,0.0,0,0.0,0
31000,treatment,0.0,0,0.0,0
31001,treatment,0.0,0,0.0,0
31002,control,176.45,1,56.38,0
31003,control,59.02,0,0.0,0
31004,treatment,271.24,0,0.0,0
31005,treatment,165.74,0,0.0,0
31006,treatment,0.0,0,0.0,0
31007,control,155.33,1,30.16,0
31008,treatment,0.0,0,0.0,0
31009,treatment,0.0,0,0.0,0
31010,treatment,149.03,0,0.0,0
31011,treatment,0.0,0,0.0,0
31013,control,266.49,0,0.0,0
31014,treatment,235.44,0,0.0,0
31015,control,0.0,0,0.0,0
31016,treatment,0.0,1,12.58,0
31017,treatment,0.0,1,17.18,0
31018,treatment,60.0,0,0.0,0
31019,treatment,185.73,0,0.0,0
31020,control,0.0,0,0.0,0
31021,control,0.0,0,0.0,0
31022,treatment,0.0,0,0.0,0
31023,treatment,0.0,0,0.0,0
31024,treatment,0.0,0,0.0,0
31025,treatment,0.0,1,28.29,0
31026,control,0.0,0,0.0,0
31027,control,35.71,0,0.0,0
31028,control,40.99,0,0.0,0
31029,treatment,74.55,0,0.0,0
31030,control,0.0,0,0.0,0
31031,control,67.57,0,0.0,0
31032,treatment,84.49,0,0.0,0
31033,treatment,0.0,0,0.0,0
31034,control,0.0,0,0.0,0
31035,control,49.98,0,0.0,0
31036,control,203.25,0,0.0,0
31037,treatment,66.04,0,0.0,0
31038,treatment,0.0,0,0.0,0
31039,treatment,55.66,1,86.55,0
31040,control,106.29,0,0.0,0
31041,control,64.71,0,0.0,0
31042,control,137.92,0,0.0,0
31043,treatment,0.0,0,0.0,0
31044,control,0.0,0,0.0,0
31045,treatment,38.02,0,0.0,0
31046,treatment,0.0,0,0.0,0
31047,control,0.0,0,0.0,0
31048,control,54.93,0,0.0,0
31049,control,0.0,0,0.0,0
31050,control,0.0,0,0.0,0
31051,control,0.0,0,0.0,0
31052,control,0.0,0,0.0,0
31053,control,0.0,0,0.0,0
31054,control,0.0,0,0.0,0
31056,treatment,0.0,0,0.0,0
31057,treatment,0.0,0,0.0,0
31058,treatment,39.6,1,100.61,0
31059,treatment,132.23,0,0.0,0
31060,control,76.95,0,0.0,0
31061,treatment,0.0,0,0.0,0
31062,treatment,0.0,0,0.0,0
31064,control,0.0,0,0.0,0
31065,control,0.0,0,0.0,0
31066,treatment,58.99,0,0.0,0
31067,treatment,0.0,0,0.0,0
31068,control,47.26,0,0.0,0
31069,treatment,40.87,0,0.0,0
31070,treatment,0.0,0,0.0,0
31071,treatment,62.37,0,0.0,0
31072,treatment,0.0,0,0.0,0
31073,treatment,0.0,0,0.0,0
31074,treatment,0.0,0,0.0,0
31075,control,420.99,0,0.0,0
31076,treatment,314.52,0,0.0,0
31077,treatment,0.0,0,0.0,0
31078,treatment,218.17,0,0.0,0
31079,treatment,66.92,0,0.0,0
31080,treatment,0.0,0,0.0,0
31081,treatment,27.68,0,0.0,0
31082,treatment,0.0,0,0.0,0
31083,treatment,50.26,0,0.0,0
31085,control,310.26,1,147.73,0
31086,control,149.94,0,0.0,0
31087,control,0.0,0,0.0,0
31088,control,0.0,0,0.0,0
31089,control,77.84,0,0.0,0
31090,treatment,0.0,0,0.0,0
31091,control,0.0,0,0.0,0
31092,treatment,0.0,0,0.0,0
31093,control,0.0,0,0.0,0
31094,treatment,21.77,0,0.0,0
31095,treatment,108.37,1,55.76,0
31096,control,156.44,1,23.36,0
31097,control,0.0,0,0.0,0
31098,treatment,0.0,1,147.66,0
31099,treatment,0.0,0,0.0,0
31100,treatment,0.0,0,0.0,0
31101,treatment,91.99,0,0.0,0
31102,control,82.05,0,0.0,0
31103,treatment,0.0,0,0.0,0
31104,control,0.0,0,0.0,0
31105,control,82.3,0,0.0,0
31106,control,0.0,0,0.0,0
31107,control,81.84,0,0.0,0
31108,treatment,0.0,0,0.0,0
31109,treatment,98.67,0,0.0,0
31110,control,45.6,1,68.34,0
31111,treatment,62.42,0,0.0,0
31112,treatment,0.0,0,0.0,0
31113,treatment,0.0,0,0.0,0
31115,control,0.0,0,0.0,0
31116,control,0.0,0,0.0,0
31117,control,0.0,0,0.0,0
31118,control,0.0,0,0.0,0
31119,control,84.35,0,0.0,0
31120,treatment,0.0,0,0.0,0
31121,treatment,246.11,0,0.0,0
31122,control,0.0,1,29.87,0
31123,control,2068.88,1,52.41,0
31124,treatment,76.31,0,0.0,0
31125,treatment,0.0,0,0.0,0
31126,treatment,192.29,0,0.0,0
31127,control,60.07,0,0.0,0
31128,control,0.0,0,0.0,0
31129,treatment,272.12,1,95.04,0
31130,control,0.0,0,0.0,0
31131,control,0.0,0,0.0,0
31132,control,0.0,0,0.0,0
31133,treatment,0.0,1,89.94,0
31134,control,0.0,0,0.0,0
31135,control,97.84,1,69.68,0
31136,control,0.0,0,0.0,0
31137,control,0.0,0,0.0,0
31138,treatment,48.77,0,0.0,0
31139,treatment,0.0,0,0.0,0
31140,treatment,0.0,0,0.0,0
31141,treatment,136.55,0,0.0,0
31142,control,0.0,1,61.34,0
31143,control,180.26,0,0.0,0
31144,control,0.0,0,0.0,0
31145,treatment,139.12,0,0.0,0
31146,treatment,53.55,0,0.0,0
31147,treatment,115.72,1,65.42,0
31148,treatment,0.0,0,0.0,0
31149,control,144.85,0,0.0,0
31150,control,0.0,0,0.0,0
31151,control,0.0,0,0.0,0
31152,treatment,0.0,0,0.0,0
31153,treatment,0.0,1,40.48,0
31154,control,0.0,0,0.0,0
31155,control,122.21,0,0.0,0
31156,treatment,0.0,0,0.0,0
31157,control,0.0,0,0.0,0
31158,treatment,59.96,0,0.0,0
31159,treatment,0.0,1,76.92,0
31160,treatment,72.77,0,0.0,0
31161,control,0.0,0,0.0,0
31162,control,235.0,0,0.0,0
31163,control,0.0,0,0.0,0
31164,control,145.77,1,91.08,0
31165,treatment,0.0,0,0.0,0
31166,control,446.41,0,0.0,0
31167,treatment,0.0,0,0.0,0
31168,treatment,0.0,0,0.0,0
31169,control,102.78,0,0.0,0
31170,treatment,55.96,0,0.0,0
31171,control,636.97,0,0.0,0
31172,treatment,64.62,0,0.0,0
31173,treatment,59.09,0,0.0,0
31174,treatment,0.0,0,0.0,0
31175,control,0.0,0,0.0,0
31176,control,127.32,0,0.0,0
31177,treatment,0.0,0,0.0,0
31178,control,51.7,1,80.73,0
31179,control,0.0,0,0.0,0
31180,control,0.0,0,0.0,0
31181,treatment,0.0,0,0.0,0
31182,treatment,39.46,0,0.0,0
31183,treatment,39.91,0,0.0,0
31184,control,54.8,0,0.0,0
31185,control,30.95,0,0.0,0
31186,control,50.76,0,0.0,0
31187,control,486.69,0,0.0,0
31188,treatment,0.0,0,0.0,0
31189,control,0.0,0,0.0,0
31190,control,0.0,0,0.0,0
31191,treatment,0.0,0,0.0,0
31192,control,0.0,0,0.0,0
31193,control,0.0,0,0.0,0
31194,control,125.54,0,0.0,0
31195,treatment,251.58,0,0.0,0
31196,control,0.0,0,0.0,0
31197,treatment,0.0,0,0.0,0
31198,control,28.79,0,0.0,0
31199,control,43.83,0,0.0,0
31200,treatment,0.0,0,0.0,0
31201,control,0.0,0,0.0,0
31202,treatment,0.0,0,0.0,0
31203,control,0.0,0,0.0,0
31204,control,0.0,0,0.0,0
31205,treatment,0.0,0,0.0,0
31206,treatment,28.57,0,0.0,0
31207,control,115.81,0,0.0,0
31209,control,31.61,0,0.0,0
31210,treatment,44.25,0,0.0,0
31211,control,0.0,0,0.0,0
31212,treatment,55.37,0,0.0,0
31213,treatment,0.0,0,0.0,0
31214,control,0.0,0,0.0,0
31215,treatment,47.23,1,67.12,1
31216,control,0.0,0,0.0,0
31217,control,92.96,0,0.0,0
31218,treatment,0.0,0,0.0,0
31219,treatment,0.0,0,0.0,0
31220,control,0.0,0,0.0,0
31221,treatment,0.0,0,0.0,0
31222,treatment,0.0,0,0.0,0
31223,control,0.0,0,0.0,0
31224,control,226.49,0,0.0,0
31225,treatment,335.2,1,60.73,0
31226,control,120.16,1,79.66,0
31227,treatment,99.18,0,0.0,0
31228,control,0.0,0,0.0,0
31229,control,0.0,0,0.0,0
31230,treatment,0.0,0,0.0,0
31231,control,0.0,0,0.0,0
31233,treatment,0.0,0,0.0,0
31234,treatment,0.0,0,0.0,0
31235,treatment,183.33,1,160.61,0
31236,treatment,0.0,0,0.0,0
31237,treatment,0.0,0,0.0,0
31238,control,70.56,0,0.0,0
31239,control,0.0,0,0.0,0
31240,treatment,0.0,0,0.0,0
31241,treatment,103.15,0,0.0,0
31242,treatment,0.0,0,0.0,0
31243,treatment,209.95,0,0.0,0
31244,treatment,109.07,0,0.0,0
31245,control,33.26,0,0.0,0
31246,control,0.0,1,110.47,0
31247,treatment,0.0,0,0.0,0
31248,treatment,0.0,0,0.0,0
31249,treatment,45.81,0,0.0,0
31250,control,93.67,0,0.0,0
31251,control,0.0,0,0.0,0
31252,treatment,0.0,0,0.0,0
31253,treatment,0.0,0,0.0,0
31254,treatment,185.76,1,99.46,0
31255,control,91.25,0,0.0,0
31256,treatment,0.0,0,0.0,0
31257,control,196.35,0,0.0,0
31258,treatment,0.0,0,0.0,0
31259,treatment,0.0,0,0.0,0
31260,control,61.65,0,0.0,0
31261,control,0.0,0,0.0,0
31262,treatment,0.0,0,0.0,0
31263,control,77.12,0,0.0,0
31264,control,0.0,0,0.0,0
31265,treatment,0.0,0,0.0,0
31266,treatment,81.85,0,0.0,0
31267,treatment,99.56,0,0.0,0
31268,treatment,0.0,0,0.0,0
31269,control,0.0,0,0.0,0
31270,treatment,0.0,0,0.0,0
31271,treatment,0.0,0,0.0,0
31272,control,0.0,0,0.0,0
31273,treatment,53.36,0,0.0,0
31274,treatment,89.97,0,0.0,0
31275,control,0.0,0,0.0,0
31276,control,0.0,0,0.0,0
31277,control,180.87,0,0.0,0
31278,control,42.15,0,0.0,0
31279,control,51.78,0,0.0,0
31280,treatment,0.0,0,0.0,0
31281,control,0.0,0,0.0,0
31282,treatment,0.0,0,0.0,0
31283,treatment,82.93,0,0.0,0
31284,control,134.51,0,0.0,0
31285,treatment,49.96,0,0.0,0
31286,control,0.0,0,0.0,0
31287,treatment,32.49,0,0.0,0
31288,treatment,54.61,0,0.0,0
31289,control,849.13,0,0.0,0
31290,control,0.0,0,0.0,0
31291,treatment,0.0,0,0.0,0
31292,control,0.0,0,0.0,0
31293,control,0.0,0,0.0,0
31294,control,0.0,0,0.0,0
31295,treatment,52.68,0,0.0,0
31296,treatment,0.0,0,0.0,0
31297,treatment,270.81,0,0.0,0
31298,treatment,27.26,0,0.0,0
31299,treatment,0.0,0,0.0,0
31300,treatment,0.0,0,0.0,0
31301,control,0.0,0,0.0,0
31302,control,0.0,0,0.0,0
31303,treatment,0.0,0,0.0,0
31304,treatment,0.0,0,0.0,0
31305,treatment,77.34,0,0.0,0
31306,treatment,0.0,1,26.15,0
31307,treatment,0.0,0,0.0,0
31308,control,0.0,0,0.0,0
31309,control,106.36,0,0.0,0
31310,control,82.4,1,144.7,0
31311,control,86.85,0,0.0,0
31312,treatment,0.0,0,0.0,0
31313,control,0.0,0,0.0,0
31314,treatment,0.0,0,0.0,0
31315,treatment,0.0,0,0.0,0
31316,control,0.0,0,0.0,0
31317,treatment,77.65,0,0.0,0
31318,treatment,61.64,0,0.0,0
31319,control,95.46,1,58.29,0
31320,treatment,47.07,0,0.0,0
31321,control,0.0,0,0.0,0
31322,treatment,0.0,0,0.0,0
31323,treatment,0.0,0,0.0,0
31324,treatment,0.0,0,0.0,0
31325,treatment,22.01,0,0.0,0
31326,control,0.0,0,0.0,0
31327,control,360.51,0,0.0,0
31328,treatment,264.89,0,0.0,0
31329,treatment,34.85,1,57.83,0
31330,control,0.0,0,0.0,0
31331,treatment,0.0,1,24.66,0
31332,treatment,0.0,0,0.0,0
31333,treatment,81.95,1,49.58,0
31334,treatment,156.45,0,0.0,0
31335,treatment,21.81,0,0.0,0
31336,treatment,59.83,0,0.0,0
31337,treatment,0.0,0,0.0,0
31338,treatment,34.21,0,0.0,0
31339,control,240.48,0,0.0,0
31340,treatment,41.2,0,0.0,0
31341,treatment,0.0,0,0.0,0
31342,treatment,0.0,0,0.0,0
31343,control,0.0,0,0.0,0
31344,control,0.0,1,71.42,0
31345,control,47.94,0,0.0,0
31346,control,0.0,0,0.0,0
31347,treatment,309.84,1,62.35,0
31348,treatment,69.47,1,224.72,0
31349,control,63.63,0,0.0,0
31350,control,95.44,0,0.0,0
31351,treatment,27.62,0,0.0,0
31352,treatment,0.0,0,0.0,0
31353,treatment,0.0,0,0.0,0
31354,treatment,70.32,0,0.0,0
31355,control,54.28,0,0.0,0
31356,control,0.0,0,0.0,0
31357,treatment,64.7,1,93.39,0
31358,control,0.0,0,0.0,0
31359,control,0.0,0,0.0,0
31360,treatment,38.71,0,0.0,0
31361,treatment,0.0,0,0.0,0
31362,treatment,241.0,1,37.64,0
31363,treatment,47.46,0,0.0,0
31364,control,160.7,0,0.0,0
31365,treatment,197.59,0,0.0,0
31366,treatment,32.79,0,0.0,0
31367,control,61.12,1,53.94,1
31368,control,0.0,0,0.0,0
31369,treatment,0.0,1,19.92,0
31370,treatment,139.51,0,0.0,0
31371,control,0.0,0,0.0,0
31372,control,44.02,0,0.0,0
31373,treatment,574.89,1,141.59,0
31374,treatment,25.82,0,0.0,0
31375,treatment,63.25,0,0.0,0
31376,treatment,75.06,0,0.0,0
31377,control,0.0,0,0.0,0
31378,control,0.0,0,0.0,0
31379,control,0.0,0,0.0,0
31380,control,0.0,0,0.0,0
31381,treatment,0.0,0,0.0,0
31382,control,88.41,0,0.0,0
31383,treatment,0.0,0,0.0,0
31384,treatment,31.49,0,0.0,0
31385,control,0.0,0,0.0,0
31386,treatment,95.44,0,0.0,0
31387,control,31.07,0,0.0,0
31389,treatment,0.0,0,0.0,0
31390,control,0.0,0,0.0,0
31391,treatment,0.0,0,0.0,0
31392,treatment,35.56,0,0.0,0
31393,control,0.0,0,0.0,0
31394,control,0.0,0,0.0,0
31395,control,193.86,0,0.0,0
31396,control,0.0,0,0.0,0
31397,control,71.62,0,0.0,0
31398,treatment,80.19,1,78.03,0
31399,treatment,0.0,0,0.0,0
31400,treatment,37.21,0,0.0,0
31401,treatment,0.0,0,0.0,0
31402,control,30.8,0,0.0,0
31403,control,0.0,0,0.0,0
31404,treatment,31.46,0,0.0,0
31405,control,81.31,0,0.0,0
31406,control,57.16,0,0.0,0
31407,treatment,0.0,0,0.0,0
31408,treatment,230.35,0,0.0,0
31409,treatment,107.29,0,0.0,0
31411,control,0.0,0,0.0,0
31412,treatment,607.28,1,24.44,0
31413,treatment,0.0,0,0.0,0
31414,control,74.94,0,0.0,0
31415,control,0.0,0,0.0,0
31416,control,85.17,0,0.0,0
31417,control,160.91,1,70.22,0
31418,treatment,59.18,0,0.0,0
31419,treatment,325.98,0,0.0,0
31420,control,0.0,0,0.0,0
31421,control,0.0,0,0.0,0
31422,treatment,0.0,0,0.0,0
31423,treatment,59.28,0,0.0,0
31424,treatment,0.0,0,0.0,0
31425,control,49.47,0,0.0,0
31426,control,0.0,0,0.0,0
31427,treatment,108.55,0,0.0,0
31428,treatment,0.0,0,0.0,0
31429,control,2332.99,1,85.72,0
31430,treatment,43.97,1,119.07,0
31431,treatment,0.0,0,0.0,0
31432,control,0.0,0,0.0,0
31433,control,0.0,0,0.0,0
31434,control,0.0,0,0.0,0
31435,treatment,37.46,0,0.0,0
31436,control,0.0,0,0.0,0
31437,treatment,71.69,0,0.0,0
31438,treatment,49.55,0,0.0,0
31440,control,0.0,0,0.0,0
31441,treatment,0.0,0,0.0,0
31443,control,118.7,0,0.0,0
31444,control,26.73,0,0.0,0
31445,control,0.0,0,0.0,0
31446,treatment,0.0,0,0.0,0
31447,treatment,0.0,0,0.0,0
31448,treatment,0.0,0,0.0,0
31449,treatment,0.0,0,0.0,0
31450,treatment,0.0,0,0.0,0
31451,control,25.7,0,0.0,0
31452,control,0.0,0,0.0,0
31453,treatment,26.48,0,0.0,0
31454,control,0.0,1,21.72,0
31455,control,86.94,0,0.0,0
31456,treatment,50.64,0,0.0,0
31457,control,52.43,0,0.0,0
31458,treatment,94.1,1,36.0,0
31459,treatment,0.0,0,0.0,0
31460,control,30.39,0,0.0,0
31461,treatment,0.0,0,0.0,0
31462,control,0.0,0,0.0,0
31463,treatment,43.95,0,0.0,0
31464,control,0.0,0,0.0,0
31465,control,0.0,0,0.0,0
31466,control,131.46,1,40.57,0
31467,control,0.0,0,0.0,0
31468,control,0.0,0,0.0,0
31469,control,111.18,0,0.0,0
31470,treatment,46.11,0,0.0,0
31471,treatment,31.42,0,0.0,0
31472,treatment,47.86,1,54.05,0
31473,control,0.0,0,0.0,0
31474,control,0.0,0,0.0,0
31475,treatment,0.0,0,0.0,0
31476,control,0.0,0,0.0,0
31477,control,0.0,0,0.0,0
31478,control,0.0,1,110.76,0
31479,treatment,0.0,0,0.0,0
31480,treatment,136.0,1,56.41,0
31481,control,0.0,1,56.71,0
31482,treatment,0.0,0,0.0,0
31483,control,0.0,0,0.0,0
31484,control,0.0,0,0.0,0
31485,control,94.47,1,35.2,0
31486,control,24.6,1,27.61,0
31487,control,0.0,0,0.0,0
31488,treatment,0.0,0,0.0,0
31489,treatment,70.87,0,0.0,0
31490,treatment,72.0,0,0.0,0
31491,control,0.0,0,0.0,0
31492,treatment,0.0,0,0.0,0
31493,treatment,48.33,0,0.0,0
31494,control,91.7,0,0.0,0
31495,control,0.0,1,20.31,0
31496,control,0.0,0,0.0,0
31497,control,33.22,0,0.0,0
31498,treatment,144.78,0,0.0,0
31499,treatment,18.68,0,0.0,0
31500,treatment,36.9,0,0.0,0
31501,treatment,0.0,0,0.0,0
31502,treatment,36.51,0,0.0,0
31503,control,170.41,1,74.21,0
31504,control,0.0,0,0.0,0
31505,treatment,111.91,0,0.0,0
31506,control,485.05,0,0.0,0
31507,treatment,0.0,0,0.0,0
31508,treatment,0.0,0,0.0,0
31509,treatment,54.42,0,0.0,0
31510,control,219.43,0,0.0,0
31511,treatment,0.0,0,0.0,0
31512,treatment,128.74,0,0.0,0
31513,treatment,41.36,0,0.0,0
31514,control,103.66,0,0.0,0
31515,treatment,0.0,0,0.0,0
31516,control,0.0,0,0.0,0
31517,treatment,0.0,1,89.02,0
31518,control,70.61,0,0.0,0
31519,treatment,0.0,0,0.0,0
31520,control,59.2,0,0.0,0
31521,treatment,299.4,1,152.91,0
31522,treatment,39.82,0,0.0,0
31523,control,53.0,0,0.0,0
31524,treatment,0.0,0,0.0,0
31525,control,69.29,0,0.0,0
31526,treatment,0.0,0,0.0,0
31527,treatment,62.51,1,61.31,0
31528,control,0.0,1,37.25,1
31529,control,38.16,0,0.0,0
31530,control,381.1,1,135.15,0
31531,treatment,632.81,1,155.77,0
31532,treatment,0.0,0,0.0,0
31533,treatment,0.0,0,0.0,0
31534,control,19.6,0,0.0,0
31535,treatment,0.0,1,80.18,0
31536,treatment,133.09,0,0.0,0
31537,control,106.5,0,0.0,0
31538,treatment,53.71,0,0.0,0
31539,control,248.36,0,0.0,0
31540,treatment,317.16,1,88.35,0
31541,control,0.0,0,0.0,0
31542,treatment,0.0,0,0.0,0
31543,treatment,35.64,0,0.0,0
31544,treatment,0.0,1,44.98,0
31545,treatment,0.0,0,0.0,0
31547,treatment,0.0,1,163.92,0
31548,control,76.78,0,0.0,0
31549,control,0.0,0,0.0,0
31550,treatment,0.0,0,0.0,0
31551,treatment,0.0,0,0.0,0
31552,treatment,396.09,0,0.0,0
31553,control,0.0,0,0.0,0
31554,treatment,0.0,0,0.0,0
31555,treatment,42.71,0,0.0,0
31556,control,160.96,1,58.2,0
31557,treatment,134.12,0,0.0,0
31558,control,44.93,0,0.0,0
31559,control,30.93,0,0.0,0
31560,control,372.83,1,67.33,0
31561,control,0.0,0,0.0,0
31563,treatment,0.0,0,0.0,0
31564,control,0.0,0,0.0,0
31565,treatment,0.0,0,0.0,0
31566,control,58.18,0,0.0,0
31567,treatment,0.0,0,0.0,0
31568,control,36.72,0,0.0,0
31569,control,67.07,0,0.0,0
31570,control,0.0,0,0.0,0
31571,control,217.0,1,54.82,0
31572,treatment,58.83,0,0.0,0
31573,control,45.88,0,0.0,0
31574,control,0.0,0,0.0,0
31575,control,0.0,0,0.0,0
31576,treatment,50.37,0,0.0,0
31577,control,37.54,0,0.0,0
31578,control,32.76,0,0.0,0
31579,control,409.86,0,0.0,0
31580,treatment,0.0,0,0.0,0
31581,control,44.79,0,0.0,0
31582,treatment,344.9,0,0.0,0
31583,treatment,163.67,0,0.0,0
31584,treatment,88.9,0,0.0,0
31585,control,30.98,0,0.0,0
31586,treatment,0.0,0,0.0,0
31587,treatment,0.0,0,0.0,0
31588,treatment,0.0,0,0.0,0
31589,control,35.53,0,0.0,0
31590,treatment,161.45,0,0.0,0
31591,control,0.0,0,0.0,0
31592,control,200.71,1,39.9,0
31593,control,252.14,0,0.0,0
31595,control,0.0,0,0.0,0
31596,control,0.0,0,0.0,0
31597,control,44.37,0,0.0,0
31598,treatment,0.0,0,0.0,0
31600,control,47.28,0,0.0,0
31601,treatment,0.0,0,0.0,0
31602,control,95.27,0,0.0,0
31603,control,0.0,0,0.0,0
31604,treatment,59.31,0,0.0,0
31606,control,0.0,0,0.0,0
31607,control,41.58,0,0.0,0
31608,control,220.61,0,0.0,0
31609,control,0.0,0,0.0,0
31610,treatment,364.03,0,0.0,0
31611,treatment,0.0,0,0.0,0
31612,control,0.0,0,0.0,0
31613,control,0.0,0,0.0,0
31614,control,41.17,0,0.0,0
31615,treatment,0.0,0,0.0,0
31616,control,0.0,0,0.0,0
31617,control,0.0,0,0.0,0
31618,treatment,0.0,0,0.0,0
31619,control,0.0,0,0.0,0
31620,treatment,0.0,0,0.0,0
31621,treatment,47.13,0,0.0,0
31622,treatment,36.03,0,0.0,0
31623,control,0.0,0,0.0,0
31624,control,145.34,0,0.0,0
31625,treatment,158.49,0,0.0,0
31626,treatment,0.0,0,0.0,0
31627,control,89.96,0,0.0,0
31628,treatment,0.0,0,0.0,0
31629,treatment,0.0,0,0.0,0
31630,treatment,0.0,0,0.0,0
31631,treatment,0.0,0,0.0,0
31632,control,0.0,0,0.0,0
31633,control,45.65,0,0.0,0
31634,control,33.82,0,0.0,0
31635,treatment,26.84,0,0.0,0
31636,treatment,70.64,0,0.0,0
31637,treatment,0.0,0,0.0,0
31638,control,205.56,0,0.0,0
31639,control,75.42,0,0.0,0
31640,control,0.0,1,30.97,0
31641,treatment,0.0,0,0.0,0
31643,treatment,0.0,0,0.0,0
31644,control,0.0,0,0.0,0
31645,treatment,89.94,0,0.0,0
31646,control,0.0,0,0.0,0
31647,treatment,0.0,0,0.0,0
31648,treatment,0.0,0,0.0,0
31649,control,126.61,0,0.0,0
31650,control,29.44,0,0.0,0
31651,control,81.09,0,0.0,0
31652,control,0.0,0,0.0,0
31653,treatment,40.87,0,0.0,0
31654,treatment,0.0,0,0.0,0
31655,control,0.0,0,0.0,0
31657,treatment,88.43,0,0.0,0
31658,treatment,0.0,0,0.0,0
31659,treatment,39.79,0,0.0,0
31660,control,0.0,1,44.31,0
31661,treatment,119.39,0,0.0,0
31662,control,78.02,1,189.22,1
31663,control,34.31,0,0.0,0
31664,treatment,0.0,0,0.0,0
31665,treatment,0.0,0,0.0,0
31666,treatment,0.0,0,0.0,0
31667,treatment,0.0,0,0.0,0
31668,treatment,0.0,0,0.0,0
31669,control,0.0,0,0.0,0
31670,treatment,0.0,0,0.0,0
31671,control,54.55,0,0.0,0
31672,control,190.78,0,0.0,0
31673,control,1677.29,0,0.0,0
31675,control,428.78,0,0.0,0
31677,treatment,278.73,1,59.86,0
31678,control,0.0,0,0.0,0
31679,treatment,0.0,0,0.0,0
31680,treatment,41.29,0,0.0,0
31681,treatment,0.0,0,0.0,0
31682,treatment,0.0,1,32.21,1
31683,control,0.0,0,0.0,0
31684,control,0.0,0,0.0,0
31685,control,56.01,0,0.0,0
31686,treatment,45.85,0,0.0,0
31687,treatment,0.0,0,0.0,0
31688,treatment,132.49,1,27.35,1
31689,treatment,39.41,0,0.0,0
31690,treatment,176.62,0,0.0,0
31691,treatment,0.0,1,78.3,0
31692,treatment,0.0,0,0.0,0
31693,control,0.0,0,0.0,0
31694,control,0.0,0,0.0,0
31695,treatment,102.0,0,0.0,0
31696,control,28.09,0,0.0,0
31697,treatment,34.87,0,0.0,0
31698,control,60.24,0,0.0,0
31699,control,0.0,0,0.0,0
31700,control,0.0,0,0.0,0
31701,treatment,43.5,0,0.0,0
31702,control,0.0,1,68.32,0
31703,control,49.29,0,0.0,0
31704,treatment,0.0,0,0.0,0
31705,control,253.57,0,0.0,0
31706,control,182.44,0,0.0,0
31707,treatment,78.18,0,0.0,0
31708,treatment,38.27,0,0.0,0
31709,treatment,0.0,0,0.0,0
31710,control,90.28,0,0.0,0
31711,treatment,0.0,0,0.0,0
31712,control,0.0,0,0.0,0
31713,control,43.46,0,0.0,0
31714,control,73.86,1,57.19,0
31715,control,0.0,0,0.0,0
31716,control,69.55,0,0.0,0
31717,treatment,0.0,0,0.0,0
31718,control,54.65,0,0.0,0
31719,treatment,0.0,0,0.0,0
31720,control,0.0,0,0.0,0
31721,treatment,0.0,0,0.0,0
31722,control,0.0,0,0.0,0
31723,control,0.0,1,84.94,0
31724,treatment,47.83,0,0.0,0
31725,control,260.05,0,0.0,0
31726,treatment,0.0,0,0.0,0
31727,treatment,55.57,0,0.0,0
31728,control,0.0,0,0.0,0
31729,treatment,0.0,0,0.0,0
31730,control,0.0,0,0.0,0
31731,treatment,0.0,0,0.0,0
31732,control,0.0,0,0.0,0
31733,treatment,0.0,0,0.0,0
31734,treatment,0.0,0,0.0,0
31735,control,0.0,1,61.37,0
31736,treatment,136.92,0,0.0,0
31737,treatment,54.77,0,0.0,0
31738,treatment,84.67,0,0.0,0
31739,control,0.0,0,0.0,0
31740,treatment,0.0,0,0.0,0
31741,control,23.05,0,0.0,0
31742,treatment,0.0,0,0.0,0
31743,treatment,107.44,0,0.0,0
31744,control,36.66,0,0.0,0
31745,control,56.82,0,0.0,0
31746,treatment,0.0,1,56.68,0
31747,treatment,0.0,0,0.0,0
31748,treatment,288.18,0,0.0,0
31749,control,0.0,0,0.0,0
31750,control,0.0,0,0.0,0
31751,control,0.0,0,0.0,0
31752,control,0.0,0,0.0,0
31753,treatment,131.8,1,26.44,1
31754,treatment,190.87,0,0.0,0
31755,control,69.45,0,0.0,0
31756,control,0.0,0,0.0,0
31757,control,0.0,0,0.0,0
31758,control,282.61,0,0.0,0
31759,treatment,47.74,0,0.0,0
31760,control,49.73,0,0.0,0
31761,treatment,60.28,0,0.0,0
31762,control,0.0,0,0.0,0
31763,control,44.73,0,0.0,0
31764,control,24.87,0,0.0,0
31765,treatment,263.84,0,0.0,0
31766,treatment,34.93,0,0.0,0
31767,treatment,943.33,1,86.42,0
31768,treatment,0.0,0,0.0,0
31770,treatment,0.0,0,0.0,0
31771,treatment,0.0,0,0.0,0
31772,control,0.0,0,0.0,0
31773,treatment,68.95,0,0.0,0
31775,treatment,80.22,0,0.0,0
31776,control,0.0,0,0.0,0
31777,treatment,44.46,0,0.0,0
31778,control,0.0,0,0.0,0
31779,treatment,0.0,0,0.0,0
31780,treatment,0.0,0,0.0,0
31781,control,30.96,0,0.0,0
31782,treatment,0.0,0,0.0,0
31783,control,0.0,0,0.0,0
31784,treatment,0.0,0,0.0,0
31786,control,0.0,0,0.0,0
31787,control,0.0,0,0.0,0
31789,control,63.55,0,0.0,0
31790,control,93.88,0,0.0,0
31791,control,72.5,1,79.08,0
31792,treatment,0.0,0,0.0,0
31793,treatment,0.0,0,0.0,0
31794,control,128.18,0,0.0,0
31795,treatment,0.0,0,0.0,0
31796,treatment,238.59,0,0.0,0
31797,control,0.0,0,0.0,0
31798,control,132.72,1,47.31,0
31799,treatment,78.53,0,0.0,0
31800,control,339.14,1,51.93,0
31801,control,80.13,0,0.0,0
31802,treatment,0.0,0,0.0,0
31803,treatment,30.29,0,0.0,0
31804,control,24.32,0,0.0,0
31805,control,24.54,0,0.0,0
31806,control,0.0,0,0.0,0
31807,control,0.0,0,0.0,0
31808,treatment,0.0,0,0.0,0
31809,control,0.0,0,0.0,0
31810,control,39.73,0,0.0,0
31811,treatment,0.0,0,0.0,0
31812,control,37.5,0,0.0,0
31813,treatment,0.0,0,0.0,0
31814,control,231.92,1,81.46,0
31815,treatment,0.0,0,0.0,0
31816,treatment,256.5,0,0.0,0
31817,control,0.0,0,0.0,0
31818,treatment,65.01,0,0.0,0
31819,treatment,0.0,0,0.0,0
31820,treatment,0.0,0,0.0,0
31821,treatment,0.0,0,0.0,0
31822,treatment,0.0,0,0.0,0
31823,control,0.0,0,0.0,0
31824,treatment,0.0,0,0.0,0
31825,treatment,368.6,0,0.0,0
31826,treatment,16.97,1,18.58,0
31827,control,123.86,0,0.0,0
31828,treatment,74.02,0,0.0,0
31829,control,28.84,1,40.61,0
31830,control,54.8,0,0.0,0
31831,treatment,0.0,0,0.0,0
31832,control,0.0,0,0.0,0
31833,treatment,57.66,0,0.0,0
31834,control,35.32,0,0.0,0
31836,control,0.0,0,0.0,0
31837,control,0.0,0,0.0,0
31838,treatment,43.04,0,0.0,0
31839,treatment,0.0,0,0.0,0
31840,control,0.0,0,0.0,0
31841,treatment,782.18,0,0.0,0
31842,control,0.0,0,0.0,0
31843,control,53.72,0,0.0,0
31844,control,0.0,0,0.0,0
31845,treatment,190.76,1,56.55,0
31846,control,49.79,0,0.0,0
31847,treatment,146.12,0,0.0,0
31848,control,43.73,0,0.0,0
31849,treatment,90.88,0,0.0,0
31850,control,113.99,0,0.0,0
31851,control,0.0,0,0.0,0
31852,control,0.0,0,0.0,0
31853,treatment,42.63,1,54.6,0
31854,control,0.0,0,0.0,0
31855,treatment,0.0,0,0.0,0
31856,control,538.04,0,0.0,0
31857,control,0.0,0,0.0,0
31858,treatment,0.0,0,0.0,0
31859,control,32.46,0,0.0,0
31860,control,120.94,0,0.0,0
31861,control,1773.09,1,131.5,0
31862,control,56.09,0,0.0,0
31863,treatment,18.24,0,0.0,0
31864,control,0.0,0,0.0,0
31865,treatment,0.0,0,0.0,0
31866,control,54.37,0,0.0,0
31867,treatment,0.0,0,0.0,0
31868,treatment,210.97,0,0.0,0
31869,control,110.28,0,0.0,0
31870,treatment,0.0,0,0.0,0
31871,control,0.0,0,0.0,0
31872,control,0.0,0,0.0,0
31873,control,26.69,0,0.0,0
31874,control,62.61,0,0.0,0
31875,treatment,87.49,0,0.0,0
31876,treatment,0.0,0,0.0,0
31877,control,45.93,0,0.0,0
31878,treatment,0.0,0,0.0,0
31879,control,98.27,0,0.0,0
31880,control,138.27,0,0.0,0
31881,control,0.0,0,0.0,0
31882,control,0.0,1,29.26,0
31883,treatment,0.0,0,0.0,0
31884,treatment,0.0,0,0.0,0
31885,treatment,58.28,0,0.0,0
31886,control,57.7,0,0.0,0
31887,control,46.87,0,0.0,0
31888,control,114.84,1,98.3,0
31889,control,47.42,0,0.0,0
31890,treatment,0.0,0,0.0,0
31891,treatment,0.0,0,0.0,0
31892,control,74.36,0,0.0,0
31893,treatment,0.0,0,0.0,0
31894,control,0.0,0,0.0,0
31895,treatment,0.0,0,0.0,0
31896,treatment,0.0,1,60.8,0
31897,control,0.0,0,0.0,0
31898,control,0.0,0,0.0,0
31899,control,90.03,0,0.0,0
31900,treatment,61.05,0,0.0,0
31901,control,55.8,0,0.0,0
31902,treatment,121.35,0,0.0,0
31903,treatment,0.0,0,0.0,0
31904,treatment,0.0,0,0.0,0
31905,treatment,360.46,0,0.0,0
31906,control,0.0,0,0.0,0
31907,treatment,0.0,0,0.0,0
31908,control,0.0,0,0.0,0
31909,treatment,0.0,0,0.0,0
31910,treatment,76.86,0,0.0,0
31911,treatment,43.63,0,0.0,0
31912,control,0.0,0,0.0,0
31913,treatment,0.0,0,0.0,0
31914,control,211.47,0,0.0,0
31916,treatment,40.91,0,0.0,0
31917,treatment,211.14,0,0.0,0
31918,treatment,267.85,1,31.62,0
31919,control,0.0,0,0.0,0
31920,control,0.0,0,0.0,0
31921,control,0.0,0,0.0,0
31922,treatment,0.0,0,0.0,0
31923,treatment,205.34,0,0.0,0
31924,treatment,0.0,0,0.0,0
31925,treatment,0.0,0,0.0,0
31926,treatment,88.28,0,0.0,0
31927,control,218.23,0,0.0,0
31928,control,29.69,0,0.0,0
31929,control,0.0,1,43.06,0
31930,treatment,97.07,0,0.0,0
31931,control,72.65,0,0.0,0
31932,treatment,83.48,0,0.0,0
31933,control,71.85,0,0.0,0
31934,treatment,0.0,0,0.0,0
31935,treatment,0.0,1,38.95,0
31936,control,35.9,0,0.0,0
31937,control,230.32,0,0.0,0
31938,control,0.0,0,0.0,0
31939,control,98.2,0,0.0,0
31940,control,0.0,1,77.94,0
31941,treatment,0.0,0,0.0,0
31942,treatment,0.0,0,0.0,0
31943,control,0.0,0,0.0,0
31944,control,0.0,1,96.12,0
31945,control,0.0,0,0.0,0
31946,treatment,59.38,0,0.0,0
31947,treatment,0.0,0,0.0,0
31948,control,0.0,0,0.0,0
31949,treatment,0.0,1,35.08,0
31950,control,70.67,1,38.7,0
31951,treatment,111.99,0,0.0,0
31952,control,56.52,0,0.0,0
31953,treatment,345.0,1,87.28,0
31954,control,0.0,1,40.28,0
31955,control,0.0,0,0.0,0
31956,treatment,82.69,0,0.0,0
31957,treatment,0.0,0,0.0,0
31958,treatment,124.04,1,71.51,0
31960,treatment,0.0,0,0.0,0
31961,treatment,117.63,0,0.0,0
31962,treatment,224.78,0,0.0,0
31963,control,0.0,1,52.05,0
31964,control,83.46,0,0.0,0
31965,treatment,0.0,0,0.0,0
31966,control,484.58,1,151.54,0
31967,treatment,35.39,0,0.0,0
31968,control,0.0,0,0.0,0
31969,treatment,53.3,0,0.0,0
31970,treatment,0.0,1,56.66,0
31971,treatment,0.0,0,0.0,0
31972,control,66.46,0,0.0,0
31973,treatment,0.0,0,0.0,0
31974,treatment,179.66,0,0.0,0
31975,control,0.0,0,0.0,0
31976,control,0.0,0,0.0,0
31977,control,0.0,0,0.0,0
31978,control,570.12,0,0.0,0
31979,control,29.77,0,0.0,0
31980,treatment,178.68,0,0.0,0
31981,control,79.26,0,0.0,0
31982,control,36.58,0,0.0,0
31983,treatment,55.21,0,0.0,0
31984,control,0.0,0,0.0,0
31985,treatment,194.36,1,60.85,0
31986,treatment,280.28,1,51.04,0
31987,control,160.89,0,0.0,0
31988,control,0.0,0,0.0,0
31989,treatment,0.0,0,0.0,0
31990,control,0.0,0,0.0,0
31991,treatment,0.0,0,0.0,0
31992,treatment,0.0,0,0.0,0
31993,treatment,0.0,1,80.83,0
31994,control,0.0,0,0.0,0
31995,control,0.0,0,0.0,0
31996,treatment,0.0,0,0.0,0
31997,treatment,0.0,0,0.0,0
31998,control,325.18,0,0.0,0
31999,treatment,0.0,1,51.72,0
32000,control,0.0,0,0.0,0
32001,treatment,0.0,0,0.0,0
32002,control,0.0,0,0.0,0
32003,control,46.21,0,0.0,0
32004,treatment,0.0,0,0.0,0
32005,treatment,52.71,0,0.0,0
32006,control,0.0,0,0.0,0
32007,treatment,0.0,0,0.0,0
32008,control,0.0,0,0.0,0
32009,treatment,0.0,0,0.0,0
32010,control,100.74,0,0.0,0
32011,treatment,0.0,0,0.0,0
32012,control,92.68,0,0.0,0
32013,control,301.75,1,83.4,0
32014,control,684.22,0,0.0,0
32015,treatment,78.32,0,0.0,0
32016,control,0.0,0,0.0,0
32017,control,0.0,0,0.0,0
32018,control,0.0,0,0.0,0
32019,control,0.0,0,0.0,0
32020,treatment,48.38,0,0.0,0
32021,control,68.52,1,78.71,0
32022,control,75.23,0,0.0,0
32023,control,0.0,0,0.0,0
32024,control,0.0,0,0.0,0
32025,treatment,91.28,0,0.0,0
32026,treatment,125.05,0,0.0,0
32027,treatment,169.51,0,0.0,0
32028,treatment,136.65,0,0.0,0
32029,control,159.52,0,0.0,0
32030,treatment,63.1,0,0.0,0
32031,treatment,0.0,0,0.0,0
32032,treatment,0.0,0,0.0,0
32033,treatment,0.0,0,0.0,0
32034,control,0.0,0,0.0,0
32035,control,186.74,1,106.1,0
32036,treatment,0.0,0,0.0,0
32037,treatment,0.0,0,0.0,0
32038,control,738.4,0,0.0,0
32039,control,0.0,0,0.0,0
32040,control,0.0,0,0.0,0
32041,treatment,0.0,0,0.0,0
32042,treatment,0.0,0,0.0,0
32043,control,69.75,0,0.0,0
32044,treatment,94.57,0,0.0,0
32045,control,0.0,0,0.0,0
32046,control,0.0,0,0.0,0
32047,treatment,55.79,0,0.0,0
32048,control,0.0,0,0.0,0
32050,treatment,287.96,0,0.0,0
32051,control,278.51,1,89.67,0
32052,control,0.0,0,0.0,0
32053,control,31.38,0,0.0,0
32054,control,179.99,0,0.0,0
32055,control,0.0,0,0.0,0
32056,control,34.62,0,0.0,0
32057,treatment,151.68,0,0.0,0
32058,control,172.8,0,0.0,0
32059,treatment,246.45,0,0.0,0
32060,treatment,0.0,0,0.0,0
32061,treatment,0.0,0,0.0,0
32062,control,0.0,0,0.0,0
32063,treatment,34.26,0,0.0,0
32064,treatment,0.0,0,0.0,0
32065,control,152.05,0,0.0,0
32066,treatment,105.94,0,0.0,0
32067,control,39.18,0,0.0,0
32068,treatment,46.94,0,0.0,0
32069,control,32.33,0,0.0,0
32070,control,0.0,0,0.0,0
32071,control,0.0,0,0.0,0
32072,treatment,0.0,0,0.0,0
32073,control,0.0,0,0.0,0
32075,control,0.0,0,0.0,0
32076,treatment,0.0,0,0.0,0
32077,control,25.8,0,0.0,0
32078,control,62.88,0,0.0,0
32079,treatment,0.0,0,0.0,0
32080,treatment,0.0,0,0.0,0
32081,treatment,0.0,0,0.0,0
32082,treatment,0.0,0,0.0,0
32083,control,0.0,0,0.0,0
32084,treatment,21.66,0,0.0,0
32085,control,214.9,0,0.0,0
32086,treatment,26.73,0,0.0,0
32087,treatment,0.0,0,0.0,0
32088,treatment,17.4,0,0.0,0
32089,treatment,0.0,0,0.0,0
32090,control,597.68,1,18.01,0
32091,treatment,37.39,0,0.0,0
32092,treatment,52.05,0,0.0,0
32093,control,39.25,0,0.0,0
32094,treatment,90.65,0,0.0,0
32095,control,0.0,0,0.0,0
32096,treatment,0.0,1,24.85,0
32097,treatment,0.0,0,0.0,0
32098,control,63.22,1,143.85,0
32099,control,0.0,0,0.0,0
32100,treatment,493.54,0,0.0,0
32101,control,0.0,0,0.0,0
32102,treatment,72.87,0,0.0,0
32103,treatment,0.0,0,0.0,0
32104,treatment,279.31,0,0.0,0
32105,treatment,0.0,0,0.0,0
32106,treatment,102.71,0,0.0,0
32107,control,36.45,0,0.0,0
32108,control,0.0,0,0.0,0
32109,treatment,0.0,0,0.0,0
32110,control,42.48,1,92.81,0
32111,control,0.0,0,0.0,0
32112,treatment,62.15,0,0.0,0
32113,treatment,0.0,0,0.0,0
32114,control,0.0,0,0.0,0
32115,control,51.1,0,0.0,0
32116,treatment,0.0,0,0.0,0
32117,treatment,34.59,0,0.0,0
32118,control,0.0,0,0.0,0
32119,treatment,0.0,0,0.0,0
32120,control,0.0,0,0.0,0
32121,control,0.0,0,0.0,0
32122,treatment,78.22,0,0.0,0
32123,treatment,394.77,0,0.0,0
32124,treatment,101.56,0,0.0,0
32125,control,463.54,0,0.0,0
32126,control,248.82,0,0.0,0
32127,control,36.66,0,0.0,0
32128,treatment,146.0,1,73.63,1
32129,treatment,0.0,0,0.0,0
32130,treatment,158.76,0,0.0,0
32131,control,192.9,1,60.66,0
32132,control,32.47,0,0.0,0
32133,control,0.0,0,0.0,0
32134,control,98.95,0,0.0,0
32135,control,260.27,0,0.0,0
32136,control,0.0,0,0.0,0
32137,treatment,162.47,0,0.0,0
32138,treatment,0.0,0,0.0,0
32139,control,0.0,0,0.0,0
32140,control,0.0,0,0.0,0
32141,control,0.0,0,0.0,0
32142,treatment,141.97,1,74.54,0
32143,control,157.44,0,0.0,0
32144,control,53.14,0,0.0,0
32145,control,0.0,0,0.0,0
32146,treatment,0.0,0,0.0,0
32147,treatment,367.5,0,0.0,0
32148,treatment,149.23,1,76.99,0
32149,treatment,0.0,0,0.0,0
32150,control,703.57,1,130.6,0
32151,control,0.0,0,0.0,0
32152,treatment,105.66,0,0.0,0
32153,treatment,0.0,0,0.0,0
32154,control,73.02,0,0.0,0
32155,control,0.0,0,0.0,0
32156,treatment,0.0,0,0.0,0
32157,control,0.0,0,0.0,0
32158,control,45.87,0,0.0,0
32159,treatment,47.48,0,0.0,0
32160,treatment,0.0,0,0.0,0
32161,control,28.82,0,0.0,0
32162,treatment,32.32,0,0.0,0
32163,treatment,105.67,1,51.59,1
32164,control,230.39,1,71.77,0
32166,control,0.0,0,0.0,0
32167,treatment,35.95,0,0.0,0
32168,control,0.0,0,0.0,0
32169,treatment,0.0,0,0.0,0
32170,control,35.63,0,0.0,0
32171,treatment,0.0,0,0.0,0
32172,treatment,161.52,0,0.0,0
32173,control,393.69,1,103.32,0
32174,control,0.0,0,0.0,0
32175,treatment,56.16,0,0.0,0
32176,control,0.0,0,0.0,0
32177,treatment,0.0,0,0.0,0
32178,treatment,0.0,0,0.0,0
32179,control,155.56,1,47.42,0
32180,control,99.38,0,0.0,0
32181,treatment,273.4,0,0.0,0
32182,control,0.0,0,0.0,0
32183,control,0.0,0,0.0,0
32184,control,102.87,0,0.0,0
32185,control,0.0,0,0.0,0
32186,control,146.68,0,0.0,0
32187,treatment,128.34,1,52.35,0
32188,control,0.0,1,31.44,0
32189,treatment,33.57,1,21.03,0
32190,control,99.34,0,0.0,0
32191,treatment,159.43,1,31.83,0
32192,treatment,0.0,0,0.0,0
32193,control,0.0,0,0.0,0
32194,treatment,47.45,0,0.0,0
32195,treatment,0.0,0,0.0,0
32196,control,0.0,1,41.56,0
32197,control,74.21,0,0.0,0
32198,treatment,48.82,0,0.0,0
32199,control,56.48,0,0.0,0
32200,control,91.32,1,46.03,0
32201,treatment,0.0,0,0.0,0
32202,control,0.0,0,0.0,0
32203,control,0.0,0,0.0,0
32204,treatment,0.0,0,0.0,0
32205,treatment,123.69,0,0.0,0
32206,treatment,0.0,0,0.0,0
32207,control,21.46,0,0.0,0
32208,control,0.0,0,0.0,0
32209,control,0.0,0,0.0,0
32210,control,88.53,0,0.0,0
32211,control,373.81,0,0.0,0
32212,treatment,0.0,0,0.0,0
32213,control,87.94,0,0.0,0
32214,treatment,29.96,0,0.0,0
32215,treatment,0.0,0,0.0,0
32216,treatment,0.0,0,0.0,0
32217,treatment,0.0,0,0.0,0
32218,control,0.0,1,84.59,0
32219,control,44.3,0,0.0,0
32220,treatment,0.0,0,0.0,0
32221,control,0.0,0,0.0,0
32222,control,391.68,0,0.0,0
32223,control,376.29,0,0.0,0
32224,treatment,81.69,1,61.24,0
32225,treatment,0.0,0,0.0,0
32226,treatment,0.0,0,0.0,0
32227,control,0.0,0,0.0,0
32228,control,0.0,0,0.0,0
32229,control,66.06,0,0.0,0
32230,control,275.44,0,0.0,0
32231,treatment,254.22,0,0.0,0
32232,control,26.68,1,38.63,0
32233,control,0.0,0,0.0,0
32234,control,0.0,0,0.0,0
32235,control,0.0,0,0.0,0
32236,control,167.62,1,85.73,0
32237,treatment,0.0,0,0.0,0
32238,control,126.03,1,142.46,0
32239,control,24.82,0,0.0,0
32240,control,0.0,0,0.0,0
32241,treatment,0.0,0,0.0,0
32242,treatment,0.0,0,0.0,0
32243,control,0.0,0,0.0,0
32244,control,0.0,0,0.0,0
32245,treatment,0.0,0,0.0,0
32246,control,0.0,0,0.0,0
32247,control,0.0,0,0.0,0
32248,control,0.0,0,0.0,0
32249,control,0.0,0,0.0,0
32250,treatment,0.0,0,0.0,0
32251,treatment,42.5,0,0.0,0
32252,control,171.62,0,0.0,0
32253,control,125.7,0,0.0,0
32254,treatment,0.0,0,0.0,0
32255,treatment,270.58,0,0.0,0
32256,control,0.0,0,0.0,0
32257,treatment,0.0,0,0.0,0
32258,treatment,0.0,0,0.0,0
32259,control,44.57,0,0.0,0
32260,control,22.89,0,0.0,0
32261,treatment,161.95,0,0.0,0
32262,control,0.0,1,39.83,0
32263,control,81.54,0,0.0,0
32264,treatment,0.0,0,0.0,0
32265,treatment,0.0,0,0.0,0
32266,control,82.45,0,0.0,0
32267,treatment,0.0,0,0.0,0
32268,control,566.07,1,64.58,0
32269,treatment,54.84,0,0.0,0
32270,treatment,0.0,0,0.0,0
32271,control,0.0,0,0.0,0
32272,control,0.0,0,0.0,0
32273,treatment,0.0,0,0.0,0
32274,treatment,0.0,0,0.0,0
32275,control,0.0,0,0.0,0
32276,control,0.0,0,0.0,0
32277,treatment,0.0,0,0.0,0
32278,treatment,129.56,0,0.0,0
32279,treatment,0.0,0,0.0,0
32280,treatment,0.0,0,0.0,0
32281,treatment,0.0,0,0.0,0
32282,control,0.0,0,0.0,0
32283,control,86.92,0,0.0,0
32284,treatment,115.07,0,0.0,0
32285,control,0.0,0,0.0,0
32286,treatment,0.0,1,78.33,0
32287,control,0.0,0,0.0,0
32288,control,80.65,0,0.0,0
32289,treatment,21.58,0,0.0,0
32290,control,156.62,0,0.0,0
32291,control,73.64,0,0.0,0
32292,control,57.11,1,69.29,0
32293,control,124.52,0,0.0,0
32294,treatment,47.58,0,0.0,0
32295,treatment,113.39,0,0.0,0
32296,control,0.0,0,0.0,0
32297,treatment,0.0,0,0.0,0
32298,treatment,165.22,0,0.0,0
32299,treatment,26.71,0,0.0,0
32300,treatment,0.0,0,0.0,0
32301,treatment,150.69,0,0.0,0
32302,treatment,0.0,0,0.0,0
32303,treatment,0.0,0,0.0,0
32304,control,390.79,1,66.19,0
32305,treatment,0.0,1,32.2,0
32306,treatment,0.0,0,0.0,0
32307,control,0.0,0,0.0,0
32308,treatment,132.72,1,92.72,0
32309,control,68.04,0,0.0,0
32310,control,0.0,0,0.0,0
32311,control,59.02,0,0.0,0
32312,treatment,0.0,0,0.0,0
32313,treatment,33.32,0,0.0,0
32314,control,0.0,0,0.0,0
32315,control,0.0,0,0.0,0
32316,control,56.94,0,0.0,0
32317,treatment,0.0,0,0.0,0
32318,treatment,55.47,0,0.0,0
32319,control,49.94,0,0.0,0
32320,control,0.0,0,0.0,0
32321,treatment,193.45,1,57.3,0
32322,treatment,238.32,1,31.16,0
32323,control,0.0,0,0.0,0
32324,control,0.0,0,0.0,0
32325,treatment,79.21,0,0.0,0
32326,treatment,35.19,0,0.0,0
32327,treatment,0.0,0,0.0,0
32328,treatment,46.15,1,58.02,0
32329,control,46.06,0,0.0,0
32330,treatment,0.0,0,0.0,0
32331,treatment,0.0,0,0.0,0
32332,treatment,114.63,0,0.0,0
32333,treatment,0.0,0,0.0,0
32334,control,928.45,1,82.53,0
32335,treatment,0.0,0,0.0,0
32336,treatment,0.0,0,0.0,0
32337,treatment,37.89,0,0.0,0
32338,treatment,0.0,0,0.0,0
32339,treatment,0.0,0,0.0,0
32340,treatment,54.65,0,0.0,0
32341,treatment,0.0,0,0.0,0
32342,treatment,0.0,0,0.0,0
32343,control,0.0,0,0.0,0
32344,treatment,44.54,0,0.0,0
32345,treatment,65.95,0,0.0,0
32346,control,62.9,0,0.0,0
32347,treatment,35.28,0,0.0,0
32348,control,61.07,0,0.0,0
32349,control,0.0,0,0.0,0
32351,control,117.55,0,0.0,0
32352,treatment,55.07,0,0.0,0
32353,control,78.34,0,0.0,0
32354,control,0.0,0,0.0,0
32355,control,19.53,0,0.0,0
32356,control,122.77,0,0.0,0
32357,treatment,0.0,0,0.0,0
32358,treatment,0.0,0,0.0,0
32359,control,0.0,0,0.0,0
32361,treatment,0.0,0,0.0,0
32362,treatment,0.0,0,0.0,0
32363,control,0.0,0,0.0,0
32364,control,26.96,0,0.0,0
32365,control,133.7,0,0.0,0
32366,control,49.37,0,0.0,0
32367,treatment,142.82,0,0.0,0
32368,treatment,32.25,0,0.0,0
32369,control,0.0,0,0.0,0
32370,treatment,38.15,1,50.94,0
32371,control,0.0,0,0.0,0
32372,control,39.36,0,0.0,0
32373,treatment,323.99,1,48.4,0
32374,control,62.26,1,96.12,0
32375,control,0.0,0,0.0,0
32376,control,117.2,0,0.0,0
32377,treatment,112.29,0,0.0,0
32378,control,75.64,0,0.0,0
32379,control,79.22,0,0.0,0
32380,control,0.0,0,0.0,0
32381,control,39.02,0,0.0,0
32382,treatment,68.02,0,0.0,0
32383,control,29.88,0,0.0,0
32384,control,0.0,0,0.0,0
32385,control,55.93,0,0.0,0
32386,treatment,114.7,0,0.0,0
32387,control,0.0,0,0.0,0
32388,control,77.7,0,0.0,0
32389,treatment,0.0,0,0.0,0
32390,control,0.0,0,0.0,0
32391,control,0.0,0,0.0,0
32392,control,0.0,0,0.0,0
32393,treatment,61.34,0,0.0,0
32394,control,0.0,0,0.0,0
32395,treatment,0.0,0,0.0,0
32396,control,0.0,0,0.0,0
32397,control,0.0,0,0.0,0
32398,control,59.02,0,0.0,0
32399,control,64.96,0,0.0,0
32400,treatment,103.93,0,0.0,0
32401,treatment,0.0,0,0.0,0
32402,control,72.69,1,17.73,0
32403,treatment,0.0,0,0.0,0
32404,treatment,0.0,0,0.0,0
32405,control,33.81,0,0.0,0
32406,control,58.74,0,0.0,0
32407,treatment,0.0,0,0.0,0
32408,control,0.0,0,0.0,0
32409,control,0.0,0,0.0,0
32410,control,0.0,1,19.11,1
32411,treatment,45.98,0,0.0,0
32412,treatment,46.6,0,0.0,0
32413,control,0.0,0,0.0,0
32414,treatment,0.0,0,0.0,0
32415,control,54.02,0,0.0,0
32416,treatment,33.95,0,0.0,0
32417,control,178.27,0,0.0,0
32418,control,0.0,0,0.0,0
32419,control,0.0,0,0.0,0
32420,control,43.79,0,0.0,0
32421,treatment,172.9,0,0.0,0
32422,treatment,0.0,0,0.0,0
32423,control,48.98,0,0.0,0
32424,treatment,0.0,1,29.32,0
32425,treatment,0.0,0,0.0,0
32426,control,0.0,0,0.0,0
32427,control,0.0,1,32.15,0
32428,control,0.0,0,0.0,0
32429,control,0.0,0,0.0,0
32430,control,0.0,0,0.0,0
32431,treatment,0.0,0,0.0,0
32432,control,0.0,0,0.0,0
32433,control,54.85,0,0.0,0
32434,treatment,47.05,0,0.0,0
32435,control,0.0,0,0.0,0
32436,control,0.0,0,0.0,0
32437,treatment,34.14,0,0.0,0
32438,treatment,106.45,0,0.0,0
32439,control,0.0,0,0.0,0
32440,treatment,0.0,0,0.0,0
32441,treatment,520.17,0,0.0,0
32442,treatment,0.0,0,0.0,0
32443,treatment,0.0,0,0.0,0
32444,control,97.13,0,0.0,0
32445,treatment,0.0,0,0.0,0
32446,treatment,0.0,0,0.0,0
32447,control,373.18,0,0.0,0
32448,control,116.59,0,0.0,0
32449,treatment,60.28,0,0.0,0
32450,treatment,220.62,0,0.0,0
32451,control,0.0,0,0.0,0
32452,control,0.0,0,0.0,0
32453,treatment,0.0,0,0.0,0
32454,control,70.32,0,0.0,0
32455,control,0.0,0,0.0,0
32456,control,0.0,0,0.0,0
32457,treatment,490.69,0,0.0,0
32458,treatment,70.68,0,0.0,0
32459,treatment,0.0,0,0.0,0
32460,treatment,65.45,0,0.0,0
32461,control,165.11,0,0.0,0
32462,treatment,475.63,1,43.64,0
32463,treatment,80.5,0,0.0,0
32464,treatment,57.14,0,0.0,0
32465,control,299.08,0,0.0,0
32466,control,0.0,0,0.0,0
32467,treatment,38.95,1,182.32,0
32468,treatment,38.28,0,0.0,0
32469,treatment,129.33,0,0.0,0
32470,control,0.0,0,0.0,0
32471,control,162.19,0,0.0,0
32472,control,0.0,0,0.0,0
32473,control,223.02,1,39.3,0
32474,control,61.76,0,0.0,0
32475,treatment,60.18,0,0.0,0
32476,treatment,0.0,0,0.0,0
32477,control,91.55,0,0.0,0
32478,control,264.89,0,0.0,0
32479,treatment,64.34,0,0.0,0
32480,treatment,0.0,1,91.78,0
32481,treatment,0.0,0,0.0,0
32483,control,0.0,0,0.0,0
32484,control,226.82,0,0.0,0
32485,control,0.0,0,0.0,0
32486,control,55.13,0,0.0,0
32487,control,0.0,0,0.0,0
32488,control,0.0,0,0.0,0
32489,treatment,0.0,0,0.0,0
32490,treatment,0.0,0,0.0,0
32491,treatment,29.12,0,0.0,0
32492,control,38.23,0,0.0,0
32493,control,44.6,1,44.63,0
32494,control,160.41,0,0.0,0
32495,treatment,213.58,0,0.0,0
32496,control,158.15,0,0.0,0
32497,control,0.0,0,0.0,0
32498,treatment,63.74,0,0.0,0
32499,treatment,0.0,0,0.0,0
32500,treatment,0.0,0,0.0,0
32501,treatment,21.79,0,0.0,0
32502,treatment,0.0,0,0.0,0
32503,treatment,0.0,0,0.0,0
32504,control,54.44,1,92.12,0
32505,control,267.49,1,51.59,0
32506,control,0.0,0,0.0,0
32507,control,0.0,0,0.0,0
32508,treatment,26.87,0,0.0,0
32509,treatment,0.0,0,0.0,0
32510,control,403.18,1,84.94,0
32511,control,0.0,0,0.0,0
32513,control,97.5,0,0.0,0
32514,treatment,0.0,0,0.0,0
32515,treatment,111.82,0,0.0,0
32516,control,160.44,0,0.0,0
32517,control,54.07,0,0.0,0
32518,control,165.43,0,0.0,0
32519,treatment,71.77,0,0.0,0
32520,treatment,64.47,0,0.0,0
32521,control,53.16,0,0.0,0
32522,treatment,118.17,0,0.0,0
32523,control,79.46,0,0.0,0
32524,treatment,28.09,0,0.0,0
32525,control,0.0,0,0.0,0
32527,control,39.62,0,0.0,0
32528,control,58.67,0,0.0,0
32529,treatment,0.0,0,0.0,0
32530,treatment,129.79,0,0.0,0
32531,control,0.0,0,0.0,0
32532,control,0.0,0,0.0,0
32533,control,0.0,0,0.0,0
32534,treatment,0.0,0,0.0,0
32535,control,0.0,0,0.0,0
32536,treatment,132.84,0,0.0,0
32537,control,0.0,0,0.0,0
32538,treatment,92.0,0,0.0,0
32539,treatment,215.52,1,57.45,0
32540,control,0.0,0,0.0,0
32541,treatment,0.0,0,0.0,0
32542,control,92.18,0,0.0,0
32543,control,78.59,1,135.23,0
32544,control,49.73,1,27.67,0
32545,control,0.0,0,0.0,0
32546,treatment,0.0,0,0.0,0
32547,control,0.0,0,0.0,0
32548,control,0.0,0,0.0,0
32549,treatment,138.66,0,0.0,0
32550,control,0.0,0,0.0,0
32551,treatment,0.0,0,0.0,0
32552,control,0.0,0,0.0,0
32553,control,136.41,0,0.0,0
32554,control,66.94,0,0.0,0
32555,control,236.53,1,95.44,0
32556,control,100.27,0,0.0,0
32557,treatment,0.0,0,0.0,0
32558,treatment,0.0,0,0.0,0
32559,treatment,93.01,0,0.0,0
32560,treatment,61.03,0,0.0,0
32561,control,0.0,0,0.0,0
32562,treatment,0.0,0,0.0,0
32563,control,0.0,0,0.0,0
32564,control,222.32,0,0.0,0
32565,treatment,43.66,0,0.0,0
32566,control,86.3,0,0.0,0
32567,treatment,49.09,0,0.0,0
32568,control,38.42,0,0.0,0
32569,control,107.34,0,0.0,0
32570,control,133.04,0,0.0,0
32571,treatment,89.25,0,0.0,0
32572,treatment,0.0,0,0.0,0
32573,control,33.98,0,0.0,0
32574,treatment,0.0,0,0.0,0
32575,control,25.82,0,0.0,0
32576,control,0.0,0,0.0,0
32577,treatment,27.57,0,0.0,0
32578,control,0.0,0,0.0,0
32579,treatment,42.54,0,0.0,0
32580,control,229.49,1,72.54,0
32581,treatment,290.27,1,68.39,0
32582,treatment,0.0,0,0.0,0
32583,control,43.91,0,0.0,0
32584,control,93.29,0,0.0,0
32585,treatment,419.37,0,0.0,0
32586,control,91.11,0,0.0,0
32587,treatment,242.48,0,0.0,0
32588,control,0.0,0,0.0,0
32589,treatment,68.39,0,0.0,0
32590,treatment,0.0,0,0.0,0
32591,treatment,102.08,0,0.0,0
32592,control,65.88,0,0.0,0
32593,control,105.68,0,0.0,0
32594,treatment,0.0,0,0.0,0
32595,treatment,27.0,0,0.0,0
32596,treatment,71.96,0,0.0,0
32597,control,65.67,0,0.0,0
32598,control,0.0,0,0.0,0
32600,treatment,121.18,0,0.0,0
32601,treatment,0.0,0,0.0,0
32602,control,154.86,1,131.26,0
32603,control,0.0,0,0.0,0
32604,treatment,0.0,0,0.0,0
32606,control,49.46,1,79.38,0
32607,treatment,605.93,0,0.0,0
32608,treatment,0.0,0,0.0,0
32609,treatment,229.54,1,86.56,0
32610,treatment,0.0,0,0.0,0
32611,treatment,47.24,0,0.0,0
32612,treatment,184.11,0,0.0,0
32613,control,0.0,0,0.0,0
32614,control,131.46,0,0.0,0
32615,control,0.0,0,0.0,0
32616,treatment,0.0,0,0.0,0
32617,control,0.0,0,0.0,0
32618,control,0.0,0,0.0,0
32619,treatment,0.0,0,0.0,0
32620,control,0.0,0,0.0,0
32621,control,48.74,0,0.0,0
32622,control,0.0,0,0.0,0
32623,control,0.0,0,0.0,0
32624,treatment,0.0,0,0.0,0
32625,treatment,0.0,0,0.0,0
32626,control,0.0,0,0.0,0
32627,treatment,193.3,0,0.0,0
32628,control,0.0,0,0.0,0
32629,control,0.0,0,0.0,0
32630,treatment,129.4,0,0.0,0
32631,treatment,686.62,0,0.0,0
32632,control,0.0,0,0.0,0
32633,control,77.37,0,0.0,0
32634,treatment,97.77,0,0.0,0
32635,control,785.3,1,92.26,1
32636,control,333.82,1,48.51,0
32637,treatment,44.62,0,0.0,0
32638,treatment,0.0,0,0.0,0
32639,control,26.01,0,0.0,0
32640,control,0.0,0,0.0,0
32641,treatment,0.0,0,0.0,0
32642,control,226.94,0,0.0,0
32643,control,0.0,0,0.0,0
32644,control,85.84,0,0.0,0
32645,control,0.0,0,0.0,0
32646,treatment,129.99,1,106.92,0
32647,control,0.0,0,0.0,0
32648,treatment,252.41,0,0.0,0
32649,treatment,0.0,0,0.0,0
32650,control,52.06,0,0.0,0
32651,treatment,49.84,0,0.0,0
32652,control,0.0,0,0.0,0
32653,treatment,0.0,0,0.0,0
32654,treatment,61.91,0,0.0,0
32655,treatment,48.69,1,61.29,0
32656,treatment,196.34,0,0.0,0
32657,treatment,0.0,1,212.63,0
32658,control,0.0,0,0.0,0
32659,treatment,54.37,1,40.4,0
32660,control,0.0,0,0.0,0
32661,treatment,0.0,0,0.0,0
32662,treatment,0.0,0,0.0,0
32663,treatment,67.19,0,0.0,0
32664,treatment,0.0,0,0.0,0
32665,control,66.76,1,28.82,0
32666,treatment,0.0,0,0.0,0
32667,control,0.0,0,0.0,0
32668,control,0.0,0,0.0,0
32670,control,0.0,0,0.0,0
32671,treatment,24.85,0,0.0,0
32672,treatment,43.75,0,0.0,0
32673,treatment,0.0,0,0.0,0
32674,control,0.0,0,0.0,0
32675,treatment,206.69,0,0.0,0
32676,control,34.76,0,0.0,0
32677,control,156.15,0,0.0,0
32678,treatment,433.66,0,0.0,0
32679,treatment,21.51,0,0.0,0
32680,treatment,0.0,0,0.0,0
32681,treatment,0.0,0,0.0,0
32682,control,0.0,0,0.0,0
32683,control,39.46,0,0.0,0
32684,control,73.85,0,0.0,0
32685,control,242.14,0,0.0,0
32686,control,0.0,0,0.0,0
32687,control,226.14,0,0.0,0
32688,control,0.0,0,0.0,0
32689,treatment,37.28,1,53.79,0
32690,treatment,45.15,0,0.0,0
32691,control,0.0,1,69.66,0
32692,treatment,612.0,0,0.0,0
32693,control,103.32,1,70.83,0
32694,treatment,51.47,0,0.0,0
32695,control,0.0,0,0.0,0
32696,control,0.0,1,31.23,0
32697,treatment,227.14,0,0.0,0
32698,control,91.27,0,0.0,0
32699,control,0.0,0,0.0,0
32700,treatment,299.72,0,0.0,0
32701,control,0.0,0,0.0,0
32702,treatment,0.0,0,0.0,0
32703,treatment,42.34,0,0.0,0
32704,treatment,189.94,0,0.0,0
32705,treatment,96.74,0,0.0,0
32706,control,31.74,0,0.0,0
32707,control,0.0,0,0.0,0
32708,treatment,0.0,0,0.0,0
32709,treatment,135.87,0,0.0,0
32710,treatment,155.93,0,0.0,0
32711,treatment,18.16,0,0.0,0
32712,treatment,0.0,0,0.0,0
32713,treatment,114.59,0,0.0,0
32714,control,163.5,0,0.0,0
32715,control,28.18,0,0.0,0
32716,treatment,0.0,1,35.53,0
32717,control,114.36,0,0.0,0
32718,treatment,0.0,0,0.0,0
32719,control,58.31,0,0.0,0
32720,control,299.39,1,50.38,0
32721,treatment,0.0,0,0.0,0
32722,treatment,115.22,0,0.0,0
32723,control,0.0,1,50.67,0
32724,treatment,0.0,0,0.0,0
32725,control,73.73,0,0.0,0
32726,control,0.0,0,0.0,0
32727,control,193.59,0,0.0,0
32728,treatment,99.01,0,0.0,0
32729,treatment,17.82,0,0.0,0
32730,treatment,0.0,0,0.0,0
32731,control,97.74,0,0.0,0
32732,control,0.0,0,0.0,0
32733,control,59.71,1,75.48,0
32734,control,0.0,0,0.0,0
32735,treatment,52.76,0,0.0,0
32736,treatment,0.0,0,0.0,0
32737,control,23.52,0,0.0,0
32738,control,0.0,0,0.0,0
32739,treatment,68.83,0,0.0,0
32740,treatment,0.0,0,0.0,0
32741,treatment,108.58,0,0.0,0
32742,treatment,234.82,0,0.0,0
32743,treatment,131.32,0,0.0,0
32744,treatment,54.16,0,0.0,0
32745,control,123.09,0,0.0,0
32746,control,67.97,0,0.0,0
32747,control,0.0,0,0.0,0
32748,control,0.0,0,0.0,0
32749,treatment,0.0,0,0.0,0
32750,treatment,0.0,0,0.0,0
32751,control,0.0,0,0.0,0
32752,control,139.83,1,53.56,0
32753,treatment,62.78,0,0.0,0
32754,treatment,58.41,0,0.0,0
32755,treatment,0.0,0,0.0,0
32756,control,52.1,0,0.0,0
32757,control,1159.63,1,73.97,0
32758,treatment,0.0,0,0.0,0
32759,treatment,16.22,0,0.0,0
32760,control,55.17,1,29.22,0
32761,control,35.23,0,0.0,0
32762,control,239.66,0,0.0,0
32763,treatment,184.89,1,57.06,0
32764,control,43.17,0,0.0,0
32765,treatment,0.0,0,0.0,0
32766,control,352.65,0,0.0,0
32767,treatment,48.37,0,0.0,0
32768,treatment,398.47,0,0.0,0
32769,control,0.0,0,0.0,0
32770,control,0.0,0,0.0,0
32771,treatment,0.0,0,0.0,0
32772,treatment,0.0,0,0.0,0
32773,treatment,31.9,0,0.0,0
32774,treatment,0.0,0,0.0,0
32775,control,327.38,0,0.0,0
32776,treatment,48.85,0,0.0,0
32777,control,0.0,0,0.0,0
32778,treatment,135.09,0,0.0,0
32779,treatment,0.0,0,0.0,0
32780,control,44.75,1,49.4,0
32781,control,0.0,0,0.0,0
32782,treatment,0.0,0,0.0,0
32783,control,0.0,0,0.0,0
32784,control,0.0,0,0.0,0
32785,treatment,0.0,0,0.0,0
32786,treatment,0.0,0,0.0,0
32787,treatment,0.0,0,0.0,0
32788,control,0.0,0,0.0,0
32789,control,121.37,0,0.0,0
32790,control,77.1,0,0.0,0
32791,control,0.0,0,0.0,0
32792,treatment,40.03,0,0.0,0
32793,treatment,43.5,0,0.0,0
32794,control,79.54,0,0.0,0
32795,treatment,57.03,1,89.0,0
32796,control,289.28,0,0.0,0
32797,control,110.75,0,0.0,0
32798,treatment,0.0,0,0.0,0
32799,control,55.98,0,0.0,0
32800,control,44.74,0,0.0,0
32801,control,0.0,0,0.0,0
32802,control,0.0,0,0.0,0
32804,control,640.33,0,0.0,0
32805,treatment,0.0,1,83.27,0
32806,treatment,0.0,1,38.22,0
32807,control,45.33,0,0.0,0
32808,treatment,174.17,1,93.85,0
32809,treatment,0.0,0,0.0,0
32810,control,0.0,0,0.0,0
32811,treatment,80.45,0,0.0,0
32812,treatment,40.59,0,0.0,0
32813,treatment,0.0,0,0.0,0
32814,treatment,161.55,0,0.0,0
32815,control,0.0,0,0.0,0
32816,treatment,57.08,0,0.0,0
32817,control,0.0,0,0.0,0
32818,control,31.65,0,0.0,0
32819,control,59.13,1,42.29,0
32820,control,61.83,0,0.0,0
32821,control,0.0,0,0.0,0
32822,control,71.98,0,0.0,0
32823,treatment,0.0,0,0.0,0
32824,control,0.0,0,0.0,0
32825,control,326.81,0,0.0,0
32826,treatment,0.0,0,0.0,0
32827,control,210.41,0,0.0,0
32828,control,151.1,0,0.0,0
32829,treatment,1031.78,0,0.0,0
32830,treatment,0.0,0,0.0,0
32831,treatment,64.58,0,0.0,0
32832,treatment,127.67,1,76.33,0
32833,control,0.0,0,0.0,0
32834,treatment,72.87,0,0.0,0
32835,treatment,0.0,0,0.0,0
32836,control,30.54,0,0.0,0
32837,control,368.85,0,0.0,0
32838,treatment,0.0,0,0.0,0
32839,control,0.0,0,0.0,0
32840,treatment,78.93,0,0.0,0
32841,treatment,134.24,1,84.86,0
32842,control,49.58,0,0.0,0
32843,control,167.09,0,0.0,0
32845,control,0.0,0,0.0,0
32846,control,0.0,1,44.96,0
32847,control,0.0,0,0.0,0
32848,control,48.38,0,0.0,0
32849,control,0.0,1,18.74,0
32851,treatment,62.91,1,92.95,0
32852,treatment,70.76,0,0.0,0
32853,treatment,0.0,0,0.0,0
32854,treatment,74.23,0,0.0,0
32855,treatment,0.0,0,0.0,0
32856,treatment,65.08,0,0.0,0
32857,control,76.01,0,0.0,0
32858,control,0.0,0,0.0,0
32859,treatment,0.0,0,0.0,0
32860,treatment,0.0,0,0.0,0
32861,control,0.0,0,0.0,0
32862,treatment,67.67,0,0.0,0
32863,treatment,0.0,0,0.0,0
32864,treatment,0.0,0,0.0,0
32865,treatment,42.13,1,72.16,0
32866,treatment,76.16,0,0.0,0
32867,treatment,62.07,0,0.0,0
32868,treatment,36.31,0,0.0,0
32869,treatment,0.0,0,0.0,0
32870,control,84.25,0,0.0,0
32871,control,0.0,1,26.69,0
32872,control,213.0,0,0.0,0
32873,control,0.0,0,0.0,0
32874,treatment,156.61,1,152.57,0
32875,control,55.36,0,0.0,0
32876,treatment,169.98,1,36.6,0
32877,treatment,0.0,0,0.0,0
32878,control,156.33,0,0.0,0
32879,treatment,153.21,0,0.0,0
32880,control,0.0,0,0.0,0
32881,treatment,0.0,0,0.0,0
32882,treatment,97.6,0,0.0,0
32883,control,18.95,0,0.0,0
32884,control,0.0,0,0.0,0
32885,treatment,0.0,0,0.0,0
32886,treatment,69.77,0,0.0,0
32887,treatment,0.0,0,0.0,0
32888,treatment,0.0,0,0.0,0
32889,treatment,0.0,0,0.0,0
32890,treatment,21.77,0,0.0,0
32891,control,0.0,0,0.0,0
32892,treatment,43.75,0,0.0,0
32893,control,56.41,0,0.0,0
32894,treatment,0.0,0,0.0,0
32895,treatment,0.0,0,0.0,0
32896,control,85.6,0,0.0,0
32897,treatment,0.0,0,0.0,0
32899,treatment,0.0,0,0.0,0
32900,treatment,0.0,0,0.0,0
32901,control,0.0,0,0.0,0
32902,control,0.0,0,0.0,0
32903,treatment,0.0,0,0.0,0
32904,control,0.0,0,0.0,0
32905,control,0.0,0,0.0,0
32906,treatment,23.31,0,0.0,0
32907,control,39.8,0,0.0,0
32908,control,0.0,0,0.0,0
32909,treatment,0.0,0,0.0,0
32910,treatment,0.0,0,0.0,0
32911,treatment,0.0,0,0.0,0
32912,control,121.22,0,0.0,0
32913,treatment,0.0,1,26.69,0
32914,treatment,0.0,0,0.0,0
32915,treatment,0.0,0,0.0,0
32916,control,64.07,0,0.0,0
32917,control,42.7,0,0.0,0
32919,control,62.52,0,0.0,0
32920,control,0.0,0,0.0,0
32922,control,0.0,0,0.0,0
32923,control,0.0,1,66.54,0
32924,control,101.86,0,0.0,0
32925,treatment,0.0,0,0.0,0
32926,treatment,334.88,0,0.0,0
32927,control,34.52,0,0.0,0
32928,treatment,0.0,0,0.0,0
32929,control,357.47,0,0.0,0
32930,control,99.61,0,0.0,0
32931,control,41.91,0,0.0,0
32932,control,44.81,0,0.0,0
32933,control,76.31,0,0.0,0
32934,control,0.0,0,0.0,0
32935,control,115.66,0,0.0,0
32936,control,0.0,0,0.0,0
32937,control,73.94,0,0.0,0
32938,treatment,365.24,0,0.0,0
32939,control,147.66,1,19.08,0
32940,control,100.13,0,0.0,0
32941,control,0.0,0,0.0,0
32942,treatment,829.41,0,0.0,0
32943,control,183.52,0,0.0,0
32944,control,175.6,1,53.6,0
32945,control,0.0,0,0.0,0
32946,treatment,34.65,0,0.0,0
32947,treatment,48.23,0,0.0,0
32948,treatment,0.0,1,93.56,0
32949,treatment,129.98,0,0.0,0
32950,control,55.0,1,61.72,0
32951,control,0.0,0,0.0,0
32952,treatment,0.0,0,0.0,0
32953,control,0.0,0,0.0,0
32954,control,0.0,0,0.0,0
32956,control,133.42,1,68.45,0
32957,treatment,93.73,0,0.0,0
32958,control,85.92,0,0.0,0
32959,control,202.43,0,0.0,0
32960,control,0.0,0,0.0,0
32961,control,0.0,1,19.59,0
32962,treatment,55.99,0,0.0,0
32963,control,0.0,0,0.0,0
32964,treatment,89.15,0,0.0,0
32965,treatment,0.0,0,0.0,0
32966,control,50.61,0,0.0,0
32967,treatment,109.41,0,0.0,0
32968,control,39.14,0,0.0,0
32969,control,128.92,0,0.0,0
32970,treatment,33.39,1,110.56,0
32971,control,39.23,0,0.0,0
32972,control,50.21,0,0.0,0
32973,treatment,30.01,0,0.0,0
32974,treatment,60.15,0,0.0,0
32975,treatment,0.0,1,61.02,0
32976,control,52.39,0,0.0,0
32977,treatment,179.94,1,25.16,0
32978,treatment,45.29,0,0.0,0
32979,control,227.46,0,0.0,0
32980,control,0.0,0,0.0,0
32981,control,0.0,0,0.0,0
32982,control,113.97,0,0.0,0
32983,control,0.0,0,0.0,0
32984,treatment,0.0,0,0.0,0
32985,control,0.0,0,0.0,0
32986,control,0.0,0,0.0,0
32987,control,0.0,0,0.0,0
32988,treatment,0.0,0,0.0,0
32989,treatment,0.0,0,0.0,0
32990,treatment,0.0,0,0.0,0
32991,control,0.0,0,0.0,0
32992,treatment,25.12,0,0.0,0
32993,control,0.0,0,0.0,0
32994,control,0.0,0,0.0,0
32995,control,0.0,0,0.0,0
32996,control,284.36,1,84.12,0
32997,control,0.0,0,0.0,0
32998,control,0.0,0,0.0,0
32999,control,75.47,0,0.0,0
33000,control,24.4,0,0.0,0
33001,treatment,45.64,0,0.0,0
33002,treatment,0.0,0,0.0,0
33003,control,0.0,0,0.0,0
33004,treatment,0.0,0,0.0,0
33005,control,0.0,0,0.0,0
33006,control,0.0,0,0.0,0
33007,treatment,110.82,0,0.0,0
33008,treatment,67.12,0,0.0,0
33009,treatment,0.0,0,0.0,0
33010,control,622.71,0,0.0,0
33011,treatment,187.02,0,0.0,0
33012,control,133.01,0,0.0,0
33013,control,0.0,0,0.0,0
33014,treatment,0.0,0,0.0,0
33015,treatment,0.0,0,0.0,0
33016,control,0.0,0,0.0,0
33017,treatment,90.97,0,0.0,0
33018,control,0.0,0,0.0,0
33019,control,55.53,0,0.0,0
33020,control,146.12,0,0.0,0
33021,control,0.0,0,0.0,0
33022,control,0.0,0,0.0,0
33023,treatment,80.18,0,0.0,0
33024,control,0.0,0,0.0,0
33025,control,50.53,0,0.0,0
33026,control,39.86,0,0.0,0
33027,control,97.27,0,0.0,0
33028,treatment,0.0,0,0.0,0
33029,control,0.0,0,0.0,0
33030,control,52.95,0,0.0,0
33031,control,0.0,0,0.0,0
33032,control,106.55,0,0.0,0
33033,treatment,0.0,0,0.0,0
33034,control,359.0,0,0.0,0
33035,control,0.0,0,0.0,0
33036,treatment,0.0,0,0.0,0
33037,treatment,93.08,0,0.0,0
33038,control,0.0,0,0.0,0
33039,treatment,189.16,1,225.29,0
33040,control,40.22,0,0.0,0
33041,treatment,568.93,1,319.05,0
33042,treatment,314.59,0,0.0,0
33043,treatment,530.02,0,0.0,0
33044,treatment,0.0,0,0.0,0
33045,control,0.0,0,0.0,0
33046,treatment,39.13,0,0.0,0
33047,treatment,37.16,0,0.0,0
33048,treatment,0.0,0,0.0,0
33049,control,0.0,0,0.0,0
33050,control,0.0,0,0.0,0
33051,control,0.0,0,0.0,0
33052,treatment,60.84,0,0.0,0
33053,treatment,62.26,0,0.0,0
33054,control,0.0,0,0.0,0
33055,control,89.1,0,0.0,0
33056,control,182.64,1,71.46,0
33058,control,276.23,0,0.0,0
33059,control,0.0,0,0.0,0
33060,control,0.0,0,0.0,0
33061,treatment,90.27,0,0.0,0
33062,treatment,38.45,0,0.0,0
33063,treatment,42.1,0,0.0,0
33064,control,50.9,1,69.57,1
33065,treatment,331.65,0,0.0,0
33066,treatment,119.96,0,0.0,0
33067,control,53.48,0,0.0,0
33068,treatment,81.67,0,0.0,0
33069,control,153.9,0,0.0,0
33070,treatment,98.92,0,0.0,0
33071,control,0.0,0,0.0,0
33072,control,0.0,1,36.17,0
33073,treatment,0.0,0,0.0,0
33074,control,0.0,0,0.0,0
33075,treatment,334.72,1,97.87,0
33076,treatment,58.75,1,13.17,0
33077,treatment,105.03,0,0.0,0
33078,control,60.12,0,0.0,0
33080,treatment,85.16,0,0.0,0
33081,control,0.0,0,0.0,0
33082,treatment,73.27,1,34.02,0
33083,control,0.0,1,50.63,0
33084,control,0.0,0,0.0,0
33085,treatment,0.0,0,0.0,0
33086,control,0.0,0,0.0,0
33087,treatment,0.0,0,0.0,0
33088,control,44.03,0,0.0,0
33089,control,0.0,0,0.0,0
33090,treatment,76.0,0,0.0,0
33091,treatment,0.0,0,0.0,0
33092,control,0.0,0,0.0,0
33093,treatment,41.59,1,45.87,0
33094,control,0.0,0,0.0,0
33095,control,0.0,0,0.0,0
33096,treatment,0.0,0,0.0,0
33097,control,39.42,1,37.65,0
33098,control,54.18,1,21.76,0
33099,control,99.83,0,0.0,0
33100,control,118.57,0,0.0,0
33101,control,0.0,0,0.0,0
33102,control,154.25,0,0.0,0
33103,control,65.75,1,66.25,0
33104,treatment,227.13,0,0.0,0
33105,control,0.0,0,0.0,0
33106,treatment,63.67,0,0.0,0
33107,control,0.0,0,0.0,0
33108,control,0.0,0,0.0,0
33109,treatment,69.18,0,0.0,0
33110,treatment,0.0,0,0.0,0
33112,treatment,130.6,1,141.86,0
33113,treatment,516.67,0,0.0,0
33114,control,0.0,0,0.0,0
33115,treatment,0.0,0,0.0,0
33116,control,111.16,1,82.64,0
33117,treatment,0.0,0,0.0,0
33118,treatment,0.0,0,0.0,0
33119,treatment,0.0,0,0.0,0
33120,control,287.76,0,0.0,0
33121,control,0.0,0,0.0,0
33122,treatment,108.3,0,0.0,0
33123,treatment,53.7,0,0.0,0
33124,control,38.98,0,0.0,0
33125,control,39.29,0,0.0,0
33126,treatment,0.0,0,0.0,0
33127,treatment,0.0,0,0.0,0
33128,control,45.14,0,0.0,0
33129,treatment,0.0,0,0.0,0
33130,control,0.0,0,0.0,0
33131,control,31.06,0,0.0,0
33132,control,0.0,0,0.0,0
33133,control,86.22,0,0.0,0
33134,control,0.0,0,0.0,0
33135,control,257.89,1,41.75,0
33136,treatment,122.17,0,0.0,0
33137,treatment,0.0,0,0.0,0
33138,control,30.96,0,0.0,0
33139,control,0.0,0,0.0,0
33140,control,27.26,0,0.0,0
33141,control,862.58,1,78.13,0
33142,control,220.94,0,0.0,0
33143,treatment,78.69,0,0.0,0
33144,control,126.41,0,0.0,0
33145,treatment,22.68,0,0.0,0
33146,control,251.78,0,0.0,0
33147,treatment,61.18,0,0.0,0
33148,control,0.0,1,80.35,0
33149,control,0.0,0,0.0,0
33150,control,0.0,0,0.0,0
33151,treatment,80.56,0,0.0,0
33152,control,0.0,1,62.11,0
33153,treatment,0.0,0,0.0,0
33154,treatment,42.08,0,0.0,0
33155,control,0.0,1,29.43,0
33156,control,118.49,0,0.0,0
33157,control,72.1,0,0.0,0
33158,treatment,136.8,0,0.0,0
33159,control,0.0,0,0.0,0
33160,control,58.04,0,0.0,0
33161,control,384.2,1,68.82,0
33162,treatment,54.99,0,0.0,0
33163,treatment,85.18,0,0.0,0
33164,treatment,0.0,0,0.0,0
33165,treatment,81.21,0,0.0,0
33166,control,151.2,0,0.0,0
33167,treatment,54.65,0,0.0,0
33168,treatment,17.83,0,0.0,0
33170,treatment,46.17,0,0.0,0
33171,control,0.0,0,0.0,0
33172,treatment,0.0,0,0.0,0
33173,control,52.74,0,0.0,0
33174,control,208.33,0,0.0,0
33175,treatment,0.0,0,0.0,0
33176,treatment,36.93,0,0.0,0
33177,control,0.0,0,0.0,0
33178,treatment,0.0,0,0.0,0
33179,control,0.0,0,0.0,0
33180,treatment,150.81,0,0.0,0
33181,control,0.0,0,0.0,0
33182,treatment,0.0,1,33.78,0
33183,treatment,0.0,0,0.0,0
33184,treatment,0.0,0,0.0,0
33185,control,62.46,0,0.0,0
33186,control,0.0,0,0.0,0
33187,control,0.0,0,0.0,0
33188,treatment,0.0,1,82.11,0
33189,control,118.3,1,39.68,0
33190,control,53.2,0,0.0,0
33191,treatment,52.81,1,72.13,0
33192,treatment,0.0,0,0.0,0
33193,control,0.0,0,0.0,0
33194,treatment,131.84,0,0.0,0
33195,treatment,0.0,0,0.0,0
33196,treatment,0.0,0,0.0,0
33197,control,96.18,0,0.0,0
33198,control,38.48,0,0.0,0
33199,treatment,44.81,0,0.0,0
33200,treatment,0.0,0,0.0,0
33202,treatment,56.41,0,0.0,0
33203,treatment,212.43,0,0.0,0
33204,treatment,0.0,0,0.0,0
33205,control,0.0,0,0.0,0
33206,treatment,78.29,1,95.84,0
33207,control,44.27,1,87.79,0
33209,control,42.8,0,0.0,0
33210,control,0.0,1,43.91,0
33211,control,0.0,0,0.0,0
33212,control,0.0,0,0.0,0
33213,treatment,0.0,0,0.0,0
33214,control,104.31,0,0.0,0
33215,treatment,69.49,0,0.0,0
33216,treatment,0.0,0,0.0,0
33217,control,0.0,0,0.0,0
33218,treatment,0.0,0,0.0,0
33219,treatment,144.67,0,0.0,0
33220,treatment,45.67,0,0.0,0
33221,control,0.0,0,0.0,0
33222,control,0.0,1,50.02,0
33223,control,157.58,0,0.0,0
33224,treatment,0.0,0,0.0,0
33225,treatment,35.22,0,0.0,0
33227,control,0.0,0,0.0,0
33228,control,0.0,0,0.0,0
33229,control,0.0,0,0.0,0
33230,treatment,0.0,0,0.0,0
33231,treatment,20.17,0,0.0,0
33232,treatment,0.0,0,0.0,0
33233,treatment,0.0,0,0.0,0
33234,treatment,22.96,0,0.0,0
33235,treatment,119.22,0,0.0,0
33236,control,0.0,0,0.0,0
33237,control,57.29,1,40.94,0
33238,treatment,415.75,1,115.71,0
33239,treatment,0.0,0,0.0,0
33240,treatment,0.0,0,0.0,0
33242,control,36.42,0,0.0,0
33243,control,0.0,0,0.0,0
33244,control,203.48,0,0.0,0
33245,treatment,577.08,0,0.0,0
33246,control,70.64,0,0.0,0
33247,treatment,0.0,1,52.14,0
33248,treatment,74.1,0,0.0,0
33249,treatment,722.37,0,0.0,0
33250,control,179.27,1,28.89,0
33251,treatment,536.15,0,0.0,0
33252,control,0.0,0,0.0,0
33253,control,51.78,0,0.0,0
33254,treatment,0.0,0,0.0,0
33255,control,50.58,0,0.0,0
33256,control,0.0,0,0.0,0
33257,treatment,80.18,0,0.0,0
33258,treatment,71.76,0,0.0,0
33259,control,52.06,0,0.0,0
33260,treatment,0.0,0,0.0,0
33261,treatment,0.0,0,0.0,0
33262,treatment,589.3,1,109.85,0
33263,treatment,30.85,0,0.0,0
33264,control,0.0,0,0.0,0
33265,treatment,43.93,0,0.0,0
33266,control,112.83,0,0.0,0
33267,treatment,26.76,0,0.0,0
33268,treatment,0.0,1,23.15,0
33269,treatment,0.0,0,0.0,0
33270,treatment,19.02,0,0.0,0
33271,treatment,49.89,0,0.0,0
33272,control,0.0,0,0.0,0
33273,treatment,0.0,0,0.0,0
33274,control,0.0,0,0.0,0
33275,control,0.0,0,0.0,0
33276,treatment,105.34,0,0.0,0
33277,control,0.0,1,100.63,0
33278,treatment,0.0,0,0.0,0
33279,control,42.67,0,0.0,0
33280,treatment,18.69,0,0.0,0
33281,treatment,0.0,0,0.0,0
33282,control,88.45,0,0.0,0
33283,treatment,0.0,1,46.63,0
33284,control,79.35,0,0.0,0
33285,control,0.0,0,0.0,0
33286,control,64.03,0,0.0,0
33287,control,0.0,0,0.0,0
33288,treatment,0.0,0,0.0,0
33289,treatment,0.0,0,0.0,0
33290,control,16.38,0,0.0,0
33291,treatment,39.13,0,0.0,0
33292,treatment,0.0,0,0.0,0
33293,treatment,0.0,0,0.0,0
33294,control,56.3,0,0.0,0
33295,treatment,68.6,0,0.0,0
33296,treatment,0.0,0,0.0,0
33297,treatment,42.26,0,0.0,0
33298,control,0.0,0,0.0,0
33299,control,348.55,0,0.0,0
33300,control,74.08,0,0.0,0
33301,control,25.12,0,0.0,0
33302,control,21.38,0,0.0,0
33303,treatment,48.51,0,0.0,0
33304,treatment,32.87,0,0.0,0
33305,treatment,0.0,0,0.0,0
33306,control,0.0,0,0.0,0
33307,treatment,0.0,0,0.0,0
33308,treatment,0.0,0,0.0,0
33309,control,52.19,0,0.0,0
33310,control,0.0,1,72.45,0
33311,treatment,84.96,0,0.0,0
33312,treatment,0.0,0,0.0,0
33313,treatment,65.67,0,0.0,0
33314,treatment,158.48,1,181.9,0
33315,treatment,137.06,0,0.0,0
33316,control,0.0,0,0.0,0
33317,treatment,44.47,0,0.0,0
33318,treatment,45.0,0,0.0,0
33319,control,337.25,0,0.0,0
33320,treatment,99.14,0,0.0,0
33321,treatment,0.0,0,0.0,0
33322,control,336.54,1,53.0,0
33323,control,0.0,0,0.0,0
33324,treatment,82.06,0,0.0,0
33325,control,0.0,0,0.0,0
33326,control,87.91,0,0.0,0
33327,treatment,0.0,0,0.0,0
33328,control,0.0,0,0.0,0
33329,treatment,0.0,0,0.0,0
33331,treatment,235.52,0,0.0,0
33332,control,0.0,1,31.63,1
33333,treatment,71.35,0,0.0,0
33334,treatment,301.65,1,42.72,0
33335,treatment,0.0,0,0.0,0
33336,control,0.0,0,0.0,0
33337,treatment,31.1,0,0.0,0
33338,control,437.36,0,0.0,0
33339,control,0.0,0,0.0,0
33340,treatment,0.0,0,0.0,0
33341,treatment,0.0,0,0.0,0
33342,treatment,109.06,0,0.0,0
33343,control,0.0,0,0.0,0
33344,treatment,98.87,0,0.0,0
33345,control,0.0,0,0.0,0
33346,control,0.0,0,0.0,0
33347,treatment,0.0,1,67.38,0
33348,control,0.0,0,0.0,0
33349,treatment,41.02,0,0.0,0
33350,control,115.83,0,0.0,0
33351,control,233.87,0,0.0,0
33352,control,42.94,0,0.0,0
33353,control,0.0,0,0.0,0
33355,control,0.0,0,0.0,0
33356,control,27.22,0,0.0,0
33357,treatment,151.13,0,0.0,0
33358,control,35.17,0,0.0,0
33359,treatment,0.0,0,0.0,0
33360,treatment,0.0,0,0.0,0
33361,control,0.0,0,0.0,0
33362,control,617.02,0,0.0,0
33363,treatment,41.31,1,94.14,0
33364,treatment,20.14,0,0.0,0
33365,control,51.35,0,0.0,0
33366,treatment,51.82,0,0.0,0
33367,control,218.55,0,0.0,0
33368,control,36.0,0,0.0,0
33369,control,73.87,0,0.0,0
33370,treatment,0.0,0,0.0,0
33371,control,579.94,1,160.3,0
33372,treatment,0.0,0,0.0,0
33373,control,161.42,0,0.0,0
33374,treatment,50.36,0,0.0,0
33375,control,0.0,0,0.0,0
33376,control,35.89,0,0.0,0
33377,treatment,416.29,0,0.0,0
33378,control,128.12,0,0.0,0
33379,control,230.8,0,0.0,0
33381,treatment,46.32,0,0.0,0
33382,treatment,249.44,0,0.0,0
33383,treatment,0.0,0,0.0,0
33384,control,51.12,0,0.0,0
33385,control,32.36,0,0.0,0
33386,treatment,158.25,0,0.0,0
33387,treatment,76.75,1,169.64,0
33388,control,0.0,1,68.73,0
33389,treatment,0.0,0,0.0,0
33390,treatment,0.0,0,0.0,0
33391,treatment,65.76,0,0.0,0
33392,control,0.0,0,0.0,0
33393,control,0.0,0,0.0,0
33394,control,0.0,0,0.0,0
33395,treatment,0.0,0,0.0,0
33396,control,0.0,0,0.0,0
33397,control,0.0,0,0.0,0
33398,control,35.07,0,0.0,0
33399,control,0.0,0,0.0,0
33400,control,362.84,0,0.0,0
33401,control,64.8,0,0.0,0
33402,control,0.0,0,0.0,0
33403,control,0.0,0,0.0,0
33404,treatment,103.91,1,36.79,0
33405,control,0.0,0,0.0,0
33406,treatment,44.99,1,62.08,0
33407,treatment,272.95,1,113.96,0
33408,control,0.0,0,0.0,0
33409,control,0.0,0,0.0,0
33410,control,48.4,0,0.0,0
33411,treatment,0.0,0,0.0,0
33412,treatment,0.0,0,0.0,0
33413,treatment,24.97,0,0.0,0
33414,control,0.0,0,0.0,0
33415,control,68.04,0,0.0,0
33416,treatment,28.12,0,0.0,0
33417,control,0.0,0,0.0,0
33418,control,187.33,0,0.0,0
33419,treatment,0.0,0,0.0,0
33420,treatment,44.76,0,0.0,0
33421,treatment,0.0,0,0.0,0
33422,control,87.1,0,0.0,0
33423,treatment,80.37,0,0.0,0
33424,treatment,0.0,0,0.0,0
33425,control,0.0,0,0.0,0
33426,control,0.0,0,0.0,0
33427,treatment,0.0,0,0.0,0
33428,control,0.0,0,0.0,0
33429,treatment,0.0,0,0.0,0
33430,treatment,0.0,0,0.0,0
33431,treatment,0.0,0,0.0,0
33432,control,0.0,0,0.0,0
33433,control,70.17,0,0.0,0
33434,control,0.0,0,0.0,0
33435,treatment,0.0,1,39.1,0
33436,treatment,30.12,1,57.99,0
33437,control,0.0,0,0.0,0
33438,control,24.66,0,0.0,0
33439,treatment,29.3,0,0.0,0
33440,control,122.07,0,0.0,0
33441,control,58.24,0,0.0,0
33442,treatment,37.86,1,96.52,0
33443,control,0.0,0,0.0,0
33444,treatment,0.0,0,0.0,0
33445,treatment,0.0,0,0.0,0
33446,treatment,18.84,0,0.0,0
33447,control,0.0,0,0.0,0
33448,control,0.0,0,0.0,0
33449,treatment,93.75,1,58.48,0
33450,control,0.0,0,0.0,0
33451,control,162.73,0,0.0,0
33452,control,0.0,0,0.0,0
33453,control,78.0,0,0.0,0
33454,control,0.0,0,0.0,0
33455,treatment,0.0,0,0.0,0
33456,treatment,92.3,0,0.0,0
33457,control,26.37,1,21.34,0
33458,control,0.0,0,0.0,0
33459,control,0.0,0,0.0,0
33460,control,0.0,0,0.0,0
33461,treatment,50.91,0,0.0,0
33462,treatment,453.87,1,144.36,0
33463,treatment,387.48,0,0.0,0
33464,control,30.46,0,0.0,0
33465,treatment,43.48,0,0.0,0
33466,treatment,99.91,0,0.0,0
33467,treatment,0.0,0,0.0,0
33468,treatment,184.17,0,0.0,0
33469,control,87.29,1,94.29,0
33470,treatment,0.0,0,0.0,0
33471,treatment,0.0,0,0.0,0
33472,treatment,45.25,0,0.0,0
33473,control,109.73,0,0.0,0
33474,control,0.0,1,30.64,0
33475,treatment,46.05,0,0.0,0
33476,control,84.11,0,0.0,0
33477,treatment,0.0,1,87.25,0
33478,control,0.0,0,0.0,0
33479,treatment,0.0,0,0.0,0
33480,treatment,44.45,0,0.0,0
33481,control,0.0,0,0.0,0
33482,treatment,0.0,0,0.0,0
33483,treatment,145.36,0,0.0,0
33484,treatment,0.0,0,0.0,0
33485,treatment,0.0,0,0.0,0
33486,control,60.32,0,0.0,0
33487,treatment,0.0,0,0.0,0
33488,control,0.0,0,0.0,0
33489,treatment,307.76,1,182.69,0
33490,control,94.61,0,0.0,0
33491,treatment,0.0,0,0.0,0
33492,control,74.65,1,55.1,0
33493,control,61.47,0,0.0,0
33494,control,99.43,0,0.0,0
33496,treatment,0.0,0,0.0,0
33497,treatment,111.61,0,0.0,0
33498,control,33.62,0,0.0,0
33499,control,391.48,1,58.49,0
33500,control,70.34,0,0.0,0
33501,treatment,56.16,0,0.0,0
33502,treatment,35.22,0,0.0,0
33503,treatment,383.5,0,0.0,0
33504,control,289.55,0,0.0,0
33505,treatment,114.2,0,0.0,0
33506,control,0.0,0,0.0,0
33507,treatment,60.48,0,0.0,0
33508,treatment,0.0,1,42.43,0
33509,control,0.0,0,0.0,0
33510,treatment,31.19,0,0.0,0
33511,treatment,0.0,0,0.0,0
33512,control,229.97,0,0.0,0
33513,treatment,29.35,0,0.0,0
33514,treatment,0.0,0,0.0,0
33515,control,179.47,0,0.0,0
33516,treatment,0.0,0,0.0,0
33517,control,33.29,0,0.0,0
33518,treatment,76.71,0,0.0,0
33519,control,44.98,0,0.0,0
33520,control,45.82,1,34.96,0
33521,treatment,87.74,0,0.0,0
33522,treatment,0.0,0,0.0,0
33523,treatment,0.0,0,0.0,0
33524,treatment,236.6,0,0.0,0
33525,treatment,21.3,0,0.0,0
33526,control,0.0,0,0.0,0
33527,control,0.0,0,0.0,0
33528,control,0.0,0,0.0,0
33529,treatment,37.69,0,0.0,0
33530,control,52.37,0,0.0,0
33531,control,44.93,0,0.0,0
33533,treatment,77.26,0,0.0,0
33534,treatment,85.45,0,0.0,0
33535,control,46.19,1,35.24,1
33536,control,159.08,0,0.0,0
33537,treatment,0.0,0,0.0,0
33538,control,46.26,0,0.0,0
33539,treatment,83.23,0,0.0,0
33540,control,0.0,0,0.0,0
33541,control,110.44,0,0.0,0
33542,control,0.0,0,0.0,0
33543,treatment,0.0,0,0.0,0
33544,control,103.23,0,0.0,0
33545,treatment,0.0,0,0.0,0
33546,treatment,0.0,0,0.0,0
33547,treatment,0.0,0,0.0,0
33548,control,0.0,0,0.0,0
33549,control,0.0,0,0.0,0
33550,control,61.55,1,40.66,0
33551,treatment,158.38,0,0.0,0
33552,treatment,30.42,0,0.0,0
33553,control,0.0,1,25.34,0
33554,treatment,136.22,1,111.75,0
33555,control,0.0,0,0.0,0
33556,control,0.0,0,0.0,0
33557,treatment,123.01,0,0.0,0
33558,treatment,42.79,0,0.0,0
33559,treatment,0.0,0,0.0,0
33560,treatment,0.0,0,0.0,0
33561,treatment,0.0,0,0.0,0
33562,treatment,49.67,0,0.0,0
33563,control,0.0,0,0.0,0
33564,control,87.36,0,0.0,0
33565,treatment,0.0,0,0.0,0
33566,control,50.38,0,0.0,0
33567,treatment,0.0,0,0.0,0
33568,control,26.92,0,0.0,0
33569,treatment,0.0,0,0.0,0
33570,control,0.0,0,0.0,0
33571,control,263.96,0,0.0,0
33572,treatment,0.0,0,0.0,0
33573,control,101.01,0,0.0,0
33574,control,0.0,0,0.0,0
33575,treatment,0.0,0,0.0,0
33576,control,0.0,0,0.0,0
33577,treatment,0.0,0,0.0,0
33578,treatment,74.03,0,0.0,0
33579,treatment,211.48,1,33.81,0
33580,treatment,0.0,1,30.14,0
33581,control,121.2,0,0.0,0
33582,control,0.0,0,0.0,0
33583,treatment,0.0,0,0.0,0
33584,treatment,25.63,0,0.0,0
33585,control,0.0,0,0.0,0
33586,treatment,0.0,0,0.0,0
33587,control,0.0,0,0.0,0
33588,control,0.0,0,0.0,0
33589,treatment,64.3,0,0.0,0
33590,treatment,0.0,0,0.0,0
33591,control,0.0,0,0.0,0
33592,control,0.0,1,30.55,0
33593,treatment,0.0,0,0.0,0
33594,treatment,0.0,0,0.0,0
33595,control,0.0,0,0.0,0
33596,treatment,0.0,1,42.43,0
33597,treatment,0.0,1,98.61,0
33598,treatment,0.0,0,0.0,0
33599,control,60.89,0,0.0,0
33600,treatment,0.0,0,0.0,0
33601,treatment,134.36,0,0.0,0
33602,treatment,0.0,0,0.0,0
33603,control,0.0,0,0.0,0
33604,control,0.0,0,0.0,0
33605,treatment,0.0,0,0.0,0
33606,control,29.83,0,0.0,0
33607,control,0.0,0,0.0,0
33608,control,78.38,0,0.0,0
33609,control,0.0,0,0.0,0
33610,control,0.0,0,0.0,0
33611,treatment,442.93,1,41.13,0
33612,treatment,125.76,0,0.0,0
33613,control,0.0,0,0.0,0
33614,control,0.0,0,0.0,0
33615,treatment,0.0,0,0.0,0
33616,treatment,0.0,0,0.0,0
33617,treatment,107.49,0,0.0,0
33618,control,0.0,0,0.0,0
33619,treatment,46.3,0,0.0,0
33620,control,45.59,0,0.0,0
33621,control,0.0,0,0.0,0
33622,treatment,91.23,1,64.04,0
33623,control,0.0,0,0.0,0
33624,control,0.0,0,0.0,0
33625,treatment,174.51,0,0.0,0
33626,control,0.0,0,0.0,0
33627,control,0.0,0,0.0,0
33628,treatment,0.0,0,0.0,0
33629,control,0.0,0,0.0,0
33630,treatment,0.0,0,0.0,0
33631,control,121.71,0,0.0,0
33632,control,64.09,0,0.0,0
33633,control,0.0,0,0.0,0
33634,treatment,0.0,0,0.0,0
33635,control,0.0,0,0.0,0
33636,treatment,79.83,1,109.55,0
33637,control,160.21,1,140.69,0
33638,control,0.0,0,0.0,0
33639,treatment,0.0,0,0.0,0
33640,treatment,0.0,0,0.0,0
33641,treatment,0.0,0,0.0,0
33642,control,0.0,0,0.0,0
33643,treatment,0.0,0,0.0,0
33644,control,23.36,0,0.0,0
33645,treatment,30.61,0,0.0,0
33646,treatment,0.0,0,0.0,0
33647,control,143.97,0,0.0,0
33648,treatment,0.0,0,0.0,0
33649,treatment,135.19,0,0.0,0
33650,treatment,0.0,0,0.0,0
33651,treatment,57.26,0,0.0,0
33652,control,66.22,0,0.0,0
33653,control,0.0,0,0.0,0
33654,control,42.38,0,0.0,0
33655,control,71.21,0,0.0,0
33656,treatment,0.0,0,0.0,0
33657,control,0.0,0,0.0,0
33658,control,283.8,0,0.0,0
33659,treatment,0.0,0,0.0,0
33660,control,94.49,1,86.76,0
33662,treatment,0.0,0,0.0,0
33664,control,117.51,1,45.14,0
33665,treatment,262.14,0,0.0,0
33666,control,132.31,0,0.0,0
33667,treatment,123.04,0,0.0,0
33668,treatment,64.98,0,0.0,0
33669,control,68.72,0,0.0,0
33670,treatment,80.49,0,0.0,0
33671,treatment,31.68,0,0.0,0
33672,control,0.0,0,0.0,0
33673,control,0.0,0,0.0,0
33674,control,69.62,0,0.0,0
33675,control,0.0,0,0.0,0
33676,treatment,0.0,0,0.0,0
33677,control,0.0,0,0.0,0
33678,control,101.54,0,0.0,0
33679,control,0.0,0,0.0,0
33680,treatment,0.0,0,0.0,0
33681,control,0.0,0,0.0,0
33682,control,18.15,0,0.0,0
33683,control,64.11,0,0.0,0
33684,control,0.0,0,0.0,0
33685,treatment,0.0,0,0.0,0
33686,treatment,0.0,1,80.18,0
33687,control,191.42,0,0.0,0
33688,control,112.1,0,0.0,0
33689,treatment,0.0,0,0.0,0
33690,control,261.16,1,192.69,0
33691,treatment,0.0,0,0.0,0
33692,treatment,22.21,0,0.0,0
33693,treatment,0.0,0,0.0,0
33694,control,127.52,0,0.0,0
33695,control,0.0,0,0.0,0
33696,treatment,194.1,0,0.0,0
33697,control,77.51,0,0.0,0
33698,control,244.66,0,0.0,0
33699,control,0.0,0,0.0,0
33700,treatment,0.0,0,0.0,0
33701,control,0.0,0,0.0,0
33702,treatment,0.0,0,0.0,0
33703,treatment,84.33,0,0.0,0
33704,treatment,41.07,0,0.0,0
33705,treatment,33.03,0,0.0,0
33706,treatment,74.26,0,0.0,0
33707,treatment,0.0,0,0.0,0
33708,treatment,0.0,0,0.0,0
33709,control,0.0,0,0.0,0
33710,treatment,0.0,0,0.0,0
33711,control,67.36,0,0.0,0
33712,treatment,56.04,0,0.0,0
33713,control,0.0,0,0.0,0
33714,control,37.73,0,0.0,0
33715,control,0.0,0,0.0,0
33716,treatment,139.54,0,0.0,0
33717,control,39.81,1,25.31,0
33718,control,0.0,0,0.0,0
33719,treatment,282.84,1,69.36,0
33720,treatment,0.0,0,0.0,0
33721,treatment,75.66,0,0.0,0
33722,treatment,27.64,0,0.0,0
33723,treatment,78.48,0,0.0,0
33724,control,27.43,0,0.0,0
33725,treatment,0.0,0,0.0,0
33726,treatment,287.68,0,0.0,0
33727,control,0.0,0,0.0,0
33728,control,0.0,0,0.0,0
33729,treatment,0.0,0,0.0,0
33730,treatment,114.39,0,0.0,0
33731,control,0.0,0,0.0,0
33732,treatment,67.62,0,0.0,0
33733,control,183.23,0,0.0,0
33734,control,26.45,0,0.0,0
33735,treatment,29.27,1,29.79,0
33736,treatment,343.33,0,0.0,0
33737,control,132.67,0,0.0,0
33738,control,0.0,0,0.0,0
33739,treatment,0.0,0,0.0,0
33740,control,0.0,0,0.0,0
33741,control,0.0,0,0.0,0
33742,control,0.0,0,0.0,0
33743,treatment,0.0,0,0.0,0
33744,treatment,0.0,0,0.0,0
33745,treatment,0.0,0,0.0,0
33746,control,124.68,0,0.0,0
33747,control,25.9,0,0.0,0
33748,control,153.1,0,0.0,0
33749,control,0.0,0,0.0,0
33750,control,0.0,1,56.92,0
33751,control,0.0,0,0.0,0
33752,treatment,61.21,0,0.0,0
33753,control,59.05,0,0.0,0
33754,treatment,279.66,0,0.0,0
33755,treatment,0.0,0,0.0,0
33757,treatment,0.0,1,28.86,0
33758,control,128.42,0,0.0,0
33759,treatment,0.0,0,0.0,0
33760,control,185.14,0,0.0,0
33761,treatment,24.05,0,0.0,0
33762,control,290.23,1,60.21,0
33763,treatment,0.0,0,0.0,0
33764,control,65.06,1,167.09,0
33765,treatment,0.0,0,0.0,0
33766,control,52.31,0,0.0,0
33767,treatment,139.56,0,0.0,0
33768,control,43.55,0,0.0,0
33769,control,0.0,0,0.0,0
33770,treatment,0.0,0,0.0,0
33771,control,0.0,0,0.0,0
33772,control,54.69,0,0.0,0
33773,control,0.0,0,0.0,0
33774,control,108.27,1,157.28,0
33775,control,0.0,0,0.0,0
33776,treatment,60.97,0,0.0,0
33777,control,43.68,1,47.62,0
33778,control,480.98,0,0.0,0
33779,treatment,0.0,0,0.0,0
33780,control,0.0,0,0.0,0
33781,control,162.88,0,0.0,0
33782,control,0.0,0,0.0,0
33783,treatment,0.0,0,0.0,0
33784,control,0.0,0,0.0,0
33785,control,0.0,0,0.0,0
33786,control,0.0,0,0.0,0
33787,control,0.0,0,0.0,0
33788,treatment,75.05,0,0.0,0
33789,treatment,0.0,1,71.37,1
33790,treatment,0.0,0,0.0,0
33791,control,287.67,0,0.0,0
33792,treatment,233.48,1,81.16,0
33793,treatment,0.0,0,0.0,0
33794,treatment,104.65,0,0.0,0
33795,control,0.0,0,0.0,0
33796,control,104.54,1,60.91,0
33797,control,83.43,0,0.0,0
33798,treatment,73.26,0,0.0,0
33799,control,45.51,0,0.0,0
33801,control,0.0,0,0.0,0
33802,control,35.84,0,0.0,0
33803,treatment,0.0,0,0.0,0
33804,control,0.0,0,0.0,0
33805,treatment,579.82,0,0.0,0
33806,control,104.91,0,0.0,0
33807,treatment,477.89,0,0.0,0
33808,treatment,187.1,0,0.0,0
33809,control,71.61,1,45.23,0
33810,control,0.0,0,0.0,0
33811,control,0.0,0,0.0,0
33812,control,96.38,0,0.0,0
33813,control,0.0,0,0.0,0
33814,treatment,0.0,0,0.0,0
33815,treatment,276.55,1,72.44,0
33816,treatment,400.64,0,0.0,0
33817,treatment,0.0,0,0.0,0
33818,treatment,0.0,0,0.0,0
33819,treatment,0.0,0,0.0,0
33820,treatment,0.0,0,0.0,0
33821,treatment,88.78,0,0.0,0
33822,treatment,0.0,0,0.0,0
33823,control,34.67,0,0.0,0
33824,control,39.08,0,0.0,0
33825,treatment,372.66,0,0.0,0
33826,treatment,57.4,1,107.3,0
33827,treatment,0.0,0,0.0,0
33828,control,56.64,0,0.0,0
33829,treatment,51.14,0,0.0,0
33830,control,0.0,0,0.0,0
33831,treatment,333.42,1,36.44,0
33832,control,59.83,0,0.0,0
33833,control,0.0,0,0.0,0
33834,control,27.2,0,0.0,0
33835,treatment,192.06,1,111.53,0
33836,treatment,63.15,0,0.0,0
33837,treatment,0.0,0,0.0,0
33838,control,31.84,0,0.0,0
33839,control,116.25,0,0.0,0
33840,treatment,0.0,0,0.0,0
33841,treatment,0.0,0,0.0,0
33842,control,0.0,0,0.0,0
33843,treatment,57.69,0,0.0,0
33844,control,0.0,0,0.0,0
33845,treatment,224.39,0,0.0,0
33846,control,74.72,0,0.0,0
33847,treatment,58.08,1,49.03,1
33849,control,193.52,1,60.02,0
33850,control,0.0,0,0.0,0
33852,treatment,0.0,0,0.0,0
33853,control,0.0,0,0.0,0
33854,treatment,39.03,0,0.0,0
33855,treatment,0.0,0,0.0,0
33856,treatment,87.07,0,0.0,0
33857,treatment,209.01,0,0.0,0
33858,treatment,0.0,0,0.0,0
33860,control,58.99,0,0.0,0
33861,treatment,0.0,1,99.89,0
33862,treatment,0.0,0,0.0,0
33863,treatment,0.0,0,0.0,0
33864,treatment,0.0,0,0.0,0
33865,treatment,0.0,0,0.0,0
33866,treatment,0.0,0,0.0,0
33867,control,41.63,0,0.0,0
33868,control,96.01,0,0.0,0
33869,treatment,0.0,0,0.0,0
33870,treatment,0.0,0,0.0,0
33871,control,0.0,0,0.0,0
33872,treatment,0.0,0,0.0,0
33873,control,0.0,0,0.0,0
33874,control,99.68,0,0.0,0
33875,treatment,0.0,0,0.0,0
33876,control,0.0,0,0.0,0
33877,treatment,338.43,1,68.79,0
33878,treatment,55.23,0,0.0,0
33879,control,86.73,0,0.0,0
33880,treatment,0.0,0,0.0,0
33881,control,0.0,0,0.0,0
33882,control,0.0,0,0.0,0
33883,treatment,0.0,1,51.11,0
33884,control,27.76,0,0.0,0
33885,treatment,61.79,0,0.0,0
33886,treatment,0.0,0,0.0,0
33887,treatment,0.0,0,0.0,0
33888,treatment,33.26,0,0.0,0
33889,control,0.0,0,0.0,0
33890,control,52.31,0,0.0,0
33891,treatment,68.0,0,0.0,0
33892,control,0.0,1,81.0,0
33893,control,78.63,0,0.0,0
33894,control,0.0,0,0.0,0
33895,control,41.02,0,0.0,0
33896,control,81.59,0,0.0,0
33897,treatment,311.68,1,59.59,0
33898,control,40.6,0,0.0,0
33899,treatment,0.0,0,0.0,0
33900,treatment,31.92,0,0.0,0
33901,treatment,211.89,0,0.0,0
33902,control,0.0,0,0.0,0
33903,control,95.67,1,91.41,0
33904,treatment,0.0,0,0.0,0
33905,control,0.0,0,0.0,0
33906,control,0.0,0,0.0,0
33907,control,98.52,0,0.0,0
33908,control,0.0,0,0.0,0
33909,control,0.0,0,0.0,0
33910,control,193.75,0,0.0,0
33911,control,105.85,0,0.0,0
33912,control,53.45,0,0.0,0
33913,treatment,516.49,0,0.0,0
33915,control,0.0,0,0.0,0
33916,control,0.0,0,0.0,0
33917,control,43.78,0,0.0,0
33918,treatment,0.0,0,0.0,0
33919,treatment,0.0,0,0.0,0
33920,treatment,556.88,0,0.0,0
33921,control,0.0,0,0.0,0
33922,control,679.84,0,0.0,0
33923,treatment,0.0,0,0.0,0
33924,treatment,0.0,0,0.0,0
33925,treatment,0.0,0,0.0,0
33926,treatment,153.29,0,0.0,0
33927,control,0.0,0,0.0,0
33928,treatment,0.0,0,0.0,0
33929,treatment,0.0,1,64.36,0
33930,control,0.0,0,0.0,0
33931,control,0.0,0,0.0,0
33932,treatment,0.0,0,0.0,0
33933,treatment,89.28,0,0.0,0
33934,control,42.24,0,0.0,0
33935,treatment,165.53,0,0.0,0
33936,control,0.0,0,0.0,0
33937,treatment,0.0,0,0.0,0
33938,treatment,0.0,1,29.23,0
33939,treatment,0.0,0,0.0,0
33940,control,0.0,0,0.0,0
33941,control,21.34,0,0.0,0
33942,control,0.0,0,0.0,0
33943,treatment,0.0,0,0.0,0
33944,control,0.0,0,0.0,0
33945,control,49.42,0,0.0,0
33946,control,0.0,0,0.0,0
33947,treatment,0.0,0,0.0,0
33948,control,0.0,0,0.0,0
33949,control,0.0,0,0.0,0
33950,treatment,153.0,0,0.0,0
33951,treatment,202.19,0,0.0,0
33952,control,55.02,0,0.0,0
33953,control,0.0,0,0.0,0
33954,treatment,0.0,0,0.0,0
33955,treatment,0.0,0,0.0,0
33956,treatment,0.0,0,0.0,0
33957,control,0.0,1,32.07,0
33958,control,0.0,0,0.0,0
33959,treatment,0.0,0,0.0,0
33960,treatment,258.37,0,0.0,0
33961,control,0.0,0,0.0,0
33962,control,0.0,0,0.0,0
33963,treatment,52.38,1,84.98,0
33964,treatment,47.43,0,0.0,0
33965,treatment,0.0,0,0.0,0
33966,control,93.19,0,0.0,0
33967,control,160.11,0,0.0,0
33968,treatment,60.57,0,0.0,0
33969,treatment,0.0,0,0.0,0
33970,treatment,0.0,0,0.0,0
33971,control,0.0,0,0.0,0
33972,treatment,949.63,0,0.0,0
33973,control,64.71,1,55.29,0
33974,control,71.11,0,0.0,0
33975,treatment,32.11,0,0.0,0
33976,treatment,0.0,0,0.0,0
33977,control,0.0,0,0.0,0
33978,treatment,0.0,0,0.0,0
33979,control,0.0,0,0.0,0
33980,control,0.0,0,0.0,0
33981,treatment,0.0,0,0.0,0
33982,control,0.0,0,0.0,0
33983,control,0.0,0,0.0,0
33984,treatment,130.02,1,58.41,0
33985,treatment,51.67,0,0.0,0
33986,treatment,214.61,0,0.0,0
33987,treatment,0.0,0,0.0,0
33988,treatment,27.57,0,0.0,0
33989,treatment,0.0,0,0.0,0
33990,treatment,44.93,1,25.67,0
33991,treatment,89.03,0,0.0,0
33992,control,0.0,0,0.0,0
33993,control,104.21,0,0.0,0
33994,treatment,0.0,1,33.82,0
33995,treatment,0.0,0,0.0,0
33996,control,40.96,0,0.0,0
33997,control,52.12,0,0.0,0
33998,control,0.0,0,0.0,0
33999,control,0.0,0,0.0,0
34000,control,50.27,0,0.0,0
34001,treatment,102.53,0,0.0,0
34002,treatment,0.0,0,0.0,0
34003,control,89.58,0,0.0,0
34004,treatment,0.0,0,0.0,0
34005,control,18.55,1,42.94,0
34006,control,0.0,0,0.0,0
34007,control,212.4,1,47.83,0
34008,treatment,242.49,0,0.0,0
34009,control,55.06,0,0.0,0
34010,treatment,0.0,0,0.0,0
34012,treatment,0.0,0,0.0,0
34013,treatment,91.25,0,0.0,0
34014,control,0.0,0,0.0,0
34016,control,0.0,0,0.0,0
34017,treatment,92.21,1,67.55,0
34018,control,143.27,0,0.0,0
34019,treatment,106.38,0,0.0,0
34020,treatment,0.0,0,0.0,0
34021,control,188.75,1,41.99,0
34022,control,62.0,0,0.0,0
34023,treatment,782.03,0,0.0,0
34024,treatment,0.0,0,0.0,0
34025,treatment,0.0,1,62.28,0
34026,treatment,132.62,0,0.0,0
34027,control,61.77,0,0.0,0
34028,control,72.89,0,0.0,0
34029,treatment,0.0,0,0.0,0
34030,control,0.0,0,0.0,0
34031,control,49.17,0,0.0,0
34032,control,31.67,0,0.0,0
34033,control,69.38,0,0.0,0
34034,control,0.0,0,0.0,0
34036,treatment,0.0,0,0.0,0
34037,treatment,117.07,0,0.0,0
34038,control,0.0,0,0.0,0
34039,control,0.0,0,0.0,0
34040,control,0.0,0,0.0,0
34041,control,39.67,1,43.06,0
34042,control,103.98,0,0.0,0
34043,control,0.0,0,0.0,0
34044,control,0.0,0,0.0,0
34045,treatment,0.0,0,0.0,0
34046,treatment,0.0,0,0.0,0
34047,treatment,275.92,1,93.74,0
34048,control,0.0,0,0.0,0
34049,treatment,0.0,0,0.0,0
34050,control,61.19,0,0.0,0
34051,control,149.51,0,0.0,0
34052,treatment,63.82,0,0.0,0
34053,treatment,91.41,0,0.0,0
34054,control,0.0,0,0.0,0
34055,treatment,0.0,0,0.0,0
34056,treatment,0.0,0,0.0,0
34057,control,0.0,0,0.0,0
34058,control,106.13,1,113.72,0
34059,control,16.03,0,0.0,0
34060,treatment,0.0,0,0.0,0
34061,treatment,50.86,0,0.0,0
34062,treatment,363.98,1,63.53,0
34063,treatment,0.0,0,0.0,0
34064,treatment,180.34,1,17.55,0
34065,control,0.0,0,0.0,0
34066,control,219.92,1,96.21,0
34067,treatment,0.0,0,0.0,0
34068,control,99.22,1,67.0,0
34069,control,172.19,0,0.0,0
34070,control,105.89,0,0.0,0
34071,control,0.0,0,0.0,0
34072,treatment,127.4,0,0.0,0
34073,control,0.0,0,0.0,0
34074,treatment,0.0,0,0.0,0
34075,control,0.0,0,0.0,0
34076,control,0.0,0,0.0,0
34077,control,0.0,0,0.0,0
34078,control,56.88,0,0.0,0
34079,control,0.0,0,0.0,0
34080,treatment,0.0,0,0.0,0
34081,control,84.28,1,30.83,0
34082,treatment,0.0,0,0.0,0
34083,treatment,0.0,0,0.0,0
34084,control,30.7,0,0.0,0
34085,treatment,0.0,1,40.9,0
34086,control,103.55,0,0.0,0
34087,control,0.0,0,0.0,0
34088,control,0.0,0,0.0,0
34089,treatment,251.72,0,0.0,0
34090,control,183.0,0,0.0,0
34091,treatment,0.0,1,76.03,0
34092,control,0.0,0,0.0,0
34093,control,63.45,0,0.0,0
34094,control,0.0,0,0.0,0
34095,control,0.0,0,0.0,0
34096,treatment,69.53,0,0.0,0
34097,control,0.0,0,0.0,0
34098,treatment,0.0,1,49.59,0
34099,control,0.0,0,0.0,0
34100,control,193.52,0,0.0,0
34101,treatment,0.0,0,0.0,0
34102,treatment,27.98,0,0.0,0
34103,control,233.34,0,0.0,0
34104,control,0.0,0,0.0,0
34105,treatment,143.35,0,0.0,0
34106,treatment,21.74,0,0.0,0
34107,control,0.0,0,0.0,0
34108,control,0.0,0,0.0,0
34110,treatment,28.55,0,0.0,0
34111,control,49.76,0,0.0,0
34112,control,45.61,0,0.0,0
34113,control,54.07,0,0.0,0
34114,control,0.0,0,0.0,0
34115,treatment,47.91,0,0.0,0
34116,treatment,0.0,1,34.37,0
34118,treatment,137.91,0,0.0,0
34119,control,0.0,0,0.0,0
34120,treatment,0.0,0,0.0,0
34121,control,0.0,0,0.0,0
34122,control,0.0,0,0.0,0
34123,control,0.0,0,0.0,0
34124,control,151.81,1,57.88,0
34125,treatment,0.0,0,0.0,0
34126,control,0.0,0,0.0,0
34127,control,0.0,0,0.0,0
34128,control,94.18,0,0.0,0
34129,control,60.83,0,0.0,0
34130,control,0.0,0,0.0,0
34131,control,0.0,1,107.88,0
34132,control,51.23,0,0.0,0
34133,control,0.0,1,61.21,0
34134,control,185.29,0,0.0,0
34135,treatment,0.0,0,0.0,0
34136,control,667.17,0,0.0,0
34137,treatment,0.0,0,0.0,0
34138,control,120.65,1,116.29,1
34139,control,225.1,0,0.0,0
34140,treatment,115.46,1,84.42,0
34141,control,45.36,0,0.0,0
34142,control,37.69,1,63.41,0
34143,control,52.63,0,0.0,0
34144,control,63.51,0,0.0,0
34145,control,41.09,1,78.89,0
34146,control,34.64,1,55.64,0
34147,control,393.4,0,0.0,0
34148,treatment,0.0,0,0.0,0
34149,treatment,0.0,0,0.0,0
34150,control,0.0,0,0.0,0
34151,control,143.62,1,77.72,0
34152,treatment,0.0,0,0.0,0
34153,treatment,0.0,0,0.0,0
34154,control,0.0,0,0.0,0
34155,treatment,0.0,0,0.0,0
34156,control,55.07,0,0.0,0
34157,control,0.0,0,0.0,0
34158,control,0.0,0,0.0,0
34159,control,50.06,0,0.0,0
34160,treatment,0.0,0,0.0,0
34161,treatment,16.87,0,0.0,0
34162,treatment,150.31,0,0.0,0
34163,treatment,0.0,0,0.0,0
34164,control,0.0,0,0.0,0
34165,treatment,100.36,0,0.0,0
34166,treatment,219.27,0,0.0,0
34167,treatment,103.35,0,0.0,0
34168,control,76.6,0,0.0,0
34169,control,271.36,0,0.0,0
34170,treatment,0.0,0,0.0,0
34171,control,0.0,0,0.0,0
34172,treatment,40.1,0,0.0,0
34173,control,0.0,0,0.0,0
34174,control,0.0,0,0.0,0
34175,treatment,0.0,0,0.0,0
34176,treatment,0.0,0,0.0,0
34177,treatment,28.33,0,0.0,0
34178,control,22.71,0,0.0,0
34179,treatment,296.32,1,30.36,0
34180,treatment,238.58,1,224.1,0
34181,control,182.06,0,0.0,0
34183,treatment,0.0,0,0.0,0
34184,treatment,0.0,0,0.0,0
34185,control,0.0,0,0.0,0
34186,treatment,48.48,0,0.0,0
34187,treatment,29.18,0,0.0,0
34188,control,391.05,0,0.0,0
34189,control,0.0,0,0.0,0
34190,control,41.65,0,0.0,0
34191,treatment,0.0,0,0.0,0
34192,control,0.0,0,0.0,0
34193,control,70.52,0,0.0,0
34194,control,0.0,0,0.0,0
34195,treatment,0.0,0,0.0,0
34196,treatment,47.77,0,0.0,0
34197,control,31.24,0,0.0,0
34198,control,81.84,0,0.0,0
34199,control,0.0,0,0.0,0
34201,control,25.01,0,0.0,0
34202,treatment,0.0,0,0.0,0
34203,control,170.22,1,85.26,0
34204,treatment,0.0,0,0.0,0
34205,treatment,0.0,0,0.0,0
34206,treatment,0.0,0,0.0,0
34207,control,0.0,0,0.0,0
34208,treatment,0.0,0,0.0,0
34209,control,0.0,0,0.0,0
34210,treatment,0.0,0,0.0,0
34211,treatment,41.34,0,0.0,0
34212,treatment,26.89,0,0.0,0
34213,treatment,0.0,0,0.0,0
34214,control,0.0,0,0.0,0
34215,control,99.43,0,0.0,0
34216,treatment,0.0,0,0.0,0
34217,treatment,618.35,1,130.41,0
34218,treatment,0.0,0,0.0,0
34219,control,398.85,0,0.0,0
34220,control,0.0,0,0.0,0
34221,treatment,215.4,0,0.0,0
34222,treatment,167.58,0,0.0,0
34223,treatment,0.0,0,0.0,0
34224,treatment,74.75,0,0.0,0
34225,treatment,209.7,0,0.0,0
34226,treatment,0.0,0,0.0,0
34227,treatment,312.81,0,0.0,0
34228,treatment,0.0,0,0.0,0
34229,control,0.0,0,0.0,0
34230,treatment,0.0,0,0.0,0
34231,control,95.42,0,0.0,0
34232,treatment,85.35,0,0.0,0
34233,control,0.0,0,0.0,0
34234,treatment,72.35,0,0.0,0
34235,control,61.16,0,0.0,0
34236,control,0.0,0,0.0,0
34237,control,62.42,0,0.0,0
34238,treatment,48.01,0,0.0,0
34239,treatment,0.0,0,0.0,0
34240,control,0.0,0,0.0,0
34241,control,54.15,0,0.0,0
34242,treatment,0.0,1,85.3,0
34243,control,41.59,0,0.0,0
34244,control,0.0,0,0.0,0
34245,treatment,0.0,0,0.0,0
34246,control,39.46,0,0.0,0
34247,treatment,214.86,0,0.0,0
34248,treatment,0.0,0,0.0,0
34249,treatment,0.0,0,0.0,0
34250,control,0.0,0,0.0,0
34251,control,95.72,0,0.0,0
34252,control,40.91,0,0.0,0
34253,treatment,0.0,0,0.0,0
34254,control,0.0,0,0.0,0
34255,control,102.59,0,0.0,0
34256,treatment,0.0,0,0.0,0
34257,treatment,45.67,0,0.0,0
34258,control,0.0,0,0.0,0
34259,treatment,238.06,0,0.0,0
34260,control,0.0,0,0.0,0
34261,treatment,0.0,0,0.0,0
34262,treatment,0.0,0,0.0,0
34263,control,0.0,0,0.0,0
34264,control,33.1,0,0.0,0
34265,control,21.29,0,0.0,0
34266,treatment,0.0,0,0.0,0
34267,treatment,65.43,1,53.24,0
34268,treatment,130.47,0,0.0,0
34269,treatment,0.0,0,0.0,0
34270,treatment,22.9,0,0.0,0
34271,control,0.0,1,75.62,0
34272,treatment,0.0,0,0.0,0
34273,control,46.27,0,0.0,0
34274,treatment,0.0,0,0.0,0
34275,control,0.0,0,0.0,0
34276,control,91.94,0,0.0,0
34277,control,80.69,0,0.0,0
34278,treatment,0.0,0,0.0,0
34279,treatment,0.0,1,48.22,0
34280,control,19.34,0,0.0,0
34281,control,69.54,0,0.0,0
34282,control,0.0,1,68.58,0
34283,control,367.65,0,0.0,0
34284,treatment,0.0,0,0.0,0
34285,control,391.58,0,0.0,0
34286,treatment,139.14,0,0.0,0
34287,treatment,0.0,0,0.0,0
34288,control,0.0,0,0.0,0
34289,control,0.0,0,0.0,0
34290,treatment,0.0,0,0.0,0
34291,control,0.0,0,0.0,0
34292,treatment,0.0,0,0.0,0
34293,control,0.0,0,0.0,0
34294,control,0.0,1,86.71,0
34295,control,36.84,0,0.0,0
34296,treatment,85.4,1,29.78,0
34297,treatment,0.0,0,0.0,0
34298,treatment,0.0,1,38.15,0
34299,treatment,0.0,0,0.0,0
34300,treatment,0.0,0,0.0,0
34301,control,62.14,0,0.0,0
34303,treatment,0.0,0,0.0,0
34304,control,60.94,0,0.0,0
34305,control,52.58,0,0.0,0
34306,treatment,0.0,0,0.0,0
34307,control,0.0,0,0.0,0
34308,treatment,0.0,1,44.52,0
34309,treatment,0.0,0,0.0,0
34310,control,0.0,0,0.0,0
34311,treatment,0.0,0,0.0,0
34312,control,0.0,0,0.0,0
34313,control,0.0,0,0.0,0
34314,control,39.31,0,0.0,0
34315,treatment,179.59,0,0.0,0
34316,control,0.0,0,0.0,0
34317,control,0.0,0,0.0,0
34318,control,75.87,0,0.0,0
34319,control,70.68,0,0.0,0
34320,treatment,0.0,0,0.0,0
34321,control,0.0,0,0.0,0
34322,control,39.56,0,0.0,0
34323,control,31.84,0,0.0,0
34324,treatment,0.0,0,0.0,0
34325,treatment,54.93,0,0.0,0
34326,control,0.0,0,0.0,0
34327,control,37.41,0,0.0,0
34328,treatment,122.7,0,0.0,0
34329,control,53.28,0,0.0,0
34330,treatment,0.0,0,0.0,0
34331,treatment,0.0,0,0.0,0
34332,treatment,0.0,0,0.0,0
34333,control,0.0,0,0.0,0
34334,control,42.15,0,0.0,0
34335,control,215.49,1,93.72,0
34336,control,0.0,0,0.0,0
34337,control,0.0,0,0.0,0
34338,control,0.0,0,0.0,0
